id,year,url_live,url_wayback,texto
00021-2017,2017,https://www.aepd.es/documento/00021-2017.pdf,https://web.archive.org/web/20240626081412id_/https://www.aepd.es/documento/00021-2017.pdf,"1/14 Procedimiento Nº: A/00021/2017 RESOLUCIÓN: R/00991/2017 En el procedimiento A/00021/2017, instruido por la Agencia Española de  Protección de Datos a la entidad  D.D.D., vista la denuncia presentada por  E.E.E. y en  virtud de los siguientes, ANTECEDENTES PRIMERO.-  En fecha de 14/09/2016 tiene entrada un escrito de  E.E.E. (denunciante en  adelante) en el que pone de manifiesto respecto de la página web salipebre.com y que  identifica como titular a  D.D.D., lo siguiente:  I.Ha recibido un mensaje comercial no solicitado de “salipebre” que parece ser un  estudio de marketing online.  II.A pesar de haber solicitado información sobre el origen de sus datos, no se le ha  proporcionado. III.No hay información sobre la utilización de Dispositivos de Almacenamiento o  Recuperación de Datos (DARD) IV.Se recoge mucha información pero no consta un aviso legal que proporcione la  información prevista en el artículo 5 de la LOPD. Que según el denunciante tuvieron lugar a fecha de: 13/09/2016 Y anexa la siguiente  documentación: I.Copia del correo electrónico recibido por el denunciante y de la respuesta  recibida a su solicitud de información con sus cabeceras completas II.Impresión del listado de DARD detectados por las herramientas para  desarrolladores del navegador Google Chrome. SEGUNDO.-  A la vista de los hechos denunciados, en fase de actuaciones previas, pro  los Servicios de Inspección de esta Agencia, se practican diligencias teniendo  conocimiento de que: 1. Con fecha 09/12/2016, se constata que el dominio del sitio web denunciado está  registrado a  D.D.D., con domicilio en  A.A.A.), según consta en las diligencias  de inspección. En respuesta al requerimiento de información del subinspector actuante,  D.D.D., en  adelante LMR, remite un escrito registrado con número de entrada 427970/2016 en  el que se reconoce responsable del sitio web denunciado. 2. Con fecha 09/12/2016, se constata que el sitio web denunciado recoge datos de  carácter personal como consta en la diligencia de inspección. En la misma  C/ Jorge Juan, 6 www.agpd.es 28001 – Madrid sedeagpd.gob.es 2/14 diligencia se constata que no existe política de privacidad. 3. LMR proporciona como documento 3 de su escrito registrado con número de  entrada 427970/2016 “copia del texto donde se informa sobre la política de  privacidad y cookies”. Con fecha 09/01/2017, se constata que en el sitio web denunciado existe un enlace  a un aviso legal y política de privacidad, si bien la ubicación y el tamaño de letra  escogido lo hacen poco visible. En el documento enlazado se informa sobre los siguientes aspectos: a) De la identidad y dirección postal y electrónica del responsable del tratamiento,  en este caso LMR. b) ”…junto a cada formulario de recabo de datos de carácter personal, en los  servicios que el usuario pueda solicitar a  C.C.C., hará saber al usuario de la  existencia y aceptación de las condiciones particulares del tratamiento de sus  datos en cada caso, informándole de la re"
00033-2017,2017,https://www.aepd.es/es/documento/00033-2017.pdf,https://web.archive.org/web/20220307210838id_/https://www.aepd.es/es/documento/00033-2017.pdf,"1/5 Procedimiento Nº: A/00033/2017 RESOLUCIÓN: R/03231/2017 En el procedimiento A/00033/2017, instruido por la Agencia Española de  Protección de Datos a la entidad Dña.  B.B.B., vista la denuncia presentada por Dña.  A.A.A. y en virtud de los siguientes, ANTECEDENTES PRIMERO: Con fecha 22 de diciembre de 2016 tiene entrada en esta Agencia denuncia  presentada por Dña.  A.A.A. (en lo sucesivo, la denunciante) manifestando que el  pasado 21 de diciembre de 2016 recibió un correo electrónico remitido a 68  destinatarios, sin copia oculta. Aporta copia del correo recibido, remitido por FARMACIA BONSFILLS desde la  dirección ***EMAIL.1. SEGUNDO: Según se desprende de la información publicada en Internet el titular de la  citada farmacia es Dña.  B.B.B. (en lo sucesivo la denunciada). TERCERO: Con fecha 25 de octubre de 2017, la Directora de la Agencia Española de  Protección de Datos acordó someter a trámite de audiencia previa el presente  procedimiento de apercibimiento A/00033/2017 con arreglo a lo dispuesto en el artículo  45.6 de la Ley Orgánica 15/1999, de 13 de diciembre, de Protección de Datos de  Carácter Personal (LOPD), con relación a la denuncia por infracción de su artículo 10,  tipificada como grave en el artículo 44.3.d). Dicho acuerdo fue notificado a la  denunciada. CUAR    TO:     Con fecha 6/11/2017 se recibe en esta Agencia escrito de la denunciada en  el que comunica: <<… La práctica habitual de la que suscribe,  B.B.B., es hacerlo así teniendo en cuenta  la legislación en materia de protección de datos personales. Se adjuntan capturas de  pantalla del envío de los mails Documento B 3. Esta parte reconoce haber mandado erróneamente un correo electrónico en fecha 21  de diciembre de 2017 a varios destinatarios sin copia oculta entre los que se encontraba  la denunciante que se adjunta como Documento C (…) esta parte propone como medidas correctoras: a) Modificar el sistema de envío de mails para que siempre tenga que ser verificado por  dos personas distintas, de esta forma es altamente improbable que se incurra en este  error. C/ Jorge Juan, 6 www.agpd.es 28001 – Madrid sedeagpd.gob.es 2/5 b) Ampliar el documento de Funciones y Obligaciones del personal en el sentido de  hacer hincapié en la obligación del deber de secreto profesional y especificando que no  pueda incumplirse esta obligación por ninguna vía ( ni presencial o telemática) ni medio  ( verbal, visual, escrita): ni por teléfono, ni por la visualización de pantallas de  ordenador, ni por la visualización de documentación, ni mediante el envío de correos  electrónicos que cuando se manden a múltiples usuarios se hará siempre utilizando el  sistema de copia oculta. Acreditarlo ante esta Agencia. c) Adquirir un programa para el envío de mails en el que se pueda preestablecer la  forma de envío con CCO…>> HECHOS PROBADOS PRIMERO: Con fecha 22 de diciembre de 2016 tiene entrada en esta Agencia escrito de  la denunciante manifestando que el pasado 21 de diciembre de 2016 rec"
00096-2017,2017,https://www.aepd.es/documento/00096-2017.pdf,https://web.archive.org/web/20240627052841id_/https://www.aepd.es/documento/00096-2017.pdf,"1/8 Procedimiento Nº: A/00096/2017 RESOLUCIÓN: R/01288/2017 En el procedimiento A/00096/2017, instruido por la Agencia Española de  Protección de Datos a la entidad INFORMATICA ZARAGOZA (JAVAL INFORMATICA,  S.L.), vista la denuncia presentada por Doña  A.A.A., y en virtud de los siguientes ANTECEDENTES PRIMERO: Con fecha 16 de junio de 2016, tuvo entrada en esta Agencia un escrito  remitido por Doña  A.A.A., en el que manifiesta lo siguiente: En el mes de junio de 2015,  la entidad denunciada, a la que acudió para la reparación de un disco duro, propiedad  de la denunciante, procedió a la descarga de toda su información personal en un disco  duro propiedad de la empresa, sin su autorización, el cual fue vendido con posterioridad  a una tercera persona con toda la información contenida en  el mismo, aunque  supuestamente para el nuevo comprador se trataba de un disco duro nuevo. El nuevo comprador hizo una copia de sus datos y amenazó a la empresa para obtener  lucro. Este hecho fue juzgado en el Juzgado de Instrucción número 7 de Zaragoza. Anexa, entre otros, copia de las Diligencias Previas llevadas a cabo en el Juzgado de  Instrucción número 7 de Zaragoza, donde queda constancia de los hechos denunciados  ante esta Agencia. SEGUNDO: Tras la recepción de la denuncia la Subdirección General de Inspección de  Datos procedió a la realización de  actuaciones previas de investigación para el  esclarecimiento de los hechos denunciados, teniendo conocimiento de los siguientes  extremos: a. La empresa efectúa todo tipo de actividades  relacionadas con la informática. b. Con fecha 20 de junio de 2015, la denunciante encargó a  la empresa el trabajo de recuperar información de un  disco duro estropeado. Dicho volcado se realizó con su  consentimiento en un disco duro del establecimiento,  pero posteriormente y a petición de la denunciante se  hizo a otro de su propiedad. c. Los datos volcados al disco duro de la tienda se dejó  para su formateo, pero, por error de un empleado, se  colocó en la estantería como nuevo. d. Posteriormente se personó un cliente interesado en la  compra de un disco duro y le fue entregado dicho disco  con el volcado de la información de la denunciante. e. Al recibir un correo en el que se comunicaba lo sucedido,  la empresa se puso en contacto con el comprador dando  C/ Jorge Juan, 6 www.agpd.es 28001 – Madrid sedeagpd.gob.es 2/8 la posibilidad de darle otro disco nuevo y solicitando que  no tocase la información existente en el que se habían  llevado, y a su vez dicho comprador se puso en contacto  con la denunciante para explicar lo sucedido. f. Así mismo, dicho comprador ha procedido a realizar  amenazas al establecimiento con fines de lucro, lo cual  fue denunciado y ha sido instruido en Diligencias Previas  seguido en el Juzgado nº 7 de Zaragoza. TERCERO: Con fecha 28 de marzo de 2017, la Directora de la Agencia Española de  Protección de Datos acordó someter a trámite de audiencia previa el presente  procedimiento de aperc"
00100-2017,2017,https://www.aepd.es/documento/00100-2017.pdf,https://web.archive.org/web/20240626175848id_/https://www.aepd.es/documento/00100-2017.pdf,"1/4 Procedimiento Nº: A/00100/2017 RESOLUCIÓN: R/01786/2017 En el procedimiento A/00100/2017, instruido por la Agencia Española de  Protección de Datos a la entidad LETRAS DE AUTOR, S.L., vista la denuncia  presentada por A.A.A. y en virtud de los siguientes, ANTECEDENTES PRIMERO: Con fecha 26/09/2016 se recibe denuncia de D. A.A.A. contra LETRAS DE  AUTOR SL. Manifiesta que desde el 30/04/2015 dirigió varios  correos electrónicos a la  denunciada solicitando información sobre un libro que habían editado,  contestándose  en una primera ocasión el 4/05/2015 que estaba editado y listo para su venta.  Denuncia  que sus correos se han cedido a la autora del libro B.B.B..                                                                              Aporta: 1) Copia de su correo pidiendo información sobre el título de un libro  indicando su autora, a una dirección formada por letrasdeautor.com el  30/04/2015 y copia de dos respuestas de 4/05/2015, a 10,30 h  (***NOMBRE.1) y 10,50 h (***NOMBRE.2) que contienen en la  dirección de sus envíos: letrasdeautor. En la primera respuesta se  indica que el libro está editado y puede solicitarlo por e mail. En el  segundo se indica que para adquirirlo debe enviar la dirección  completa junto con el DNI para la facturación y envío por correo. 2) Nuevo correo del denunciante a la dirección de correo de  ***NOMBRE.1, enviado el   4/05/2015 a las 11,08. En el mismo  el  denunciante indica que el libro no aparece en la base de datos de la  editora, letrasdeautor, y que si no existe porque se le pide que  aporte el DNI y la dirección. 3) Correo al denunciante de ***NOMBRE.1 de 4/05/2015, 12,29 h,  comunicándole “El libro está impreso y listo para salir a la venta”. Le  informa que la autora está de viaje, y que posponen la presentación y  el alta en las plataformas y librerías hasta finales de mayo.  4) Copia de documentos que se incluyen en diligencias de la Guardia  Civil, donde se contiene según se indica: “copia de e mails desde la  dirección de correo electrónico  ***EMAIL.1” a la editorial Letras de  Autor.  Dentro se incluye fotocopia de diversos correos  en los que se  aprecia que desde una dirección de correo electrónico en la que  figura la dirección de la autora del libro, ***LIBRO.1, se produce un  reenvío de correo el 21/05/2015 a otra dirección. En ese reenvío se  contienen las copias de: C/ Jorge Juan, 6 www.agpd.es 28001 – Madrid sedeagpd.gob.es 2/4 a. Reproducción literal del correo electrónico que enviaron  ***NOMBRE.1 y ***NOMBRE.2 al denunciante el 4/05/2015 a las  12:29 y a las 10:50, y correo con la dirección completa del  denunciante de 4/05/2015 así como correo del denunciante de  4/05/2015 11:08 a ***NOMBRE.2.  b. Se ve que desde la dirección de email ...............@gmail.com el  20/05/2015 a 19.27 se envían dichos correos vistos en el punto a), a  una dirección que tiene la autora del libro: ***LIBRO.1. En el cuerpo  del envío consta “Va e mails de ***NOMBRE.3…Saludos  ***NOMBRE.1.” SEGUNDO: C"
00131-2017,2017,https://www.aepd.es/documento/00131-2017.pdf,https://web.archive.org/web/20240703182044id_/https://www.aepd.es/documento/00131-2017.pdf,"1/7 Procedimiento Nº: A/00131/2017 RESOLUCIÓN: R/01636/2017 En el procedimiento A/00131/2017, instruido por la Agencia Española de  Protección de Datos a Don A.A.A., vista la denuncia presentada por Don B.B.B. (XXXX  Abogados, S.L.), y en virtud de los siguientes ANTECEDENTES PRIMERO: Con fecha 21 de noviembre de 2016, tiene entrada en esta Agencia una  denuncia presentada por Don B.B.B. (Administrador único de XXXX Abogados, S.L.),  en la que manifiesta que en el último año ha recibido una treintena de notificaciones,  enviadas por el procurador Don A.A.A., que no debió recibir ya que no se trata de  clientes de su despacho. Expone que se ha puesto en contacto en varias ocasiones con  el Sr. A.A.A. para que  cesarán esos envíos. A pesar de ello, esos envíos no han  cesado. Lo ha puesto en conocimiento del Ilustre Colegio de Procuradores de los  Tribunales de Valencia para que actuara al respecto y no han hecho nada, salvo  comunicarle el error al Procurador denunciado. Aporta copia de: una Diligencia de Ordenación, una ejecución de un laudo y una  ejecución de títulos no judiciales. En todas ellas el Sr. A.A.A. es el Procurador. SEGUNDO: Con fecha 7 de diciembre de 2016, la Inspección de Datos solicitó que el  denunciante  enviase copia de los correos electrónicos mantenidos con el denunciado. En fecha 20 de diciembre de 2016, se recibió un CD con los correos electrónicos  enviados por  Don B.B.B. al Procurador Don A.A.A. advirtiéndole que los envíos no  correspondían a clientes suyos.  TERCERO: Con fecha 3 de mayo de 2017, la Directora de la Agencia Española de  Protección de Datos acordó someter a trámite de audiencia previa el presente  procedimiento de apercibimiento A/00131/2017. Dicho acuerdo fue notificado al  denunciado. CUAR    TO:     Con fecha 1 de junio de 2017, se recibe en esta Agencia escrito del  denunciado en el que comunica que entre los años 2004 al 2016, se presentaron  innumerables procedimientos de ejecución de Laudos Arbitrales realizados por  A.E.D.A.E. cuyo letrado era Don C.C.C.. Se revocaron los poderes a dicho Letrado y se  nombró a Don D.D.D.. Por indicación del Letrado Sr. D.D.D. se le notificó que los nuevos  letrados pasaban a ser del Despacho de Abogados XXXX Abogados, S.L., a los cuales  les enviaba las comunicaciones. Posteriormente, ese despacho dejo la defensa, pero no  se comunicó a la entidad que dictaba los laudos Arbitrales, por lo que siguieron  recibiéndolos. Añaden que la entidad XXXX Abogados ha incumplido la normativa de  protección de datos al enviarnos la documentación de procedimientos, ya que supone  un tratamiento de datos inconsetido. El denunciado ha subsanado en todos los  C/ Jorge Juan, 6 www.agpd.es 28001 – Madrid sedeagpd.gob.es 2/7 procedimientos la incidencia y no remite comunicaciones al denunciante. Ha eliminado  los datos de XXXX abogados de todos los ficheros en los que aparecían como letrados.  HECHOS PROBADOS PRIMERO: Don B.B.B. (Administrador único de XXXX Abogados, S.L.), denunci"
00137-2017,2017,https://www.aepd.es/documento/00137-2017.pdf,https://web.archive.org/web/20240701115418id_/https://www.aepd.es/documento/00137-2017.pdf,"1/14   Procedimiento Nº: A/00137/2017 RESOLUCIÓN: R/01524/2017 En el procedimiento A/00137/2017, instruido por la Agencia Española de  Protección de Datos a la entidad JUSTFAB, S.L.U, vista la denuncia presentada por  A.A.A. y en virtud de los siguientes, ANTECEDENTES PRIMERO: En fecha de 23/03/2017 tiene entrada en esta Agencia un escrito de A.A.A.  (el denunciante en adelante) en el que pone de manifiesto que en el sitio web  www.justfab.es se realizan cargos no autorizados en las tarjetas, almacenando  información bancaria sin el consentimiento. Se cursa el alta como usuario a través de la  web, sin que pueda realizarse la baja por el mismo medio, únicamente por teléfono.  Consta una transferencia internacional a EEUU basada en Safe Harbour, cuando éste  ha sido anulado. Se instalan cookies sin informar previamente ni obtener el  consentimiento. Únicamente consta un fichero inscrito y debería haber más puesto que  tienen trabajadores. Aporta Captura de pantalla de las cookies descargadas. SEGUNDO: A la vista de los hechos denunciados, en fase de actuaciones previas, por  los Servicios de inspección de esta Agencia, se practican diligencias teniendo  conocimiento de que: 1. En fechas de 29/03/2017, 11/04/2017 se accede al sitio web www.justfab.es  obteniéndose la siguiente información: 1.1 Dispone de un formulario de recogida de datos personales para la inscripción como  usuario, dónde al pie del mismo consta premarcada la casilla (…) Sí, quiero recibir las  últimas novedades y ofertas de hasta un 75% Dto(…) esta casilla puede desmarcarse  para continuar con la inscripción. 1.2 Para finalizar la inscripción hay que aceptar los “Términos y Condiciones y Política  de Privacidad”, en caso contrario no se puede continuar. 1.3 En el enlace que aloja la Política de Privacidad consta la siguiente información  C/ Jorge Juan, 6 www.agpd.es 28001 – Madrid sedeagpd.gob.es 2/14 respecto del responsable de la página web, el responsable del fichero, la finalidad del  tratamiento y el ejercicio de los derechos de acceso, rectificación, cancelación y  oposición: (…)JUSTFAB S.L,. le informa que los datos de carácter personal (en adelante,  los “Datos de Carácter Personal”) que nos proporcione a través del sitio web  (en adelante, el “Sitio Web”) www.justfab.es, así como los Datos a los que  JUSTFAB S.L,. acceda como consecuencia de su navegación, solicitudes o  utilización del servicio (en adelante, el “Servicio”), serán incorporados a un  fichero cuyo responsable es JUSTFAB S.L,. Podrá ejercer sus derechos de acceso, rectificación, cancelación y oposición al  tratamiento de dichos Datos de Carácter Personal ante JUSTFAB S.L,., CIF nº  B-*****, sita en (C/...1) Barcelona (España), en los términos establecidos en la  Ley Orgánica 15/1999, de 13 de diciembre, de Protección de Datos de Carácter  Personal (en adelante, “LOPD”) y en el Real Decreto 1720/2007, de 21 de  diciembre, por el que se aprueba el Reglamento de desarrollo de la LOPD (en  adelante, el “RDLOPD”"
00138-2017,2017,https://www.aepd.es/es/documento/00138-2017.pdf,https://web.archive.org/web/20220307211819id_/https://www.aepd.es/es/documento/00138-2017.pdf,"1/8 Procedimiento Nº: A/00138/2017 RESOLUCIÓN: R/03234/2017 En el procedimiento A/00138/2017, instruido por la Agencia Española de  Protección de Datos a D.  C.C.C., vista la denuncia presentada por la POLICIA LOCAL  DE ***LOCALIDAD.1 y en virtud de los siguientes, ANTECEDENTES PRIMERO: Con fecha 3 de enero de 2017 tiene entrada en esta Agencia escrito de la  Policía Local de ***LOCALIDAD.1 comunicando que: <<…El día 21 de Diciembre de  2016, quien suscribe se entrevistó con la persona grabada (D.  A.A.A.) quien negó que  hubiera dado autorización para que le grabaran, ni mucho menos para que ese video  fuera cedido o divulgado a otras personas. Así mismo redactó una declaración en esos  términos la cual se adjunta. CUARTO: El día 27 de Diciembre de 2016 sobre las 11.30 horas, quien suscribe se  entrevistó personalmente con Dña.  B.B.B.. Preguntada sobre el envío del video a Dña.  D.D.D., manifiesta que es cierto; que  C.C.C. le envío el video, a su teléfono móvil, con  la consigna de que, a su vez, lo reenviara. Que al presente informe se adjunta la declaración de D.  A.A.A. y un CD con el video  que se indica en este informe…>> En la citada declaración de D.  A.A.A. se comunica: <<…El domingo 18 de  Diciembre de 2016 sobre las 11.00 horas me encontraba en la pedanía de  ***LOCALIDAD.1 (Castellón). Cuando fui a coger mi vehículo que estaba estacionado  en la calle ***LOCALIDAD.1 de esa pedanía, salió una persona del interior de la  vivienda junto a la cual tenía el vehículo estacionado y me conminó a que retirara mi  vehículo de allí puesto que estaba mal estacionado. No le di mayor importancia al  incidente. El lunes 19 de Diciembre recibí una llamada del Inspector-Jefe de la Policía  Local de ***LOCALIDAD.1 para que me entrevistara con él. Me mostró una grabación de  video de unos 50 segundos donde se reproduce la escena que he descrito  anteriormente. El jefe de policía local de ***LOCALIDAD.1 me ha informado que ese video,  parece ser que ha sido reenviado a varias personas. Que conozco a la persona que me grabó por ser vecino de la población, aunque  desconozco sus datos de filiación. No obstante el jefe de policía me informa que los  pondrá en conocimiento de esa Agencia. Quiero declarar que en ningún momento he autorizado a la persona que me  grabó a tomar imágenes de mi persona y, mucho menos, a difundirlas…>> C/ Jorge Juan, 6 www.agpd.es 28001 – Madrid sedeagpd.gob.es 2/8 SEGUNDO: Con fecha 25 de octubre de 2017, la Directora de la Agencia Española de  Protección de Datos acordó someter a trámite de audiencia previa el presente  procedimiento de apercibimiento A/00138/2017, con arreglo a lo dispuesto en el artículo  45.6 de la Ley Orgánica 15/1999, de 13 de diciembre, de Protección de Datos de  Carácter Personal (LOPD), con relación a la denuncia por infracciones de sus artículos 6  y 10, tipificadas como graves en el artículo 45 apartados b) y d). Dicho acuerdo fue  notificado al denunciado. TERCERO: Con fecha 21/11/2017 se recibe en e"
00149-2017,2017,https://www.aepd.es/es/documento/00149-2017.pdf,https://web.archive.org/web/20220307211617id_/https://www.aepd.es/es/documento/00149-2017.pdf,"1/8 Procedimiento Nº: A/00149/2017 RESOLUCIÓN: R/01770/2017 En el procedimiento A/00149/2017, instruido por la Agencia Española de Protección de Datos ante Don A.A.A., vista la denuncia presentada por Don B.B.B., y en virtud de los siguientes ANTECEDENTES PRIMERO: Con fecha  6 de junio de 2016,  tiene entrada en esta Agencia un escrito remitido por Don B.B.B., en la que manifiesta lo siguiente:  Que Don A.A.A., abogado del Ilustre Colegio Provincial de Abogados de Cáceres, con fecha de 31 de marzo del 2016, remitió un correo electrónico desde la dirección ***EMAIL.1 a la dirección del denunciante ***EMAIL.2 en que se adjuntaba el archivo “***ARCHIVO.1”, en los que figura una relación de asuntos judiciales entre los cuales se encuentra el relativo al denunciante.  Y, entre otra, anexa la siguiente documentación:  Copia del correo electrónico de fecha 31 de marzo de 2016 en el que se adjunta dos archivos, entre ellos el archivo “***ARCHIVO.1” en el que consta los datos de nombre y apellidos asociados a unos asuntos judiciales de unas ..... personas.  El correo electrónico tiene fecha de 31 de marzo de 2016.  SEGUNDO: Tras la recepción de la denuncia la Subdirección General de Inspección de Datos procedió a la realización de  actuaciones previas de investigación para el esclarecimiento de los hechos denunciados, teniendo conocimiento de los siguientes extremos: Con fecha 15 de julio de 2016 se requiere información a Don A.A.A. y de su respuesta se desprende: 1. Don A.A.A. manifiesta que por error adjuntó el archivo “***ARCHIVO.1” que contenía una relación de asuntos de oficio pendientes de Justificación al correo electrónico del denunciante; a la dirección de correo ***EMAIL.2.  2. A este respecto, Don A.A.A. manifiesta que, con fecha 5 de febrero de 2016, fue designado por el Turno de Oficio, Letrado de Justicia Gratuita en un C/ Jorge Juan, 6 www.agpd.es 28001 – Madrid sedeagpd.gob.es 2/8 asunto del denunciante en el Juzgado de Primera Instancia e Instrucción número 4 de Cáceres.  El denunciado no es competente en este partido judicial. Por ello, puso en conocimiento del denunciante que había un error en la designación y por vía telefónica también lo comunicó al Colegio de Abogados de Cáceres para que se procediera a una nueva designación. No obstante, Don A.A.A. recibió de nuevo una nueva designación errónea por parte del Juzgado por lo que contactó con el denunciante, el cual le solicita la remisión de un correo electrónico con ambas designaciones del Juzgado. Por este motivo, se remitió el correo electrónico a la dirección ***EMAIL.2 con dos archivos, uno de los cuales contenía, efectivamente, la primera designación de Letrado, de fecha 5 de febrero, y el segundo archivo, que debía contener la segunda designación de fecha 23 de febrero, por error, se adjuntó el listado de las Justificaciones pendientes de sus actuaciones como Letrado del Turno de Oficio. Don A.A.A. ha aportado copia de las Designaciones realizadas por el Turno de Oficio.  3. D"
00150-2017,2017,https://www.aepd.es/es/documento/00150-2017.pdf,https://web.archive.org/web/20220307210416id_/https://www.aepd.es/es/documento/00150-2017.pdf,"1/10 Procedimiento Nº: A/00150/2017 RESOLUCIÓN: R/00026/2018 En el procedimiento A/00150/2017, instruido por la Agencia Española de Protección de  Datos a D.  A.A.A. y la entidad TRANS FAST FINANCIAL SERVICES, S.A., vista la denuncia  presentada la POLICIA MUNICIPAL DE MADRID, DEPARTAMENTO DE GESTION  ADMINISTRATIVA, y en virtud de los siguientes, ANTECEDENTES PRIMERO: Con fecha 16/02/2017, tuvo entrada en esta Agencia un escrito de la Policía  Municipal de Madrid, en el que pone de manifiesto que, en el marco de una inspección realizada  en el local que actúa bajo el nombre de “Locutorio ***NOMBRE.1”, cuya titularidad corresponde a  D.  A.A.A. (en lo sucesivo el denunciado), se observaron irregularidades en el tratamiento de  datos de carácter personal. En concreto, se refiere la citada Policía al registro de datos  personales que aquél lleva a cabo sin informar a sus clientes sobre el tratamiento de sus datos  de carácter personal. Con la denuncia, aporta copia de un CD que incluye los documentos de recogida de datos  empleados por el locutorio inspeccionado. Se trata de dos formularios en cuyo encabezamiento  figura “Trasn Fast International Money Trasmitter”, los cuales incluyen las cláusulas informativas  en materia de protección de datos de carácter personal que constan reseñadas en los Hechos  Probados 1 y 2. SEGUNDO    :  Con fecha 20/11/2017, la Directora de la AEPD acordó someter al denunciado D.  A.A.A.  y a la entidad TRANS FAST FINANCIAL SERVICES, S.A. (en lo sucesivo TRANS FAST)  a trámite de audiencia previa, en relación con la denuncia por la presunta infracción del artículo 5  de la Ley Orgánica 15/1999, de 13 de diciembre, de Protección de Datos de Carácter Personal  (LOPD), tipificada como leve en el artículo 44.2.c) de la citada LOPD; y presunta infracción de los  artículos 15 16 y 17 de la misma norma, tipificada como grave en el artículo 44.3.e) de la citada  Ley Orgánica. TERCERO    :  El citado acuerdo de 20/11/2017 no pudo ser notificado al denunciado después de  dos intentos. El primero de ellos a través del Servicio de Notificaciones Electrónicas, que fue  rechazado una vez transcurrido el plazo de diez días establecido; y el segundo remitido a través  del Servicio de Correos, el cual fue devuelto “Devuelto a origen por sobrante (no retirado en  oficina)”. Si fue notificado a TRANS FAST, la cual presentó escrito de alegaciones en el que pone  de manifiesto las consideraciones siguientes: . Dispone de ficheros inscritos en los que registra datos para los fines exclusivos de las  operaciones de envío de dinero que constituye su actividad. C/ Jorge Juan, 6 www.agpd.es 28001 – Madrid sedeagpd.gob.es 2/10 . La entrada del escrito de la Policía Municipal de Madrid en la Agencia, que según se indica en el  acuerdo de inicio del procedimiento se produce en fecha 17/03/2014, tiene lugar con anterioridad  a la contratación de D.  A.A.A. como agente, formalizada mediante contrato de 08/09/2015, del  que acompaña copia. Añade que T"
00206-2017,2017,https://www.aepd.es/documento/00206-2017.pdf,https://web.archive.org/web/20240229013748id_/https://www.aepd.es/documento/00206-2017.pdf,"1/8 Procedimiento Nº: A/00206/2017 RESOLUCIÓN: R/02302/2017 En el procedimiento A/00206/2017, instruido por la Agencia Española de  Protección de Datos a la entidad MOLI D'EN SOPA, S.L., vista la denuncia presentada  por por Don  B.B.B., y en virtud de los siguientes ANTECEDENTES PRIMERO: Con fecha 24 de enero de 2017, tuvo entrada en esta Agencia escrito  remitido por Don  B.B.B.,  en el que expone lo siguiente: “Con fecha 8 de diciembre de 2016 realizó reserva para la cena del día 31 de  diciembre de 2016 en el citado restaurante; varios días antes de la cena, se crea un  grupo de whatsapp con las personas que participaban en dicha cena. El denunciante salió del grupo pero fue incluido nuevamente por el  administrador, recibiendo un mensaje privado, en el que le comunican que si sale del  grupo se anulará la reserva. Asimismo, en el citado grupo se publicó una lista de los asistentes con nombres  y apellidos, las mesa donde se sentarían y cuantas personas le acompañaran.” Entre otra, anexa la siguiente documentación:  Copia de la pantalla del teléfono con mensajes de whatsapp.  Copia del listado, que al parecer fue remitido al grupo.  Copia del listado de participantes que aparece en la creación del grupo. SEGUNDO: Tras la recepción de la denuncia la Subdirección General de Inspección de  Datos procedió a la realización de  actuaciones previas de investigación para el  esclarecimiento de los hechos denunciados, teniendo conocimiento de los siguientes  extremos: 1. Con fecha 17 de abril de 2017, se remite requerimiento de información al  domicilio del restaurante, (C/......, 1) (ILLES BALEARS), siendo devuelta la carta  por el Servicio de Correos, figurando como causa “NO RETIRADO” (03/05/2017). 2. Con fecha 9 de mayo de 2017, el Inspector de Datos responsable de la  tramitación de las Actuaciones Previas de Investigación se pone en contacto  telefónico con el restaurante, número de teléfono ***TLF.1, manteniendo una  conversación telefónica con una persona que se identifica como  C.C.C. (dueña  del restaurante), manifestando que le remitamos la carta a su domicilio particular,  porque el restaurante está en una zona donde no llega el correo; (C/......, 2)  ILLES BALEARS. C/ Jorge Juan, 6 www.agpd.es 28001 – Madrid sedeagpd.gob.es 2/8 3. Con fecha 9 de mayo de 2017 se remite escrito a la dirección aportada en la  conversación mantenida con la persona que se identificó como la dueña del  restaurante, siendo devuelta por el Servicio de Correos figurando “Ausente”  (16/05/2017 y “No Recogido” (25/05/2017). 4. Con fecha 2 de junio de 2017, se vuelve a contactar telefónicamente con el  restaurante, en el número ***TLF.1, manteniendo una conversación con una  persona que se identifica como  D.D.D., que manifiesta que  C.C.C. no se puede  poner, pero que si le dejo un número de teléfono se lo comunicará para que se  ponga en contacto con la Agencia. No se ha recibido noticia alguna. TERCERO: Consultada la aplicación de la AEPD que gestiona la consul"
00236-2017,2017,https://www.aepd.es/documento/00236-2017.pdf,https://web.archive.org/web/20240615155323id_/https://www.aepd.es/documento/00236-2017.pdf,"Procedimiento Nº: A/00236/2017 RESOLUCIÓN: R/02827/2017 En el procedimiento A/00236/2017, instruido por la Agencia Española de Protección  de Datos a la entidad Asociación de Consumidores y Usuarios en Acción (FACUA), vista la  denuncia presentada por  A.A.A. y en virtud de los siguientes, ANTECEDENTES PRIMERO: Con fecha   de 13/01/2017   tiene entrada en esta Agencia una denuncia  presentada por  A.A.A. (en lo sucesivo, la denunciante), en la que manifiesta lo siguiente:  Es socio adherido de FACUA. Para tal fin y no otro proporcionó en su momento  nombre, dirección, teléfonos y correo electrónico.  La condición de socio adherido comprende la recepción de su boletín semanal  FACUA informa, la publicación diaria consumidores en acción, la participación en  encuestas y estudios de mercado y el acceso a la zona privada de su sitio web.  FACUA no le permite darse de baja del boletín sin darse de baja de la organización.  El 11/01/2017 recibe un correo electrónico en el que se le informa de la posibilidad,  en el caso de que tenga o haya tenido una hipoteca, de reclamar por la cláusula  suelo y los gastos de formalización. La comunicación le expone los beneficios de  reclamar a través de FACUa y por ello entiende que sus datos han sido tratados  para una finalidad publicitaria para la que no ha dado su consentimiento. Y, entre otra, anexa copia de la siguiente documentación:  Política de privacidad publicada en la página web de FACUA.  Formulario de baja.  Comunicación recibida. El 28/02/2017 tiene entrada un escrito de subsanación de la denunciante en el que aporta,  entre otros, los siguientes documentos:  Cabecera del mensaje recibido el 11/01/2017.  Solicitud de información remitida el 28/01/2017 a FACUA en la que se pregunta la  C/ Jorge Juan, 6 www.agpd.es 28001 – Madrid sedeagpd.gob.es identidad del responsable del fichero.  Correo electrónico junto con sus cabeceras remitido el 06/02/2017 por FACUA que  contiene una oferta de trabajo. SEGUNDO: Del examen de la documentación aportada por el denunciante y de las  actuaciones practicadas, se desprende lo siguiente:  1. En la diligencia de 25/05/2017 se incluye copia de la política de privacidad publicada en  el sitio web www.facua.org que identifica a “FACUA” como responsable del sitio. El sitio web dispone de un enlace que  permite darse de alta como socio, que al  ser pulsado abre en una ventana  emergente el formulario que se muestra  junto a estas líneas. El formulario permite la inscripción como  socio adherido (sin cuota) o como socio  de pleno de derecho, e incluye en el pie  un enlace a las condiciones de privacidad  que deben de leerse y aceptarse. El formulario dispone de una lista  desplegable en la que se permite  seleccionar las noticias que se recibirán  en el correo electrónico con las opciones:  Diario, Semanal, Ambos y Ninguno. La  opción por defecto es “Diario”. Al pulsar en el enlace de las condiciones  de privacidad se abre una nueva ventana  emergente con el texto "
00244-2017,2017,https://www.aepd.es/documento/00244-2017.pdf,https://web.archive.org/web/20240701074631id_/https://www.aepd.es/documento/00244-2017.pdf,"1/5 Procedimiento Nº: A/00244/2017 RESOLUCIÓN: R/02200/2017 En el procedimiento A/00244/2017, instruido por la Agencia Española de Protección de  Datos de conformidad con lo establecido en el artículo 45.6 de la Ley Orgánica 15/1999,  de 13 de diciembre, de Protección de Datos de Carácter Personal (LOPD), vistas las  actuaciones practicadas en virtud de denuncia de Dª  C.C.C.  y en base a los siguientes, HECHOS PRIMERO: Con fecha 29 de agosto de 2016, tuvo entrada en esta Agencia escrito de Dª  C.C.C.  (en lo sucesivo la denunciante) en el que informa de una posible infracción a la  LOPD, ya que en su centro de trabajo situado en la calle  A.A.A. han instalado una  cámara de videovigilancia cuyo responsable es D.  D.D.D. (en adelante el denunciado). La denunciante manifiesta que en el centro de trabajo no hay expuestos carteles  informativos de la existencia de una zona videovigilada ni han sido informados los  trabajadores de la existencia de una cámara. Aporta reportaje fotográfico en el que se observa una cámara de video situada sobre  una estantería que tiene conectados un cable de red y cable de alimentación de  corriente. SEGUNDO: Tras la recepción de la denuncia, y durante la fase de actuaciones previas,  por los Servicios de Inspección de esta Agencia con fechas 14 de diciembre de 2016 y  31 de enero de 2017 se solicita información al denunciado, siendo el primer escrito  devuelto por el servicio de correos, tiene entrada en esta Agencia el 16 de febrero de  2017, escrito de respuesta del denunciado, en el que pone de manifiesto que no tiene  instalado ningún sistema de videovigilancia, y que solamente dispone de una cámara  que no funciona, sirviendo exclusivamente de carácter disuasorio. Con fecha 7 de junio de 2017 se solicita al denunciado documentación acreditativa de  que la cámara no está operativa, teniendo entrada con fecha 23 de junio de 2017 escrito  de respuesta en el que reitera que la cámara no está operativa y aporta como prueba  una fotografía de la cámara alegando que no se observa ninguna luz encendida. TERCERO: Con fecha 11 de julio de 2017, la Directora de la Agencia Española de  Protección de Datos acordó otorgar audiencia previa al procedimiento de apercibimiento  al denunciado, por presunta infracción del artículo 5.1 de la LOPD, tipificada como leve  en el artículo 44.2.c) de la citada ley. CUARTO: En fecha 19 de julio de 2017, se notificó el citado acuerdo de audiencia previa  al procedimiento de apercibimiento al denunciado tal y como figura en la copia de acuse  de recibo expedido por el Servicio de Correos y que forma parte de este expediente.  QUINTO: Transcurrido el plazo concedido para formular alegaciones al acuerdo de  C/ Jorge Juan, 6 www.agpd.es 28001 – Madrid sedeagpd.gob.es 2/5 audiencia previa al apercibimiento, el 28 de julio de 2017, se ha registrado en esta  Agencia, escrito de alegaciones del denunciado, en el que pone de manifiesto lo  siguiente: • La denuncia la interpone una ex trabajadora por "
00263-2017,2017,https://www.aepd.es/documento/00263-2017.pdf,https://web.archive.org/web/20240703162725id_/https://www.aepd.es/documento/00263-2017.pdf,"1/11 Procedimiento Nº: A/00263/2017 RESOLUCIÓN: R/02432/2017 En el procedimiento A/00263/2017, instruido por la Agencia Española de Protección de  Datos frente a la entidad LA LUZ, S.A. TERMINAL DE CONTENEDORES y en virtud de  los siguientes HECHOS PRIMERO: Con fecha 7 de julio de 2017 tiene entrada en esta Agencia escrito de D.  B.B.B. en representación de la entidad GESPORT TERMINAL MARÍTIMA, S.L. (en lo  sucesivo la denunciante) comunicando una posible infracción a la Ley Orgánica  15/1999, de 13 de diciembre, de Protección de Datos de Carácter Personal (LOPD),  motivada por la instalación de un sistema de videovigilancia, en el PUERTO DE  ***LOC.1 cuyo responsable es la entidad LA LUZ, S.A. TERMINAL DE  CONTENEDORES con CIF nº: ***CIF.1 (en adelante el denunciado). La denunciante señala que es una empresa estibadora con concesión administrativa y  que desarrolla su actividad en el Puerto de ***LOC.1, al lado de la empresa BOLUDA, en  su zona de actuación tiene instaladas en una farola de gran altura, varias cámaras  orientadas hacia la zona de trabajo de la empresa denunciante con lo que puede captar  la zona de grúas, embarque y desembarque de esta empresa y la vía pública que da  acceso a estas zonas. La denuncia se acompaña de un acta notarial de presencia a la  que se incorpora un reportaje fotográfico de las cámaras denunciadas. La entidad denunciante afirma que en el lugar donde se encuentran instaladas las  cámaras no hay ningún cartel expuesto que avise de la existencia de una zona  videovigilada en el que se incluyan los datos identificativos del responsable del sistema. SEGUNDO: El acta de presencia notarial se realiza por el notario D.  C.C.C. el 12 de  mayo de 2017 en ***LOC.1 . El notario observa la existencia de una farola de gran altura  dentro de la terminal marítima de la empresa BOLUDA. En esta farola a media altura  hay instaladas varias cámaras que apuntan a todos los puntos cardinales. Algunas de  estas cámaras están apuntando a la terminal marítima de GESPORT, en concreto a su  zona de grúas, embarque y desembarque. El acta incorpora varias fotografías de la zona, de la farola y las cámaras y una  fotografía que la empresa denunciante (requirente de la presencia notarial) entrega al  notario manifestando que se ha tomado desde las cámaras instaladas en la farola y que  ha llegado a su poder de forma lícita por entrega voluntaria del poseedor. En esta  fotografía del campo de visión de las cámaras se aprecia que graban toda la zona de  grúas, embarque y desembarque de la entidad denunciante. TERCERO: Con fecha 27 de julio de 2017, la Directora de la Agencia Española de  Protección de Datos acordó otorgar audiencia previa al procedimiento de apercibimiento  a la entidad denunciada, por presunta infracción de los artículos 5.1 y 6.1 de la LOPD,  C/ Jorge Juan, 6 www.agpd.es 28001 – Madrid sedeagpd.gob.es 2/11 tipificadas la primera como leve y la segunda como grave, en los artículos 44.2.c) y  44.3.b) de dicha norma. CUARTO"
00272-2017,2017,https://www.aepd.es/documento/00272-2017.pdf,https://web.archive.org/web/20240622153132id_/https://www.aepd.es/documento/00272-2017.pdf,"1/8 Procedimiento Nº: A/00272/2017 RESOLUCIÓN: R/03057/2017 En el procedimiento A/00272/2017, instruido por la Agencia Española de Protección de  frente a la ***ASOCIACIÓN.1 y en base a los siguientes,  ANTECEDENTES PRIMERO: Con fecha 15 de septiembre de 2016 tiene entrada en esta Agencia escrito  remitido por la DIRECCIÓN GENERAL DE LA GUARDIA CIVIL (PUESTO DE  ***LOCALIDAD.1) (en lo sucesivo el denunciante) trasladado por la Subdelegación del  Gobierno en A Coruña, comunicando posible infracción a la LOPD motivada por la  instalación de unas cámaras de videovigilancia en una  MOTOCICLETA, con matrícula  D.D.D. marca honda, que tiene cinco cámaras adaptadas sobre su chasis, dos en la  parte trasera y tres en la delantera, las cuales cubren con sus objetivos 360 grados  alrededor del vehículo enfocando hacia vía pública. La propietaria de la motocicleta y  presumiblemente responsable del sistema de videovigilancia es la ***ASOCIACIÓN.1  con CIF nº: ***CIF.1  (en adelante la denunciada).   En su escrito, los agentes actuantes refieren que mientras están observando la  motocicleta comparece ante los agentes, D.  B.B.B. que dice ser el coordinador de una  organización llamada ***ASOCIACIÓN.1 , y  el conductor de la motocicleta. El  coordinador manifiesta a los agentes que las cámaras graban y emiten la señal hacia  una tercera persona, que las cámaras son legales ya que en la motocicleta figura una  pegatina con la siguiente inscripción:”ZONA VIDEOVIGILADA. RADIO DE ACCIÓN 300  METROS. NOTA INFORMATIVA. SE INFORMA QUE SE ESTA GRABANDO UNA  PELÍCULA BASADA EN HECHOS REALES. CÁMARA OCULTA”. Por último los  agentes informan al conductor de la motocicleta y presunto instalador de las cámaras  que los citados hechos no se ajustan a la normativa vigente.  Se adjunta Acta-denuncia/inspección y petición de inicio de procedimiento nº  ***DENUNCIA.1, de fecha 6 de agosto de 2016, de la Dirección General de la Guardia  Civil, Puesto de ***LOCALIDAD.1, en la que se detallan los citados hechos. SEGUNDO: La Inspección de Datos ha remitido sendos escritos al coordinador de la  asociación denunciada, en los que se le requería información en relación con las  cámaras instaladas en el vehículo matrícula  D.D.D. habiendo sido devueltos a su  origen, con fecha de 31 de marzo y de 20 de abril de 2017, por “ausente”, “ausente, se  dejó aviso buzón” y “no retirado en oficina”. Según consta en el certificado emitido por la  Sociedad Estatal Correos y Telégrafos, S.A. La Guardia Civil del Puesto de ***LOCALIDAD.1 ha manifestado con fecha 3 de julio de  2017, en respuesta a una solicitud de información de esta Agencia, en relación con las  cámaras instaladas en el vehículo matrícula  D.D.D. lo siguiente:  Se desconoce quién es el titular de las cámaras instaladas en la motocicleta  C/ Jorge Juan, 6 www.agpd.es 28001 – Madrid sedeagpd.gob.es 2/8 pero el titular del citado vehículo, según consta en la Dirección General de  Tráfico, es la ***ASOCIACIÓN.1 , con domicilio en la "
00289-2017,2017,https://www.aepd.es/es/documento/00289-2017.pdf,https://web.archive.org/web/20240626193840id_/https://www.aepd.es/es/documento/00289-2017.pdf,"1/7 Procedimiento Nº: A/00289/2017 RESOLUCIÓN: R/02729/2017 En el procedimiento A/00289/2017, instruido por la Agencia Española de  Protección de Datos a la FEDERACIÓN DE SINDICATOS INDEPENDIENTES DE  ENSEÑANZA DE LA RIOJA (FSIE-LA RIOJA), vista la denuncia presentada por Don  A.A.A., y en virtud de los siguientes ANTECEDENTES PRIMERO: Con fecha 9 de mayo de 2017, tuvo entrada en esta Agencia un escrito  remitido por Don A.A.A., en la que manifiesta lo siguiente: “Desde la página web del sindicato FSIE en La Rioja, ***WEB.1 te puedes  descargar del apartado ""Calcula tu nómina"" una excel con la que puedes ver en las dos  pestañas existentes los datos de la última persona que la ha utilizado, con lo que  puedes saber cuántos euros mensuales gana esa persona, a la que se identifica con  nombre y apellidos.” Aporta copia de los datos referentes a la nómina de otra persona. SEGUNDO: Con fecha 9 de mayo de 2017,  figura Diligencia de Inspección en la que se  hace constar que ese día se ha obtenido a través de internet copia impresa de  varias  informaciones relacionadas con la denuncia reflejada. Se adjunta el cálculo de nómina  de una persona, con sus datos personales.  TERCERO: Consultada el 9 de mayo de 2017, la aplicación de la AEPD que gestiona la  consulta de antecedentes de sanciones y apercibimientos precedentes, al denunciado/a/  la entidad, no le constan registros previos. CUARTO: Con fecha 11 de septiembre de 2017, la Directora de la Agencia Española de  Protección de Datos acordó someter a trámite de audiencia previa el presente  procedimiento de apercibimiento A/00289/2017. Dicho acuerdo fue notificado al  denunciado. QUINT    O:    Con fecha 29 de septiembre de 2017, se recibe en esta Agencia escrito del  denunciado en el que comunica que los datos que pueden visualizarse en el archivo  “170428-Calculadora-Retribuciones-Rioja-2016-V3” no corresponde al trabajador que ha  accedido con anterioridad ya que es un formulario on line que se aloja en el servidor de  la web del Sindicato, en el que se incluyen los datos que solicita y devuelve la  información. Los nombres que aparecen: “B.B.B.” y “C.C.C.” son ficticios. No figuran  datos de afiliados, delegados ni de personas reales. Por ello no se ha producido ninguna  infracción al no tratarse de datos personales. Solicita que se realicen pruebas  consistentes en acreditar que B.B.B. no es administrativo ni C.C.C. es docente. Se ha  modificado el archivo descargable poniendo solo “Nombre”, “Apellido1” y “Apellido 2”.  C/ Jorge Juan, 6 www.agpd.es 28001 – Madrid sedeagpd.gob.es 2/7 Solicitan el archivo del procedimiento o declarar el apercibimiento. Acompañan certificación referida a que el Sindicato denunciado carece de datos  personales en sus ficheros de “B.B.B.” y “C.C.C.”. HECHOS PROBADOS PRIMERO: Don A.A.A. presentó un escrito de denuncia en esta Agencia indicando que  desde la página web del sindicato FSIE en La Rioja, ***WEB.1, se puede descargar del  apartado ""Calcula tu nómina"" una exc"
00291-2017,2017,https://www.aepd.es/es/documento/00291-2017.pdf,https://web.archive.org/web/20221101070255id_/https://www.aepd.es/es/documento/00291-2017.pdf,"1/10    C/ Jorge Juan, 6        www.agpd.es  28001 – Madrid      sedeagpd.gob.es  •  Procedimiento Nº: A/00291/2017      RESOLUCIÓN: R/02928/2017    En el procedimiento A/00291/2017, instruido por la Agencia Española de  Protección de Datos a A.A.A., vista la denuncia presentada por B.B.B. y en virtud de  los siguientes,    ANTECEDENTES      PRIMERO: Con fecha 19/06/2017, tiene entrada en esta Agencia un escrito remitido  por Don B.B.B., en la que manifiesta lo siguiente:      <<El pasado 16 de Mayo, un individuo de nombre A.A.A. realizó una difusión  de mi currículo en un grupo de Facebook, PÚBLICO y ABIERTO, de nombre  ""***GRUPO.1"".    En dicho currículo, además de otros datos, mi dirección, número de teléfono y  correo electrónico son perfectamente visibles, sin que en ningún caso se haya  recabado mi consentimiento para dicha publicación.    Además, desconozco cómo ha llegado a manos del señor A.A.A. mi  currículum, aunque podría haberlo obtenido de portales como Linkedin o Infojobs, si  bien mis configuraciones de publicidad en ambos portales impiden que mi hoja  curricular sea accesible, salvo para empresas demandantes de personal. Una  búsqueda en Google permite verificar que el señor A.A.A. figura como administrador  de varias empresas, lo que podría haber utilizado para tener acceso a mis datos  personales y, mucho más grave, difundirlos sin mi consentimiento.    Del mismo modo, el currículo podría haber sido facilitado por el señor C.C.C., a  quien yo mismo se lo había facilitado hace un par de años, cuando me encontraba  buscando trabajo, con la finalidad de presentárselo a la administradora de su  comunidad de vecinos y con quien mantenía una relación de amistad hoy devenida en  enemistad manifiesta. El señor C.C.C. y el señor A.A.A. son amigos entre sí.    Acompaña captura de pantalla de la publicación del currículo, que puede ser  verificada en el enlace siguiente, previo log-in en FACEBOOK:    https://***URL.1. En la misma, el denunciado en conversación con otras  personas alude al denunciante, que no figura que participe en modo alguno en el  Grupo, y a que “(...)”, o “(...)”     SEGUNDO: Con fecha ***FECHA.1,  figura Diligencia de Inspección en la que se  verifica que a través de internet sigue accesible la información denunciada.                   2/10    C/ Jorge Juan, 6        www.agpd.es  28001 – Madrid      sedeagpd.gob.es  TERCERO: Con fecha 4/09/2017 se recibe ampliación a la denuncia por parte del  denunciante. Manifiesta que A.A.A..  ha vuelto a difundir su currículo en el grupo de  FACEBOOK “***GRUPO.1”. A este grupo se accede mediante solicitud y cuenta con  más de 7.000 miembros. Manifiesta que se puso en contacto con el Administrador del  Grupo y se puso en contacto con el usuario denunciado, negándose a ello Aporta  copia que así lo ratifica y en el que el denunciado se niega a retirarlo. En las  inserciones del currículum, el denunciante vuelve a aludir en conversación, de nuevo  al creador de los “fotoshops”    CU"
00314-2017,2017,https://www.aepd.es/es/documento/00314-2017.pdf,https://web.archive.org/web/20220307212313id_/https://www.aepd.es/es/documento/00314-2017.pdf,"1/6 Procedimiento Nº: A/00314/2017 RESOLUCIÓN: R/00354/2018 En el procedimiento A/00314/2017, instruido por la Agencia Española de Protección de Datos a la entidad ASPAMA CONTROL DE PLAGAS, S.L.U., vista la denuncia presentada por A.A.A. y en virtud de los siguientes, HECHOS PRIMERO: Con fecha 30 /06/2017 tiene entrada en esta Agencia escrito de  Dña. A.A.A. (en adelante el denunciante) comunicando posible infracción a la Ley Orgánica 15/1999, de 13 de diciembre, motivada por cámaras de videovigilancia cuyo titular es ASPAMA CONTROL DE PLAGAS, S.L.U. (en adelante el denunciado) instaladas en ***DIRECCIÓN.1, Vallladolid enfocando hacia la vía pública y hacia las fincas colindantes. En concreto, denuncia que se ha instalado una cámara en la fachada del inmueble que capta imágenes de la vía pública . Adjunta: reportaje fotográfico (en el que se observa la ubicación de la cámara) SEGUNDO: A la vista de los hechos denunciados, la Inspección de Datos de esta Agencia Española de Protección de Datos considera que el tratamiento de los datos personales que se realiza por el denunciado a través de la cámara a la que se refiere la denuncia, no cumple las condiciones que impone la normativa sobre protección de datos. TERCERO: Con fecha 26 de septiembre de 2017, la Directora de la Agencia Española de Protección de Datos acordó someter a trámite de audiencia previa el presente procedimiento de apercibimiento A/00314/2017. Dicho acuerdo fue notificado al denunciado. CUARTO: Con fecha 24/10/2017  se recibe en esta Agencia escrito del denunciado en el que comunica: “La cámara de referencia es EXCLUSIVAMENTE DISUASORIA”   No obstante, no presenta prueba alguna. QUINTO: El 2/2/2018  se le formula requerimiento, en el que se le solicita prueba documental (fotografías)  acreditativas del carácter ficticio de la cámara o en su caso C/ Jorge Juan, 6 www.agpd.es 28001 – Madrid sedeagpd.gob.es 2/6 informe de empresa de seguridad homologada o de las fuerzas y cuerpos de seguridad del estado que permita constatar lo manifestado.  SEXTO:  Con fecha 14/2/2018 se recibe escrito de contestación al requerimiento en el que aporta informe de la empresa de Sedseguridad  en el que se afirma: “Que la instalación de la cámara requerida para este informe , no está funcionando al no tener ni disponer de cableado” HECHOS PROBADOS PRIMERO: Con fecha 30 /06/2017 tiene entrada en esta Agencia escrito de  Dña. A.A.A. (en adelante el denunciante) comunicando posible infracción a la Ley Orgánica 15/1999, de 13 de diciembre, motivada por cámaras de videovigilancia cuyo titular es ASPAMA CONTROL DE PLAGAS, S.L.U. (en adelante el denunciado) instaladas en ***DIRECCIÓN.1, Vallladolid enfocando hacia la vía pública y hacia las fincas colindantes. En concreto, denuncia que se ha instalado una cámara en la fachada del inmueble que capta imágenes de la vía pública . Adjunta: reportaje fotográfico (en el que se observa la ubicación de la cámara) SEGUNDO: Consta que el responsable de la instalación del"
00319-2017,2017,https://www.aepd.es/es/documento/00319-2017.pdf,https://web.archive.org/web/20220307211255id_/https://www.aepd.es/es/documento/00319-2017.pdf,"1/7 Procedimiento Nº A/00319/2017 RESOLUCIÓN:  En el procedimiento A/00319/2017, instruido por la Agencia Española de Protección de Datos en relación con D. A.A.A., vista la denuncia presentada y con base en los siguientes:  ANTECEDENTES PRIMERO: Con fecha 24/10/16 tiene entrada en esta Agencia escrito de D. B.B.B. (en lo sucesivo el denunciante), comunicando posible infracción a la Ley Orgánica 15/1999, de 13 de diciembre, de Protección de Datos de Carácter Personal (LOPD), motivada por la instalación de un sistema de videovigilancia cuyo titular es D. A.A.A. (en adelante el denunciado), instalada en la plaza de garaje nº XXX sita en (C/...1) y cuyo titular es D. A.A.A.(en adelante el denunciado). El denunciante manifiesta que la Junta General de Propietarios, no ha autorizado la instalación de dicha cámara. Se adjunta fotografía en la que se observa una zona de un garaje, dos vehículos aparcados, y en la pared un dispositivo que se afirma ser una cámara de videovigilancia. SEGUNDO: Con fecha 3/10/17 la Directora de la Agencia Española de Protección de Datos acordó otorgar audiencia previa al procedimiento de apercibimiento, por presunta infracción del artículo 6.1 de la LOPD, tipificada como grave en el artículo 44.3.b) de la citada ley. TERCERO    : Por parte del denunciado se manifestó que se han instalado dos cámaras, falsas que están orientadas al pasillo, y otra que capta su plaza de garaje y una colindante teniendo autorización de su propietario.  FUNDAMENTOS DE DERECHO I Es competente para resolver este procedimiento la Directora de la Agencia Española de Protección de Datos, de conformidad con lo dispuesto en el artículo 37. g) en relación con el artículo 36 de la LOPD. II Antes de entrar de lleno en el análisis de la cuestión que aquí nos ocupa, es conveniente volver a recordar cuáles son los requisitos que debe cumplir un sistema de videovigilancia para ser acorde con la normativa de protección de datos: - Respetar el principio de proporcionalidad. - Las videocámaras no podrán captar imágenes de las personas que se encuentren fuera del espacio privado ya que el tratamiento de imágenes en lugares públicos sólo puede ser realizado, salvo que concurra autorización gubernativa, por las Fuerzas y C/ Jorge Juan, 6 www.agpd.es 28001 – Madrid sedeagpd.gob.es 2/7 Cuerpos de Seguridad. - Se deberá cumplir el deber de informar a los afectados en el modo previsto en el artículo 3 de la Instrucción 1/2006, de 8 de noviembre, de la Agencia Española de Protección de Datos, sobre el Tratamiento de Datos Personales con Fines de Vigilancia a través de Sistemas de Cámaras o Videocámaras (Instrucción 1/2006). En concreto: “a) Colocar, en las zonas video vigiladas, al menos un distintivo informativo ubicado en lugar suficientemente visible, tanto en espacios abiertos como cerrados y  b) Tener a disposición de los/las interesados/as impresos en los que se detalle la información prevista en el artículo 5.1 de la Ley Orgánica 15/1999.” Hay que tener en cuent"
00335-2017,2017,https://www.aepd.es/documento/00335-2017.pdf,https://web.archive.org/web/20240703152449id_/https://www.aepd.es/documento/00335-2017.pdf,"1/5 Procedimiento Nº: A/00335/2017 RESOLUCIÓN: R/00005/2018 En el procedimiento A/00335/2017, instruido por la Agencia Española de Protección de Datos a la entidad C. P. DEL CENTRO COMERCIAL NUEVA CONDOMINA - CHURRA (MURCIA), vista la denuncia presentada y en virtud de los siguientes:, ANTECEDENTES PRIMERO: Con fecha 31/3/17 tiene entrada en esta Agencia escrito de D. A.A.A., en adelante el denunciante, comunicando posible infracción a la Ley Orgánica 15/1999 en relación al sistema de videovigilancia instalado en ese centro comercial.  En concreto, y en relación a las cámaras instaladas, se denuncian los siguientes hechos:  * Cámara de videovigilancia  ubicada en un cuarto comedor usado comúnmente por el personal de mantenimiento, limpieza, auxiliares de servicio, seguridad y personal del punto de información, para realizar los turnos de descanso y comida. En dicho comedor no existe cartel de zona videovigilada * Cámara de videovigilancia ubicada en tótem publicitario en el aparcamiento del Centro Comercial con captación de espacios exteriores y públicos cercanos al centro comercial, incluida autopista y chalets que se encuentran al otro lado de la misma. La cámara es dirigible y de largo enfoque. SEGUNDO: Por parte del Subdirector General de Inspección de Datos, en base al contenido de la denuncia, se procedió a la apertura de actuaciones previas con referencia E/2912/17. Solicitándose información a entidad sobre los hechos denunciados, concluyéndose, con la documentación recibida, el informe siguiente de la Inspección de Datos de fecha 7/9/17 <<<<< La finalidad de la cámara del comedor es el control de acceso y la protección de elementos comunes (nevera, máquina de café, vending) así como evitar la sustracción de objetos/productos personales. La finalidad de la cámara del tótem exterior es el control de ocupación de los aparcamientos del centro comercial y estado del tráfico del mismo. La instalación del sistema de videovigilancia la realizó C.C.C. y el mantenimiento lo realiza D.D.D. Aportan copia del contrato de mantenimiento suscrito. Respecto de la información facilitada sobre la existencia de cámaras, aportan fotografía de un cartel que se encuentra en la puerta de la sala del comedor donde se informa de la videovigilancia, con la finalidad “entre otras, el control de acceso y la protección de elementos comunes (nevera, máquina de café, vending) y evitar la sustracción de objetos/productos personales”. Se informa del responsable ante el que ejercitar los derechos y su dirección. Aportan fotografía de otro modelo cartel que indican se encuentra colocado en distintas localizaciones del Centro Comercial, en las entradas de calle y aparcamiento. C/ Jorge Juan, 6 www.agpd.es 28001 – Madrid sedeagpd.gob.es 2/5 En él se señala como finalidad principal el garantizar la seguridad y el control de acceso de las instalaciones e igualmente se informa del responsable ante el que ejercitar los derechos y su dirección. Aportan fotografías de las imágenes "
00351-2017,2017,https://www.aepd.es/documento/00351-2017.pdf,https://web.archive.org/web/20240705094118id_/https://www.aepd.es/documento/00351-2017.pdf,"1/6 Procedimiento Nº: A/00351/2017 RESOLUCIÓN: R/03469/2017 En el procedimiento A/00351/2017, instruido por la Agencia Española de Protección de Datos a la entidad ELITECHIP, S.L., vista la denuncia presentada por A.A.A.y en virtud de los siguientes, ANTECEDENTES PRIMERO: Con fecha   de 20/11/2016 tiene entrada en esta Agencia una denuncia presentada por A.A.A.(en lo sucesivo, el denunciante), en la que manifiesta lo siguiente: El sitio web www.elitechip.net publica en Internet los datos de todos sus usuarios registrados sin ningún tipo de medida de seguridad. Al tratar de registrarse dentro del sitio web en cualquier evento deportivo, el proceso de registro solicita únicamente el DNI y año de nacimiento del corredor para recuperar datos de anteriores inscripciones. Dado que el dato de año de nacimiento se publica en los resultados de todas las competiciones, con conocer el dato del DNI es suficiente para acceder a los datos. Ha probado los hechos descritos con su DNI y año de nacimiento. Y anexa la siguiente documentación: Capturas de pantallas del formulario de inscripción y de consulta de resultados de una carrera. SEGUNDO: A la vista de los hechos denunciados, en fase de actuaciones previas, por los Servicios de Inspección de esta Agencia se practican diligencias, teniendo conocimiento de que: 1. Los términos y condiciones de uso y la página de contacto del sitio web www.elitechip.net, identifican a ELITECHIP, S.L. como responsable del sitio web y del fichero en el que serán incluidos los datos de los usuarios del mismo.  Si bien es cierto que los términos y condiciones identifican la sociedad con las siglas CB, correspondientes a una comunidad de bienes, el NIF que consta en la página de contacto, donde sí se cita a la entidad como ELITECHIP SL, se corresponde con el de la sociedad homónima inscrita en el registro mercantil. Impresión de las páginas web y del resultado de consultar el registro mercantil se encuentran como documentos 1, 2 y 3 de una diligencia de fecha 09/05/2017. C/ Jorge Juan, 6 www.agpd.es 28001 – Madrid sedeagpd.gob.es 2/6 2. Tal y como se indica en los términos y condiciones de uso, a través del sitio web denunciado, ELITECHIP S.L. presta servicios ligados a eventos deportivos, entre los que se encuentra el de inscripción en carreras. 3. El 09/05/2017 se realizan las siguientes comprobaciones: 3.1. Se accede al formulario de inscripción del evento “XXXVIII Semi marató Fira de Maig 2017” y se proporciona en el primer formulario web el NIF y año de nacimiento del denunciante. Como resultado se obtiene otro formulario web en el que figuran los datos siguientes datos del denunciante:  NIF, nombre, apellidos, dirección de correo electrónico, nacionalidad, club, código del chip, fecha de nacimiento, sexo, domicilio postal, teléfono y teléfono móvil. Con los nombres y apellidos obtenidos de los resultados de otro evento deportivo, se localizan los NIF de otros dos participantes en eventos en los que participó ELITECHIP S.L. 3.2"
00368-2017,2017,https://www.aepd.es/documento/00368-2017.pdf,https://web.archive.org/web/20240703174744id_/https://www.aepd.es/documento/00368-2017.pdf,"1/5 Procedimiento Nº: A/00368/2017 RESOLUCIÓN: R/03399/2017 En el procedimiento A/00368/2017, instruido por la Agencia Española de  Protección de Datos a la entidad  A.A.A., vista la denuncia presentada por  B.B.B. y en  virtud de los siguientes, HECHOS PRIMERO: Con fecha 17 de abril de 2017 tiene entrada en esta Agencia escrito de  B.B.B. (en adelante el denunciante) comunicando posible infracción a la Ley Orgánica  15/1999, de 13 de diciembre, motivada por cámaras de videovigilancia cuyo titular es  A.A.A. (en adelante el denunciado) instaladas en ***DIRECCIÓN.1 En concreto, denuncia que: “he estado pendiente de la colocación de las placas preceptivas (cosa  que no ha ocurrido) y del registro del sistema en la Agencia de Protección de  Datos, sin éxito por mi parte.”  Adjunta: reportaje fotográfico (en el que se observa la ubicación de las cámaras). SEGUNDO: Por parte del Subdirector General de Inspección de Datos, en base al  contenido de la denuncia, se procedió a la apertura de actuaciones previas con  referencia E/3257/2017. Concluyéndose la investigación con el informe siguiente de la  Inspección de Datos de fecha 29/09/17 Con fecha 12 de junio de 2017 se requiere información al responsable el cual es  devuelto por el Servicio de Correos por “Ausente” por lo que se remite un nuevo  requerimiento en fecha 14 de julio de 2017, teniendo entrada en esta Agencia, con fecha  3 de agosto de 2017, escrito del denunciado en el que manifiesta: - El sistema de videovigilancia fue instalado por GACESA  INSTALACIONES y aportan factura al respecto.  - Respecto de la finalidad de la instalación manifiestan que ha sido debida  a un acoso por parte del vecino colindante, que identifica como el  denunciante.  - Respecto de los lugares donde se encuentran ubicadas las cámaras de  videovigilancia han aportado croquis y fotografías donde constan las  cámaras que a continuación se detallan. Todas las cámaras son  exteriores y manifiestan que todas ellas son fijas y en las fotografías  aportadas captan imágenes de su propiedad. C/ Jorge Juan, 6 www.agpd.es 28001 – Madrid sedeagpd.gob.es 2/5  Cámara 1 y 2. Situadas en la parte posterior de la vivienda  Cámara 3. Situada a la entrada de la vivienda y la rampa del garaje  propio.   - El sistema consta de un monitor que permite la visualización de las  imágenes captadas y un grabador ubicados en el dormitorio de la  vivienda con acceso exclusivo de ambos denunciados. Las imágenes  grabadas se conservan durante un máximo de cuatro semanas.  El sistema no está concertado a ninguna central de alarmas.  - No han aportado cartel informativo de zona videovigilada donde se  especifique el responsable del fichero y donde se debe dirigir las  solicitudes para ejercer los derechos ARCO.  - No consta inscripción del fichero en el Registro General de Protección de  Datos.  - No se ha aportado formulario informativo según se recoge en el artículo  3.b de la Instrucción 1/2006.  TERCERO: Con fecha 20 de noviembre de 2017, la Di"
00370-2017,2017,https://www.aepd.es/es/documento/00370-2017.pdf,https://web.archive.org/web/20220302145252id_/https://www.aepd.es/es/documento/00370-2017.pdf,"1/9  Procedimiento Nº: A/00370/2017 RESOLUCIÓN: R/00112/2018 En el procedimiento A/00370/2017, instruido por la Agencia Española de Protección de Datos a la entidad  LEADING HOSPITALITY, S.L.,vista la denuncia presentada por D. H.H.H. y en virtud de los siguientes:, HECHOS PRIMERO: Con fecha 18/12/16 tiene entrada en esta Agencia escrito de D.  H.H.H. (en adelante el denunciante) comunicando posible infracción a la Ley Orgánica 15/1999 motivada por cámaras de videovigilancia cuyo titular es la entidad  LEADING HOSPITALITY, S.L., (en adelante el denunciado) instaladas en el inmueble sito en (C/...1)  El denunciante manifiesta  ser propietario de un apartamento en el edificio sito en la (C/...1). Este apartamento estuvo alquilado mediante un contrato de arrendamiento y con la aprobación de la comunidad de propietarios a la sociedad  LEADING HOSPITALITY, S.L., hasta el 1 de marzo de 2015, entidad que gestionaba el edificio como hotel. Esta entidad tiene cámaras de videovigilancia en la entrada al edificio y en los pasillos de acceso a su apartamento. Al llegar la fecha de 1 de marzo 2015, se extinguió el contrato de arrendamiento con LEADING HOSPITALITY, S.L., y se le comunico a esta sociedad la negativa a renovar el contrato de arrendamiento mediante notificación vía burofax certificado. Al llegar esta fecha también expiró el permiso que tenía esta sociedad de la comunidad de propietarios para la explotación del edificio como hotel.  LEADING HOSPITALITY, S.L., sigue usando cámaras de vigilancia tanto en la entrada del edificio como en los pasillos de acceso a su propiedad. SEGUNDO: Por parte del Subdirector General de Inspección de Datos, en base al contenido de la denuncia, se procedió a la apertura de actuaciones previas con referencia E/3813/2017. Concluyéndose la investigación con el informe siguiente de la Inspección de Datos de fecha 10/10/17 <<<<< De la documentación aportada por el denunciante se desprende lo siguiente: Aporta información registral del Registro de la Propiedad de  A.A.A. que  acredita ser propietario de una sexta parte indivisa de la finca urbana apartamento número XXX.1 situado en la planta 6 del edificio situado en la (C/...1) Aporta copia del contrato de prestación de servicios de operación hotelera suscrita entre OPERADORA HOTELERA AZCA, S.A.(posteriormente denominada HOLIDAY INNS ESPAÑA, S.A.) y la subcomunidad de propietarios del inmueble Grupo de Fincas B con el objeto de la Gerencia, Administración y Explotación Hotelera del J.J.J.. C/ Jorge Juan, 6 www.agpd.es 28001 –  A.A.A. sedeagpd.gob.es 2/9 Consta en el contrato que tiene un periodo de vigencia de 30 años desde la fecha de apertura, que según manifiesta el denunciante se cumplió en mayo de 2015. Aporta copia de los Estatutos del Hotel-Apartamento por los que se rige la Subcomunidad de Propietarios  del Grupo de Fincas B del edifico  D.D.D., constituida por las fincas del edificio destinadas a usos hoteleros, de lo que se desprende que dentro del edificio  D.D."
00383-2017,2017,https://www.aepd.es/es/documento/00383-2017.pdf,https://web.archive.org/web/20220307210811id_/https://www.aepd.es/es/documento/00383-2017.pdf,"1/6 Procedimiento Nº: A/00383/2017 RESOLUCIÓN: R/03235/2017 En el procedimiento A/00383/2017, instruido por la Agencia Española de  Protección de Datos a D. A.A.A., vista la denuncia presentada por D. B.B.B. y en virtud  de los siguientes, ANTECEDENTES PRIMERO: Con fecha 7/12/2016 tiene entrada en esta Agencia denuncia presentada por  B.B.B. (en lo sucesivo, el denunciante), manifestando que el día 25 de noviembre de  2016 recibió un correo electrónico procedente de COLERA ZOMBI dirigido a una lista  de distribución sin ocultar las direcciones de correo de los destinatarios. Dicho correo lo  recibió tras inscribirse en un acto lúdico organizado por esta entidad. Aporta copia del  correo electrónico recibido. Con fecha 10 de enero de 2017 tiene entrada un nuevo escrito del denunciante  aportando, a requerimiento de la Inspección de Datos, las cabeceras de internet del  correo electrónico recibido. SEGUNDO: A la vista de los hechos denunciados y en fase de actuaciones previas se  tiene conocimiento de los siguientes hechos: 1. Del correo electrónico aportado por el denunciante se desprende que fue  enviado el día 24 de noviembre de 2016 desde la dirección  colerazombi@gmail.com y va dirigido a una lista de 32 direcciones de correo  entre la que se encuentra la del denunciante ***EMAIL.1. El contenido del correo  es relativo a las normas para participar en el evento COLERA ZOMBI indicando  que se puede ampliar la información en la página web www.colerazombi.com.  2. La página web www.colerazombi.com contiene información sobre el evento  COLERA ZOMBI y figura como información de contacto D. A.A.A. con el número  de teléfono ***TELF.1. 3. El dominio colerazombi.com está registrado por una empresa norteamericana y  no consta información pública del cliente titular del mismo. 4. Con fecha 24 de mayo de 2017 tiene entrada un correo electrónico de D. A.A.A.  dando respuesta al requerimiento de información de la Inspección de Datos en el  que manifiesta lo siguiente: 1. Aporta copia de la resolución de alta en el Régimen de Trabajadores  Autónomos de la Tesorería General de la Seguridad Social con fecha 1  de noviembre de 2015, así como del impuesto de la renta de las  personas físicas. 2.  Aporta copia de los datos relativos a D. B.B.B. que consta en sus  ficheros, que incluyen nombre y apellidos, DNI, teléfono y e-mail. 3. Respecto al envío del citado email sin ocultar el correo electrónico del  C/ Jorge Juan, 6 www.agpd.es 28001 – Madrid sedeagpd.gob.es 2/6 afectado, reconocen que por un error podrían haber enviado alguno de  los correos informativos sin ocultar los datos. TERCERO: Con fecha 25 de octubre de 2017, la Directora de la Agencia Española de  Protección de Datos acordó someter a trámite de audiencia previa el presente  procedimiento de apercibimiento A/00383/2017, con arreglo a lo dispuesto en el artículo  45.6 de la de la Ley Orgánica 15/1999, de 13 de diciembre, de Protección de Datos de  Carácter Personal (LOPD), con relación a la denuncia"
00409-2017,2017,https://www.aepd.es/documento/00409-2017.pdf,https://web.archive.org/web/20240626133535id_/https://www.aepd.es/documento/00409-2017.pdf,"1/6 Procedimiento Nº: A/00409/2017 RESOLUCIÓN: R/00021/2018 En el procedimiento A/00409/2017, instruido por la Agencia Española de Protección de Datos al ARZOBISPADO DE D.D.D., vista la denuncia presentada por Doña  A.A.A., y en virtud de los siguientes ANTECEDENTES PRIMERO: Con fecha 26 de mayo de 2017 tiene entrada en esta Agencia una denuncia presentada por Doña  A.A.A. en la que manifiesta lo siguiente: que en fecha 25 de abril de 2016, el Vicario Judicial del Arzobispado de  D.D.D., remitió a su cliente carta, certificada y con acuse de recibo, en la que indicaba: <<D.  B.B.B., Excmo. Y Rvdmo. Sr. Arzobispo de  D.D.D. y Moderador de este Tribunal Eclesiástico, en escrito del día de la fecha, ha denegado de manera cautelar la aprobación solicitada basándose en que “en la actualidad Dª  A.A.A. tiene abierto un proceso penal, en el que está afectada (Decreto de 7 de abril de 2016) y una querella criminal presentada contra la misma ante el Juzgado de Instrucción de D.D.D. que corresponda ( D.D.D., 14 de abril de 2016. Devuélvase la demanda presentada y notifíquese este decreto a Dª  A.A.A. y a D.  C.C.C.>> Continúa la denunciante exponiendo que ni siquiera sabía que habían interpuesto una querella criminal contra ella, siendo su cliente D.  C.C.C. quien se lo dijo ya que recibió la carta antes que ella. Considera que el hacer publica esa información, sin su consentimiento, perjudica su intimidad y sus derechos fundamentales y libertades públicas.  Por último, añade que podía haberse obtenido el mismo resultado indicando que no se admitía de momento ninguna actuación suya en ese foro. SEGUNDO: Consultada la aplicación de la AEPD que gestiona la consulta de antecedentes de sanciones y apercibimientos precedentes, al denunciado/a/ la entidad, no le constan registros previos. TERCERO: Con fecha 24 de noviembre de 2017, la Directora de la Agencia Española de Protección de Datos acordó someter a trámite de audiencia previa el presente procedimiento de apercibimiento A/00409/2017. Dicho acuerdo fue notificado al denunciado. CUARTO: Con fecha 28 de diciembre de 2017, se recibe en esta Agencia escrito del denunciado en el que indica lo siguiente: C/ Jorge Juan, 6 www.agpd.es 28001 – Madrid sedeagpd.gob.es 2/6 1. Que no son ciertos los hechos relatados por la denunciante. 2. La denunciante trabajó en el Arzobispado desde 1999 hasta el 30 de junio de 2015 en que fue despedida. La denunciante hizo pública esta información en una asamblea en el Centro X.X.X. de  D.D.D. y el ***PERIODICO.1 se hizo eco de ello el 18 de abril de 2016. El día 12 de abril de 2016, el Arzobispado de  D.D.D. presenta una querella criminal contra la denunciante por estafa y apropiación indebida. Esta demanda se notificó a la demandante el día 27 de abril de 2016. Al cliente de la denunciante al que se le informó que estaba incursa en una querella se le notificó el día 4 de mayo de 2016, fecha en que la Sra.  A.A.A. ya lo conocía. 3. De estos hechos se infiere que la denunciante falt"
00414-2017,2017,https://www.aepd.es/es/documento/00414-2017.pdf,https://web.archive.org/web/20220307211140id_/https://www.aepd.es/es/documento/00414-2017.pdf,"1/7 Procedimiento Nº: A/00414/2017 RESOLUCIÓN: R/00204/2018 En el procedimiento A/00414/2017, instruido por la Agencia Española de  Protección de Datos a la entidad LESMA AVIATION, S.L., vista la denuncia presentada  por Don  A.A.A. y en virtud de los siguientes, HECHOS PRIMERO: Con fecha 25 de marzo de 2017 tiene entrada en esta Agencia una denuncia  presentada por Don  A.A.A. (en lo sucesivo, el denunciante), en la que manifiesta lo  siguiente: Con fecha 7 de marzo de 2017, la empresa LESMA AVIATION, S.L., envía a la  plantilla de trabajadores un correo electrónico donde les comunica que en día y fecha  determinados deberán subir a la oficina de Recursos Humanos para la realización de un  curso de reciclaje. En el citado correo se informa a los trabajadores de que en la citada  oficina se dispondrá de un ordenador para la realización del curso, con las claves de  acceso al mismo. Al llegar a la oficina comprobaron que la empresa había creado  cuentas en distintos servidores de correo (Gmail, Hotmail y ONO) utilizando el nombre y  apellidos de los trabajadores, todo ello sin autorización de los mismos. Además, el  listado con todas las direcciones de correo y las contraseñas se puso a la vista de todos  los trabajadores, a excepción de las cuentas de los trabajadores supervisores, que  fueron creadas en cuentas de dominio exclusivo de la empresa ***DOMINIO.1) y sin que  aparecieran sus claves de acceso.  Entre otra, el denunciante anexa la siguiente documentación:   Copia del citado listado.  Copia del correo electrónico remitido a los trabajadores para comunicarles el  curso de reciclaje. SEGUNDO: Tras la recepción de la denuncia, la Subdirección General de Inspección de  Datos procedió a la realización de actuaciones previas de investigación para el  esclarecimiento de los hechos denunciados (Informe E/03032/2017), teniendo  conocimiento de los siguientes extremos:  1. Con fecha 19 de septiembre de 2017 se recibe escrito de la entidad LESMA  AVIATION, S.L., en el que se pone de manifiesto que: a. Las personas que constan en el listado remitido a esta Agencia por el  denunciante fueron convocadas a un curso de refresco que debía  hacerse on-line. b. A tal efecto, se elaboran listas de trabajadores del aeropuerto para  informar a los Jefes de Sección con respecto a los trabajadores a su  C/ Jorge Juan, 6 www.agpd.es 28001 – Madrid sedeagpd.gob.es 2/7 cargo para que, a su vez, comunicasen a cada correspondiente  trabajador la fecha y hora en la que debían realizar el curso. c. Igualmente, para que los trabajadores pudieran realizar el curso online,  desde el Departamento de RRHH de la empresa se crearon cuentas de  correo genéricas con las correspondientes contraseñas en los siguientes  dominios: ***C.CORREO.1 ***C.CORREO.2 Es decir, acompañando al nombre de los trabajadores el apelativo  “lesma”. d.  Para la creación de las citadas cuentas de correo se utilizaron nombre y  apellidos de los trabajadores y fecha de nacimiento. e. El citado lista"
00429-2017,2017,https://www.aepd.es/documento/00429-2017.pdf,https://web.archive.org/web/20240701232519id_/https://www.aepd.es/documento/00429-2017.pdf,"1/8 Procedimiento Nº: A/00429/2017 RESOLUCIÓN: R/00049/2018 En el procedimiento A/00429/2017, instruido por la Agencia Española de  Protección de Datos a Don  A.A.A., vistas las denuncias presentadas por Don  D.D.D.,  Don  E.E.E., Don  C.C.C. y Don  B.B.B., y en virtud de los siguientes ANTECEDENTES PRIMERO: Con fechas 30 de marzo de 2017 y 7 de abril de 2017 tienen entrada en esta  Agencia denuncias presentadas por Don  D.D.D., Don  E.E.E., Don  C.C.C. y Don  B.B.B. (en lo sucesivo, los denunciantes), en las que manifiestan lo siguiente: En el mes de agosto de 2016, un grupo de policías locales de ***LOC.2  (Granada) estuvieron trabajando en las fiestas de ***LOC.1 (Granada). Con fecha 8 de  marzo de 2017, el denunciado, Don  A.A.A., Secretario General del Partido  ***PARTIDO.1 de la localidad de ***LOC.1, publicó en su página de Facebook los datos  personales de todos los policías que prestaron el citado servicio. En dicha publicación  aparecía el número de identificación profesional, nombres completos, DNI, número de  horas trabajadas y retribución. Entre otra, anexan la siguiente documentación: - Copia del citado listado con el membrete del Ayuntamiento de ***LOC.2, con el  literal: CONVENIO POLICIAL ***LOC.2-***LOC.1. Al parecer, la publicación es  una fotografía realizada al listado que obraba en la mesa de la ***CARGO.1, tal  como figura en el comentario realizado por ésta en Facebook. - Copia de varios comentarios a la publicación, incluido el de la ***CARGO.1. SEGUNDO: Tras la recepción de las denuncias, la Subdirección General de Inspección  de Datos procedió a la realización de  actuaciones previas de investigación para el  esclarecimiento de los hechos denunciados (Informe E/03035/2017), teniendo  conocimiento de los siguientes extremos: 1. Con fecha 18 de julio de 2017, se recibe escrito del Ayuntamiento de ***LOC.1,  en el que informa de lo siguiente: las personas que tuvieron acceso al citado  listado en el Ayuntamiento de ***LOC.1 fueron los miembros del equipo de  gobierno local y el personal del Ayuntamiento. Así mismo, aporta el domicilio del  denunciado. 2. Con fecha 21 de septiembre de 2017, se recibe escrito del denunciado, en el que  pone de manifiesto que: a. La imagen que publicó en su Facebook le llegó mediante whatsapp, dado  que la imagen con la retribución de los agentes en virtud de un convenio  C/ Jorge Juan, 6 www.agpd.es 28001 – Madrid sedeagpd.gob.es 2/8 con el Ayuntamiento de ***LOC.1 discurría en aquellos días por mensaje  de whatsapp entre los vecinos del municipio, ya que supuso un  escándalo entre los éstos que la ***CARGO.1 suscribiera un convenio de  colaboración con el Ayuntamiento de ***LOC.2 para que, además de los  policías locales de la localidad, prestaran servicio los del Ayuntamiento  de ***LOC.2.   b. La imagen la publicó de forma automática e inconsciente en su red social  Facebook, al objeto de compartir una información que consideró  relevante en ese momento, sin percatarse de que, además de la"
00430-2017,2017,https://www.aepd.es/documento/00430-2017.pdf,https://web.archive.org/web/20240627030621id_/https://www.aepd.es/documento/00430-2017.pdf,"1/6 Procedimiento Nº: A/00430/2017 RESOLUCIÓN: R/00147/2018 En el procedimiento A/00430/2017, instruido por la Agencia Española de  Protección de Datos a la entidad GRUPO BEKINSA, S.L., vistas las denuncias  presentadas por Doña  A.A.A., Doña  B.B.B., Don  D.D.D. y Don  C.C.C. y en virtud de  los siguientes, ANTECEDENTES PRIMERO: Con fechas 2, 4 y 20 de junio de 2017 tienen entrada en esta Agencia  denuncias presentadas por Doña  A.A.A., Doña  B.B.B., Don  D.D.D. y Don  C.C.C. (en  lo sucesivo, los denunciantes), en las que manifiestan que el día 31 de mayo de 2017  recibieron un correo electrónico de la cuenta ***EMAIL.1 en el que se incluía un  archivo adjunto en formato Excel con datos personales (nombre, NIF, teléfono, dirección,  e-mail, estado del alquiler y fecha de entrega de las llaves) de todos los vecinos de la 2ª  fase del ***DIRECCION.1  (239 viviendas). Afirman que dicho correo electrónico le ha  llegado al resto de vecinos, tras haberlo contrastarlo con todos ellos. Aportan copia del citado correo y copia del archivo adjunto, así como copia del  correo electrónico en el que GRUPO BEKINSA, S.L. admite haber adjuntado dicho  archivo Excel por error.   SEGUNDO: Consultada el 22 de noviembre de 2017 la aplicación de la AEPD que  gestiona la consulta de antecedentes de sanciones y apercibimientos precedentes, a la  entidad denunciada GRUPO BEKINSA, S.L., no le constan registros previos. TERCERO: Con fecha 30 de noviembre de 2017, la Directora de la Agencia Española  de Protección de Datos acordó someter a trámite de audiencia previa el presente  procedimiento de apercibimiento A/00430/2017. Dicho acuerdo fue notificado al  denunciado. CUAR    TO    : Con fecha 19 de enero de 2018 tiene entrada en esta Agencia escrito de la  entidad denunciada en el que pone de manifiesto que la remisión del archivo con datos  de carácter personal objeto del presente procedimiento se realizó de forma involuntaria  por una empleada. Dicho archivo se adjuntó a un correo electrónico cuya finalidad era  informar a los clientes de una circular confeccionada por la administradora de la  comunidad de propietarios y cuyo contenido nada tenía que ver con el mismo.  Afirma  que se enviaron, el mismo día y a la misma hora, dos correos electrónicos con la misma  circular informativa, a dos grupos diferentes de clientes, estando adjuntado el citado  archivo únicamente en el primero de ellos.  C/ Jorge Juan, 6 www.agpd.es 28001 – Madrid sedeagpd.gob.es 2/6 HECHOS PROBADOS PRIMERO: El día 31 de mayo de 2017 varios vecinos de la 2ª fase del ***DIRECCION.1  (239 viviendas) recibieron un correo electrónico de la cuenta ***EMAIL.1 en el que se  incluía un archivo adjunto en formato Excel con datos de carácter personal (nombre,  NIF, teléfono, dirección, e-mail, estado del alquiler y fecha de entrega de las llaves) de  todos ellos.  SEGUNDO: Ese mismo día, la entidad denunciada, GRUPO BEKINSA, S.L., envió un  correo electrónico alertando del error en el envío del archivo ad"
00433-2017,2017,https://www.aepd.es/es/documento/00433-2017.pdf,https://web.archive.org/web/20220307211041id_/https://www.aepd.es/es/documento/00433-2017.pdf,"1/9 Procedimiento Nº: A/00433/2017 RESOLUCIÓN: R/00013/2018 En el procedimiento A/00433/2017, instruido por la Agencia Española de  Protección de Datos ante Don A.A.A., vista la denuncia presentada por Don B.B.B. y en  virtud de los siguientes ANTECEDENTES PRIMERO: Con fecha 21 de junio de 2017 tiene entrada en esta Agencia una denuncia  presentada por Don B.B.B. (en lo sucesivo, el denunciante), en la que manifiesta lo  siguiente: Con fecha 18 de mayo de 2017 se encontraba en la pasarela ***NOMBRE.2  trabajando como maquillador. Allí, el denunciado, Don A.A.A., le comentó que estaba  realizando un reportaje sobre dicha pasarela y le preguntó si podía hacerle una  fotografía. El denunciante le dijo que sí, creyendo que la utilizaría para el reportaje sobre  la pasarela.  Con fecha DD/MM/AA, en el periódico ***DIARIO.1 apareció la fotografía que le  fue realizada, pero en el marco de un publirreportaje de una clínica de tratamientos  estéticos capilares, Clínica ***NOMBRE.1.  Aporta copia del citado reportaje. SEGUNDO: Consultada el 30 de noviembre de 2017 la aplicación de la AEPD que  gestiona la consulta de antecedentes de sanciones y apercibimientos precedentes, al  denunciado, Don A.A.A., no le constan registros previos. TERCERO: Con fecha 7 de diciembre de 2017 la Directora de la Agencia Española de  Protección de Datos acordó someter a trámite de audiencia previa el presente  procedimiento de apercibimiento A/00433/2017. Dicho acuerdo fue notificado al  denunciado. CUARTO: Con fecha 29 de diciembre de 2017 se recibe en esta Agencia escrito del  denunciado, en el que alega que a la publicación en el ***DIARIO.1 de la fotografía  objeto de la presente denuncia no le resulta de aplicación la normativa de protección de  datos y que, en todo caso, se trataría de uno de los supuestos excepcionales de  legitimación previstos en los artículos 3, 5 y 6 de la Ley de protección de datos. Afirma  que la publicación de la fotografía fue realizada con el expreso consentimiento del  afectado, siendo su difusión manifestación del derecho a informar contemplado en el  artículo 24 de la Constitución. Así mismo, informa de que ha solicitado al ***DIARIO.1 la  C/ Jorge Juan, 6 www.agpd.es 28001 – Madrid sedeagpd.gob.es 2/9 supresión de la difusión de dicha fotografía de la edición digital, a lo que dicho medio ha  accedido.  QUINTO: Con fecha 5 de enero de 2018 figura Diligencia en la que se hace constar que  en esa fecha se obtiene, a través de Internet, copia impresa, que se adjunta, del  reportaje relativo a los tratamientos capilares de la Clínica ***NOMBRE.1 en la edición  digital del ***DIARIO.1, en el que no figura la fotografía objeto de la denuncia. HECHOS PROBADOS PRIMERO: Con fecha 18 de mayo de 2017, Don A.A.A. realizó una fotografía a Don  B.B.B. mientras éste se encontraba en la pasarela ***NOMBRE.2 trabajando como  maquillador, con su consentimiento para ser publicada como parte de un reportaje sobre  dicha pasarela. SEGUNDO: Con fecha DD/MM/AA, "
00434-2017,2017,http://www.aepd.es/es/documento/00434-2017.pdf,https://web.archive.org/web/20230527062705id_/http://www.aepd.es/es/documento/00434-2017.pdf,"1/7 Procedimiento Nº: A/00434/2017 RESOLUCIÓN: R/00076/2018 En el procedimiento A/00434/2017, instruido por la Agencia Española de  Protección de Datos a la entidad AVALMADRID S.G.R., vista la denuncia presentada  por Don  B.B.B. y Don  A.A.A., representados por Don  C.C.C. y en virtud de los  siguientes, ANTECEDENTES PRIMERO: Con fecha 20 de junio de 2017 tiene entrada en esta Agencia una denuncia  presentada por Don  B.B.B. y Don  A.A.A. (en lo sucesivo, los denunciantes) en la que  manifiestan lo siguiente: Con fecha 6 de junio de 2017, la presidenta de la mesa electoral constituida para  las elecciones sindicales de la empresa AVALMADRID, S.G.R., remitió un correo  electrónico a todos los empleados en el que se adjuntaba un fichero que contenía datos  de carácter personal de los mismos (NIF, fecha de nacimiento, salario bruto anual,  beneficios por cuatrienios, salarios en especie, antigüedad y clasificación profesional,  entre otros). Según manifiestan, ese correo electrónico fue enviado siguiendo  instrucciones de la responsable del departamento de Recursos Humanos de la empresa.  Ese mismo día, dicho departamento envió un correo advirtiendo el error y pidiendo  disculpas. Aportan copia de los citados correos electrónicos, copia del fichero con los datos  de carácter personal de los trabajadores y copia del acta de constitución de la mesa  electoral. SEGUNDO: Consultada el 27 de noviembre de 2017 la aplicación de la AEPD que  gestiona la consulta de antecedentes de sanciones y apercibimientos precedentes, a la  entidad denunciada, AVALMADRID, S.G.R., no le constan registros previos. TERCERO: Con fecha 7 de diciembre de 2017, la Directora de la Agencia Española de  Protección de Datos acordó someter a trámite de audiencia previa el presente  procedimiento de apercibimiento A/00434/2017. Dicho acuerdo fue notificado a la  entidad denunciada. CUAR    TO    : Con fecha 11 de enero de 2018 se recibe en esta Agencia escrito de la  entidad denunciada en la que manifiesta que en el presente caso concurren los  requisitos del artículo 45.6 de la LOPD, por lo que debe procederse al archivo del  presente procedimiento. Así mismo, se afirma que no existió intención alguna de  vulnerar el deber de guardar secreto ni mucho menos divulgar información confidencial,  C/ Jorge Juan, 6 www.agpd.es 28001 – Madrid sedeagpd.gob.es 2/7 habiéndose enviado el archivo objeto de este procedimiento por error y en el marco de  un proceso electoral en el que, en virtud de los artículos 71 y 74 del Estatuto de los  Trabajadores, debía remitirse a los trabajadores el censo electoral de la empresa.  Adicionalmente, alega que en dicho documento se incluyó a todos los trabajadores, no  solo a los denunciantes, sino también a los directores y al resto de categorías, lo que  demuestra la falta de intencionalidad. Añade que la empresa reaccionó de manera  inmediata admitiendo el error, pidiendo disculpas y solicitando a los empleados que  procedieran a destruir el archivo, y qu"
00441-2017,2017,https://www.aepd.es/documento/00441-2017.pdf,https://web.archive.org/web/20240704063029id_/https://www.aepd.es/documento/00441-2017.pdf,"1/8 Procedimiento Nº: A/00441/2017 RESOLUCIÓN: R/00097/2018 En el procedimiento A/00441/2017, instruido por la Agencia Española de Protección de  Datos en virtud de denuncia de D.  B.B.B. y en base a los siguientes,  ANTECEDENTES PRIMERO: Con fecha 11 de octubre de 2017 tiene entrada en esta Agencia escrito de  D.  B.B.B. (en lo sucesivo el denunciante) comunicando una posible infracción a la Ley  Orgánica 15/1999, de 13 de diciembre, de Protección de Datos de Carácter Personal  (LOPD), motivada por la instalación de un sistema de videovigilancia en la  ***DIRECCIÓN.1, en la sede de la mercantil con denominación comercial STELLVEST y  cuyo responsable es la entidad ASESORIA E-CONSULTEA Y SOFTWARE, S.L. (en  adelante el denunciado). El denunciante manifiesta que en la dirección anteriormente citada se encuentra la sede  de STELLVEST y de la empresa AUDIDAT para la que trabaja. El denunciado ha  instalado una cámara dentro de las instalaciones que capta espacios comunes de  ambas empresas, ya que comparten espacio de trabajo, sin el consentimiento de la  entidad THREE COMPLIANCE, S.L. (a la que pertenece AUDIDAT). Aporta fotografías  de la cámara. SEGUNDO: Ambas empresas pertenecen a entidades diferentes: STELLVEST es la  denominación comercial de ASESORIA E-CONSULTEA Y SOFTWARE, S.L. con CIF nº:  ***CIF.1; mientras que AUDIDAT pertenece a THREE COMPLIANCE, S.L. con CIF nº:  ***CIF.2. Ambas empresas comparten espacio de trabajo en la misma sede con zonas  comunes y de paso. El denunciante señala que la cámara está orientada hacia las escaleras de subida a la  primera planta que utilizan ambas empresas y al pasillo central por el que se accede a la  zona del fondo que es el único paso para ambas empresas. La cámara también se  orienta hacia varias mesas que ocupan empleadas de administración de ambas  empresas. El denunciado no ha solicitado el consentimiento de la otra empresa con la  que comparte espacio de trabajo, a pesar de que la cámara está grabando a  trabajadores y clientes de esta empresa. En las fotografías de la cámara se aprecia que hay dos carteles al lado de la misma que  avisan de la existencia de una zona videovigilada. El denunciante señala que no hay  carteles antes de entran en las oficinas y que le han solicitado a la entidad denunciada la  retirada de la cámara sin éxito. El 29 de octubre de 2017 se personó la Guardia Civil para inspeccionar la cámara  denunciada. El 13 de noviembre de 2017, otro de los trabajadores de la empresa AUDIDAT presenta  denuncia ante la Guardia Civil por los hechos aquí descritos. C/ Jorge Juan, 6 www.agpd.es 28001 – Madrid sedeagpd.gob.es 2/8 TERCERO. Con fecha 14 de diciembre de 2017, la Directora de la Agencia Española de  Protección de Datos acordó otorgar audiencia previa al procedimiento de apercibimiento  a la entidad denunciada, por presunta infracción del artículo 6.1 de la LOPD, tipificada  como grave en el artículo 44.3.b) de dicha norma.  CUARTO: En fecha 15 de diciembre de 2017, se notif"
00443-2017,2017,https://www.aepd.es/es/documento/00443-2017.pdf,https://web.archive.org/web/20220307210848id_/https://www.aepd.es/es/documento/00443-2017.pdf,"1/6 Procedimiento Nº A/00443/2017 RESOLUCIÓN:  En el procedimiento A/00443/2017, instruido por la Agencia Española de Protección de Datos en relación con D.  C.C.C., vista la denuncia presentada y con base en los siguientes, ANTECEDENTES PRIMERO: Con fecha 20/10/17 tiene entrada en esta Agencia escrito de  B.B.B. (en adelante el denunciante) comunicando posible infracción a la Ley Orgánica 15/1999, de 13 de diciembre, motivada por cámaras de videovigilancia cuyo titular es D.  C.C.C. (en adelante el denunciado) instaladas en su vivienda y enfocado hacia vía pública y hacía áreas y espacios ajenos a los del denunciado. En concreto, denuncia que en la fachada de la vivienda se han instalado cámaras de videovigilancia, que por su direccionalidad y su ángulo de visión, pueden estar captando el patio del colegio, además de la vía pública. Adjunta: reportaje fotográfico en el que se observan las cámaras instaladas. Dichas fotos están tomadas desde el patio del colegio deduciéndose, salvo prueba en contrario, que captan el mismo. SEGUNDO: A la vista de los hechos denunciados, la Inspección de Datos de esta Agencia Española de Protección de Datos considera que el tratamiento de los datos personales que se realiza por el denunciado a través de las cámaras a las que se refiere la denuncia no cumple las condiciones que impone la normativa sobre protección de datos. TERCERO: Con fecha de 18/01/18 la Directora de la Agencia Española de Protección de Datos acordó otorgar audiencia previa al procedimiento de apercibimiento a D. C.C.C. por presunta infracción del artículo 6.1 de la LOPD, tipificada como grave en el artículo 44.3.b) de dicha norma. CUARTO    : Por parte del denunciado se ha remitido, con fecha 3/4/18, escrito de alegaciones manifestando, en síntesis, lo siguiente: 1- Que efectivamente, y por motivos de seguridad, se ha instalado un sistema de videovigilancia en su vivienda sita en  A.A.A.. 2- Que el sistema ha sido instalado y es mantenido técnicamente por una empresa de seguridad autorizada Alarmas Murcia (DGP nº 3487) con la encomienda que no afectara a los espacios públicos. 3- Que las cámaras no son robotizadas y no tienen posibilidad de zoom. Captándose únicamente áreas privativas. Que no obstante solicitó a la empresa instaladora que ajustara las cámaras un poco más. Se adjuntan fotografías del área captada por cada  una de las cámaras instaladas. C/ Jorge Juan, 6 www.agpd.es 28001 – Madrid sedeagpd.gob.es 2/6 FUNDAMENTOS DE DERECHO I Es competente para resolver este procedimiento la Directora de la Agencia Española de Protección de Datos, de conformidad con lo dispuesto en el artículo 37. g) en relación con el artículo 36 de la LOPD. II Antes de entrar en el análisis de la cuestión que aquí nos ocupa, conviene hacer hincapié en los requisitos que debe cumplir un sistema de videovigilancia. Así pues hay que tener en cuenta lo siguiente: * Respetar el principio de proporcionalidad. * Las videocámaras no podrán captar imágenes de las personas"
00448-2017,2017,https://www.aepd.es/es/documento/00448-2017.pdf,https://web.archive.org/web/20220307211605id_/https://www.aepd.es/es/documento/00448-2017.pdf,"1/8 Procedimiento Nº: A/00448/2017 RESOLUCIÓN: R/00478/2018 En el procedimiento A/00448/2017, instruido por la Agencia Española de Protección de Datos a la entidad SAGE SPAIN, S.L., vista la denuncia presentada por ASSESSORS FINANCIERS CASTELLAR XXI, S.L.L., y en virtud de los siguientes, ANTECEDENTES PRIMERO: Con fecha 21 de marzo de 2017 tiene entrada en esta Agencia una denuncia presentada por ASSESSORS FINANCIERS CASTELLAR XXI, S.L.L., (en lo sucesivo, la entidad denunciante), en la que manifiesta lo siguiente: Con fecha 26 de noviembre de 2015, la entidad denunciante suscribió tres contratos de prestación de servicios de compra, mantenimiento, asistencia técnica de software y servicios telemáticos con la empresa denunciada, SAGE SPAIN, S.L. Con fecha 7 de noviembre de 2016, la empresa denunciada, en la realización de pruebas de desarrollo de un nuevo programa, hizo uso sin autorización expresa de la entidad denunciante de todos los datos personales de los trabajadores de un cliente importante de la misma (MOBA ISE MOBILE AUTOMATION, S.L.). Desde una dirección electrónica de la entidad denunciante, realizó un envío masivo de e-mails destinados a todos los trabajadores del cliente con documentos adjuntos, consistentes en certificados de retenciones del trabajo y modelos 145 que, además, contenían datos absolutamente incorrectos. Con fecha 8 de noviembre de 2016, se informó de dicha incidencia a la denunciada por e-mail, no habiendo recibido respuesta hasta la fecha en la que se presenta la denuncia.  Con fecha 3 de mayo de 2017, la entidad denunciante remite a esta Agencia copia de varios correos recibidos por los trabajadores de la empresa de su cliente, así como diferentes correos que se han cruzado entre ambas empresas referentes a los hechos denunciados. Anexa, entre otra, la siguiente documentación:  Copia de dos correos con documentación de trabajadores de la empresa MOBA ISE MOBILE AUTOMATION, S.L.  Copia de varios correos intercambiados entre la empresa denunciante y la denunciada, con relación a los hechos denunciados.  Copia del contrato con la empresa MOBA ISE MOBILE AUTOMATION, S.L., donde se autoriza el acceso a datos por cuenta de terceros.  Copia de los contratos de prestación de servicio con la denunciada. C/ Jorge Juan, 6 www.agpd.es 28001 – Madrid sedeagpd.gob.es 2/8 SEGUNDO: Tras la recepción de la denuncia, la Subdirección General de Inspección de Datos procedió a la realización de actuaciones previas de investigación para el esclarecimiento de los hechos denunciados (Informe E/02229/2017), teniendo conocimiento de los siguientes extremos: Con fecha 26 de septiembre de 2017, se recibe en esta Agencia escrito de la empresa SAGE SPAIN, S.L., en el que se pone de manifiesto que: 1. La entidad denunciante otorgó consentimiento para el acceso a datos de terceros y su tratamiento, mediante los contratos de fechas 19 de noviembre de 2015 y 26 de noviembre de 2015, los cuales se adjuntan, y donde consta en su cláusula novena to"
00463-2017,2017,https://www.aepd.es/es/documento/00463-2017.pdf,https://web.archive.org/web/20220307210938id_/https://www.aepd.es/es/documento/00463-2017.pdf,"1/5 RESOLUCIÓN: R/00323/2018 En el procedimiento A/00463/2017, instruido por la Agencia Española de Protección de Datos a la entidad PARADORES DE TURISMO DE ESPAÑA, S.M.E., S.A., vista la denuncia presentada por D.  A.A.A. y en virtud de los siguientes, ANTECEDENTES PRIMERO: Con fecha 27/06/2017 tiene entrada en esta Agencia denuncia presentada por D.  A.A.A. (en lo sucesivo, el denunciante), en la que manifiesta haber recibido de PARADORES DE TURISMO DE ESPAÑA, S.M.E., S.A. (en lo sucesivo el denunciado) una comunicación publicitaria para una cena teatralizada el 24 de junio de 2017 en el Parador de A.A.A., por correo electrónico sin copia oculta, dirigido a 53 destinatarios.  SEGUNDO: Con fecha 29/06/2017 se consulta la dirección de correo electrónico del denunciante en el buscar Google no obteniendo ningún resultado. TERCERO: Consultada el 11/01/2018 la aplicación de la AEPD que gestiona la consulta de antecedentes de sanciones y apercibimientos precedentes, al denunciado, no le constan registros previos. CUARTO: Con fecha 17 de enero de 2018, la Directora de la Agencia Española de Protección de Datos acordó someter a trámite de audiencia previa el presente procedimiento de apercibimiento A/00463/2017 de conformidad con lo establecido en el artículo 45.6 de la Ley Orgánica 15/1999, de 13 de diciembre, de Protección de Datos de Carácter Personal (LOPD), por presunta infracción del art. 10, tipificada como grave en el art. 44.3.d). Dicho acuerdo fue notificado al denunciado. QUINTO: Con fecha 13/02/2018 se recibe en esta Agencia escrito del denunciado en el que comunica: <<…Sin embargo, como consecuencia de un lamentable y desafortunado error, el referido correo electrónico fue remitido consignando en copia abierta a la totalidad de destinatarios del mismo. Consciente el empleado remitente de la equivocación incurrida, de forma casi simultánea a su envió, procedió intentar a recuperar dicho mensaje, por el mecanismo de la aplicación de correo electrónico a tal efecto, sin que dicha recuperación tuviera éxito para el concreto caso del Sr.  A.A.A. (…) Adicionalmente por parte de PARADORES DE TURISMO DE ESPAÑA. S.M.E., S.A. se han llevado a cabo distintas medidas correctoras, a los efectos de que no vuelvan a repetirse en un futuro los hechos en que se fundamenta el presente trámite de audiencia previa notificado. C/ Jorge Juan, 6 www.agpd.es 28001 – Madrid sedeagpd.gob.es 2/5 Así las cosas, en los días inmediatamente posteriores, se remitió por parte del que suscribe correo electrónico, a modo de recordatorio, al respecto de las medidas que han de adoptarse en el envío de comunicaciones electrónicas a varios destinatarios, a los efectos de proteger la debida intimidad y secreto del que han de gozar las direcciones de correo electrónico de clientes, como sus propias comunicaciones, y cumplir así fiel y rigurosamente con lo establecido en la Ley Orgánica 15/1999, de 13 de diciembre, de Protección de Datos de Carácter Personal…>> HECHOS PROBADOS PRIM"
00464-2017,2017,https://www.aepd.es/es/documento/00464-2017.pdf,https://web.archive.org/web/20220307211216id_/https://www.aepd.es/es/documento/00464-2017.pdf,"1/5 Procedimiento Nº A/00464/2017 RESOLUCIÓN  En el procedimiento A/00464/2017, instruido por la Agencia Española de Protección de Datos en relación con Dª  B.B.B., vista la denuncia presentada y con base en los siguientes: ANTECEDENTES PRIMERO: Con fecha 23/3/17 tiene entrada en esta Agencia escrito de D.  G.G.G. (en adelante el denunciante) comunicando posible infracción a la Ley Orgánica 15/1999 motivada por una cámaras de videovigilancia cuyo titular es Dª  B.B.B. (en adelante la denunciada) instalada en la plaza número 1 del garaje comunitario orientada hacia su propia plaza y zonas comunes. El denunciante manifiesta ser propietario de la plaza de garaje contigua a la de la denunciado y que la cámara instalada capta su plaza. Adjunta: reportaje fotográfico SEGUNDO: Por parte del Subdirector General de Inspección de Datos, en base al contenido de la denuncia, se procedió a la apertura de actuaciones previas con referencia E/02236/2017. Concluyéndose la investigación con el informe siguiente de la Inspección de Datos de fecha 19/12/17. <<<< Con fecha 5 de julio de 2017 se solicita información a la  COMUNIDAD PROPIETARIOS URBANIZACION (C/...1) teniendo entrada en esta Agencia con fecha 2 de agosto de 2017 escrito de respuesta en el que manifiestan que la cámara denunciada está instalada en la plaza de garaje número 1 perteneciente a la vivienda  H.H.H.. La cámara ha sido instalada por la propietaria. La Comunidad de propietarios no ha autorizado la instalación de la cámara ya que desconocía su existencia. Con fecha 24 de agosto de 2017 se solicita información a  B.B.B. teniendo entrada en esta Agencia con fecha 21 de septiembre de 2017 escrito de la misma en el que manifiesta: - Respecto de las causas de la instalación son que de forma reiterada en la plaza su garaje se han venido produciendo daños materiales en el vehículo de su propiedad, y a fin de poder identificar a la persona responsable de los mismos, es lo que ha motivado la instalación de una cámara de video vigilancia sobre la plaza de garaje y vehículo estacionado. - Aporta copia del Acta de la Junta General Extraordinaria de fecha 12 de septiembre de 2017 con el único orden del día “Autorización a la propietaria del I.I.I. y plaza de garaje 1, para la permanencia de la cámara de videovigilancia que enfoque su vehículo.” Todos los propietarios presentes por unanimidad dan su conformidad y autorizan la continuidad de la instalación. - Aporta un documento de consentimiento de los comunitarios para la instalación de la cámara suscrito, no constando en el mismo el denunciante. - Aporta fotografía del cartel donde se indica la existencia de cámara de video vigilancia, con identificación de la persona responsable. - Aporta fotografías de la cámara instalada y de la visión de la misma de lo que se C/ Jorge Juan, 6 www.agpd.es 28001 – Madrid sedeagpd.gob.es 2/5 desprende que la cámara capta su plaza de garaje y parte de la plaza de garaje contigua. - Solo la denunciada, tiene acceso al siste"
00469-2017,2017,https://www.aepd.es/documento/00469-2017.pdf,https://web.archive.org/web/20240630025352id_/https://www.aepd.es/documento/00469-2017.pdf,"1/11 Procedimiento Nº: A/00469/2017 RESOLUCIÓN: R/00293/2018 En el procedimiento A/00469/2017, instruido por la Agencia Española de Protección de Datos a la entidad ***ESCUELA.1, vista la denuncia presentada por Don A.A.A., y en virtud de los siguientes, ANTECEDENTES PRIMERO: Con fecha  2 de julio de 2017 tiene entrada en esta Agencia una denuncia presentada Don  A.A.A. (en lo sucesivo, el denunciante), en la que manifiesta lo siguiente: 1. Con fecha 19 de julio de 2016 solicitó, mediante burofax, la cancelación de los datos de carácter personal relativos a su hijo, menor de edad, a su mujer y a sí mismo ante la escuela de la que su hijo es exalumno, ***ESCUELA.1.   2. Con fecha 27 de julio de 2016 recibió, también mediante burofax, respuesta de la escuela, en la que se le comunicaba que su petición había sido atendida.  3. No obstante lo cual, pasado cierto tiempo, observa que en el perfil de la red social Facebook de la escuela siguen apareciendo fotografías suyas, de su mujer y de su hijo.  Aporta copia de los citados burofaxes y enlaces a las fotografías colgadas en el perfil de Facebook de la ***ESCUELA.1. SEGUNDO: Con fecha 3 de julio de 2017 figura Diligencia de Inspección en la que se hace constar que en esa fecha se obtiene, a través de Internet, copia impresa, que se adjunta, de las fotografías referenciadas por el denunciante que aparecen en el perfil de Facebook de la ***ESCUELA.1. TERCERO: Consultada el 3 de enero de 2018 la aplicación de la AEPD que gestiona la consulta de antecedentes de sanciones y apercibimientos precedentes, a la entidad denunciada no le constan registros previos. CUARTO: Con fecha 10 de enero de 2018, la Directora de la Agencia Española de Protección de Datos acordó someter a trámite de audiencia previa el presente procedimiento de apercibimiento A/00469/2017. Dicho acuerdo fue notificado a la entidad denunciada. C/ Jorge Juan, 6 www.agpd.es 28001 – Madrid sedeagpd.gob.es 2/11 QUINTO: Con fecha 12 de febrero de 2018 se recibe en esta Agencia escrito de la entidad denunciada en el que manifiesta que, en la fecha en la que se recibió la solicitud de cancelación de los datos del alumno por parte del denunciante, la entonces responsable del área de fotografías en web y redes sociales de la escuela procedió a eliminarlas. Además, afirma que también se procedió a la cancelación en la revista “***REVISTA.1” y a la cancelación de las fotografías en la web por el proveedor de servicios informáticos. Manifiesta que, hasta la fecha en que se les ha notificado la existencia de las imágenes objeto de este procedimiento en Facebook, no tenían constancia de las mismas, dado el volumen de imágenes allí acumuladas y dado que la mencionada persona encargada del tratamiento de datos en redes sociales, que ha causado baja en la empresa, había confirmado su eliminación. Afirma que han procedido a la total eliminación de las imágenes denunciadas y que, además, han establecido como criterio interno y de prevención el de solamente ten"
00470-2017,2017,https://www.aepd.es/es/documento/00470-2017.pdf,https://web.archive.org/web/20220307211709id_/https://www.aepd.es/es/documento/00470-2017.pdf,"1/13 Procedimiento Nº: A/00470/2017 RESOLUCIÓN: R/00272/2018 En el procedimiento A/00470/2017, instruido por la Agencia Española de  Protección de Datos a la entidad COMPAÑIA GENERAL DE CONSTRUCCION  ABALDO, S.A., vista la denuncia presentada por Don  D.D.D. y en virtud de los  siguientes, ANTECEDENTES PRIMERO: Con fecha 29 de mayo de 2017 tiene entrada en esta Agencia una denuncia  presentada por Don  D.D.D. (en lo sucesivo, el denunciante), en la que manifiesta lo  siguiente: Que caminando el 29 de mayo de 2017 cerca de las 9 horas por el cruce de  Avenida Real de Merinas con la Avenida de la Hispanidad, calles sitas en la ciudad de  Madrid, encontró en la vía pública abundante cantidad de documentación esparcida por  el suelo.  El contenido de los mismos está relacionado con construcciones y reformas  aeroportuarias del Aeropuerto Adolfo Suárez, de Madrid-Barajas, apareciendo  frecuentemente el nombre del organismo Aeropuertos Españoles y Navegación Aérea  (AENA) y empresas subcontratadas para la ejecución de los contratos (COMPAÑIA  GENERAL DE CONSTRUCCION ABALDO, S.A.) En muchos de los papeles observó datos de carácter personal, por lo cual  recogió una muestra para adjuntarla en la presente denuncia ante la AEPD. El denunciante aporta la siguiente documentación:  Cuatro fotografías de la vía pública donde se pueden observar los documentos  esparcidos por la acera y la calzada de la calle, así como los edificios  colindantes.   Muestra de la documentación encontrada, entre la cual se pueden encontrar,  entremezclados con otra documentación de carácter estrictamente técnico, los  siguientes documentos con datos personales: o Lista de autorizaciones de entrada de trabajadores a las instalaciones  aeroportuarias, con mención de nombres, apellidos, DNI y fechas de  inicio y fin. o Listas de autorizaciones de entrada de vehículos a las instalaciones  aeroportuarias, con mención de números de matrícula y fechas de inicio y  fin. o Permisos de conducción en plataforma: datos de nombre, apellidos, DNI  y fotocopia de su Documento de Identificación.   o Actas de reunión: nombre y apellidos de asistentes, organismo o  empresa que representan. C/ Jorge Juan, 6 www.agpd.es 28001 – Madrid sedeagpd.gob.es 2/13 o Solicitudes de acreditación de personal para el desarrollo de sus  funciones en el Aeropuerto Adolfo Suárez-Madrid Barajas: datos  personales básicos (nombres, apellidos, fecha de nacimiento, datos de  filiación, domicilio); fotocopia de DNI, certificados de formación, con  nombres y apellidos de formador y alumno. Correos electrónicos donde  se adjuntan dichas solicitudes y material que las acompañan. o Solicitudes de autorización de acceso de vehículos: números de  matrículas, nombres y apellidos del responsable de la petición. o Modelos 145 de dos trabajadores, pero solo se encuentra cumplimentado  su DNI, nombre y apellidos. o Una multa de tráfico de un jefe de obra, con mención de sus datos  personales básicos, datos de su vehículo, precept"
00471-2017,2017,https://www.aepd.es/es/documento/00471-2017.pdf,https://web.archive.org/web/20220302145321id_/https://www.aepd.es/es/documento/00471-2017.pdf,"1/8 Procedimiento Nº: A/00471/2017 RESOLUCIÓN: R/00430/2018 En el procedimiento A/00471/2017, instruido por la Agencia Española de Protección de Datos a la entidad ATALAYAS SERVICIOS RÁPIDOS, S.L.U., vista la denuncia presentada por Don A.A.A. y en virtud de los siguientes,  ANTECEDENTES PRIMERO: Con fecha  7 de junio de 2017 tiene entrada en esta Agencia una denuncia remitida por la Dirección General de Comercio, Consumo y Simplificación administrativa de la Región de ***LOC.1 (Consejería de Empleo, Universidades y Empresa), presentada ante la misma por Don A.A.A. (en lo sucesivo, el denunciante), en la que manifiesta lo siguiente: El día 3 de mayo de 2017 vio publicado en la red social Facebook un anuncio publicitario de un evento de McDonalds ***LOC.1, que se iba a celebrar el 4 de mayo, con motivo del día de la madre. Este anuncio incluía una fotografía en la que aparecía su hija, menor de catorce años. Dicha fotografía se publicó sin su consentimiento, pues ni siquiera tenían noticias de su existencia. Aporta copia del mencionado anuncio. SEGUNDO: Con fecha 13 de junio de 2017 figura Diligencia de Inspección para hacer constar que se ha obtenido copia, a través de Internet, del evento correspondiente al anuncio publicitario objeto de este procedimiento, en el que no aparece la fotografía.  TERCERO: Consultada el 31 de enero de 2018 la aplicación de la AEPD que gestiona la consulta de antecedentes de sanciones y apercibimientos precedentes, a la entidad denunciada no le constan registros previos. CUARTO: Con fecha 12 de febrero de 2018 la Directora de la Agencia Española de Protección de Datos acordó someter a trámite de audiencia previa el presente procedimiento de apercibimiento A/00471/2017. Dicho acuerdo fue notificado a la entidad denunciada. QUINTO: Con fecha 27 de febrero de 2018 se recibe en esta Agencia escrito de la entidad denunciada, en el que comunica lo siguiente: 1. La imagen objeto de la presente denuncia fue publicada en la red social Facebook el día 3 de mayo de 2017 con el fin de comunicar una actividad gratuita en el restaurante. C/ Jorge Juan, 6 www.agpd.es 28001 – Madrid sedeagpd.gob.es 2/8 2. El día 4 de mayo de 2017, el denunciante se personó en el restaurante, dejando su número de teléfono móvil, indicando un plazo de 5 días hábiles para que se le llamara y se le comunicara el importe de la indemnización, pues, en caso contrario, interpondría una denuncia. El gerente del restaurante pidió disculpas por el hecho al denunciante y se procedió ese mismo día a la eliminación de la imagen. El día 10 de mayo de 2017, el denunciante se personó nuevamente en el restaurante y presentó una reclamación.    3. La entidad denunciada ha adoptado una serie de medidas como resultado de los hechos a fin de que no se repitan. Con fecha 15 de mayo de 2017 se recordó a los trabajadores y a las empresas encargadas de las redes sociales la necesidad de no publicar fotos en dichas redes sociales o en la página web sin contar con el consentim"
00473-2017,2017,https://www.aepd.es/documento/00473-2017.pdf,https://web.archive.org/web/20240627010238id_/https://www.aepd.es/documento/00473-2017.pdf,"1/6 Procedimiento Nº: A/00473/2017 RESOLUCIÓN: R/00687/2018 En el procedimiento A/00473/2017, instruido por la Agencia Española de Protección de Datos a la entidad RONDATUR, S.A., vista la denuncia presentada por por Don  C.C.C.., y en virtud de los siguientes, ANTECEDENTES PRIMERO: Con fecha 12 de julio de 2017 tiene entrada en esta Agencia una denuncia presentada por Doña  A.A.A., en representación de Don  C.C.C. (en lo sucesivo, el denunciante), en la que manifiesta lo siguiente: Con fecha 1 de julio de 2017, la administradora de RONDATUR, S.A., y ex- mujer del denunciante, Doña  B.B.B., envió un correo electrónico al presidente y demás socios y miembros de EURORUTAS GRUPO, A.I.E., en el que incluyó diversos documentos adjuntos con datos de carácter personal del denunciante, antiguo trabajador de la entidad denunciada. Entre estos documentos, se encuentran órdenes de embargo de la Agencia Tributaria y del Consell Comarcal de la Selva y una sanción disciplinaria impuesta por la entidad denunciada al denunciante por haberse presentado en su puesto de trabajo en estado de embriaguez, insultar a la administradora de la empresa y causar daños en las instalaciones de la oficina. El propósito del envío del correo electrónico sería el de perjudicar el crédito y buena fama del denunciante con la finalidad de apoderarse de su clientela.  Aporta copia de los citados documentos, entre otros. SEGUNDO: Consultada el 24 de enero de 2018 la aplicación de la AEPD que gestiona la consulta de antecedentes de sanciones y apercibimientos precedentes, a la entidad denunciada, RONDATUR, S.A., no le constan registros previos. TERCERO: Con fecha 2 de febrero de 2018, la Directora de la Agencia Española de Protección de Datos acordó someter a trámite de audiencia previa el presente procedimiento de apercibimiento A/00473/2017. Dicho acuerdo fue notificado a la entidad denunciada. CUARTO: Con fecha 5 de abril de 2018 se recibe en esta Agencia escrito de la entidad denunciada en el que comunica que la infracción que se le imputa debería ser considerada leve, pues gran parte de la documentación difundida consistía en datos que ya eran accesibles al público por haber sido publicados en el BOP. Así mismo, afirma que la entidad se encuentra en proceso de implantación de las medidas previstas en el Reglamento General de Protección de Datos y revisando la totalidad de procesos y sistemas de información con tratamiento de datos personales. No acredita ninguna de estas circunstancias.  C/ Jorge Juan, 6 www.agpd.es 28001 – Madrid sedeagpd.gob.es 2/6 HECHOS PROBADOS Con fecha 1 de julio de 2017, la administradora de RONDATUR, S.A., Doña B.B.B., envió un correo electrónico al presidente y demás socios y miembros de EURORUTAS GRUPO, A.I.E., en el que incluyó diversos documentos adjuntos con datos de carácter personal del denunciante, antiguo trabajador de la entidad denunciada. Entre estos documentos, se encuentran órdenes de embargo de la Agencia Tributaria y del Consell Comarcal d"
E-03302-2017,2017,https://www.aepd.es/documento/E-03302-2017.pdf,https://web.archive.org/web/20240616022436id_/https://www.aepd.es/documento/E-03302-2017.pdf,"1/5 Expediente Nº: E/03302/2017 RESOLUCIÓN DE ARCHIVO DE ACTUACIONES De las actuaciones practicadas por la Agencia Española de Protección de Datos  ante la CONSEJERIA DE EDUCACION JUNTA DE ANDALUCIA (IES B.B.B.) en virtud  de denuncia presentada por Don  A.A.A., y teniendo como base los siguientes HECHOS PRIMERO: Con fecha 22 de abril de 2017, tuvo entrada en esta Agencia un escrito  remitido por Don  A.A.A., en el que manifiesta que en el curso pasado se publicaron en  el tablón de anuncios las listas de los alumnos de 1º de ESO del Instituto denunciado.  En dichas listas se recogen datos de carácter personal, tales  como si el alumno se  encuentra matriculado en Religión católica (REL) o no (VAL); debiendo ser cuidadosos  dado que hay menores que profesan la Religión evangélica. Además al aparecer datos como RL/RM, lo que aporta información de aquellos  alumnos que presentan algún déficit competencial en lengua o matemáticas. SEGUNDO: Tras la recepción de la denuncia la Subdirección General de Inspección de  Datos procedió a la realización de  actuaciones previas de investigación para el  esclarecimiento de los hechos denunciados, teniendo conocimiento de los siguientes  extremos: 1. Con fecha 30 de junio de 2017, se recibió escrito del Instituto de Enseñanza  Secundario Manuel Reina, en el que se pone de manifiesto que: a. El significado de los literales que aparecen en el listado que adjuntó el  denunciante tienen los siguientes significados:  “Materias Comunes”: se refiere a las asignaturas  correspondientes al  curso.  “REL/AT”: Se refiere a Religión/Atención educativa o “VAL”: Valores  éticos.   “OPT”: se refiere a Asignaturas optativas: RL=Refuerzo de Lengua,  RM=Refuerzo de Matemáticas o Fr 2º= Francés segundo idioma.  En el apartado “RING”= Refuerzo de inglés. b. Dichos listados se exponen internamente en el Centro, en el vestíbulo,  siendo de consulta para la comunidad educativa. La finalidad y, por tanto,  los motivos por los que se publican en los tablones de anuncios del IES,  es exclusivamente para que cada alumno/a se ubique en el grupo que le  corresponde de cada curso (A, B o C), así como que el alumnado  compruebe si las distintas materias, sobre todo las optativas, están bien  adjudicadas y no existen errores subsanables. c. Esta información suele colocarse el día anterior al inicio del curso en el  mes de septiembre para que el alumnado sepa el grupo que se le ha  adjudicado y se mantiene expuesto dos o tres días hasta que se retira y  C/ Jorge Juan, 6 www.agpd.es 28001 – Madrid sedeagpd.gob.es 2/5 se hacen efectivas las rectificaciones oportunas, en su caso. d. No existe consentimiento expreso de los interesados para la publicación.  En el impreso oficial de matrícula de la Junta de Andalucía existe  información sobre el art. 5 de la LOPD. No existe un consentimiento  concreto para esta publicación, aunque desde el Servicio de Inspección,  con fecha 7 de mayo de 2015, se transmitió que se publicarían las Actas  de evalua"
a-00150-2017,2017,https://www.aepd.es/documento/a-00150-2017.pdf,https://web.archive.org/web/20251125030233id_/https://www.aepd.es/documento/a-00150-2017.pdf,"1/10 Procedimiento Nº: A/00150/2017 RESOLUCIÓN: R/00026/2018 En el procedimiento A/00150/2017, instruido por la Agencia Española de Protección de  Datos a D.  A.A.A. y la entidad TRANS FAST FINANCIAL SERVICES, S.A., vista la denuncia  presentada la POLICIA MUNICIPAL DE MADRID, DEPARTAMENTO DE GESTION  ADMINISTRATIVA, y en virtud de los siguientes, ANTECEDENTES PRIMERO: Con fecha 16/02/2017, tuvo entrada en esta Agencia un escrito de la Policía  Municipal de Madrid, en el que pone de manifiesto que, en el marco de una inspección realizada  en el local que actúa bajo el nombre de “Locutorio ***NOMBRE.1”, cuya titularidad corresponde a  D.  A.A.A. (en lo sucesivo el denunciado), se observaron irregularidades en el tratamiento de  datos de carácter personal. En concreto, se refiere la citada Policía al registro de datos  personales que aquél lleva a cabo sin informar a sus clientes sobre el tratamiento de sus datos  de carácter personal. Con la denuncia, aporta copia de un CD que incluye los documentos de recogida de datos  empleados por el locutorio inspeccionado. Se trata de dos formularios en cuyo encabezamiento  figura “Trasn Fast International Money Trasmitter”, los cuales incluyen las cláusulas informativas  en materia de protección de datos de carácter personal que constan reseñadas en los Hechos  Probados 1 y 2. SEGUNDO    :  Con fecha 20/11/2017, la Directora de la AEPD acordó someter al denunciado D.  A.A.A.  y a la entidad TRANS FAST FINANCIAL SERVICES, S.A. (en lo sucesivo TRANS FAST)  a trámite de audiencia previa, en relación con la denuncia por la presunta infracción del artículo 5  de la Ley Orgánica 15/1999, de 13 de diciembre, de Protección de Datos de Carácter Personal  (LOPD), tipificada como leve en el artículo 44.2.c) de la citada LOPD; y presunta infracción de los  artículos 15 16 y 17 de la misma norma, tipificada como grave en el artículo 44.3.e) de la citada  Ley Orgánica. TERCERO    :  El citado acuerdo de 20/11/2017 no pudo ser notificado al denunciado después de  dos intentos. El primero de ellos a través del Servicio de Notificaciones Electrónicas, que fue  rechazado una vez transcurrido el plazo de diez días establecido; y el segundo remitido a través  del Servicio de Correos, el cual fue devuelto “Devuelto a origen por sobrante (no retirado en  oficina)”. Si fue notificado a TRANS FAST, la cual presentó escrito de alegaciones en el que pone  de manifiesto las consideraciones siguientes: . Dispone de ficheros inscritos en los que registra datos para los fines exclusivos de las  operaciones de envío de dinero que constituye su actividad. C/ Jorge Juan, 6 www.agpd.es 28001 – Madrid sedeagpd.gob.es 2/10 . La entrada del escrito de la Policía Municipal de Madrid en la Agencia, que según se indica en el  acuerdo de inicio del procedimiento se produce en fecha 17/03/2014, tiene lugar con anterioridad  a la contratación de D.  A.A.A. como agente, formalizada mediante contrato de 08/09/2015, del  que acompaña copia. Añade que T"
a-00206-2017,2017,https://www.aepd.es/documento/a-00206-2017.pdf,https://web.archive.org/web/20260129151158id_/https://www.aepd.es/documento/a-00206-2017.pdf,"1/8 Procedimiento Nº: A/00206/2017 RESOLUCIÓN: R/02302/2017 En el procedimiento A/00206/2017, instruido por la Agencia Española de  Protección de Datos a la entidad MOLI D'EN SOPA, S.L., vista la denuncia presentada  por por Don  B.B.B., y en virtud de los siguientes ANTECEDENTES PRIMERO: Con fecha 24 de enero de 2017, tuvo entrada en esta Agencia escrito  remitido por Don  B.B.B.,  en el que expone lo siguiente: “Con fecha 8 de diciembre de 2016 realizó reserva para la cena del día 31 de  diciembre de 2016 en el citado restaurante; varios días antes de la cena, se crea un  grupo de whatsapp con las personas que participaban en dicha cena. El denunciante salió del grupo pero fue incluido nuevamente por el  administrador, recibiendo un mensaje privado, en el que le comunican que si sale del  grupo se anulará la reserva. Asimismo, en el citado grupo se publicó una lista de los asistentes con nombres  y apellidos, las mesa donde se sentarían y cuantas personas le acompañaran.” Entre otra, anexa la siguiente documentación:  Copia de la pantalla del teléfono con mensajes de whatsapp.  Copia del listado, que al parecer fue remitido al grupo.  Copia del listado de participantes que aparece en la creación del grupo. SEGUNDO: Tras la recepción de la denuncia la Subdirección General de Inspección de  Datos procedió a la realización de  actuaciones previas de investigación para el  esclarecimiento de los hechos denunciados, teniendo conocimiento de los siguientes  extremos: 1. Con fecha 17 de abril de 2017, se remite requerimiento de información al  domicilio del restaurante, (C/......, 1) (ILLES BALEARS), siendo devuelta la carta  por el Servicio de Correos, figurando como causa “NO RETIRADO” (03/05/2017). 2. Con fecha 9 de mayo de 2017, el Inspector de Datos responsable de la  tramitación de las Actuaciones Previas de Investigación se pone en contacto  telefónico con el restaurante, número de teléfono ***TLF.1, manteniendo una  conversación telefónica con una persona que se identifica como  C.C.C. (dueña  del restaurante), manifestando que le remitamos la carta a su domicilio particular,  porque el restaurante está en una zona donde no llega el correo; (C/......, 2)  ILLES BALEARS. C/ Jorge Juan, 6 www.agpd.es 28001 – Madrid sedeagpd.gob.es 2/8 3. Con fecha 9 de mayo de 2017 se remite escrito a la dirección aportada en la  conversación mantenida con la persona que se identificó como la dueña del  restaurante, siendo devuelta por el Servicio de Correos figurando “Ausente”  (16/05/2017 y “No Recogido” (25/05/2017). 4. Con fecha 2 de junio de 2017, se vuelve a contactar telefónicamente con el  restaurante, en el número ***TLF.1, manteniendo una conversación con una  persona que se identifica como  D.D.D., que manifiesta que  C.C.C. no se puede  poner, pero que si le dejo un número de teléfono se lo comunicará para que se  ponga en contacto con la Agencia. No se ha recibido noticia alguna. TERCERO: Consultada la aplicación de la AEPD que gestiona la consul"
a-00368-2017,2017,https://www.aepd.es/documento/a-00368-2017.pdf,https://web.archive.org/web/20251124192118id_/https://www.aepd.es/documento/a-00368-2017.pdf,"1/5 Procedimiento Nº: A/00368/2017 RESOLUCIÓN: R/03399/2017 En el procedimiento A/00368/2017, instruido por la Agencia Española de  Protección de Datos a la entidad  A.A.A., vista la denuncia presentada por  B.B.B. y en  virtud de los siguientes, HECHOS PRIMERO: Con fecha 17 de abril de 2017 tiene entrada en esta Agencia escrito de  B.B.B. (en adelante el denunciante) comunicando posible infracción a la Ley Orgánica  15/1999, de 13 de diciembre, motivada por cámaras de videovigilancia cuyo titular es  A.A.A. (en adelante el denunciado) instaladas en ***DIRECCIÓN.1 En concreto, denuncia que: “he estado pendiente de la colocación de las placas preceptivas (cosa  que no ha ocurrido) y del registro del sistema en la Agencia de Protección de  Datos, sin éxito por mi parte.”  Adjunta: reportaje fotográfico (en el que se observa la ubicación de las cámaras). SEGUNDO: Por parte del Subdirector General de Inspección de Datos, en base al  contenido de la denuncia, se procedió a la apertura de actuaciones previas con  referencia E/3257/2017. Concluyéndose la investigación con el informe siguiente de la  Inspección de Datos de fecha 29/09/17 Con fecha 12 de junio de 2017 se requiere información al responsable el cual es  devuelto por el Servicio de Correos por “Ausente” por lo que se remite un nuevo  requerimiento en fecha 14 de julio de 2017, teniendo entrada en esta Agencia, con fecha  3 de agosto de 2017, escrito del denunciado en el que manifiesta: - El sistema de videovigilancia fue instalado por GACESA  INSTALACIONES y aportan factura al respecto.  - Respecto de la finalidad de la instalación manifiestan que ha sido debida  a un acoso por parte del vecino colindante, que identifica como el  denunciante.  - Respecto de los lugares donde se encuentran ubicadas las cámaras de  videovigilancia han aportado croquis y fotografías donde constan las  cámaras que a continuación se detallan. Todas las cámaras son  exteriores y manifiestan que todas ellas son fijas y en las fotografías  aportadas captan imágenes de su propiedad. C/ Jorge Juan, 6 www.agpd.es 28001 – Madrid sedeagpd.gob.es 2/5  Cámara 1 y 2. Situadas en la parte posterior de la vivienda  Cámara 3. Situada a la entrada de la vivienda y la rampa del garaje  propio.   - El sistema consta de un monitor que permite la visualización de las  imágenes captadas y un grabador ubicados en el dormitorio de la  vivienda con acceso exclusivo de ambos denunciados. Las imágenes  grabadas se conservan durante un máximo de cuatro semanas.  El sistema no está concertado a ninguna central de alarmas.  - No han aportado cartel informativo de zona videovigilada donde se  especifique el responsable del fichero y donde se debe dirigir las  solicitudes para ejercer los derechos ARCO.  - No consta inscripción del fichero en el Registro General de Protección de  Datos.  - No se ha aportado formulario informativo según se recoge en el artículo  3.b de la Instrucción 1/2006.  TERCERO: Con fecha 20 de noviembre de 2017, la Di"
a-00414-2017,2017,https://www.aepd.es/documento/a-00414-2017.pdf,https://web.archive.org/web/20251113175215id_/https://www.aepd.es/documento/a-00414-2017.pdf,"1/7 Procedimiento Nº: A/00414/2017 RESOLUCIÓN: R/00204/2018 En el procedimiento A/00414/2017, instruido por la Agencia Española de  Protección de Datos a la entidad LESMA AVIATION, S.L., vista la denuncia presentada  por Don  A.A.A. y en virtud de los siguientes, HECHOS PRIMERO: Con fecha 25 de marzo de 2017 tiene entrada en esta Agencia una denuncia  presentada por Don  A.A.A. (en lo sucesivo, el denunciante), en la que manifiesta lo  siguiente: Con fecha 7 de marzo de 2017, la empresa LESMA AVIATION, S.L., envía a la  plantilla de trabajadores un correo electrónico donde les comunica que en día y fecha  determinados deberán subir a la oficina de Recursos Humanos para la realización de un  curso de reciclaje. En el citado correo se informa a los trabajadores de que en la citada  oficina se dispondrá de un ordenador para la realización del curso, con las claves de  acceso al mismo. Al llegar a la oficina comprobaron que la empresa había creado  cuentas en distintos servidores de correo (Gmail, Hotmail y ONO) utilizando el nombre y  apellidos de los trabajadores, todo ello sin autorización de los mismos. Además, el  listado con todas las direcciones de correo y las contraseñas se puso a la vista de todos  los trabajadores, a excepción de las cuentas de los trabajadores supervisores, que  fueron creadas en cuentas de dominio exclusivo de la empresa ***DOMINIO.1) y sin que  aparecieran sus claves de acceso.  Entre otra, el denunciante anexa la siguiente documentación:   Copia del citado listado.  Copia del correo electrónico remitido a los trabajadores para comunicarles el  curso de reciclaje. SEGUNDO: Tras la recepción de la denuncia, la Subdirección General de Inspección de  Datos procedió a la realización de actuaciones previas de investigación para el  esclarecimiento de los hechos denunciados (Informe E/03032/2017), teniendo  conocimiento de los siguientes extremos:  1. Con fecha 19 de septiembre de 2017 se recibe escrito de la entidad LESMA  AVIATION, S.L., en el que se pone de manifiesto que: a. Las personas que constan en el listado remitido a esta Agencia por el  denunciante fueron convocadas a un curso de refresco que debía  hacerse on-line. b. A tal efecto, se elaboran listas de trabajadores del aeropuerto para  informar a los Jefes de Sección con respecto a los trabajadores a su  C/ Jorge Juan, 6 www.agpd.es 28001 – Madrid sedeagpd.gob.es 2/7 cargo para que, a su vez, comunicasen a cada correspondiente  trabajador la fecha y hora en la que debían realizar el curso. c. Igualmente, para que los trabajadores pudieran realizar el curso online,  desde el Departamento de RRHH de la empresa se crearon cuentas de  correo genéricas con las correspondientes contraseñas en los siguientes  dominios: ***C.CORREO.1 ***C.CORREO.2 Es decir, acompañando al nombre de los trabajadores el apelativo  “lesma”. d.  Para la creación de las citadas cuentas de correo se utilizaron nombre y  apellidos de los trabajadores y fecha de nacimiento. e. El citado lista"
a-00448-2017,2017,https://www.aepd.es/documento/a-00448-2017.pdf,https://web.archive.org/web/20251113172842id_/https://www.aepd.es/documento/a-00448-2017.pdf,"1/8 Procedimiento Nº: A/00448/2017 RESOLUCIÓN: R/00478/2018 En el procedimiento A/00448/2017, instruido por la Agencia Española de Protección de Datos a la entidad SAGE SPAIN, S.L., vista la denuncia presentada por ASSESSORS FINANCIERS CASTELLAR XXI, S.L.L., y en virtud de los siguientes, ANTECEDENTES PRIMERO: Con fecha 21 de marzo de 2017 tiene entrada en esta Agencia una denuncia presentada por ASSESSORS FINANCIERS CASTELLAR XXI, S.L.L., (en lo sucesivo, la entidad denunciante), en la que manifiesta lo siguiente: Con fecha 26 de noviembre de 2015, la entidad denunciante suscribió tres contratos de prestación de servicios de compra, mantenimiento, asistencia técnica de software y servicios telemáticos con la empresa denunciada, SAGE SPAIN, S.L. Con fecha 7 de noviembre de 2016, la empresa denunciada, en la realización de pruebas de desarrollo de un nuevo programa, hizo uso sin autorización expresa de la entidad denunciante de todos los datos personales de los trabajadores de un cliente importante de la misma (MOBA ISE MOBILE AUTOMATION, S.L.). Desde una dirección electrónica de la entidad denunciante, realizó un envío masivo de e-mails destinados a todos los trabajadores del cliente con documentos adjuntos, consistentes en certificados de retenciones del trabajo y modelos 145 que, además, contenían datos absolutamente incorrectos. Con fecha 8 de noviembre de 2016, se informó de dicha incidencia a la denunciada por e-mail, no habiendo recibido respuesta hasta la fecha en la que se presenta la denuncia.  Con fecha 3 de mayo de 2017, la entidad denunciante remite a esta Agencia copia de varios correos recibidos por los trabajadores de la empresa de su cliente, así como diferentes correos que se han cruzado entre ambas empresas referentes a los hechos denunciados. Anexa, entre otra, la siguiente documentación:  Copia de dos correos con documentación de trabajadores de la empresa MOBA ISE MOBILE AUTOMATION, S.L.  Copia de varios correos intercambiados entre la empresa denunciante y la denunciada, con relación a los hechos denunciados.  Copia del contrato con la empresa MOBA ISE MOBILE AUTOMATION, S.L., donde se autoriza el acceso a datos por cuenta de terceros.  Copia de los contratos de prestación de servicio con la denunciada. C/ Jorge Juan, 6 www.agpd.es 28001 – Madrid sedeagpd.gob.es 2/8 SEGUNDO: Tras la recepción de la denuncia, la Subdirección General de Inspección de Datos procedió a la realización de actuaciones previas de investigación para el esclarecimiento de los hechos denunciados (Informe E/02229/2017), teniendo conocimiento de los siguientes extremos: Con fecha 26 de septiembre de 2017, se recibe en esta Agencia escrito de la empresa SAGE SPAIN, S.L., en el que se pone de manifiesto que: 1. La entidad denunciante otorgó consentimiento para el acceso a datos de terceros y su tratamiento, mediante los contratos de fechas 19 de noviembre de 2015 y 26 de noviembre de 2015, los cuales se adjuntan, y donde consta en su cláusula novena to"
a-00469-2017,2017,https://www.aepd.es/documento/a-00469-2017.pdf,https://web.archive.org/web/20251114142750id_/https://www.aepd.es/documento/a-00469-2017.pdf,"1/11 Procedimiento Nº: A/00469/2017 RESOLUCIÓN: R/00293/2018 En el procedimiento A/00469/2017, instruido por la Agencia Española de Protección de Datos a la entidad ***ESCUELA.1, vista la denuncia presentada por Don A.A.A., y en virtud de los siguientes, ANTECEDENTES PRIMERO: Con fecha  2 de julio de 2017 tiene entrada en esta Agencia una denuncia presentada Don  A.A.A. (en lo sucesivo, el denunciante), en la que manifiesta lo siguiente: 1. Con fecha 19 de julio de 2016 solicitó, mediante burofax, la cancelación de los datos de carácter personal relativos a su hijo, menor de edad, a su mujer y a sí mismo ante la escuela de la que su hijo es exalumno, ***ESCUELA.1.   2. Con fecha 27 de julio de 2016 recibió, también mediante burofax, respuesta de la escuela, en la que se le comunicaba que su petición había sido atendida.  3. No obstante lo cual, pasado cierto tiempo, observa que en el perfil de la red social Facebook de la escuela siguen apareciendo fotografías suyas, de su mujer y de su hijo.  Aporta copia de los citados burofaxes y enlaces a las fotografías colgadas en el perfil de Facebook de la ***ESCUELA.1. SEGUNDO: Con fecha 3 de julio de 2017 figura Diligencia de Inspección en la que se hace constar que en esa fecha se obtiene, a través de Internet, copia impresa, que se adjunta, de las fotografías referenciadas por el denunciante que aparecen en el perfil de Facebook de la ***ESCUELA.1. TERCERO: Consultada el 3 de enero de 2018 la aplicación de la AEPD que gestiona la consulta de antecedentes de sanciones y apercibimientos precedentes, a la entidad denunciada no le constan registros previos. CUARTO: Con fecha 10 de enero de 2018, la Directora de la Agencia Española de Protección de Datos acordó someter a trámite de audiencia previa el presente procedimiento de apercibimiento A/00469/2017. Dicho acuerdo fue notificado a la entidad denunciada. C/ Jorge Juan, 6 www.agpd.es 28001 – Madrid sedeagpd.gob.es 2/11 QUINTO: Con fecha 12 de febrero de 2018 se recibe en esta Agencia escrito de la entidad denunciada en el que manifiesta que, en la fecha en la que se recibió la solicitud de cancelación de los datos del alumno por parte del denunciante, la entonces responsable del área de fotografías en web y redes sociales de la escuela procedió a eliminarlas. Además, afirma que también se procedió a la cancelación en la revista “***REVISTA.1” y a la cancelación de las fotografías en la web por el proveedor de servicios informáticos. Manifiesta que, hasta la fecha en que se les ha notificado la existencia de las imágenes objeto de este procedimiento en Facebook, no tenían constancia de las mismas, dado el volumen de imágenes allí acumuladas y dado que la mencionada persona encargada del tratamiento de datos en redes sociales, que ha causado baja en la empresa, había confirmado su eliminación. Afirma que han procedido a la total eliminación de las imágenes denunciadas y que, además, han establecido como criterio interno y de prevención el de solamente ten"
a-00470-2017,2017,https://www.aepd.es/documento/a-00470-2017.pdf,https://web.archive.org/web/20251125190751id_/https://www.aepd.es/documento/a-00470-2017.pdf,"1/13 Procedimiento Nº: A/00470/2017 RESOLUCIÓN: R/00272/2018 En el procedimiento A/00470/2017, instruido por la Agencia Española de  Protección de Datos a la entidad COMPAÑIA GENERAL DE CONSTRUCCION  ABALDO, S.A., vista la denuncia presentada por Don  D.D.D. y en virtud de los  siguientes, ANTECEDENTES PRIMERO: Con fecha 29 de mayo de 2017 tiene entrada en esta Agencia una denuncia  presentada por Don  D.D.D. (en lo sucesivo, el denunciante), en la que manifiesta lo  siguiente: Que caminando el 29 de mayo de 2017 cerca de las 9 horas por el cruce de  Avenida Real de Merinas con la Avenida de la Hispanidad, calles sitas en la ciudad de  Madrid, encontró en la vía pública abundante cantidad de documentación esparcida por  el suelo.  El contenido de los mismos está relacionado con construcciones y reformas  aeroportuarias del Aeropuerto Adolfo Suárez, de Madrid-Barajas, apareciendo  frecuentemente el nombre del organismo Aeropuertos Españoles y Navegación Aérea  (AENA) y empresas subcontratadas para la ejecución de los contratos (COMPAÑIA  GENERAL DE CONSTRUCCION ABALDO, S.A.) En muchos de los papeles observó datos de carácter personal, por lo cual  recogió una muestra para adjuntarla en la presente denuncia ante la AEPD. El denunciante aporta la siguiente documentación:  Cuatro fotografías de la vía pública donde se pueden observar los documentos  esparcidos por la acera y la calzada de la calle, así como los edificios  colindantes.   Muestra de la documentación encontrada, entre la cual se pueden encontrar,  entremezclados con otra documentación de carácter estrictamente técnico, los  siguientes documentos con datos personales: o Lista de autorizaciones de entrada de trabajadores a las instalaciones  aeroportuarias, con mención de nombres, apellidos, DNI y fechas de  inicio y fin. o Listas de autorizaciones de entrada de vehículos a las instalaciones  aeroportuarias, con mención de números de matrícula y fechas de inicio y  fin. o Permisos de conducción en plataforma: datos de nombre, apellidos, DNI  y fotocopia de su Documento de Identificación.   o Actas de reunión: nombre y apellidos de asistentes, organismo o  empresa que representan. C/ Jorge Juan, 6 www.agpd.es 28001 – Madrid sedeagpd.gob.es 2/13 o Solicitudes de acreditación de personal para el desarrollo de sus  funciones en el Aeropuerto Adolfo Suárez-Madrid Barajas: datos  personales básicos (nombres, apellidos, fecha de nacimiento, datos de  filiación, domicilio); fotocopia de DNI, certificados de formación, con  nombres y apellidos de formador y alumno. Correos electrónicos donde  se adjuntan dichas solicitudes y material que las acompañan. o Solicitudes de autorización de acceso de vehículos: números de  matrículas, nombres y apellidos del responsable de la petición. o Modelos 145 de dos trabajadores, pero solo se encuentra cumplimentado  su DNI, nombre y apellidos. o Una multa de tráfico de un jefe de obra, con mención de sus datos  personales básicos, datos de su vehículo, precept"
a-00471-2017,2017,https://www.aepd.es/documento/a-00471-2017.pdf,https://web.archive.org/web/20251114132403id_/https://www.aepd.es/documento/a-00471-2017.pdf,"1/8 Procedimiento Nº: A/00471/2017 RESOLUCIÓN: R/00430/2018 En el procedimiento A/00471/2017, instruido por la Agencia Española de Protección de Datos a la entidad ATALAYAS SERVICIOS RÁPIDOS, S.L.U., vista la denuncia presentada por Don A.A.A. y en virtud de los siguientes,  ANTECEDENTES PRIMERO: Con fecha  7 de junio de 2017 tiene entrada en esta Agencia una denuncia remitida por la Dirección General de Comercio, Consumo y Simplificación administrativa de la Región de ***LOC.1 (Consejería de Empleo, Universidades y Empresa), presentada ante la misma por Don A.A.A. (en lo sucesivo, el denunciante), en la que manifiesta lo siguiente: El día 3 de mayo de 2017 vio publicado en la red social Facebook un anuncio publicitario de un evento de McDonalds ***LOC.1, que se iba a celebrar el 4 de mayo, con motivo del día de la madre. Este anuncio incluía una fotografía en la que aparecía su hija, menor de catorce años. Dicha fotografía se publicó sin su consentimiento, pues ni siquiera tenían noticias de su existencia. Aporta copia del mencionado anuncio. SEGUNDO: Con fecha 13 de junio de 2017 figura Diligencia de Inspección para hacer constar que se ha obtenido copia, a través de Internet, del evento correspondiente al anuncio publicitario objeto de este procedimiento, en el que no aparece la fotografía.  TERCERO: Consultada el 31 de enero de 2018 la aplicación de la AEPD que gestiona la consulta de antecedentes de sanciones y apercibimientos precedentes, a la entidad denunciada no le constan registros previos. CUARTO: Con fecha 12 de febrero de 2018 la Directora de la Agencia Española de Protección de Datos acordó someter a trámite de audiencia previa el presente procedimiento de apercibimiento A/00471/2017. Dicho acuerdo fue notificado a la entidad denunciada. QUINTO: Con fecha 27 de febrero de 2018 se recibe en esta Agencia escrito de la entidad denunciada, en el que comunica lo siguiente: 1. La imagen objeto de la presente denuncia fue publicada en la red social Facebook el día 3 de mayo de 2017 con el fin de comunicar una actividad gratuita en el restaurante. C/ Jorge Juan, 6 www.agpd.es 28001 – Madrid sedeagpd.gob.es 2/8 2. El día 4 de mayo de 2017, el denunciante se personó en el restaurante, dejando su número de teléfono móvil, indicando un plazo de 5 días hábiles para que se le llamara y se le comunicara el importe de la indemnización, pues, en caso contrario, interpondría una denuncia. El gerente del restaurante pidió disculpas por el hecho al denunciante y se procedió ese mismo día a la eliminación de la imagen. El día 10 de mayo de 2017, el denunciante se personó nuevamente en el restaurante y presentó una reclamación.    3. La entidad denunciada ha adoptado una serie de medidas como resultado de los hechos a fin de que no se repitan. Con fecha 15 de mayo de 2017 se recordó a los trabajadores y a las empresas encargadas de las redes sociales la necesidad de no publicar fotos en dichas redes sociales o en la página web sin contar con el consentim"
aapp-00010-2017,2017,https://www.aepd.es/documento/aapp-00010-2017.pdf,https://web.archive.org/web/20251124210700id_/https://www.aepd.es/documento/aapp-00010-2017.pdf,"1/6   Procedimiento Nº AP/00010/2017 RESOLUCIÓN: R/02264/2017 En el procedimiento de Declaración de Infracción de Administraciones Públicas  AP/00010/2017, instruido por la Agencia Española de Protección de Datos a la entidad  CONCELLO DE RIVEIRA, vista la denuncia presentada y en virtud de los siguientes, ANTECEDENTES PRIMERO: Con fecha 14/06/2016, fue dictada Resolución, R/01462/2016, en el  Procedimiento de Declaración de Infracción de las Administraciones Públicas,  AP/00074/2015, en la que se resuelve: “REQUERIR al CONCELLO DE RIVEIRA, de  acuerdo con lo establecido en el apartado 3 del artículo 46 de la LOPD, para que  acredite en el plazo de un mes desde este acto de notificación las medidas de orden  interno que impidan que en el futuro pueda producirse una nueva infracción del artículo  6.1 de la LOPD, para lo que se abre expediente de actuaciones previas E/03093/2016. En concreto, deberán: a) Si se trata de cámaras de control de tráfico, deberán regularizar la  situación del fichero con su creación, mediante la aprobación de la  correspondiente disposición general,  aportando además el  acuerdo de  la aprobación de la ubicación de las cámaras, así como la adaptación  del enfoque de las imágenes, reorientando y evitando en lo posible  captar partes de la vía pública no necesarias, aportando documentos e  imágenes resultantes de dicha adaptación que incluyan asimismo los  carteles informativos expuestos. b)  Si por el contrario, se trata de que todas las cámaras o algunas se destinan al  uso de seguridad pública, deberán indicar  las cámaras que se encuentran en tal  situación y solicitar la autorización y obtener la resolución favorable de la Delegación del  Gobierno que soporte el citado uso.” SEGUNDO: Se efectuó un requerimiento notificado con fecha 11/01/17 acordado en el  marco del expediente E/03093/2016 manifestándose por el Concello de Rivieria lo  siguiente:  1- Que en relación a las cámaras de control de tráfico tienen inscrito un fichero de  videovigilancia así como disposición general. Adjuntándose la publicación en el BOE del  fichero de videovigilancia 2- En relación  a las cámaras destinadas a la seguridad pública se encuentra en trámite  la autorización ante la Delegación de Gobierno. TERCERO: Al no tener constancia de la autorización de la Delegación de Gobierno, en  relación a las cámaras destinadas a fines de seguridad pública, se deduce que las  mismas continúan captando vía pública sin título habilitante; por lo que procede la  apertura de este  procedimiento de  declaración de infracción por no atender el  C/ Jorge Juan, 6 www.agpd.es 28001 – Madrid sedeagpd.gob.es 2/6 requerimientos de esta Agencia  tal como se advertía en la Resolución de 14/6/16 CUARTO: Con fecha 3/5/17 la Directora de la Agencia Española de Protección de Datos  acordó iniciar procedimiento de Declaración de Infracción de Administraciones Públicas  a CONCELLO DE RIVEIRA con por la presunta infracción del artículo 37.1.f de la  LOPD, tipificada com"
aapp-00013-2017,2017,https://www.aepd.es/documento/aapp-00013-2017.pdf,https://web.archive.org/web/20251124082211id_/https://www.aepd.es/documento/aapp-00013-2017.pdf,"1/14 Procedimiento Nº AP/00013/2017 RESOLUCIÓN: R/02567/2017 En el procedimiento de Declaración de Infracción de Administraciones Públicas  AP/00013/2017, instruido por la Agencia Española de Protección de Datos al Ayuntamiento  de Ocaña, vista la denuncia presentada por Don A.A.A., en representación del B.B.B., y en  virtud de los siguientes, ANTECEDENTES PRIMERO: Con fecha  25 de enero  de 2017  se registra de entrada en esta Agencia  Española de Protección de Datos (AEPD) escrito   formulado por  Don A.A.A., en  representación del B.B.B., (en lo sucesivo el denunciante),  poniendo de manifiesto que   con  motivo del contrato de prestación de  servicios celebrado en fecha 27 de junio de 2016 entre el  Ayuntamiento de Ocaña, (en adelante,  el Ayuntamiento o  el denunciado),   y la  mercantil  VIALINE GESTIÓN, S.L. (en adelante VIALINE),- empresa encargada del control de  infracciones por salto de semáforo en rojo, control de acceso y campañas de radar y  etilómeto-,  los datos de  carácter personal  de  los infractores  que constaban  en los ficheros  del Ayuntamiento estaban siendo cedidos  a la mencionada empresa privada y, por tanto,  poniéndose a disposición  de   trabajadores  de esa entidad  que no son empleados públicos. El denunciante adjunta copia  del “Contrato de Prestación de Servicios  Técnicos para  la colaboración en el control de infracciones por salto de semáforo en rojo, control de acceso y  campañas de radar y etilómetro en el Ayuntamiento de Ocaña”  al que se refiere en la  denuncia,  (en adelante el CONTRATO),   señalando  que en el mismo  se han detectado  determinadas   irregularidades en materia de protección de datos, entre las que se  encuentran:  - La posible falta de  inscripción   por el Ayuntamiento de Ocaña en el Registro General  de Protección de Datos de la AEPD del fichero  resultante de la creación y mantenimiento de  la base de datos de infractores  que se cita en la cláusula  5ª B.i) del contrato.  - El error observado en la cláusula  6ª  del contrato    en la identificación   tanto   del  responsable del tratamiento   de los   datos de carácter personal   relacionados con   la  comisión de las infracciones administrativas  descritas, que en este caso se correspondería  con el Ayuntamiento denunciado, que, también  sería el responsable del fichero  de titularidad  pública  resultante de la  creación y  mantenimiento de la mencionada base de datos de  infractores,   como en   la identificación  del encargado del tratamiento  que accede a los  mencionados datos de carácter personal  por cuenta del Ayuntamiento denunciado para la  prestación de los servicios  encargados, que en este supuesto se correspondería con  VIALINE, empresa obligada a tratar dicha información de carácter personal con arreglo  a la  finalidad  e instrucciones expresamente fijadas  en  el contrato  por el responsable del  tratamiento  y a  implementar  las medidas de seguridad de índole técnica y organizativa  contempladas en el  artículo 9"
aapp-00015-2017,2017,https://www.aepd.es/es/documento/aapp-00015-2017.pdf,https://web.archive.org/web/20220302145508id_/https://www.aepd.es/es/documento/aapp-00015-2017.pdf,"1/28 Procedimiento Nº AP/00015/2017 RESOLUCIÓN: R/03129/2017 En el procedimiento de Declaración de Infracción de Administraciones Públicas AP/00015/2017, instruido por la Agencia Española de Protección de Datos al COLEGIO DE REGISTRADORES DE LA PROPIEDAD Y MERCANTILES DE ESPAÑA, y al MINISTERIO DE JUSTICIA (DIRECCIÓN GENERAL DE LOS REGISTROS Y DEL NOTARIADO), vista la denuncia presentada por A.A.A., y en virtud de los siguientes, ANTECEDENTES PRIMERO: Con fecha 16/06/2016 se recibió una denuncia de A.A.A.  (acuerdo de inicio del procedimiento AP/15/2017), exponiendo:   “Está incursa en un expediente de acuerdo extrajudicial de pagos” (AEP en lo sucesivo) y al consultar la <web www.publicidadconcursal.es>, se dio cuenta que figuran un conjunto de documentos contenidos en un archivo pdf que constituyen un “acta notarial” que “ha extralimitado los datos expuestos” siendo de libre acceso público.” Indica que figura toda la documentación que aportó para su solicitud, revelándose entre otros los datos de sus hijos menores de edad, sentencia de divorcio (con referencias al informe psicosocial de sus hijos), escrituras de sus propiedades, nominas, contrato de alquiler con la dirección de su actual domicilio, libro de familia, números de cuentas corrientes, datos del vehículo, declaración de la renta de 2014, certificado de antecedentes penales, certificado de empadronamiento, certificados de nacimientos de sus hijos, deudas contraídas, número de su  teléfono móvil, correo electrónico, etc. Refiere la denunciante: “Que se ha puesto en contacto con el Registro Público Concursal en el día de ayer 15/06/2016 a las 13:58h y este es el momento, día 16 de junio de 2016 10:07h, en el que todavía sigue publicada el acta”.  Se anexa con el escrito de denuncia documentación de la consulta realizada al sitio web “www.publicidadconcursal.es”, por el criterio A.A.A. y NIF.: ***NIF.1, los días 15 y 16/06/2016 10:24h y 17:14, constando información “SECCION III Acuerdo extrajudicial”: nº de expediente ***EXPEDIENTE.1, fecha de apertura expediente XX/XX/2016, de solicitud acuerdo     XX/XX/2016     y de aceptación mediador, 27/04/2016 nombre y apellidos del mediador y de su dirección de correo electrónico. En el pie de página figura Registradores de España. En la citada consulta figura: “fichero adjunto”, nombre: ”***EXPEDIENTE.1.pdf”, formato pdf, tamaño 13.803.1 KB. Descargar PDF. Según la visión de la pantalla en la que aparece el apartado FICHERO ADJUNTO, el diseño de la página bajo el titulo ACUERDO EXTRAJUDICIAL lleva las cabeceras: DATOS DEL ACUERDO que contiene datos básicos del solicitante, en el apartado “Deudor”, la cabecera segunda: FASE: NOMBRAMIENTO DE MEDIADOR CONCURSAL con el apartado: ”Datos registrales”  que contiene la fecha solicitud del acuerdo y la de aceptación del mediador. Una tercera cabecera se denomina 1.”FICHERO ADJUNTO” y contiene el documento pdf que se puede abrir y descargar por cualquier persona.  Se adjunta impresión del citado fichero d"
aapp-00018-2017,2017,https://www.aepd.es/es/documento/aapp-00018-2017.pdf,https://web.archive.org/web/20220307210832id_/https://www.aepd.es/es/documento/aapp-00018-2017.pdf,"1/5 Procedimiento Nº AP/00018/2017 RESOLUCIÓN: R/03119/2017 En el procedimiento de Declaración de Infracción de Administraciones Públicas  AP/00018/2017, instruido por la Agencia Española de Protección de Datos al  INSTITUTO PARA LA DIVERSIFICACIÓN Y AHORRO DE LA ENERGÍA, vista la  denuncia presentada por D.  A.A.A. y en virtud de los siguientes, ANTECEDENTES PRIMERO: Con fecha 27/03/2017 tiene entrada en esta Agencia escrito de D.  A.A.A.  (en lo sucesivo el denunciante) comunicando que: “…El pasado 22 de marzo recibí un  correo de IDAE del Ministerio de Energía, Turismo y Agenda Digital. En este correo se nos solicitaba la colaboración respondiendo una encuesta. El hecho  que quiero denunciar es que en este correo aparecían todos los correos electrónicos de  los destinatarios de la encuesta ya que se trata de una violación de la Ley de Protección  de Datos flagrante…” SEGUNDO: Solicitada documentación adicional al denunciante sobre la presunta  infracción cometida por el INSTITUTO PARA LA DIVERSIFICACIÓN Y AHORRO DE  LA ENERGÍA (en lo sucesivo el denunciado). Con fecha 20/04/2017 tiene entrada en  esta Agencia copia íntegra del correo electrónico recibido. TERCERO: Con fecha 20 de octubre de 2017 la Directora de la Agencia Española de  Protección de Datos acordó iniciar procedimiento de declaración de infracción de  Administraciones Públicas al denunciado por la presunta infracción del artículo 10 de la  Ley Orgánica 15/1999, de 13 de diciembre, de Protección de Datos de Carácter  Personal (en lo sucesivo LOPD), tipificada como grave en el artículo 44.3.d) de dicha  norma.  CUARTO: Notificado el citado acuerdo de inicio de procedimiento de declaración de  infracción de Administraciones Públicas, y tras obtener copia de la documentación  obrante en el procedimiento, en fecha 15 de noviembre de 2017 se recibió en esta  Agencia escrito de alegaciones del denunciado manifestando:  <<…Primera: Que reconociendo la infracción del artículo 10 de la Ley 15/1999, de 13 de  diciembre, de Protección de Datos de Carácter Personal (en lo sucesivo LOPD), (…)  debe de destacarse que el hecho denunciado ha sido fruto de un error puntual y ajeno  por completo a intencionalidad alguna por parte de este Instituto, debido a la remisión de  un correo electrónico informativo a los representantes de empresas y entidades  beneficiarias de ayudas de programas de este Instituto, con copia vista, en lugar de con  copia oculta como debería haberse realizado (…) C/ Jorge Juan, 6 www.agpd.es 28001 – Madrid sedeagpd.gob.es 2/5 Cuarta: Que este Instituto manifiesta su pleno compromiso con el escrupuloso  cumplimiento de las obligaciones que como responsable de los ficheros de su titularidad  le atribuye la ley…>> QUINTO: Al haber reconocido el denunciado los hechos que se le imputan, se procede  a elevar a la Directora de la Agencia Española de Protección de Datos el expediente a  los efectos de dictar resolución al respecto. HECHOS PROBADOS PRIMERO: Con fecha 27/03/2017 tiene"
aapp-00023-2017,2017,https://www.aepd.es/es/documento/aapp-00023-2017.pdf,https://web.archive.org/web/20211009031228id_/https://www.aepd.es/es/documento/aapp-00023-2017.pdf,"1/14 Procedimiento Nº AP/00023/2017 RESOLUCIÓN: R/03041/2017 En el procedimiento de Declaración de Infracción de Administraciones Públicas  AP/00023/2017, instruido por la Agencia Española de Protección de Datos al  AYUNTAMIENTO DE BOECILLO, vista la denuncia presentada por Don   B.B.B., y en  virtud de los siguientes, ANTECEDENTES PRIMERO: Con fechas  31 de octubre y 7 de noviembre  de 2016, tienen entrada en  esta Agencia un total de tres  escritos de Don  B.B.B., (en lo sucesivo el denunciante),  en los que  pone de manifiesto  que con fecha 26 de noviembre de 2016, el/la  propietario/a de un soporte asociado al número 34  ***TEL.1 creó un grupo de  WhatsApp denominado “(...)”, en el que incorporó 255 números de teléfono entre los que  se encontraba incluida  su línea de teléfono móvil,  ello a pesar de  que no había  otorgado su  consentimiento ni autorización para dicho tratamiento, que en modo alguno  puede calificarse de doméstico o personal. El denunciante indica que según información proporcionada por  el ***PARTIDO  POLITICO.1  de Boecillo en su página de Facebook  Dña.  C.C.C., ***CARGO.1, es la  titular de la  línea de teléfono desde la que se creó el citado grupo. Asimismo, el  denunciante afirma  no tener ninguna relación con la persona que figura como  administrador del grupo, Don  A.A.A., ***CARGO.2 de ese mismo Ayuntamiento, ni con  el resto de participantes del grupo, muchos de los cuales, a la vista  de los comentarios  que han realizado  ignoraban  la identidad de los miembros  del grupo  y  la finalidad  para la que se creó.   Asimismo, afirma que a fecha 29 de octubre de 2016 aun aparecían  77  participantes en el grupo de WhatsApp. Los escritos de denuncia vienen acompañados de la siguiente documentación: -Impresión de varias capturas de pantalla de un terminal  con   comentarios de  los participantes del grupo de WhatsApp “(...)” preguntando el origen y finalidad del  grupo.  En dichas capturas aparecen los  números de teléfono móvil de los participantes  que realizan los comentarios mostrados, cuyos  perfiles, con la información de carácter  personal obrante en los mismos, resultaba accesible a los integrantes del grupo creado.  Además, en una de las capturas presentadas aparece que el citado grupo fue  “Creado por  + 34  ***TEL.1, 26/16, 9:38, constando también  que en el momento de la  captura estaba integrado  por  “77 de 256”  participantes.  - Impresión de la noticia de fecha 26 de octubre de 2016 que figura en la página  de Facebook del ***PARTIDO POLITICO.1 de Boecillo ((...)). -  Impresión de unas declaraciones efectuadas al diario ABC en el año 2010 por  el entonces Director de la AEPD en relación  con el uso  de las redes sociales. C/ Jorge Juan, 6 www.agpd.es 28001 – Madrid sedeagpd.gob.es 2/14 SEGUNDO: A la vista de los hechos denunciados, en fase de actuaciones previas, por  los Servicios de Inspección de esta Agencia se solicitó información al  Ayuntamiento de  Boecillo, (en adelante el denunciado o el Ayunt"
aapp-00026-2017,2017,https://www.aepd.es/es/documento/aapp-00026-2017.pdf,https://web.archive.org/web/20220307210400id_/https://www.aepd.es/es/documento/aapp-00026-2017.pdf,"1/19 Procedimiento Nº AP/00026/2017 RESOLUCIÓN: R/03034/2017 En el procedimiento de Declaración de Infracción de Administraciones Públicas  AP/00026/2017, instruido por la Agencia Española de Protección de Datos al Consorcio  Universitario para el Centro Asociado ""María Zambrano"" de la UNED en Málaga,  vista la denuncia presentada por  el Sindicato A.A.A., y en virtud de los siguientes, ANTECEDENTES PRIMERO: Con fecha  9 de diciembre de  2016  se registra de entrada en esta Agencia  escrito de Don  B.B.B., en representación del Sindicato A.A.A., (en adelante A.A.A. o el  denunciante), poniendo de manifiesto que con fecha 22 de noviembre de 2016 se  encuentran  numerosos expedientes administrativos, sin destruir,  del Consorcio  Universitario para el Centro Asociado "" María Zambrano"" de la UNED en Málaga,  (en lo  sucesivo Consorcio Universitario o el denunciado),  en un contenedor de reciclaje  al que  cualquier persona puede acceder libremente, los cuales  contienen datos de carácter  personal tales como curriculums  de alumnos, solicitudes de ayuda y  datos académicos  que resultaban accesibles a  cualquier persona. El denunciante adjunta copia de  Acta Notarial nº ***ACTA.1  de fecha 22 de  noviembre de 2016,    en la que  consta  diligencia   indicando  que personado el  notario  en el lugar señalado en el requerimiento que le efectúa el denunciante, en concreto, en  la (C/...1), comprueba que “en un contenedor de reciclaje de papel y cartón, de color  azul, hay tirada documentación de la UNED  de Málaga, de la que tomo diversas  fotografías, removiendo el requirente, a solicitud mía, la documentación en cuestión en  la medida en que se lo permitía el acceso al fondo del contenedor, a fin de fotografiar  más variedad de documentación. Fotografías que, una vez positivadas, dejaré unidas  a  esta matriz“.       La reseñada Acta Notarial   está acompañada por Diligencia fechada el 24 de  noviembre de  2016  uniendo   las siete fotografías tomadas en el citado lugar, en las  que se observa aparecen documentos  de la UNED de Málaga, si bien  su contenido no  resulta legible, motivo por el que con fecha  9 de diciembre de 2016 se solicita al  denunciante remisión “a esta Agencia de muestra significativa de la documentación  encontrada que contenga datos personales. “ Con fecha 26 de enero de 2017 el denunciante, en contestación al requerimiento  que le fue efectuado remite  copia de la siguiente  documentación: - Páginas 1 y 2 de la solicitud   para la Convocatoria de Becas de  Colaboración de profesores Tutores Titulados para el curso de acceso a la  Universidad para mayores de 25 años presentada por  Don C.C.C., en las  que consta su DNI, fecha de nacimiento, domicilio, teléfono particular así  como sus datos profesionales, incluido NRP. - Escrito de la Junta de Andalucía de fecha 13/01/2004  dirigido a  Dña D.D.D.,  de la Comisión Negociadora  Convenio Consorcio Centros Asociados UNED,  en el marco del expediente administrativo nº 005/04NRC. C/ "
aapp-00036-2017,2017,https://www.aepd.es/documento/aapp-00036-2017.pdf,https://web.archive.org/web/20251114181202id_/https://www.aepd.es/documento/aapp-00036-2017.pdf,"1/25 Procedimiento Nº AP/00036/2017 RESOLUCIÓN: R/03532/2017 En el procedimiento de Declaración de Infracción de Administraciones Públicas AP/00036/2017, instruido por la Agencia Española de Protección de Datos al AYUNTAMIENTO DE VALENCIA, y en virtud de los siguientes ANTECEDENTES PRIMERO: Con fecha 16 de junio de 2017, la Directora de la Agencia Española de Protección de Datos acordó iniciar actuaciones de investigación en relación a las noticias publicadas en prensa en las que se menciona la realización de una encuesta a 1.100 presidentes de falla, delegados de sector y falleros de base con preguntas, entre otras,  sobre su ideología política, por parte del Ayuntamiento de Valencia.  En la noticia se indica que desde hace algo más de una semana (2 de junio de 2017, aproximadamente) Invest Group - Investigación de Mercados, empresa contratada por la concejalía de Cultura Festiva, está preguntando, entre otras cosas, a los falleros si son de izquierdas o de derechas y con qué partido político se sienten más identificados. El formulario de 50 preguntas no se realiza de forma anónima, ya que se pide a los encuestados datos personales tales como nombre, apellido, número de teléfono, sector de la falla y la calle en la que residen. Los encuestadores, identificados con una tarjeta con el logo del Ayuntamiento, justificaban la petición de estos datos con el fin de que la empresa pueda verificar que se había efectuado el trabajo.  SEGUNDO: A la vista de los hechos denunciados, por los Servicios de Inspección de esta Agencia se realizaron las actuaciones siguientes: 1. Con fecha 29 de junio de 2017, se giró una visita de inspección al Ayuntamiento de Valencia (en adelante el Ayuntamiento) y a Invest Group Investigación de Mercados, S.L., (en adelante INVEST) con los siguientes resultados, en base a las manifestaciones de los representantes de las entidades inspeccionadas, y a las comprobaciones realizadas que se citan: 1.1. En virtud del contrato suscrito entre el Ayuntamiento de Valencia y la entidad INVEST, con fecha 25 de abril de 2017, la Delegación de Cultura Festiva llevó a cabo una encuesta sobre la percepción social del colectivo fallero con relación al proceso de patrimonialización de la fiesta de las Fallas.  La encuesta forma parte de un plan estratégico cuyo objetivo es la valoración del impacto económico, turístico, medioambiental y social de la Fiesta de las Fallas, en el marco de su declaración como Patrimonio Inmaterial de la Humanidad por la Unesco. Se recabó durante la inspección copia del expediente de contratación completo, incluido el contrato suscrito entre el Ayuntamiento e INVEST. Se verifica que en el contrato consta que INVEST actúa como C/ Jorge Juan, 6 www.agpd.es 28001 – Madrid sedeagpd.gob.es 2/25 encargado del tratamiento en la prestación del servicio, estableciéndose expresamente las siguientes obligaciones:  o el encargado del tratamiento tratará los datos conforme a las instrucciones del Ayuntamiento,  o los utilizará "
aapp-00039-2017,2017,https://www.aepd.es/es/documento/aapp-00039-2017.pdf,https://web.archive.org/web/20210610064354id_/https://www.aepd.es/es/documento/aapp-00039-2017.pdf,"1/35  Procedimiento Nº AP/00039/2017 RESOLUCIÓN: R/00307/2018 En el procedimiento de Declaración de Infracción de Administraciones Públicas AP/00039/2017, instruido por la Agencia Española de Protección de Datos al C.E.I.P. A.A.A. vista la denuncia presentada por los  Denunciantes 1 y 2,   y en virtud de los siguientes, ANTECEDENTES PRIMERO: Con fechas 16 y 19 de diciembre de 2016, se registran de entrada en esta Agencia sendas denuncias formuladas por los Denunciantes 1 y 2, cuya identificación aparece en  el Anexo I del presente acto, contra el COLEGIO DE EDUCACIÓN INFANTIL Y PRIMARIA A.A.A., en lo sucesivo CEIP A.A.A. , por  el tratamiento  y difusión sin su consentimiento  de  imágenes de sus hijas, ambas  menores  de  14 años edad, en el periódico   del citado centro escolar, que se publica en abierto en la página web   ***WEB.1.     En concreto, el Denunciante  1  pone de manifiesto que en  la página web del citado centro ***WEB.2,   había una fotografía de un grupo de niños, entre  los  cuales aparecía la  imagen de su hija.   Paralelamente, el Denunciante 2 pone de manifiesto que las fotografías de profesores y alumnos, así como de niños, que aparecían publicadas en los siguientes enlaces  de la página web del reseñado centro mostraban la imagen de su hija: ***WEB.3 ***WEB.4         Según el Denunciante 2, en los dos últimos años no se ha solicitado consentimiento para la realización de fotos a  los alumnos. A este respecto, señala que siempre se ha  opuesto a la publicación de fotos o videos de su hija, y que así se lo he hecho saber, de forma verbal, al  Director del centro escolar denunciado.   A su vez, el Denunciante 1 denuncia al CEIP A.A.A.  por los hechos siguientes:  - El tratamiento y difusión sin su consentimiento de los datos personales de  su hija en la página web https://www.youtube.com/X.X.X.1 del canal YouTube, donde se localiza un vídeo realizado por el  citado centro  escolar en el que  aparece la imagen de su hija entre  el  minuto 2,41 a 2,48 del mismo. C/ Jorge Juan, 6 www.agpd.es 28001 – Madrid sedeagpd.gob.es 2/35 - La exposición de  los datos personales de los alumnos que han obtenido becas en un tablón ubicado en la verja  exterior  del   reseñado centro escolar,  información que por mostrarse en la vía pública  resultaba accesible a cualquier viandante.  SEGUNDO: A la vista de los hechos denunciados, en fase de actuaciones previas,  el CEIP  A.A.A. ha manifestado a los Servicios de Inspección de esta Agencia lo siguiente: 1. En cuanto a la denuncia registrada con fecha 16 de diciembre de 2016 por el Denunciante 1,  el  CEIP A.A.A.  remite copia de los  consentimientos otorgados por la que identifica como madre de las  Menores I y II  al firmar, respectivamente,  en junio de 2012 y 2014 el documento denominado  “Autorización Uso Educativo Derecho Imagen”.  En dichos documentos autoriza el uso educativo, en el ámbito interno del colegio y en la página web del mismo, de las imágenes que puedan obtenerse de su hijo/"
aapp-00050-2017,2017,https://www.aepd.es/documento/aapp-00050-2017.pdf,https://web.archive.org/web/20240224115346id_/https://www.aepd.es/documento/aapp-00050-2017.pdf,"1/20 Procedimiento Nº AP/00050/2017 RESOLUCIÓN: R/00432/2018 En el procedimiento de Declaración de Infracción de Administraciones Públicas AP/00050/2017, instruido por la Agencia Española de Protección de Datos a la entidad INSTITUTO DE SALUD PÚBLICA Y LABORAL DE NAVARRA, vista la denuncia presentada por  el SINDICATO AFAPNA, y en virtud de los siguientes, ANTECEDENTES PRIMERO: Con fecha 22 de febrero de  2017, tiene entrada en esta Agencia un escrito de  Don  B.B.B., actuando en nombre y representación del Sindicato AFAPNA, (en lo sucesivo el denunciante),  en el   que  pone de manifiesto  que el  Instituto de Salud Pública y Laboral de Navarra  ha creado   con los datos facilitados por el Departamento de Educación del Gobierno de Navarra un grupo de “WhatsApp” sin el consentimiento de los afectados,    en el que constan todos los números de teléfono de los D.D.D.  en  prácticas   para  comunicarles   la realización de las  revisiones médicas    que ha de  practicarles.   SEGUNDO: A la vista de los hechos denunciados, en fase de actuaciones previas, por los Servicios de Inspección de esta Agencia se solicita información al  Instituto de Salud Pública y Laboral de Navarra, en adelante  el Instituto denunciado o ISPLN, que ha puesto de manifestó   al respecto: Que el grupo de “WhatsApp” se creó en los primeros días de febrero de 2017 y se eliminó a las 8 horas dado que sirvió a los efectos para los que fue creado. La finalidad fue informar a los D.D.D. en prácticas que debían ponerse en contacto telefónico con la Sección de Valoración Clínico Laboral e Inspección Médica del Instituto para llevar a cabo el preceptivo reconocimiento médico establecido en la convocatoria para el acceso a la función pública.  Los D.D.D. en prácticas eran cerca de 200, aunque en el grupo de “WhatstApp” creado sólo se incluyeron los     30 D.D.D.   con los que no se había conseguido contactar a través de otras vías.  Cualquier miembro del grupo puede acceder a la información propia que se recoge en la aplicación “WhatsApp” entre los que está el número de teléfono de todos los miembros incluidos, el nombre que hayan puesto al usuario y fotografía del perfil que hayan incluido. Por parte del Instituto no se remitió al grupo ningún dato carácter personal adicional. No se estableció ningún procedimiento para garantizar la confidencialidad y privacidad de la información enviada a cada usuario. No se creó ningún fichero de usuarios de WhatsApp. Se utilizaron los números de teléfono facilitados   por los D.D.D. en prácticas   para el proceso de selección para remitir información dada la dificultad de contacto con ellos.  Una vez  cumplida la necesidad de contactar,  el  grupo  se eliminó a las 8 horas de su creación. El Instituto denunciado remite  copia del expediente que se ha tramitado por el Defensor del Pueblo de Navarra con motivo de una queja   por  el  mismo asunto, C/ Jorge Juan, 6 www.agpd.es 28001 – Madrid sedeagpd.gob.es 2/20 también presentada por  el denunciante."
aapp-00053-2017,2017,https://www.aepd.es/es/documento/aapp-00053-2017.pdf,https://web.archive.org/web/20220302145324id_/https://www.aepd.es/es/documento/aapp-00053-2017.pdf,"1/9 Procedimiento Nº AP/00053/2017 RESOLUCIÓN: R/03507/2017 En el procedimiento de Declaración de Infracción de Administraciones Públicas AP/00053/2017, instruido por la Agencia Española de Protección de Datos a la entidad COLEGIO OFICIAL DE PSICOLOGOS DE ANDALUCIA OCCIDENTAL, vista la denuncia presentada por D.  A.A.A., y en virtud de los siguientes, ANTECEDENTES PRIMERO: Con fecha 19 de mayo de 2017, tuvo entrada en esta Agencia un escrito remitido por D.  A.A.A. (en lo sucesivo el denunciante) en el que declara que el día 3 de noviembre de 2016 recibió por correo certificado, del Colegio Oficial de Psicólogos de Andalucía Occidental (en lo sucesivo el denunciado), una notificación de que había sido denunciado ante la Comisión Deontológica de ese Colegio sin que le enviasen la denuncia. El día 4 de noviembre de 2016 se puso en contacto con esa Comisión Deontológica para comunicar que le faltaba la información de la denuncia. Manifiesta el denunciante que la persona que le atiende le indica que le envía la información de forma urgente. El mismo día 4 de noviembre recibió un correo electrónico del Colegio Oficial de Psicólogos de Andalucía Occidental, en la cuenta de correo electrónico de la consulta en la que trabaja, en el que le comunican la interposición de una denuncia contra su ejercicio profesional y adjuntan un documento con formato PDF que incluye un informe psicológico pericial de dos menores atendidos por él en su consulta. La Inspección de Datos solicitó al denunciante documentación adicional, tras lo que aportó constancia del envío de un informe psicológico con datos personales a los que deben aplicarse medidas de seguridad de nivel alto, por correo electrónico sin cifrar. SEGUNDO: Con fecha 2 de noviembre de 2017, la Directora de la Agencia Española de Protección de Datos acordó iniciar procedimiento de declaración de infracción de Administraciones Públicas al  COLEGIO OFICIAL DE PSICOLOGOS DE ANDALUCIA OCCIDENTAL por la presunta infracción del artículo 9.1 de la Ley Orgánica 15/1999, de 13 de diciembre, de Protección de Datos de Carácter Personal (en lo sucesivo LOPD), tipificada como grave  en el artículo 44.3.h) de dicha norma. TERCERO: Notificado el citado acuerdo de inicio de procedimiento de declaración de infracción de Administraciones Públicas, el COLEGIO OFICIAL DE PSICOLOGOS DE ANDALUCIA OCCIDENTAL presentó escrito de alegaciones en el que, en síntesis, manifestaba que: “Siendo el correo electrónico el canal de comunicación habitual entre el Colegio y sus miembros y debido a la excepcionalidad de la situación planteada, se incurrió en un C/ Jorge Juan, 6 www.agpd.es 28001 – Madrid sedeagpd.gob.es 2/9 error al realizar el envío de dicha documentación sin adoptar las medidas de cifrado exigidas por el articulo 104 RDLOPD en relación con el articulo 81.3 RDLOPD. En consecuencia, no cabe más que decir que se trata de un error puramente humano y puntual dentro del ámbito propio de la actividad de la denunciada que, en tanto que"
aapp-00055-2017,2017,https://www.aepd.es/es/documento/aapp-00055-2017.pdf,https://web.archive.org/web/20220307211633id_/https://www.aepd.es/es/documento/aapp-00055-2017.pdf,"1/14 Procedimiento Nº AP/00055/2017 RESOLUCIÓN: R/00443/2018 En el procedimiento de Declaración de Infracción de Administraciones Públicas AP/00055/2017, instruido por la Agencia Española de Protección de Datos al AYUNTAMIENTO DE ***LOC.1,  y en virtud de los siguientes, ANTECEDENTES PRIMERO: Con fechas 22 y 24 de marzo de 2017 se registran de entrada en esta Agencia sendos escritos en los que quienes se denominan, sin identificar, “Compañer@s Ayuntamiento ***LOC.1”, denuncian a Don  A.A.A., Policía Local del AYUNTAMIENTO DE ***LOC.1, por el uso mercantilista  que, junto con otro compañero de dicho Ayuntamiento, está realizando con los datos de carácter  personal registrados en las fichas policiales custodiadas en las dependencias de la Policía Local del AYUNTAMIENTO DE ***LOC.1, (en lo sucesivo el denunciado) al facilitarlos o vénderlos  a terceros.   Según figura en dichas denuncias, el citado Policía Local “está vendiendo/facilitando Datos de las Fichas Policiales que obran en las dependencias de la Policía Local del Ayuntamiento de ***LOC.1 a terceras personas realizando un uso Mercantilista de unos Datos Personales Policiales sobre los que tanto el Ayuntamiento de ***LOC.1 como todos los trabajadores de esta Ayuntamiento  somos Garantes y estamos obligados a velar por su privacidad y no difundirlos y sacar provecho personal, particular y económico como está haciendo este compañero”. SEGUNDO: A la vista de los hechos denunciados, en fase de actuaciones previas, por los Servicios de Inspección de esta Agencia se ha tenido conocimiento de los siguientes hechos: 1 En el Registro General de Protección de Datos de esta Agencia consta que  el Ayuntamiento de ***LOC.1 cuenta, entre otros, con un fichero denominado: PERSONAS IDENTIFICADAS Y/O DETENIDAS POR LA POCIA LOCAL, que tiene como finalidad declarada: “Personas identificadas y/o detenidas por la Policía Local o las Fuerzas y Cuerpos de Seguridad del estado que ingresan en el depósito de  detenidos municipal” 2 Solicitada información al Ayuntamiento de ***LOC.1, con fechas 14 de julio 4 de septiembre de 2017, tienen entrada en esta Agencia dos escritos remitidos por la Alcaldesa del citado municipio en los que a través de los informes emitidos, con fechas 3 de julio y  24 de agosto  de 2017, por el Jefe de la Policía Local de ***LOC.1 se pone de manifiesto que: a. Toda la plantilla tiene acceso a la base de datos de la Dirección General de Tráfico, la cual se encuentra auditada por la misma, accediendo cada agente con el número del DNI y una clave personal.  C/ Jorge Juan, 6 www.agpd.es 28001 – Madrid sedeagpd.gob.es 2/14 b. Toda la plantilla puede acceder, con una misma clave, a la base de datos del Ayuntamiento, a través del programa AMAYA, donde se pueden consultar datos del padrón municipal, obras, Juntas <Locales de Gobierno, etc.  c. Cualquier intervención policial o comparecencia de ciudadanos solicitando diversas gestiones o informaciones, una vez realizada se remite a la administración "
aapp-00066-2017,2017,https://www.aepd.es/documento/aapp-00066-2017.pdf,https://web.archive.org/web/20240331135156id_/https://www.aepd.es/documento/aapp-00066-2017.pdf,"1/24 Procedimiento Nº AP/00066/2017 RESOLUCIÓN: R/00433/2018 En el procedimiento de Declaración de Infracción de Administraciones Públicas AP/00066/2017, instruido por la Agencia Española de Protección de Datos a la Subdirección General de Nuevas Tecnologías de la Justicia, dependiente de la Secretaría General de la Administración de Justicia, Secretaria de Estado de Justicia, MINISTERIO DE JUSTICIA, y en virtud de los siguientes: ANTECEDENTES PRIMERO: Con fecha 28 de julio de 2017, se recibe notificación de la existencia de un incidente de seguridad en el sistema LexNET, firmada por el Subdirector General de Nuevas Tecnologías de la Secretaría General de la Administración de Justicia (en lo sucesivo SGNTJ), en el que se manifestaba: El incidente afectaba al buzón de correo de los usuarios de LexNET y consistía en que mediante la modificación deliberada de la dirección URL del navegador, cambiando los dígitos de identificación del usuario, se podía acceder a los buzones de otros usuarios. Dicha identificación consta de 10 dígitos, por lo que para acceder a un buzón concreto hay que conocer el identificador asociado a dicho usuario. En la SGNTJ se  tuvo conocimiento del incidente de seguridad el día 27 de julio de 2017 al recibirse aviso de un usuario de LexNET. La brecha aparece en una versión de LexNET puesta en producción el 20 de julio de 2017. La primera acción que se tomo fue verificar que el incidente existía y, a continuación, se resolvió a las 5 horas desde la detección del incidente. No existen expedientes completos en LexNET, sino notificaciones, que es la información que ha quedado comprometida. El tipo de acceso no autorizado que permite la brecha habilita visualizar el buzón del tercero al que pertenece el identificador, pero no abrir una comunicación que no haya sido previamente abierta por el usuario legítimo.  En relación con los hechos, se habían iniciado investigaciones internas para determinar lo sucedido. En relación a dicha comunicación, con fecha de 28 de julio de 2017, la Directora de la Agencia Española de Protección de Datos acuerda iniciar actuaciones de investigación para que se realice el seguimiento de las consecuencias que dicha brecha haya podido tener y evaluar de las acciones tomadas por los responsables del sistema en el marco de la gestión del incidente. A su vez, y por el mismo tema, se han recibido los escritos de tres denunciantes. SEGUNDO: A la vista de los hechos, se iniciaron actuaciones de investigación con los siguientes resultados:   C/ Jorge Juan, 6 www.agpd.es 28001 – Madrid sedeagpd.gob.es 2/24 1. La disposición de creación del fichero LexNET es el Real Decreto 1065/2015, de 27 de noviembre, sobre comunicaciones electrónicas en la administración de justicia, publicado el 1 de diciembre de 2015 en el BOE, en el que se determina que el responsable del mismo es la Subdirección General de Nuevas Tecnologías de la Justicia dependiente de la Secretaría General de la Administración de Justicia, Secretar"
aapp-00070-2017,2017,https://www.aepd.es/es/documento/aapp-00070-2017.pdf,https://web.archive.org/web/20220307210958id_/https://www.aepd.es/es/documento/aapp-00070-2017.pdf,"1/14 Procedimiento Nº AP/00070/2017 RESOLUCIÓN: R/00767/2018 En el procedimiento de Declaración de Infracción de Administraciones Públicas AP/00070/2017, instruido por la Agencia Española de Protección de Datos al SERVICIO ARAGONÉS DE SALUD - GERENCIA SECTOR BARBASTRO - HOSPITAL DE BARBASTRO, vista la denuncia presentada por AJUNTAMENT DE LLEIDA - GUARDIA URBANA - UNITAT D'INVESTIGACIO I POLICIA ADMINISTRATIVA, y en virtud de los siguientes ANTECEDENTES PRIMERO: Con fecha 16 de agosto de 2017 tiene entrada en esta Agencia un escrito del AJUNTAMENT DE LLEIDA - GUARDIA URBANA - UNITAT D'INVESTIGACIO I POLICIA ADMINISTRATIVA en el que denuncia lo siguiente:  Con fecha 4 de agosto de 2017 Agentes de la Guardia Urbana fueron requeridos por una ciudadana, que manifiesta que en el Campo de Deportes de la calle (C/...1) se encuentran papeles con datos personales. Se comprueba que se trata de documentación correspondiente al Hospital de Barbastro (Huesca), entre la que se encuentran listados de ocupación de camas, informes de maternidad y valoraciones socio sanitarias, entre otros.  Puestos en contacto con la Directora del citado Hospital, ésta manifiesta desconocer los motivos por los que dicha documentación se encuentra en la vía pública y que iniciarían una investigación para averiguarlo. Se anexa copia de varios documentos. SEGUNDO: Tras la recepción de la denuncia, la Subdirección General de Inspección de Datos procedió a la realización de actuaciones previas de investigación para el esclarecimiento de los hechos denunciados (Informe E/04914/2017), teniendo conocimiento de los siguientes extremos: Con fecha 28 de septiembre de 2017 se recibe escrito del Servicio Aragonés de Salud, Gerencia Sector Barbastro, en el que manifiesta que: a. Esa Dirección desconoce las razones por las que la citada documentación se encontraba depositada en la vía pública.  b. Esa Dirección no tiene establecido un procedimiento específico para la custodia y destrucción de documentación. No obstante, en cuanto a la custodia de documentación sanitaria, ese Hospital oferta a todos los profesionales sanitarios y no sanitarios el acceso a la formación específica en materia de protección de datos, mediante cursos de periodicidad anual o bianual. C/ Jorge Juan, 6 www.agpd.es 28001 – Madrid sedeagpd.gob.es 2/14 c. En cuanto a la destrucción, la documentación se custodia durante cinco años con base en la Ley 41/2002, de 14 de noviembre. d. No es posible aportar el Documento de Seguridad. e. En cuanto a la información comunicada a los trabajadores en esta materia, existe una Comisión de Historias Clínicas del Hospital de Barbastro donde se trabaja para garantizar que el tratamiento y custodia de la documentación por parte de todo el personal se realice dentro de la normativa vigente, para lo  cual se ha elaborado un Manual de acceso a la Historia clínica. Así mismo, todos los empleados firman un documento de conformidad al cumplimiento de las obligaciones en relación al acceso a dato"
aapp-00071-2017,2017,https://www.aepd.es/es/documento/aapp-00071-2017.pdf,https://web.archive.org/web/20220307210801id_/https://www.aepd.es/es/documento/aapp-00071-2017.pdf,"1/21 Procedimiento Nº AP/00071/2017 RESOLUCIÓN: R/00707/2018 En el procedimiento de Declaración de Infracción de Administraciones Públicas AP/00071/2017, instruido por la Agencia Española de Protección de Datos al SERVICIO ANDALUZ DE SALUD, (CONSEJERÍA DE SALUD  DE LA JUNTA DE ANDALUCÍA),  y en virtud de los siguientes, ANTECEDENTES PRIMERO: En el período comprendido entre el 7 de junio y el 3 de agosto de 2017 tienen entrada en esta Agencia tres denuncias formuladas  contra el Servicio Andaluz de  Salud por las personas cuya identificación  figura  en el Anexo General que se adjunta a esta resolución, (en lo sucesivo  identificados como  Denunciantes 1, 2 y 3). En las citadas denuncias se ponen de manifiesto los siguientes hechos:  El Servicio Andaluz de la Salud puso en marcha, en el primer semestre de 2017, la “ventana electrónica del candidato” que permitía a los participantes a la OPE 2013/2015, que habían superado el corte de nota en el examen, adjuntar documentación sobre méritos. El sistema tenía numerosos fallos, que se podían comunicar contactando con un número de teléfono de incidencias, donde se solicitaban datos de nombre y apellidos y D.N.I.  A las personas que reportaban alguna incidencia se les remitía información sobre la resolución de la incidencia a través de correo electrónico.  Los denunciantes han recibido correos electrónicos de resolución de las incidencias con los datos de terceras personas.  Las Denunciantes 2 y 3  anexan la siguiente documentación: Correos electrónicos recibidos desde la dirección  ***EMAIL.1 en el mes de mayo de 2017, donde se les notifica la resolución de la incidencia. La Denunciante  2  ha remitido copia de siete correos electrónicos  recibidos con fecha 23 de mayo de 2017, desde la citada dirección en el que constan los datos de nombre y apellidos, dirección de correo electrónico, detalle de la incidencia reportada, número de teléfono y NIF de otras siete personas.  La Denunciante 3 aporta copia de cuatro  correos electrónicos recibidos desde la citada dirección, con fecha 23 de mayo de 2017, donde constan los datos de nombre y apellidos, dirección de correo electrónico, detalle de la incidencia reportada, número de teléfono y NIF de otras tres  personas. Entre dichos datos se encuentran los correspondientes a la Denunciante 2. SEGUNDO: A la vista de los hechos denunciados, en fase de actuaciones previas, por los Servicios de Inspección de esta Agencia se solicita información al Servicio Andaluz de Salud (Consejería de Salud de la Junta de Andalucía),  Subdirección de Tecnologías de la Información y Comunicaciones,  que con  fecha 2 de agosto de 2017 C/ Jorge Juan, 6 www.agpd.es 28001 – Madrid sedeagpd.gob.es 2/21 ha remitido a esta Agencia la siguiente información en relación con las notificaciones erróneas (correos electrónicos) remitidas con fecha 23 de mayo de 2017: 1 Siguiendo el procedimiento establecido por la Subdirección, con fecha 18 de mayo de 2017, se registró en el sistema de ge"
aapp-00073-2017,2017,https://www.aepd.es/es/documento/aapp-00073-2017.pdf,https://web.archive.org/web/20220307211159id_/https://www.aepd.es/es/documento/aapp-00073-2017.pdf,"1/23 Procedimiento Nº AP/00073/2017 RESOLUCIÓN: R/00630/2018 En el procedimiento de Declaración de Infracción de Administraciones Públicas AP/00073/2017, instruido por la Agencia Española de Protección de Datos al  GRUPO MUNICIPAL SOCIALISTA EN EL AYUNTAMIENTO DE NOJA, vista la denuncia presentada por Doña A.A.A., Don B.B.B., Don C.C.C., Doña D.D.D., Doña E.E.E. y Don F.F.F., y en virtud de los siguientes, ANTECEDENTES PRIMERO: Con fecha 31 de mayo de 2017 se registra de entrada denuncia formulada por  los siguientes denunciantes Doña A.A.A. (en adelante  A.A.A.1), Don B.B.B.(en adelante  B.B.B.2),  Don C.C.C. (en adelante  C.C.C.1), Doña D.D.D. (en adelante D.D.D.1),  Doña E.E.E. (en adelante  E.E.E.1), y Don F.F.F. (en adelante  F.F.F.1), poniendo de manifiesto lo siguiente:  El 21 de junio de 2016 acudieron los denunciantes, vecinos de Noja (Cantabria), a pedir explicaciones al Ayuntamiento de dicha localidad por una tala de árboles, siendo recibidos por el equipo de gobierno. La concejal Doña G.G.G. procedió a grabarles en una parte de la conversación con su móvil, no teniendo constancia los denunciantes de dicha circunstancia al no serles comunicado en ningún momento. Don H.H.H., concejal del Partido Socialista Obrero Español en Noja,  ( en lo sucesivo, H.H.H.1), interpuso una denuncia  contra muchos de los vecinos que estaban allí presentes, que derivó en un Juicio celebrado el 1 de marzo de 2017 sobre delitos leves y en que se presentó como prueba el video grabado sin el consentimiento de los denunciantes. En dicho juicio se retiró la denuncia dirigida contra cinco de los denunciantes, continuando contra Don F.F.F.1.  El 24 de mayo de 2017 el grupo político NOJA PSOE subió a su página de Facebook “Noja Psoe” dicho video, accesible públicamente, sin pedir autorización expresa a los que aparecían en mismo.  Un día después el video circulaba por Internet, resultando accesible en  la página web ***URL.1. Junto a la denuncia se anexa, entre otra,  la siguiente documentación:  Sentencia dictada en la denuncia interpuesta por Don H.H.H.1. En ella consta que se practicó como prueba la reproducción del archivo de video.  Impresiones de pantalla de la página de Facebook “Noja Psoe” con diversos fotogramas del video publicado en ella. C/ Jorge Juan, 6 www.agpd.es 28001 – Madrid sedeagpd.gob.es 2/23 SEGUNDO: A la vista de los hechos denunciados, en fase de actuaciones previas, los Servicios de Inspección de esta Agencia han tenido conocimiento de los siguientes hechos: 1. Se ha comprobado, en fechas 20/06/2017 y 11/07/2017, que el video “altercado en el Ayuntamiento de Noja” se encuentra publicado por “Ahora Cantabria” en Youtube, URL = ***URL.2 En esas mismas fechas, el citado video no se encuentra publicado en la página de Facebook “Noja Psoe”. Por otro lado, se verifica que las impresiones de pantalla aportadas por los denunciantes, en las que figuran fotogramas del video publicado en la página de Facebook “Noja Psoe” no se encuentran fechadas ni"
aapp-00076-2017,2017,https://www.aepd.es/documento/aapp-00076-2017.pdf,https://web.archive.org/web/20251125000505id_/https://www.aepd.es/documento/aapp-00076-2017.pdf,"1/12 Procedimiento Nº AP/00076/2017 RESOLUCIÓN: R/00629/2018 En el procedimiento de Declaración de Infracción de Administraciones Públicas AP/00076/2017, instruido por la Agencia Española de Protección de Datos a VALORA GESTION TRIBUTARIA, y en virtud de los siguientes, ANTECEDENTES PRIMERO: Con fecha 26 de febrero de 2016, tiene entrada en esta Agencia escrito de Don  B.B.B. ( H.H.H., en adelante) en el que expone que VALORA GESTION TRIBUTARIA, Organismo Autónomo Local de carácter administrativo creado por el Cabildo de Gran Canaria, le remitió dos notificaciones por correo certificado, en cuyo frontal figuraba, junto con sus datos personales, el motivo de las mismas. En un envío constaba “NOTIFICACIÓN DE EMBARGO DE CUENTA CORRIENTE” y en otro envío figuraba  “PROVIDENCIA EMBARGO TRABAJADOR”. Como resultado de las actuaciones Previas de Inspección de referencia E/02118/2016  practicadas con motivo de dicha denuncia, con fecha  27 de diciembre de 2016, la Directora de la Agencia Española de Protección de Datos acordó iniciar procedimiento de declaración de infracción de Administraciones Públicas AP/00065/2016  a la entidad VALORA GESTION TRIBUTARIA, (VALORA o denunciado, en adelante), con arreglo a lo dispuesto en el artículo 46 de LOPD, por la presunta infracción del artículo  9 de dicha norma, en relación con el artículo 92 del Reglamento de desarrollo de la Ley Orgánica 15/1999, de 13 de diciembre, aprobado por Real Decreto 1720/2007, de 21 de diciembre de protección de datos de carácter personal, (RLOPD),  tipificada como  grave  en el artículo 44.3 h) de la citada Ley Orgánica. Notificado dicho acuerdo de inicio, VALORA no ejerció su derecho a formular alegaciones al mismo, motivo por el cual el contenido del reseñado acuerdo de inicio, tal y como se señalaba en   la notificación del mencionado acto, se consideró como propuesta   de resolución, en virtud de lo previsto en el artículo 64.2.f) de la Ley 39/2015, de 1 de octubre, de Procedimiento Administrativo Común de las Administraciones Públicas. SEGUNDO: Con fecha 22 de febrero de 2017, la  Directora de la Agencia Española de Protección de Datos  resolvió: “PRIMERO: DECLARAR que VALORA GESTION TRIBUTARIA había infringido lo dispuesto en el artículo del artículo  9 de LOPD, en relación con el artículo 92 del Reglamento que la desarrolla (RD 1720/2007, de 21 de diciembre), tipificada como grave en el artículo 44.3 h de la citada Ley Orgánica SEGUNDO: REQUERIR a VALORA GESTION TRIBUTARIA, de acuerdo con lo establecido en el apartado 3 del artículo 46 de la Ley 15/1999, para que acredite en el plazo de un mes desde este acto de notificación las medidas de orden interno que impidan que en el futuro pueda producirse una nueva infracción del artículo 9 de la LOPD, para lo que se abre expediente de actuaciones previas  E/00994/2017. C/ Jorge Juan, 6 www.agpd.es 28001 – Madrid sedeagpd.gob.es 2/12 En concreto, se consideraría adecuada la supresión de la información que indica el motivo concreto de "
aapp-00077-2017,2017,https://www.aepd.es/es/documento/aapp-00077-2017.pdf,https://web.archive.org/web/20220307211308id_/https://www.aepd.es/es/documento/aapp-00077-2017.pdf,"1/8 Procedimiento Nº AP/00077/2017 RESOLUCIÓN: R/01288/2018 En el procedimiento de Declaración de Infracción de Administraciones Públicas AP/00077/2017, instruido por la Agencia Española de Protección de Datos a la entidad AYUNTAMIENTO DE BALCONCHAN, vista la denuncia presentada por D. A.A.A., y en virtud de los siguientes:, ANTECEDENTES PRIMERO: Con fecha de entrada 5/9/17 tiene entrada escrito de D. A.A.A., (en lo sucesivo el denunciante) contra AYUNTAMIENTO DE BALCONCHAN (en lo sucesivo la denunciada), declarando lo siguiente: 1. Que se han instalado trece cámaras de videovigilancia distribuidas por todas las calles del municipio y claramente enfocadas a la vía pública, recogiendo imagen y voz. 2. Su instalación se declara en el Boletín Provincial de Zaragoza para la regulación del tráfico, pero se ubican en todo el pueblo, incluso en zonas con apenas tráfico ni semáforos o señales de circulación. 3. Las cámaras enfocan entradas a domicilios por lo que pueden controlar quién entra y sale, con quién, etc., pudiendo grabar conversaciones. SEGUNDO: Se adjunta la siguiente documentación por parte del denunciante: 1. Reportaje fotográfico donde se muestran marcadas nueve cámaras y otros tres dispositivos más, de los cuales no se puede apreciar su naturaleza en las fotografías aportadas (no se aprecia si son cámaras, sensores, cajetines, etc…). 2. Copia del anuncio en el Boletín Oficial de la Provincia de Zaragoza mediante el que se publica el acuerdo de la Junta de Gobierno del Ayuntamiento de Balconchán (en adelante el Ayuntamiento) en el que se acuerda la instalación de una red de videocámaras para el control, vigilancia y disciplina del tráfico. 3. No se aportan evidencias o indicios de captación o grabación sonora. TERCERO: Por parte del Subdirector General de Inspección de Datos, en base al contenido de la denuncia, se procedió a la apertura de actuaciones previas con referencia E/05395/2017. Por los Servicios de Inspección de esta Agencia se recaba información a la entidad AYUNTAMIENTO DE BALCONCHAN, teniendo conocimiento de que: <<<<< Los representantes del Ayuntamiento de Balconchán han aportado la siguiente información y documentación: 1. La finalidad de la instalación es la regulación del acceso de vehículos pesados o voluminosos al casco urbano de Balconchán, toda vez que la estrechez de las calles dificulta su tránsito e introducen riesgos a las personas y los bienes. C/ Jorge Juan, 6 www.agpd.es 28001 – Madrid sedeagpd.gob.es 2/8 La ausencia de Cuerpo de Policía Local del Ayuntamiento es suplida de este modo, evitando la renuncia en el ejercicio de las funciones de vigilancia, control y regulación del tráfico. 2. Adjuntan copia de los anuncios publicados en el BOP de Zaragoza así como de la carta remitida a la Delegación del Gobierno en Aragón con motivo del acuerdo de instalación de cámaras adoptado. La instalación la realizó DASIT, S.A., empresa inscrita en la D.G.S. del Estado con el número 229. 3. Respecto de los lugares donde se e"
actuaciones-cronograma-actualizado-28-2-2017,2017,https://www.aepd.es/es/documento/actuaciones-cronograma-actualizado-28-2-2017.pdf,https://web.archive.org/web/20220302032906id_/https://www.aepd.es/es/documento/actuaciones-cronograma-actualizado-28-2-2017.pdf,"ACTUACIONES PLAN ESTRATÉGICO 2015-2019   PLAZO  EJE ESTRATÉGICO 1  PREVENCIÓN PARA UNA PROTECCIÓN MÁS EFICAZ     PROTECCIÓN DE LOS CIUDADANOS     1. Guía general sobre los derechos de los ciudadanos  2017  2. Guía sobre Privacidad y Seguridad en Internet  2016  3. Relaciones con los prestadores de servicios en internet  2015/19  4. Auditar las políticas de privacidad en la prestación de servicios en internet  2015/19  5. Relaciones con las principales empresas afectadas por la contratación irregular y la morosidad, y con los ficheros comunes de solvencia  2015/19  6. Plan de Inspección sectorial de oficio sobre control de datos en contratación telefónica y a través de internet (actualización)  2017/18  7. Guía para la presentación de quejas y reclamaciones en el ámbito de las telecomunicaciones  2017/18  8. Colaboración con otras Administraciones y con organizaciones sociales orientadas a la protección de los consumidores y usuarios y, en particular, con  el Consejo de Consumidores y Usuarios  2016/19  9. Guía para comprar con seguridad en Internet.  2017  10. Elaboración de materiales prácticos y creación de una sección de preguntas frecuentes (FAQs) sobre contratación irregular y morosidad  2016/17  11. Espacio web sobre privacidad en los tratamientos de datos con fines de publicidad.   2017  12. Guía sobre Protección de Datos en el ámbito de la publicidad. Orientaciones para anunciantes y derechos de los afectados.  2017  13. Colaboración con las entidades que promueven esquemas de autorregulación en esta materia  2016/19  14. Fomento de la protección de la privacidad de las víctimas de violencia de género y colaboración con la Fiscalía General del Estado y las unidades  especializadas de la Guardia Civil y del Cuerpo Nacional de Policía, especialmente en el ámbito de internet y las nuevas tecnologías  2015/19            PROTECCIÓN DE LOS MENORES Y EDUCACIÓN  PLAZO  15. Teléfono de información dirigido a centros educativos, docentes, monitores, padres y menores, y canal de comunicación a través de WhatsApp  2015  16. Canal activo de comunicación con otras administraciones y entidades para difundir iniciativas que fomenten un uso responsable de las nuevas  tecnologías  2015/19  17. Actuaciones de desarrollo del Plan de inspección sectorial de oficio sobre servicios cloud en el ámbito educativo  2015/16  18. Colaboración con las Administraciones educativas en materia de formación de docentes, alumnos y padres  2015/19  19. Colaboración con la Fiscalía de Menores y la Fiscal de Sala de Criminalidad Informática en la elaboración de materiales para prevenir delitos en  internet, traslado de actuaciones delictivas que conozca la AEPD y participación en jornadas de formación conjuntas  2015/19  20. Guía para la prevención de delitos relacionados con el uso de la información personal en internet.  2017  21. Colaboración con las Fuerzas y Cuerpos de Seguridad para el desarrollo de acciones formativas y de herramientas de información que garanticen una "
cuadro-actuaciones-previstas-para-2017,2017,https://www.aepd.es/es/documento/cuadro-actuaciones-previstas-para-2017.pdf,https://web.archive.org/web/20220302032859id_/https://www.aepd.es/es/documento/cuadro-actuaciones-previstas-para-2017.pdf,"PLAZO Espacio web sobre privacidad en los tratamientos de datos con fines de publicidad (11)  Guía para comprar con seguridad en internet (9) Canal activo de comunicación con otras administraciones y entidades para difundir iniciativas que fomenten un uso responsable de las nuevas tecnologías (16) Guía para la prevención de infracciones/delitos relacionadas con el uso de la información personal en internet (20) PLAN ESTRATÉGICO AEPD  ACTUACIONES PREVISTAS PARA 2017 Guía para la presentación de quejas y reclamaciones en el ámbito de las telecomunicaciones (7) Colaboración con las Administraciones educativas en la formación de docentes, alumnos y padres (18) Colaboración con las FCS para el desarrollo de acciones formativas y herramientas de información que garanticen una navegación segura del menor y las familias en internet (21) Fomento de la protección de la privacidad de las víctimas de violencia de género y colaboración con la Fiscalía General del Estado y las unidades especializadas de la Guardia Civil y del Cuerpo Nacional de Policía, especialmente en el ámbito de internet y las nuevas tecnologías (14) Colaboración con las entidades que promuevan esquemas de autorregulación en materia de publicidad (13) Colaboración con la Fiscalía de Menores y la Fiscal de Sala de Criminalidad Informática en la elaboración de materiales para prevenir  delitos en internet, traslado de actuaciones delictivas que conozca la AEPD y participación en jornadas de formación conjuntas (19) Actuaciones en desarrollo del P.I.S.O. sobre servicios cloud en el ámbito educativo (17) INICIATIVAS Auditar las políticas de privacidad en la prestación de servicios en internet (4) Relaciones con las principales empresas afectadas por la contratación irregular y la morosidad, y con los ficheros comunes de solvencia (5) Colaboración con otras Administraciones y con organizaciones sociales orientadas a la protección de los consumidores y usuarios, y, en particular, con el Consejo de Consumidores y Usuarios (8) Relaciones con los prestadores de servicios en internet (3) Guía general sobre los derechos de los ciudadanos (1) Inspecciones sectoriales de oficio (52) Herramientas específicas adaptadas al entorno sanitario (33) Fomento de buenas prácticas en materia de privacidad (36) Promoción de la seguridad jurídica mediante la emisión de informes preceptivos de los proyectos normativos (37) Plan de inspección sectorial de oficio de sanidad (actualización) (29) Evaluación de los modelos de certificación y acreditación del cumplimiento de la normativa de protección de datos (48) Colaboración con el Defensor del Pueblo (39) Colaboración con las Comunidades Autónomas y las Entidades Locales (46) Colaboración con el Consejo General del Poder Judicial (41) Colaboración con la Fiscalía General del Estado (42) Relaciones con la Secretaría de Estado para la Sociedad de la Información y la Agenda Digital, Red.es, Ministerio de Hacienda y Función Pública -Secretaría General de Administración Di"
cuadro-final-actividades-2017,2017,https://www.aepd.es/es/documento/cuadro-final-actividades-2017.pdf,https://web.archive.org/web/20220302150257id_/https://www.aepd.es/es/documento/cuadro-final-actividades-2017.pdf,"CRONOGRAMA EJECUCIÓN 2017 2015/19 2015/19 2015/19 2017/19 2017/18 2016/19 2017 2017 2017 2016/19 2015/19 2015/19 2015/16 2015/19 2015/19 2017 Guía sobre Protección de Datos en el ámbito de la publicidad. Orientaciones para anunciantes y derechos de los afectados (12) Canal activo de comunicación con otras administraciones y entidades para difundir iniciativas que fomenten un uso responsable de las nuevas tecnologías (16) EJE 1. PREVENCIÓN PARA UNA PROTECCIÓN MÁS EFICAZ PROGRAMA 1.1. PROTECCIÓN DE LOS CIUDADANOS PROGRAMA 1.2. PROTECCIÓN DE LOS MENORES Y EDUCACIÓN Relaciones con los prestadores de servicios en internet (3) Guía general sobre los derechos de los ciudadanos (1) Guía para la prevención de delitos relacionados con el uso de la información personal en internet (20) Auditar las políticas de privacidad en la prestación de servicios en internet (4) Relaciones con las principales empresas afectadas por la contratación irregular y la morosidad, y con los ficheros comunes de solvencia (5) Plan de Inspección sectorial de oficio de contratación a distancia (6) Guía para comprar con seguridad en internet (9) PLAN ESTRATÉGICO AEPD  BALANCE DE EJECUCIÓN ACTUACIONES 2017 Guía para la presentación de quejas y reclamaciones en el ámbito de las telecomunicaciones (7) Colaboración con las Administraciones educativas en materia de formación de docentes, alumnos y padres (18) Fomento de la protección de la privacidad de las víctimas de violencia de género y colaboración con la Fiscalía General del Estado y las unidades especializadas de la Guardia Civil y del Cuerpo Nacional de Policía, especialmente en el ámbito de internet y las nuevas tecnologías (14) Colaboración con las entidades que promuevan esquemas de autorregulación en materia de publicidad (13) Colaboración con la Fiscalía de Menores y la Fiscal de Sala de Criminalidad Informática en la elaboración de materiales para prevenir delitos en internet, traslado de actuaciones delictivas que conozca la AEPD y participación en jornadas de formación conjuntas (19) Actuaciones en desarrollo del P.I.S.O. sobre servicios cloud en el ámbito educativo (17) INICIATIVAS Colaboración con otras Administraciones y con organizaciones sociales orientadas a la protección de los consumidores y usuarios, y, en particular, con el Consejo de Consumidores y Usuarios (8) Espacio web sobre privacidad en los tratamientos de datos con fines de publicidad (11)  2015/19 2015/19 2016/17 2016/17 2016/17 2017 2015/19 2015/19 2015/19 2015/19 2015/19 2015/19 2015/19 2015/19 2015/19 2015/19 2015/19 2017/19 2017/19 2016/17 2015/19 2017/19 2017 Inspecciones sectoriales de oficio (52).  Herramientas específicas adaptadas al entorno sanitario (33) PROGRAMA 1.3. SANIDAD PROGRAMA 1.4. ACCIONES EN RELACIÓN CON LAS ADMINISTRACIONES PÚBLICAS PROGRAMA 1.5. CERTIFICACIÓN, ACREDITACIÓN Y AUDITORÍA PROGRAMA 1.6. OTRAS ACTUACIONES DE PREVENCIÓN Colaboración con las Universidades, especialmente en el ámbito de la investigación (47) Colaboración c"
e-00092-2017,2017,https://www.aepd.es/es/documento/e-00092-2017.pdf,https://web.archive.org/web/20220307211704id_/https://www.aepd.es/es/documento/e-00092-2017.pdf,"1/8 Expediente Nº: E/00092/2017 RESOLUCIÓN DE ARCHIVO DE ACTUACIONES De las actuaciones practicadas por la Agencia Española de Protección de Datos ante la  entidadJUNGLE.BOX, S.L. en virtud de denuncia presentada por  A.A.A. y teniendo  como base los siguientes HECHOS PRIMERO: Con fecha de  15 de noviembre de 2016 tiene entrada en esta Agencia, una  denuncia presentada por  A.A.A., en adelante el denunciante, contra JUNGLE.BOX S.L.  relativa a la recepción de comunicaciones comerciales, remitidas desde el dominio  mkt.aprendemas.com, en las que se promocionan los productos o servicios de  JUNGLE.BOX S.L.  que se remiten después de haber solicitado de forma reiterada el  cese del envío de tales comunicaciones electrónicas. El denunciante aporta la siguiente documentación: a) Correos electrónicos recibidos los días 31 de octubre de 2016  y  los días 7, 14 y  15  de noviembre (dos recibidos ese mismo día 15) en la dirección   A.A.A.@gmail.com  junto con sus cabeceras completas. Las cabeceras completas son necesarias porque  incluyen identificación de los servidores de correo por los que el mensaje transitó hasta  su destino.  b) Confirmaciones de Baja  de la base de datos de JUNGLE BOX S.L., remitidas desde  la dirección ....@aprendemas.com a la dirección   A.A.A.@gmail.com, los días 2, 14 y  15   de noviembre de 2016 (dos remitidas ese mismo día 15), junto con sus cabeceras  completas.   SEGUNDO: Tras la recepción de la denuncia la Subdirección General de Inspección de  Datos procedió a la realización de  actuaciones previas de investigación para el  esclarecimiento de los hechos denunciados, teniendo conocimiento de los siguientes  extremos: 1. El denunciante recibe en su cuenta de correo  A.A.A.@gmail.com, correos  electrónicos comerciales procedentes de la dirección ....@mkt.aprendemas.com  los  días 31 de octubre y 7, 14 y 15 de noviembre de 2016 (dos recibidos ese mismo día 15) 2. En los citados correos electrónicos se indica lo siguiente: “(…) Si en adelante no  desea recibir más e-mail de este tipo, puede pinchar aquí, gracias” 3. En fechas 2, 14 y  15   de noviembre de 2016, el denunciante recibe en su dirección  de correo  A.A.A.@gmail.com correos electrónicos en lo que se confirma la baja desde  la dirección ....@aprendemas.com. 4. En respuesta a la solicitud de información realizada por la inspectora actuante, se  recibe escrito de JUNGLE BOX  S.L. en el que dicha entidad manifiesta, en relación con  C/ Jorge Juan, 6 www.agpd.es 28001 – Madrid sedeagpd.gob.es 2/8 los hechos denunciados, lo siguiente: (…) Primero.- Respecto a la información que se requiere en relación al origen del  dato  B.B.B.. El mismo se dispone y trata para la finalidad de remisión de newsletter y  comunicaciones electrónicas asociadas al objeto de la entidad denunciada en base a la  recogida de dicho dato de forma voluntaria por la persona que, a tal efecto, ha solicitado  información acerca de cursos que se reproducen en la Página Web titularidad de la  entidad den"
e-00095-2017,2017,https://www.aepd.es/es/documento/e-00095-2017.pdf,https://web.archive.org/web/20220307210348id_/https://www.aepd.es/es/documento/e-00095-2017.pdf,"1/6 Expediente Nº: E/00095/2017 RESOLUCIÓN DE ARCHIVO DE ACTUACIONES De las actuaciones practicadas por la Agencia Española de Protección de Datos ante el  INSTITUTO DE POSTGRADO EN TERAPIA MANUAL S.L. (INSTEMA S.L.)  en virtud  de la denuncia presentada por  B.B.B. y teniendo como base los siguientes: HECHOS PRIMERO.-  Con fecha de 28 de octubre de 2016 tiene entrada en esta Agencia, a  través de su sede electrónica, una denuncia presentada por   B.B.B., en adelante el  denunciante, contra  el  INSTITUTO DE POSTGRADO EN TERAPIA MANUAL S.L.  (INSTEMA S.L.),  relativa a la recepción de comunicaciones  comerciales remitidas  desde la dirección  ...@instema.net,  sin que éstas hayan sido solicitadas o  expresamente autorizadas y que se remiten después de haber solicitado de forma  reiterada el cese del envío  de tales comunicaciones electrónicas. El denunciante aporta la siguiente documentación: a) Solicitudes de Baja remitidas por correo electrónico desde la  dirección ....1@gmail.com a la dirección ...@instema.net,  con el asunto BAJA,  los días  30 de abril, 4 de agosto, 5 de septiembre, 9 de septiembre y  22 de diciembre de 2015, y  13 de octubre y 27 de octubre de 2016. b) Correos electrónicos recibidos los días 13 de octubre de 2016  y 27 de octubre  de 2016 en la dirección ....@gmail.com junto con sus cabeceras completas. Las  cabeceras completas son necesarias porque incluyen identificación de los servidores de  correo por los que el mensaje transitó hasta su destino.  SEGUNDO.-   Tras la recepción de la denuncia, la Subdirección General de Inspección  de Datos procedió a la realización de actuaciones previas de investigación para el  esclarecimiento de los hechos denunciados, teniendo conocimiento de los siguientes  extremos: 1. El denunciante recibe en su cuenta de correo ....@gmail.com  correos  electrónicos los días   13 de octubre y 27 de octubre de 2016. 2. En los citados correos electrónicos se indica que   “Si no desea recibir más comunicaciones comerciales de INSTEMA puede darse  de baja enviando un mail a ...@instema.net  con el asunto “Baja”.   En los mismos se publicitan los servicios ofertados en la web www.instema.net,  en cuyo Aviso Legal se identifica a Instituto de Postgrado de Terapia Manual INSTEMA  S.L. como responsable de la página web. C/ Jorge Juan, 6 www.agpd.es 28001 – Madrid sedeagpd.gob.es 2/6 3. En respuesta a la solicitud de información realizada por esta Agencia, se  recibe escrito de INSTITUTO DE POSTGRADO EN TERAPIA MANUAL (INSTEMA) en  el que dicha entidad manifiesta, en relación con los hechos denunciados, lo siguiente: “Tenemos todos nuestros ficheros dados de alta según lo marca la LOPD en la  AGENCIA DE PROTECCIN DE DATOS. (Se adjuntan)  (....) Les ofrecemos, en  cada una de las comunicaciones, la posibilidad de darse de  baja de la suscripción a todos aquellos que lo reciben (texto incluido en el pie de los e- mails). A parte de que esta baja se realice automáticamente a través del programa  informático,"
e-00160-2017,2017,https://www.aepd.es/es/documento/e-00160-2017.pdf,https://web.archive.org/web/20220307212203id_/https://www.aepd.es/es/documento/e-00160-2017.pdf,"1/4 Expediente Nº: E/00160/2017 RESOLUCIÓN DE ARCHIVO DE ACTUACIONES De las actuaciones practicadas [de oficio] por la Agencia Española de Protección de  Datos ante Doña  A.A.A. en virtud de denuncia presentada por Doña  B.B.B.  (denunciante) y teniendo como base los siguientes HECHOS PRIMERO: Con fecha 30 de diciembre de 2016, tuvo entrada en esta Agencia escrito de  Dña.  B.B.B.  (en lo sucesivo la denunciante)  frente a Doña  A.A.A. en lo sucesivo la  (denunciado/a) en el que denuncia: “Lleva más de dos Años con cámaras de video-vigilancia instaladas en la Puerta  de su Casa, enfocando todas al exterior. Una de ella enfoca a la salida de mi casa y  calle y la otra al pasillo del Jardín (…)—folio nº 1-. Se aporta reportaje fotográfico, “4” fotografías, en las se observa en la fachada  exterior de una vivienda “2” cámaras, una de ellas podría captar la vía pública y, según  manifiesta la denunciante, el acceso a su vivienda y la otra una zona con vegetación.  También, se observa en las fotografías sendos carteles colocados debajo de cada una  de las “2” cámaras en los que se informa de la existencia de cámaras de videovigilancia.  SEGUNDO: Tras la recepción de la denuncia la Subdirección General de Inspección de  Datos procedió a la realización de  actuaciones previas de investigación para el  esclarecimiento de los hechos denunciados, teniendo conocimiento de los siguientes  extremos: Con fecha 19 de junio de 2017, la denunciada informa a la Inspección de Datos  en relación con la instalación de las “2” cámaras en la fachada de su vivienda lo  siguiente: Que las cámaras no están operativas y para cuya acreditación aporta  folleto/manual CCTV Dummy Camera en cuya descripción consta “Cámara CCTV  simulada con lente de diafragma automático (falsa). Un diseño profesional para dar la  impresión de seguridad. Incorpora un LED intermitente. Abrazadera de montaje incluida  (…).  El motivo por el cual han instalado las cámaras en la fachada es por seguridad y por  frenar conductas irracionales que no se logran erradicar, ya que el vehículo de su  propiedad, que lo aparca en la vía pública, se lo rayan constantemente, y por sus  vecinos que teme por su seguridad física, ya que le insultan y vive sola. La denunciada aporta “2” fotografías en las se observa las cámaras, los carteles  informativos de la instalación de videocámaras y un plano de la ubicación de las  mismas.  C/ Jorge Juan, 6 www.agpd.es 28001 – Madrid sedeagpd.gob.es 2/4 La forma exterior, aspecto y disposición de las cámaras coincide con las fotografías  aportadas por la denunciante y con las características descritas en el manual. FUNDAMENTOS DE DERECHO I Es competente para resolver la Directora de la Agencia Española de Protección  de Datos, conforme a lo establecido en el artículo 37.d) en relación con el artículo 36,  ambos de la Ley Orgánica 15/1999, de 13 de diciembre, de Protección de Datos de  Carácter Personal (en lo sucesivo LOPD). II En el presente caso, se procede a examinar la "
e-00215-2017,2017,https://www.aepd.es/es/documento/e-00215-2017.pdf,https://web.archive.org/web/20220307210644id_/https://www.aepd.es/es/documento/e-00215-2017.pdf,"1/12 Expediente Nº: E/00215/2017 RESOLUCIÓN DE ARCHIVO DE ACTUACIONES De las actuaciones practicadas por la Agencia Española de Protección de Datos  ante el  AYUNTAMIENTO DE ***LOC.1 . en virtud de denuncia presentada por D.  B.B.B. y teniendo como base los siguientes HECHOS PRIMERO: Con fecha 22 de noviembre de 2016 tiene entrada en esta Agencia escrito  de D.  B.B.B.  (en adelante el denunciante) comunicando posible infracción a la Ley  Orgánica 15/1999 motivada por cámaras de videovigilancia cuyo titular es la entidad  AYUNTAMIENTO DE ***LOC.1 . (en adelante el denunciado) instaladas en el  C.C.C.. El denunciante manifiesta que se han instalado cámaras de videovigilancia  perimetrales que captan la vía pública y en el interior del Parque de Bomberos en  lugares sensibles como zona de taquillas, sala de estar del personal y salón comedor.  Adjunta reportaje fotográfico SEGUNDO: Tras la recepción de la denuncia la Subdirección General de Inspección de  Datos procedió a la realización de  actuaciones previas de investigación para el  esclarecimiento de los hechos denunciados, teniendo conocimiento de los siguientes  extremos: Con fecha 6 de marzo de 2017 se solicita información al  AYUNTAMIENTO DE  ***LOC.1 . teniendo entrada en esta Agencia con fecha 5 de abril de 2017 escrito del  denunciado en el que manifiesta: - La instalación del sistema de videovigilancia fue realizada por el personal del  Ayuntamiento de ***LOC.1 -  . Las causas por las que se montó el sistema de videovigilancia derivaron de  dos circunstancias: a. La primera fue porque la sala de comunicaciones y control de las puertas del  parque no tiene visualización exterior de las instalaciones, con lo que se dificulta la  salida sin peligro de los vehículos de emergencias ya que el parque se encuentra en un  cruce semafórico el cual se corta para dar salida a dichos vehículos, debido a esta  circunstancia se montó un primer número de cámaras que controlaban el cruce y las  puertas de salida. b. Una segunda ampliación del sistema fue debido a actos vandálicos que  afectaron a la fachada del parque de bomberos, en concreto quema de neumáticos en  las puertas del mismo así como sabotajes en los sistemas informáticos del Parque,  vitales para las actuaciones en las emergencias (corte de suministro del router 112).  Debido a posibles actos vandálicos dentro de las instalaciones y a posibles intrusiones  ajenas a este servicio se amplió el sistema de videovigilancia. De estas circunstancias  se informó a las secciones sindicales presentes en el Parque de Bomberos. Se adjunta  copia del documento en el que se informa a los representantes de los trabajadores.  -    Aportan fotografías de los carteles informativos de la existencia de una zona  videovigilada, de las que se desprende que se han colocado 6 carteles informativos que  incluyen información sobre el responsable ante el que se pueden ejercer los derechos  de protección de datos de carácter personal. C/ Jorge Juan, 6 www.agpd.es 280"
e-00235-2017,2017,https://www.aepd.es/es/documento/e-00235-2017.pdf,https://web.archive.org/web/20220307211412id_/https://www.aepd.es/es/documento/e-00235-2017.pdf,"1/5 Expediente Nº: E/00235/2017 RESOLUCIÓN DE ARCHIVO DE ACTUACIONES De las actuaciones practicadas por la Agencia Española de Protección de Datos ante la  entidad ENDESA ENERGÍA, S.A.U. en virtud de denuncia presentada por Dña. A.A.A. y  teniendo como base los siguientes HECHOS PRIMERO: Con fecha 21 de noviembre de 2016, tuvo entrada en esta Agencia escrito  de Dña. A.A.A. (en lo sucesivo la denunciante) en el que denuncia que está recibiendo  reiteradas llamadas de la operadora energética denunciada para reclamar el pago de  dos facturas vinculadas a un contrato que no lleva su firma. SEGUNDO: Tras la recepción de la denuncia la Subdirección General de Inspección de  Datos procedió a la realización de actuaciones previas de investigación para el  esclarecimiento de los hechos denunciados, teniendo conocimiento de los siguientes  extremos: La empresa ENDESA ENERGÍA, S.A.U. en su escrito de fecha de registro  15/02/2017 (número de registro ***REG.1) ha remitido la siguiente información  pertinente a los efectos de la investigación:  En el escrito de alegaciones proporcionan la siguiente información relevante al  caso: o El 31/10/2014 se recibió notificación del banco (“mediante cinta”, según el  escrito) solicitando modificación del número de cuenta bancaria al que se  venían cargando las facturas de suministro de energía eléctrica  correspondiente al punto de suministro sito en el domicilio que aporta la  denunciante en su denuncia a la Agencia.  o El citado contrato tuvo de titular de pago a B.B.B. (empleado del grupo  Endesa) hasta 31/10/2014, y a la denunciante a partir de entonces. Para  probar este punto se incluye una impresión de pantalla de los datos de  cliente de la denunciante, donde se observa como fecha de alta en el  sistema 31/10/2014, y una segunda captura de pantalla, relativa al cliente  B.B.B., donde se lee que su fecha de alta fue 23/01/2007 y la fecha de  baja 26/08/2015. o Dicho cliente contactó con una empleada del departamento de  contratación de la empresa denunciada para informar de que ya no  residía en la vivienda correspondiente al Punto de Suministro indicado y  que el contrato de suministro seguía a su nombre sin ser él el usuario  efectivo de la energía, puesto que únicamente se había cambiado la  domiciliación bancaria de las facturas, solicitando que se regularizase la  situación contractual a nombre de la usuaria efectiva del suministro, esto  es, la denunciante. Posiblemente esta regularización se solicitó poco  antes del 26/08/2015, momento en que se registró en el sistema la baja  C/ Jorge Juan, 6 www.agpd.es 28001 – Madrid sedeagpd.gob.es 2/5 del cliente y la alta de la denunciante con un nuevo contrato (según la  impresión de pantalla, ambos contratos tenían códigos identificadores  distintos). o Conforme a la normativa vigente de aplicación (en el escrito se cita RD  1955/2000, arts. 79.3, 83), Endesa procedió a tramitar, a solicitud de  B.B.B., un cambio de titularidad del citado contrato a nombre de la"
e-00237-2017,2017,https://www.aepd.es/es/documento/e-00237-2017.pdf,https://web.archive.org/web/20220302145254id_/https://www.aepd.es/es/documento/e-00237-2017.pdf,"1/6 Expediente Nº: E/00237/2017 RESOLUCIÓN DE ARCHIVO DE ACTUACIONES De las actuaciones practicadas por la Agencia Española de Protección de Datos ante la  entidad BIGBANK AS CONSUMER FINANCE SPANICH BRANCH en virtud de  denuncia presentada por D.  E.E.E. y teniendo como base los siguientes: HECHOS PRIMERO: Con fecha 13 de diciembre de 2016, tuvo entrada en esta Agencia escrito de  D.  E.E.E. (en lo sucesivo el denunciante) en el que denuncia que la entidad denunciada  BIGBANK AS CONSUMER FINANCE (en adelante BIGBANK) ha incluido sus datos en  los ficheros de solvencia patrimonial y de crédito ASNEF y BADEXCUG sin  requerimiento previo de pago.  SEGUNDO: Tras la recepción de la denuncia la Subdirección General de Inspección de  Datos procedió a la realización de actuaciones previas de investigación para el  esclarecimiento de los hechos denunciados, teniendo conocimiento de los siguientes  extremos: La empresa BIGBANK AS CONSUMER FINANCE SPANISH BRANCH en su  escrito de fecha de registro 14/02/2017 (número de registro ***REG.1) ha remitido la  siguiente información pertinente a los efectos de la investigación:  Impresión de pantalla con los datos que figuran en sus sistemas relativos al  denunciante. Entre los mismos consta como dirección del denunciante  C.C.C.).  Esta dirección es ligeramente distinta a la que figura en la denuncia ( A.A.A.), y  ambas son distintas a la que figura en el DNI aportado por el denunciante:  B.B.B.).   Copia de la carta, sin número de referencia (éste se incluye en el reverso de la  notificación: ***NOT.1) y fechada a 23/08/2016, que remite la entidad denunciada  al denunciante a la dirección  D.D.D.) en la que se reclama el pago de la deuda  contraída por importe de 1.090,00 euros y se advierte de que sus datos podrían  incluirse en ficheros de solvencia patrimonial y de crédito de mantenerse la  situación de impago en el plazo de 15 días.  Certificado con fecha 13/02/2017 de EXPERIAN BUREAU DE CRÉDITO S.A  acreditando los siguientes extremos: o Que BIGBANK ha contratado con ellos el servicio de impresión y envío  de requerimientos previos de pago anteriores a la inclusión de  operaciones impagadas en ficheros de solvencia patrimonial y de crédito.  Se adjunta copia del contrato y anexo, aunque no especifica fecha de  firma. o Que con fecha 23/08/2016 fue enviado el requerimiento de previo de  pago descrito en el ítem anterior, con código ***NOT.1, recibido el  C/ Jorge Juan, 6 www.agpd.es 28001 – Madrid sedeagpd.gob.es 2/6 18/08/2016 y procesado el día 21/08/2016. o Se adjunta certificado de IMPRE-LASER S.L., empresa subcontratada  por EXPERIAN para la impresión de las notificaciones, que acredita la  impresión de 23.127 cartas correspondientes a la carga del 21/08/2016,  entre las que se encuentra el requerimiento previo de pago en cuestión. o Se adjunta documento de IMPRE-LASER S.L. sellado por CTI  TECNOLOGIA Y GESTION S.A., empresa subcontratada por EXPERIAN  para el envío de las notificaciones, que acredit"
e-00336-2017,2017,https://www.aepd.es/documento/e-00336-2017.pdf,https://web.archive.org/web/20251124143813id_/https://www.aepd.es/documento/e-00336-2017.pdf,"1/4 Expediente Nº: E/00336/2017 RESOLUCIÓN DE ARCHIVO DE ACTUACIONES De las actuaciones practicadas por la Agencia Española de Protección de Datos ante la  entidad VODAFONE ESPAÑA SAU en virtud de denuncia presentada por Dña.  A.A.A.  y teniendo como base los siguientes HECHOS PRIMERO: Con fecha 22 de diciembre de 2016, tuvo entrada en esta Agencia escrito de  Dña.  A.A.A. en el que denuncia que desde marzo de 2016 la entidad denunciada le  “está pasando recibos” por una línea telefónica que no ha contratado. El denunciante aporta, entre otra, copia de la siguiente documentación:  Certificado emitido por CaixaBank, S.A. con fecha 28/10/2014 que acredita que  la denunciante es titular de la cuenta número  B.B.B..   Extracto bancario con membrete de la entidad CaixaBank que refleja una  domiciliación de un cargo por importe de 24,59 euros con fecha 11/3/2016  realizado en la cuenta número  B.B.B. en el que figura como ordenante la  entidad denunciada y como titular  C.C.C..  Extracto bancario con membrete de la entidad CaixaBank que refleja una  domiciliación de un cargo por importe de 25,23 euros con fecha 13/4/2016  realizado en la cuenta número  B.B.B. en el que figura como ordenante la  entidad denunciada y como titular  C.C.C..  Extracto bancario con membrete de la entidad CaixaBank que refleja una  domiciliación de un cargo por importe de 25,00 euros con fecha 12/5/2016  realizado en la cuenta número  B.B.B. en el que figura como ordenante la  entidad denunciada y como titular  C.C.C..  Extracto bancario con membrete de la entidad CaixaBank que refleja una  domiciliación de un cargo por importe de 25,00 euros con fecha 13/6/2016  realizado en la cuenta número  B.B.B. en el que figura como ordenante la  entidad denunciada y como titular  C.C.C..  Extracto bancario con membrete de la entidad CaixaBank que refleja una  domiciliación de un cargo por importe de 25,00 euros con fecha 13/7/2016  realizado en la cuenta número  B.B.B. en el que figura como ordenante la  entidad denunciada y como titular  C.C.C..  Extracto bancario con membrete de la entidad CaixaBank que refleja una  domiciliación de un cargo por importe de 25,00 euros con fecha 12/8/2016  realizado en la cuenta número  B.B.B. en el que figura como ordenante la  entidad denunciada y como titular  C.C.C..  Extracto bancario con membrete de la entidad CaixaBank que refleja una  domiciliación de un cargo por importe de 25,00 euros con fecha 13/9/2016  realizado en la cuenta número  B.B.B. en el que figura como ordenante la  entidad denunciada y como titular  C.C.C.. C/ Jorge Juan, 6 www.agpd.es 28001 – Madrid sedeagpd.gob.es 2/4  Extracto bancario con membrete de la entidad CaixaBank que refleja una  domiciliación de un cargo por importe de 26,00 euros con fecha 13/10/2016  realizado en la cuenta número  B.B.B. en el que figura como ordenante la  entidad denunciada y como titular  C.C.C..  Extracto bancario con membrete de la entidad CaixaBank que refleja una  domiciliación de "
e-00350-2017,2017,https://www.aepd.es/es/documento/e-00350-2017.pdf,https://web.archive.org/web/20220307210902id_/https://www.aepd.es/es/documento/e-00350-2017.pdf,"1/5 Expediente Nº: E/00350/2017 RESOLUCIÓN DE ARCHIVO DE ACTUACIONES De las actuaciones practicadas por la Agencia Española de Protección de Datos ante la entidad ORANGE ESPAGNE, S.A.U., en virtud de la denuncia presentada por D. B.B.B. y en consideración a los siguientes HECHOS PRIMERO: Con fecha 02/12/2016, tuvo entrada en la Agencia Española de Protección de Datos (AEPD) un escrito de D.  B.B.B. (en lo sucesivo el denunciante) en el que expone que sus datos personales figuran incluidos en el fichero ASNEF por una supuesta deuda de 1.003,27 euros, que no le pertenece, informados por JAZZ TELECOM,S.A.U. Niega haber celebrado contrato alguno con esa operadora y afirma que los datos relativos al domicilio que constan en ASNEF asociados a su nombre y apellidos no coinciden con el suyo.            Anexa a la denuncia copia del DNI y de la denuncia que presentó en la Policía el 23/11/2016, en la que declara que con ocasión de intentar portar su línea desde MOVISTAR a YOIGO tuvo conocimiento de que sus datos personales figuraban incluidos en ficheros de morosidad. Detalla en la denuncia policial que ejerció el derecho de acceso ante EQUIFAX IBÉRICA, S.L., quien le informó de que sus datos figuraban incluidos en el fichero ASNEF con fecha de alta 29/09/2015, por una deuda de 1003,28 euros, comunicados por JAZZTEL, entidad con la que niega haber contratado, y vinculados a un domicilio en  ***LOC.1. Adjunta, asimismo, escrito de presentación de una reclamación ante la OMIC del Ayuntamiento de Fuenlabrada (Madrid) el 24/11/2016.             La entidad JAZZ TELECOM, S.A.U., se fusionó con ORANGE ESPAGNE, S.A.U., por la que fue absorbida, otorgándose la escritura pública de fusión por absorción el 08/02/2016. Así pues, la denuncia se entiende efectuada frente a ORANGE ESPAGNE, S.A.U. (en lo sucesivo, ORANGE o la denunciada)   SEGUNDO: Tras la recepción de la denuncia, la Subdirección General de Inspección de Datos procedió a la realización de Actuaciones Previas de Investigación para el esclarecimiento de los hechos en el marco del E/00350/2017.           Se practicaron actuaciones ante las entidades Orange Espagne, S.A.U.; Equifax Ibérica, S.L., y la Oficina Municipal de Información al Consumidor de Fuenlabrada. Se tuvo conocimiento de los siguientes extremos:  1.-   Orange Espagne, S.A.U.: En fecha 20/02/2017 la denunciada responde al requerimiento efectuado por la Inspección de Datos, de fecha 24/01/2017, en el que hace las siguientes manifestaciones:  C/ Jorge Juan, 6 www.agpd.es 28001 – Madrid sedeagpd.gob.es 2/5 1.1. Que en sus sistemas constan los datos de  B.B.B., con NIF  ***NIF.1, domicilio en (C/...1). Cuenta bancaria de la entidad ***ENTIDAD.1. 1.2. Que vinculados a estos datos figura la contratación en fecha 23/01/215 del servicio “Internet 4G en tu casa”, asociado al contrato ***CONTRATO.1.          Afirma que el contrato se celebró a través del “    canal de internet    ”. 1.3. Afirma que la contratación “fue catalogada como activación fraudu"
e-00352-2017,2017,https://www.aepd.es/es/documento/e-00352-2017.pdf,https://web.archive.org/web/20220307210924id_/https://www.aepd.es/es/documento/e-00352-2017.pdf,"1/6 Expediente Nº: E/00352/2017 RESOLUCIÓN DE ARCHIVO DE ACTUACIONES De las actuaciones practicadas por la Agencia Española de Protección de Datos ante la  entidad BANCO DE CAJA ESPAÑA DE INVERSIONES, SALAMANCA Y SORIA, S.A.,  en virtud de denuncia presentada por A.A.A. y teniendo como base los siguientes HECHOS PRIMERO: Con fecha 07/12/2016, tuvo entrada en esta Agencia escrito de D. A.A.A.  (en lo sucesivo el denunciante)  en el que denuncia a BANCO DE CAJA ESPAÑA DE  INVERSIONES, SALAMANCA Y SORIA, S.A. (en lo sucesivo CAJA ESPAÑA), por los  siguientes hechos:   Que la entidad denunciada ha incluido sus datos en el fichero de solvencia  patrimonial y de crédito ASNEF sin requerimiento previo de pago.   Que, tras sentencia judicial de 31/07/2013  que desestimaba la demanda de la  deuda por parte de la entidad denunciada, ésta no procedió a cancelar los datos  personales del denunciante comunicados al fichero ASNEF. Estos siguieron  constando en dicho fichero hasta 27/11/2014, cuando el denunciante ejerció su  derecho de cancelación ante la empresa que gestiona dicho fichero, EQUIFAX.  El denunciante estima que dichos datos personales deberían haber sido  cancelados cautelarmente en el momento en que se cuestionó la exactitud de los  mismos con la presentación de la demanda judicial.  Que 2 años después de la desestimación de la deuda y estando ya la cuenta  bancaria cerrada por litigio, recibió 3 cartas procedentes de INTRUM JUSTITIA  IBÉRICA, S.A.U.  (en lo sucesivo INTRUM), con fechas 02/07/2015, 21/08/2015  y 24/09/2015, en las que se le volvía a reclamar la deuda. El denunciante estima  que su relación contractual con el banco había terminado y, por consiguiente,  éste carece de autorización para ceder sus datos de solvencia patrimonial y  crédito a la empresa de recobro.   Que la empresa denunciada ha reabierto la mencionada cuenta bancaria, con  fecha 09/01/2016, sin su autorización ni la de su hermano, ambos únicos  titulares de la cuenta.  Que la empresa denunciada ha realizado consultas a los ficheros de solvencia y  patrimonial y crédito después de haber terminado su relación contractual con el  denunciante al menos en tres ocasiones con el objetivo de recabar evidencias  para fundamentar sus alegaciones en el proceso judicial abierto en base a la  demanda interpuesta por el denunciante en enero de 2016 por vulneración de su  honor. Aporta el denunciante abundante documentación. SEGUNDO: Tras la recepción de la denuncia la Subdirección General de Inspección de  Datos procedió a la realización de  actuaciones previas de investigación para el  esclarecimiento de los hechos denunciados, teniendo conocimiento de los siguientes  extremos: - INTRUM en su escrito de fecha de registro 10/02/2017 ha remitido la siguiente  C/ Jorge Juan, 6 www.agpd.es 28001 – Madrid sedeagpd.gob.es 2/6 información pertinente a los efectos de la investigación:  Contrato de prestación de servicios con fecha 15/05/2013, firmado con BANCO DE  CAJA ESPAÑA DE I"
e-00655-2017,2017,https://www.aepd.es/es/documento/e-00655-2017.pdf,https://web.archive.org/web/20220307211532id_/https://www.aepd.es/es/documento/e-00655-2017.pdf,"1/8 Expediente Nº: E/00655/2017 RESOLUCIÓN DE ARCHIVO DE ACTUACIONES De las actuaciones practicadas por la Agencia Española de Protección de Datos  ante D. A.A.A. en virtud de denuncia presentada por Dª.  B.B.B. y teniendo como base  los siguientes HECHOS PRIMERO: Fecha de entrada de la denuncia: 9 de diciembre de 2016  Denunciante: Dª. B.B.B. Denuncia a: D.  A.A.A. Por los siguientes hechos según manifestaciones del denunciante: Instalación de tres  cámaras de vigilancia en su propiedad que captan imágenes del camino que da servicio  a varias fincas y de la propiedad de la denunciante. Y, entre otra, anexa la siguiente documentación:  Reportaje fotográfico de las cámaras instaladas y supuesta zona captada por las  mismas.  Ortofoto de la zona y plano de cartografía catastral, incluyendo ambos marcas  que indican de la ubicación de las cámaras. SEGUNDO: Tras la recepción de la denuncia la Subdirección General de Inspección de  Datos procedió a la realización de  actuaciones previas de investigación para el  esclarecimiento de los hechos denunciados, teniendo conocimiento de los siguientes  extremos: 1. Respecto de los lugares donde se encuentran instaladas las cámaras  de videovigilancia, el denunciado aporta plano de los lugares donde se  ubican y fotografías de las cámaras. Facilita también fotografías de las  imágenes captadas tal cual se visualizan en el monitor.  De la documentación aportada se desprende que se encuentran instaladas tres  cámaras exteriores, dos en un poste de alumbrado y una en la fachada de la casa:  La primera cámara capta mayoritariamente la puerta del  garaje/almacén y en menor medida parte del suelo del interior de la  finca.    La segunda cámara está enfocada hacia el interior de la finca (en  dirección contraria al camino), captando la vivienda y al fondo de la  imagen un pequeño bosque y el campo circundante.  La tercera cámara enfoca hacia el exterior de la vivienda en  dirección al acceso, apreciándose en la imagen la captación del  interior de la finca y el acceso desde el camino interior a la vivienda,  no apreciándose el camino exterior de acceso al estar oculto por  C/ Jorge Juan, 6 www.agpd.es 28001 – Madrid sedeagpd.gob.es 2/8 máscaras de privacidad. 2. La empresa instaladora de las cámaras es PROSEGUR ALARMAS  ESPAÑA SL, en virtud de contrato firmado el 26/09/2016 cuya copia  aporta. 3. Los motivos de instalación del sistema son los diversos robos  producidos en los alrededores de la propiedad, ubicada en zona con  escaso nivel de población, y que generaron alarma social reflejada en  diversas noticias de prensa cuya copia aporta.  Respecto de la finalidad por la cual se han instalado las cámaras manifiesta que  responde al control de posibles accesos no autorizados a la propiedad y disuasoria, al  suponer la presencia de las cámaras y los carteles informativos una clara advertencia  para quién pretenda acceder a la propiedad. 4. Respecto de la información facilitada sobre la existencia de cámaras,  ap"
e-00656-2017,2017,https://www.aepd.es/es/documento/e-00656-2017.pdf,https://web.archive.org/web/20220307210610id_/https://www.aepd.es/es/documento/e-00656-2017.pdf,"1/10 Expediente Nº: E/00656/2017 RESOLUCIÓN DE ARCHIVO DE ACTUACIONES De las actuaciones practicadas por la Agencia Española de Protección de Datos  ante el AYUNTAMIENTO DE MONTIJO. SR. SECRETARIO en virtud de denuncia  presentada por D.  A.A.A. y teniendo como base los siguientes HECHOS PRIMERO: Con fecha de 5 de septiembre de 2016 tiene entrada en la Agencia  Española de Protección de Datos (AEPD) escrito de D.  A.A.A. (en adelante  denunciante), X.X.X., comunicando posible infracción a la Ley Orgánica 15/1999  motivada por cámaras de videovigilancia cuyo titular es el Ayuntamiento de Montijo (en  adelante denunciado) instaladas en las dependencias de la Policía Local, enfocando  zona de gestiones del público, cocina y vía pública. Añade, que se encuentran instaladas cámaras en la oficina principal, desde donde  se accede a la zona de taquillas, armero y cocina, que graban pantallas de los  ordenadores y el pasillo desde donde el público realiza gestiones con la policía y el  organismo autónomo de recaudación. Que el Jefe de la Policía tiene instalado el monitor  en su despacho en el que se visualiza las imágenes. Se adjunta reportaje fotográfico, “10” fotografías, en las que se observa instaladas  cámaras: en un despacho con puestos de trabajo, en un patio interior y en la fachada de  un edificio. Asimismo, denuncia que ha solicitado acceso al contrato de grabación de las  llamadas de audio de la sala 092 y sus términos de uso y que tras dos meses ni le  contestan ni le dan acceso a lo solicitado. SEGUNDO: Tras la recepción de la denuncia la Subdirección General de Inspección de  Datos procedió a la realización de  actuaciones previas de investigación para el  esclarecimiento de los hechos denunciados, teniendo conocimiento de los siguientes  extremos: El Alcalde del Ayuntamiento de Montijo ha informado a la Inspección de Datos,  con fecha de 3 de julio de 2017, en relación con el sistema de videovigilancia instalado  en las dependencias de la Policía Local lo siguiente: - Respecto de los lugares donde se encuentran ubicadas las “4” cámaras de  videovigilancia en el edificio detallan lo siguiente:   Cámara 1: Patio de Jefatura donde existe una puerta de acceso exterior,  vehículos, archivos, etc.   Cámara 2: Despacho oficial donde se guardan archivos de documentos,  material, y acceso a Jefatura donde se encuentra la caja fuerte, armas y la  unidad de grabación de las cámaras.  Cámara 3: fachada orientada hacia la puerta principal y zona de seguridad  C/ Jorge Juan, 6 www.agpd.es 28001 – Madrid sedeagpd.gob.es 2/10 donde se estaciona el vehículo oficial.  Cámara 4: Sala de atención ciudadana donde se controla emisoras y material  policial, por seguridad de los agentes de servicio en puertas. Se aporta reportaje fotográfico, “9” fotografías de la ubicación de las cámaras así como  de las imágenes captadas que se visualizan en el monitor, en las que se observa que la  cámara ubicada en la fachada se encuentra orientada hacia la puerta de acc"
e-00751-2017,2017,https://www.aepd.es/documento/e-00751-2017.pdf,https://web.archive.org/web/20251126081100id_/https://www.aepd.es/documento/e-00751-2017.pdf,"1/5 Expediente Nº: E/00751/2017 RESOLUCIÓN DE ARCHIVO DE ACTUACIONES De las actuaciones practicadas por la Agencia Española de Protección de Datos ante la  entidad  VODAFONE ONO, S.A.U.. en virtud de denuncia presentada por  C.C.C. y  teniendo como base los siguientes HECHOS PRIMERO: Con fecha 15/12/2016, tuvo entrada en esta Agencia escrito de D.  C.C.C.  (en lo sucesivo el denunciante), en el que denuncia a  VODAFONE ONO, S.A.U.. (en lo  sucesivo VODAFONE ONO) por los siguientes hechos: Que recibe llamadas en la línea  D.D.D. de la compañía VODAFONE ONO desde el nº  E.E.E., entre otras, el día 15/12/2016 a las 19:13 y 19:14horas (2 llamadas), que no es ni  ha sido cliente de la operadora. Que se encuentra incluido en la Lista Robinson de la Asociación Española de la  Economía Digital, desde el 11/05/2015, con el nº  D.D.D. para exclusión publicitaria (se  adjunta documentación acreditativa al respecto). Los servicios de la línea  D.D.D. los tiene contratados con el operador Telefónica de  España, S.A.U., según factura aportada de fecha 01/12/2016.  SEGUNDO: Tras la recepción de la denuncia la Subdirección General de Inspección de  Datos procedió a la realización de actuaciones previas de investigación para el  esclarecimiento de los hechos denunciados, teniendo conocimiento de los siguientes  extremos: 1. Con respecto a la línea  E.E.E. emisora de las llamadas realizadas al  denunciante ( D.D.D.) se ha verificado que en la Comisión Nacional de los  Mercados y la Competencia consta que el operador actual es VOXBONE, S.A. (en lo sucesivo BOXBONE) La Inspección de Datos ha verificado que figura información en internet del número  de teléfono  E.E.E. referente a comentarios y denuncias de personas que reciben  llamadas en sus teléfonos de telemarketing asociado a la compañía VODAFONE  ONO. La Inspección de Datos se ha puesto en contacto telefónico con el nº  E.E.E.,  reproduciéndose una elocución automática en ingles que informa “Deja el mensaje  después de la señal, lo siento hay un fallo en el buzón”. Dichas comprobaciones constan en la Diligencias de fecha 20/09/2017.  2. La sociedad de nacionalidad belga VOXBONE, con CIF Nº  B.B.B. ha  manifestado a la Inspección de Datos que el titular del nº de línea  E.E.E., en el  periodo comprendido entre el 10 y el 20/12/2016 era FENIX CALL CENTER, con  dirección en rue Uruguay, etage 2, nº 17 en Tanger (Marruecos). 3. Con respecto a la línea del denunciante  D.D.D. receptora de las llamadas la  compañía Telefónica de España, S.A.U. ha confirmado a la Inspección de Datos  que el citado nº recibió dos llamadas del nº llamador 34 E.E.E., el día 15/12/2016  C/ Jorge Juan, 6 www.agpd.es 28001 – Madrid sedeagpd.gob.es 2/5 a las 19:13:00 horas y a las 19:14:27 horas, y que dichas llamadas fueron  proporcionadas por VODAFONE LTD (Reino Unido).  4. La compañía VODAFONE ONO ha informado a la Inspección de Datos, con  fecha de 08/11/2017, en relación con las llamadas recibidas por el denunciante  lo siguiente:  El"
e-00779-2017,2017,https://www.aepd.es/documento/e-00779-2017.pdf,https://web.archive.org/web/20240626191934id_/https://www.aepd.es/documento/e-00779-2017.pdf,"1/7 Expediente Nº: E/00779/2017 RESOLUCIÓN DE ARCHIVO DE ACTUACIONES De las actuaciones practicadas por la Agencia Española de Protección de Datos ante la  entidad COMBRAY SOLUTIONS, S.L. en virtud de denuncia presentada por AYUNTAMIENTO  ZARAGOZA, POLICIA LOCAL, SECTOR 5, y teniendo como base los siguientes HECHOS PRIMERO: Con fecha 18/11/2016, tuvo entrada en esta Agencia un escrito de la Policía Local del  Ayuntamiento de Zaragoza mediante el que solicita que se lleven a cabo las comprobaciones  oportunas para determinar si la actuación desarrollada por la entidad COMBRAY SOLUTIONS,  S.L. (en lo sucesivo COMBRAY) en nombre de Endesa Energía, S.A.U. (en lo sucesivo  ENDESA), para la captación de nuevos clientes, se ajusta a la normativa de protección de datos  de carácter personal. En dicho escrito, la Policía Local pone de manifiesto que, el día 08/11/2016, dos agentes  identificaron en la vía pública a dos comerciales de COMBRAY, los cuales portaban tabletas  electrónicas que contenían datos personales de antiguos clientes de ENDESA que habían  decidido portar sus contratos de suministro a otras empresas, según manifestaron dichos  comerciales, así como facturas en formato papel correspondientes al suministro de gas y  electricidad de diferentes personas. Como ejemplo, detallan los datos de tres de las facturas  portadas por los comerciales, con indicación del número de factura, nombre (A.A.A., B.B.B. y  C.C.C.) y domicilio del titular, aunque no acompañan copia de esta documentación. SEGUNDO: Tras la recepción de la denuncia la Subdirección General de Inspección de Datos  procedió a la realización de  actuaciones previas de investigación para el esclarecimiento de los  hechos denunciados, teniendo conocimiento de los siguientes extremos: 1. COMBRAY firmó con ENDESA un contrato de prestación de servicios con vigencia durante el  período 01/04/2016 a 31/03/2017, en virtud del cual aquella entidad se obligaba a la identificación  de potenciales clientes y a la formalización de los contratos de alta con los mismos. En el punto 9 del contrato, relativo al “Tratamiento de los datos de carácter personal de los  clientes de Endesa Energía”  la cláusula 9.1.1) establece que COMBRAY deberá de verificar que  el cliente es el titular del punto de suministro y a tal efecto “…podrá solicitar la exhibición de la  última factura de suministro y comprobar que el potencial cliente coincide con el titular indicado  en dicha factura. Si el potencial cliente dispone de copia de dicha factura o no tiene  inconveniente en facilitar el original, se recabará la misma y se acompañará a la solicitud de  contratación.” 2. En su escrito de respuesta al requerimiento que le fue realizado por los Servicios de  Inspección, COMBRAY manifestó lo siguiente: C/ Jorge Juan, 6 www.agpd.es 28001 – Madrid sedeagpd.gob.es 2/7 1.1. Las tabletas electrónicas de que disponen los comerciales llevan incorporado un  software de Endesa con datos precargados que, según tiene entendido, pro"
e-00876-2017,2017,https://www.aepd.es/es/documento/e-00876-2017.pdf,https://web.archive.org/web/20220307211351id_/https://www.aepd.es/es/documento/e-00876-2017.pdf,"1/5 Expediente Nº: E/00876/2017 RESOLUCIÓN DE ARCHIVO DE ACTUACIONES De las actuaciones practicadas por la Agencia Española de Protección de Datos ante la  entidad HIDROCANTÁBRICO ENERGÍA SAU en virtud de denuncia presentada por D.  D.D.D., que actúa en representación de D.  B.B.B. y teniendo como base los siguientes HECHOS PRIMERO: Con fecha 8 de febrero de 2016, tuvo entrada en esta Agencia escrito de D.  D.D.D., que actúa en representación de D.  B.B.B. en el que denuncia que GAS  NATURAL S.U.R. SDG S.A. le ha dado de baja en el suministro de energía eléctrica y a  su vez le han dado de alta en la empresa comercializadora HIDROCANTÁBRICO  ENERGÍA SAU, sin su consentimiento. SEGUNDO: Posteriormente el 26 de abril de 2017, la Directora de la Agencia Española  de Protección de Datos, dictó resolución, en la cual se acordaba proceder al archivo del  expediente nº E/01160/2016 por caducidad y abrir las presentes actuaciones  E/00876/2017, toda vez que los hechos objeto de denuncia y susceptibles de infracción  administrativa no se encuentran prescritos. TERCERO: Tras la recepción de la denuncia la Subdirección General de Inspección de  Datos procedió a la realización de actuaciones previas de investigación para el  esclarecimiento de los hechos denunciados, teniendo conocimiento de los siguientes  extremos: 1. HIDROCANTÁBRICO ENERGÍA SAU, aporta impresión de pantalla de la  siguiente información que obra en sus sistemas: 1.1  Datos relativos a nombre, apellidos, domicilios y direcciones de contacto  y cuentas bancarias:  C.C.C. C/  F.F.F. piso  G.G.G.  , teléfonos  J.J.J. y  K.K.K. correo  electrónico  A.A.A., cuenta bancaría  E.E.E.. 1.2 Productos y/o servicios contratados con fechas de alta y baja de cada  uno de ellos. A nombre de D.  C.C.C. se dieron de alta el contrato de suministro eléctrico, con  fecha 22 de marzo de 2015 y el contrato de servicios Funciona con fecha 25 de febrero  de 2015, estando en vigor a fecha 15 de abril de 2016. 1.3 Relación de las facturas emitidas especificando las que han sido  pagadas, las que se encuentran pendientes de pago y las que se han anulado,  indicando el motivo de la anulación. Constan todas las facturas emitidas pagadas. En total trece facturas. 2.  En relación con la contratación: C/ Jorge Juan, 6 www.agpd.es 28001 – Madrid sedeagpd.gob.es 2/5 La contratación se realizó en fecha 23 de febrero de 2015 mediante llamada  telefónica de  C.C.C. al proveedor Selectra, que en internet se identifica bajo la marca  WEB ENERGÍA. El cliente en la grabación da su conformidad a las condiciones de la  oferta detallada, y en la misma se le solicita un número de teléfono. A ese número de  teléfono se le remite un SMS de confirmación de la contratación. El cliente facilita el  número  K.K.K. (el mismo número facilitado para las reclamaciones posteriores) para  que se le remita el SMS. Dicho mensaje fue respondido con el ID de notificación  I.I.I., el día 23 de febrero  de 2015 a las 11:14:45 horas y con el texto: SI. "
e-00960-2017,2017,https://www.aepd.es/documento/e-00960-2017.pdf,https://web.archive.org/web/20240706120742id_/https://www.aepd.es/documento/e-00960-2017.pdf,"1/11 Expediente Nº: E/00960/2017 RESOLUCIÓN DE ARCHIVO DE ACTUACIONES De las actuaciones practicadas por la Agencia Española de Protección de Datos ante las  entidades    TELEFÓNICA MÓVILES ESPAÑA, S.A.U.  y  COMPLUTEL  COMUNICACIONES, S.L. en virtud de denuncia presentada por Dª.  B.B.B. y teniendo  como base los siguientes HECHOS PRIMERO: Con fecha 17/01/2017, tuvo entrada en esta Agencia un escrito de Dª.  B.B.B.  (en lo sucesivo la denunciante) en el que denuncia que TELEFÓNICA MÓVILES  ESPAÑA, S.A.U. (en lo sucesivo entidad denunciada o simplemente MOVISTAR) ha  incluido sus datos en un fichero de solvencia patrimonial y de crédito de forma indebida,  dado que se hizo por una deuda generada en el marco de un contrato de una línea  telefónica no contratada por ella. Añadía que la entidad denunciada disponía de los datos personales de la denunciante  en tanto que había establecido una relación contractual previa y por lo tanto la entidad  denunciada usó sus datos personales sin su consentimiento para realizar una nueva  contratación (línea  E.E.E.) a nombre de una tercera persona. La denunciante aporta, entre otra, copia de la siguiente documentación:  Contrato de la denunciante de la línea  F.F.F. con TELEFÓNICA MÓVILES  ESPANA, S.A.U. que según indica es el documento del que se extrajeron sus  datos para realizar el posterior fraude.  Escrito de respuesta de la Oficina de Atención al Usuario de Telecomunicaciones  de la Secretaría de Estado de Telecomunicaciones y para la Sociedad de la  Información (SETSI) registrado a fecha 20/5/2016 en el que se dirige a la  denunciante acusando recibo de la reclamación interpuesta contra TELEFÓNICA  MÓVILES ESPAÑA, SAU y le comunica que se solicita informe sobre los hechos  a la entidad denunciada. Refiere el número de expediente  A.A.A..  Denuncia interpuesta ante la Policía en las dependencias de COSLADA – OF.  DENUNCIAS (COSLADA) con fecha 10/6/2016 y número de atestado  ***ATESTADO.1 en la que el  denunciante amplía los hechos denunciados  previamente (9/6/2016) bajo el número de atestado ***ATESTADO.2. Aquí  describe las cantidades que se le facturan señalando que las contrataciones de  las que derivan dichos gastos no fueron hechas por ella, sino por la madre de su  nieta usurpando su identidad, en la empresa COMPLUTEL COMUNICACIONES,  S.L.  C/ Jorge Juan, 6 www.agpd.es 28001 – Madrid sedeagpd.gob.es 2/11  Escrito dirigido por la Oficina de Atención al Usuario de Telecomunicaciones  de la Secretaría de Estado de Telecomunicaciones y para la Sociedad de la  Información (SETSI) a la denunciante a fecha 14/9/2016 en el que le da  traslado de la resolución del Secretario de Estado de Telecomunicaciones y  para la Sociedad de la Información dictada a fecha 14/9/2016 en relación con  la reclamación presentada por la denunciante contra TELEFÓNICA  MÓVILES ESPAÑA, SAU por el alta de la línea móvil  E.E.E. sin su  consentimiento. El número de expediente es  A.A.A. y la resolución resuelve:  Estimar la r"
e-01079-2017,2017,https://www.aepd.es/es/documento/e-01079-2017.pdf,https://web.archive.org/web/20220307212511id_/https://www.aepd.es/es/documento/e-01079-2017.pdf,"1/10 Expediente Nº: E/01079/2017 RESOLUCIÓN DE ARCHIVO DE ACTUACIONES De las actuaciones practicadas por la Agencia Española de Protección de Datos  ante las entidades FUNDACIÓN AMIGOS MUSEO DEL PRADO, RENAULT ESPAÑA  COMERCIAL, S.A., y TRIUNFO IMPROVISSA UNIPESSOAL, LDA, en virtud de denuncia  presentada por dos denunciantes, cuyos datos personales figuran en el Anexo 1 y 2, y  teniendo como base los siguientes HECHOS PRIMERO: Con fecha 24 de enero de 2017, tuvo entrada en esta Agencia un escrito  remitido por denunciante 1, y, en fecha 2 de febrero de 2017, se recibió escrito de  denunciante 2, en los que exponen lo siguiente: Con fechas 30 de noviembre de 2016 y 6 de diciembre de 2016, la entidad  TRIUNFO IMPROVISA UNIPERSONAL, realizó un cargo en su cuenta bancaria, por un  importe de 29,90 €, habiendo sido informados de que varias personas pertenecientes a la  Fundación Amigos del Museo del Prado habían recibido el mismo cargo. Uno de los denunciantes era socio de dicha Fundación, pero el otro manifiesta no  tener nada que ver con la misma. Ambos se pusieron en contacto con dicha Fundación, que les informó que habían  tenido constancia de los hechos a través de varios socios, pero que habían sido informados  que también se había producido el cargo en persona ajenas a la Fundación. Anexan la siguiente documentación:  Copia de la carta remitida por la Fundación Amigos del Prado a ambos  denunciantes con relación a los escritos enviados por ellos a la misma solicitando  información sobre dicho cargo.  Copia de los recibos bancarios de ambos donde figuran los cargos. SEGUNDO: Tras la recepción de la denuncia la Subdirección General de Inspección de  Datos procedió a la realización de  actuaciones previas de investigación para el  esclarecimiento de los hechos denunciados, teniendo conocimiento de los siguientes  extremos: 1. Con fecha 18 de abril de 2017, se incorpora a las Actuaciones Previas de  Investigación una Diligencia para hacer constar la incorporación de diferente  documentación relacionada con los hechos, localizada a través de Internet, entre la  que se encuentra un comunicado del Comité de empresa de Renault, en el que se  informa de varios trabajadores de la empresa, que también se han visto afectados  por este hecho. 2. Con fecha 16 de mayo de 2017, se recibe escrito de la Fundación Amigos del  Museo del Prado, en el que comunican lo siguiente: C/ Jorge Juan, 6 www.agpd.es 28001 – Madrid sedeagpd.gob.es 2/10 a. Han tenido constancia de que diferentes personas, entre ellos asociados  pertenecientes a la Fundación y otras personas ajenas y sin vinculación  alguna, han recibido cargos en sus cuentas corrientes. Dichos cargos nunca  han sido autorizados por los titulares de las cuentas, ni tampoco por la  Fundación.  b. Con fecha 7 de diciembre de 2016, la Fundación tiene constancia de los  hechos denunciados. No  obstante manifiesta la Fundación que no ha  mantenido ningún tipo de relación con la empresa que realiza los cargos.  De"
e-01158-2017,2017,https://www.aepd.es/documento/e-01158-2017.pdf,https://web.archive.org/web/20240703150847id_/https://www.aepd.es/documento/e-01158-2017.pdf,"1/11 Expediente Nº: E/01158/2017 RESOLUCIÓN DE ARCHIVO DE ACTUACIONES De las actuaciones practicadas por la Agencia Española de Protección de Datos ante la  entidad BANCO BILBAO VIZCAYA ARGENTARIA, S.A., en virtud de denuncia presentada ante  la misma por D.  A.A.A., y teniendo como base los siguientes,  HECHOS PRIMERO: Con fecha 24/01/2017, tuvo entrada en esta Agencia un escrito de D.  A.A.A. (en lo  sucesivo el denunciante), en el que formula denuncia contra la entidad Banco Bilbao Vizcaya  Argentaria, S.A. (en lo sucesivo BBVA), de la que es cliente al haber sido transferido por la  compra de Catalunya Caixa. En concreto, señala que BBVA se negó a tramitar su identificación  como cliente, al pretender oponerse a que sus datos personales se utilicen con las finalidades  previstas en el apartado 2.A.2 del documento denominado “Identificación del cliente, declaración  de actividad económica, tratamiento de datos personales y firma digitalizada”. Según el  denunciante, la citada entidad le propuso aceptar íntegramente las indicaciones recogidas en ese  documento y ejercitar posteriormente el derecho de oposición a través de su apartado de  correos.  Añade que por los mismos hechos presentó una reclamación ante la entidad BBVA, en  fecha 19/01/2017, empleando para ello un formulario de la Generalitat Valenciana (aporta copia).  En el mismo formulario de reclamación figura cumplimentado el apartado destinado a recoger las  “alegaciones de quien recibe la reclamación”, con el contenido siguiente: “Siguiendo instrucciones de consultas legales, ofrecemos la posibilidad de firmar los contratos  con cláusula que cede sus datos personales, para entregar posteriormente escrito indicando que  no está de acuerdo y requiere al BBVA para que sus datos personales no se incorporen a  ficheros del banco para diferentes fines. El cliente no admite esta propuesta”.  El denunciante aporta copia del documento “Identificación del cliente, declaración de  actividad económica, tratamiento de datos personales y firma digitalizada”, cumplimentado con  los datos personales del denunciante y la fecha del 19/01/2017, pero sin firmar por éste. Los  datos que contiene son los siguientes:  Nombre y apellidos  Sexo  Fecha de nacimiento  Nacionalidad  Domicilio postal  Direcciones de correo electrónico (2)  Idioma  Teléfonos (2) C/ Jorge Juan, 6 www.agpd.es 28001 – Madrid sedeagpd.gob.es 2/11 Asimismo, en cumplimiento de la Ley 10/2010, de 28 de abril, de prevención de blanqueo  de capitales y financiación del terrorismo, se recaban datos de actividad económica como  profesión, empleador e ingresos brutos anuales. En el citado documento se informa al afectado sobre la utilización de los datos personales  del cliente que la entidad llevará a cabo, se informa que el mismo autoriza al BBVA a tratar sus  datos para la finalidad de “publicidad y acciones comerciales” y se advierte sobre la posibilidad  de oponerse a dicho tratamiento. Del contenido de dicho documento cabe des"
e-01197-2017,2017,https://www.aepd.es/documento/e-01197-2017.pdf,https://web.archive.org/web/20230928212720id_/https://www.aepd.es/documento/e-01197-2017.pdf,"1/5 Expediente Nº: E/01197/2017 RESOLUCIÓN DE ARCHIVO DE ACTUACIONES De las actuaciones practicadas por la Agencia Española de Protección de Datos ante la  entidad TELEFÓNICA DE ESPAÑA, S.A.U. en virtud de denuncia presentada por  A.A.A. y teniendo como base los siguientes HECHOS PRIMERO: En fecha de 19/01/2017 tiene entrada en esta Agencia un escrito de  A.A.A.  (el denunciante en lo sucesivo) en virtud del cual interpone denuncia contra  TELEFÓNICA DE ESPAÑA, S.A.U. (TDE en lo sucesivo), poniendo de manifiesto lo  siguiente: (…)Al contratar los servicios de Fibra Óptica de Movistar, me ha llegado una carta  indicando que puedo solicitar la NO cesión de mis datos con fines comerciales llamando  al teléfono ***TEL.1 o escribiendo a una dirección postal. He llamado a dicho teléfono y  no solo no atienden mi petición, sino que intentan ofrecerme servicios de forma  insistente. Finalmente, me indican que la única forma de ejercer dicho derecho es  enviando un escrito por correo ordinario, que por teléfono no se puede hacer.(…) Acompaña al escrito de denuncia la siguiente documentación: Carta de TDE con el título MOVISTAR INFORMA, dónde se indica, entre otras  cuestiones lo siguiente:  (…) sus datos personales de contratación junto a los obtenidos durante la  vigencia del contrato, están incorporados en ficheros automatizados titularidad de  esta empresa. Si lo desea, puede ejercitar los derechos de acceso, rectificación,  cancelación y oposición previsto en la Ley, dirigiendo un escrito a Telefónica de  España SAU Ref. Datos. Apdo. de Correos ***APTDO.1 Madrid (…) (…)Telefónica de España SAU solicita su consentimiento para trata los datos  personales que Vd. nos ha facilitado junto con los datos de tráfico y facturación  con la finalidad de ofrecerle los productos y servicios de terceras empresas  soportados o asociados a las telecomunicaciones y nuevas tecnologías de la  información, así como de ocio, cultura, seguros, financieros y de asistencia en el  hogar, que consideramos podrán ser de su interés (…) (…)Si no desea que estos tratamientos o alguno de ellos se produzca, puede  comunicárnoslo, reenviando este escrito a Telefónica de España SAU Ref. Datos.  Apdo. de Correos ***APTDO.1 Madrid, marcando la casilla establecida en la parte  inferior del mismo o ambas, si ese es su deseo. Si lo prefiere, puede llamar al  número gratuito de atención ***TEL.1. Le significamos que, conforme a la  C/ Jorge Juan, 6 www.agpd.es 28001 – Madrid sedeagpd.gob.es 2/5 legislación vigente, si no recibimos noticias suyas en el plazo de un mes,  entenderemos otorgados ambos consentimientos que, en todo caso, podrá VD.  revocar en cualquier momento (…)  La carta incluye dos casillas para negar el consentimiento para uso de los datos con  fines publicitarios de TDE y de empresas distintas. SEGUNDO: Tras la recepción de la denuncia la Subdirección General de Inspección de  Datos procedió a la realización de  actuaciones previas de investigación para el  esclarecimiento "
e-01280-2017,2017,https://www.aepd.es/es/documento/e-01280-2017.pdf,https://web.archive.org/web/20220307210653id_/https://www.aepd.es/es/documento/e-01280-2017.pdf,"1/18 Expediente Nº: E/01280/2017 RESOLUCIÓN DE ARCHIVO DE ACTUACIONES De las actuaciones practicadas  por la Agencia Española de Protección de Datos ante la  COMUNIDAD DE PROPIETARIOS ***NOMBRE.1, de (C/....1), SANTA CRUZ DE TENERIFE en virtud de denuncia presentada por PALMERA IMPERIAL, S.L., RESIDENTES EN EL COMPLEJO ***NOMBRE.1 y teniendo como base los siguientes HECHOS PRIMERO: Con fecha 26/01/2017 se recibe denuncia de A.A.A. que declara representar a PALMERA IMPERIAL SL indicando: 1) En la Junta de Comunidad de Propietarios (CP) de 20/08/2016, presidida por MACLA HOTELES SLU, entidad dedicada la explotación turística, se acordó la instalación en las puertas de acceso al complejo de un sistema de reconocimiento dactilar.  La CP está formada por distintos propietarios, personas físicas también, que alquilan sus apartamentos a terceras personas. El acuerdo de la CP establece que dichos propietarios deben notificar por correo electrónico a la dirección ***EMAIL.1 los datos de las personas que autorizan a entrar como huéspedes, indicando el periodo de estancia. 2) Según dicho acuerdo de 20/08/2016, los propietarios morosos, sus inquilinos, o incumplidores de los Estatutos, así como las personas que tengan mascotas, habrán de pagar un coste estimado de 50 euros semanales por registro y persona. Aporta:  a) Fotografía  de la instalación de la puerta de acceso con sistema de tornos  que declara se está construyendo en los accesos. b) Acta del orden del día de la Junta General Extraordinaria de la CP de 20/08/2016, firmada el 23/08/2016 por Presidente MACLA HOTELES SLU, B.B.B.y la Secretaria, C.C.C.. En la relación de asistentes figuran como propietarios personas físicas así como personas jurídicas. -Destaca que D.D.D. figura representando a MACLA HOTELES, FASUR SLU, así como a otras personas físicas. Se observa que esta persona, aglutina por sí misma una parte mayoritaria de propietarios asistentes representados, así como un mayor coeficiente que el resto unidos. En el  total de la reunión se contabilizan 62 propietarios presentes y representados, con cuotas de participación de 30,94 %, todos ellos con derecho a voto. C/ Jorge Juan, 6 www.agpd.es 28001 – Madrid sedeagpd.gob.es 2/18 En uno de los puntos del orden del día consta la referencia a la instalación de nuevas puertas de entrada  al Complejo, mientras que en otro,  figuran los  deudores de la Comunidad, constando PALMERA IMPERIAL SL con una deuda de 115.201,74 €, no constando que asistiera a la Junta. En el PRIMER punto del orden del día trata la instalación de la huella dactilar, en nuevas puertas de entrada al complejo. A continuación se mencionan algunos de los aspectos más destacados (el subrayado es de la AEPD): --Se hace referencia a las dos zonas y puertas de acceso existentes, y se repasa el mal funcionamiento de las llaves de seguridad, pues se pasan las mismas a terceros que acceden al Complejo. Señala, que tampoco la contratación de personal de seguridad ha servido para evitar que"
e-01380-2017,2017,https://www.aepd.es/documento/e-01380-2017.pdf,https://web.archive.org/web/20251113165437id_/https://www.aepd.es/documento/e-01380-2017.pdf,"1/11 Expediente Nº: E/01380/2017 RESOLUCIÓN DE ARCHIVO DE ACTUACIONES De las actuaciones practicadas por la Agencia Española de Protección de Datos ante  el AYUNTAMIENTO DE A.A.A.en virtud de denuncia presentada por D.  D.D.D. y teniendo  como base los siguientes HECHOS PRIMERO: Fecha de entrada de la denuncia: 12 de enero de 2017  Denunciante: D.  D.D.D. Denuncia a:  AYUNTAMIENTO DE A.A.A.- CÓRDOBA Por los siguientes hechos según manifestaciones del denunciante: Instalación de una  cámara exterior en la fachada del Pabellón Deportivo Municipal sin señalizar mediante  carteles de zona videovigilada y con posible captación de la vía pública habiéndose utilizado  las imágenes de una glorieta próxima captadas por dicha cámara para denunciar, en una  cuenta de las redes sociales de la policía local del  AYUNTAMIENTO DE A.A.A.-  CÓRDOBA, conductas imprudentes en materia de circulación. Que según el denunciante tuvieron lugar a fecha de: En el momento de la denuncia. Y, entre otra, anexa la siguiente documentación:  Fotografías de las instalaciones del Pabellón Deportivo Municipal, en las que no se  aprecia la existencia de carteles que señalicen la zona videovigilada  Fotografía de la cámara instalada en la fachada exterior del Pabellón Deportivo.  Captura de pantalla de una publicación en la red social Facebook a nombre de  “XXXX” en la que se denuncia las continuas infracciones de circulación que se  comenten en la glorieta que da entrada al Pabellón Deportivo Municipal pero en la  que no se puede visualizar ni imágenes ni el video subido en el momento de la  publicación (7 de octubre de 2016) SEGUNDO: Tras la recepción de la denuncia la Subdirección General de Inspección de  Datos procedió a la realización de  actuaciones previas de investigación para el  esclarecimiento de los hechos denunciados, teniendo conocimiento de los siguientes  extremos: Con fecha 3 de mayo de 2017 y número de salida 127530/2017 se solicita información  al  AYUNTAMIENTO DE A.A.A.- CÓRDOBA como titular, tanto del Pabellón Deportivo  Municipal  como de la Jefatura de Policía Local de dicho término municipal, teniendo  entrada en esta Agencia con fecha 30 de mayo de 2017 y número de registro 180289/2017  sendos escritos del investigado en los que se manifiesta: C/ Jorge Juan, 6 www.agpd.es 28001 – Madrid sedeagpd.gob.es 2/11 1. El responsable del sistema de videovigilancia que existe en el Pabellón Municipal de  Deportes es el  Excmo. Ayuntamiento de A.A.A.. 2. La instalación de las cámaras la realizó la empresa  INFORMÁTICA VENZALÁ, S.L. 3. Respecto de la finalidad por la cual se han instalado las cámaras, el investigado  manifiesta que el objetivo por el que se proyectó y procedió a la instalación del sistema de  videovigilancia fue el control de acceso y la seguridad de la instalación, a excepción de la  cámara ubicada en la fachada del edificio que fue colocada allí, a instancias de la Policía  Local del municipio, con el objetivo de captar las conductas imprudentes e"
e-01413-2017,2017,https://www.aepd.es/documento/e-01413-2017.pdf,https://web.archive.org/web/20251113164442id_/https://www.aepd.es/documento/e-01413-2017.pdf,"1/5 Expediente Nº: E/01413/2017 RESOLUCIÓN DE ARCHIVO DE ACTUACIONES De las actuaciones practicadas por la Agencia Española de Protección de Datos  ante las entidades AUTOMOVILES WILFER, S.L., y BANCO CETELEM, S.A., en virtud  de denuncia presentada por Doña A.A.A., y teniendo como base los siguientes HECHOS PRIMERO: Con fecha 9 de febrero de 2017, tuvo entrada en esta Agencia un escrito  remitido por Doña A.A.A., en el que expone lo siguiente: Tras acudir a un concesionario para la adquisición de un vehículo, objeto de  financiación por BANCO CETELEM, avaló la operación la denunciante. Una vez proporcionado los datos económicos del comprador y del avalista al  concesionario, éste les comunica mediante whatsapp, que no iba a ser posible la  operación por motivos de salud de la avalista, adjuntando un informe de salud de la  misma.  Dado que ellos no habían enviado dicho documento procedieron a anular la  operación.  Así mismo, solicitaron el acceso a su expediente, tanto a Banco Cetelem como al  concesionario, con fecha 3 de enero de 2017. Entre otra, anexa la siguiente documentación:  Copia de las cartas dirigidas a CETELEM y al Concesionario con fecha 3 de  enero de 2017.  Copia de la contestación de CETELEM, de fecha 10 de enero de 2017, donde le  indica que no existe información de la denunciante en sus ficheros.  Copia del whatsapp recibido con fecha 15 de diciembre de 2016, remitido desde  el número ***TEL.1, al teléfono ***TEL.2 dirigido a Don B.B.B., yerno de la  denunciante, donde le informa que la operación de financiación no ha sido  aprobada y le adjunta copia de un informe médico, que dicen que ellos no  aportaron.  Copia de toda la documentación aportada al concesionario, entre la que se  encuentra un escrito de reconocimiento de pensión por parte del INSS a la  denunciante, por Incapacidad Permanente absoluta. SEGUNDO: Tras la recepción de la denuncia la Subdirección General de Inspección de  Datos procedió a la realización de  actuaciones previas de investigación para el  esclarecimiento de los hechos denunciados, teniendo conocimiento de los siguientes  extremos: 1. Con fecha 4 de julio de 2017, se recibe escrito de BANCO CETELEM, con  relación a los hechos denunciados, en el que manifiestan que: C/ Jorge Juan, 6 www.agpd.es 28001 – Madrid sedeagpd.gob.es 2/5 a. Desconocen el origen de la información que les fue remitida a los clientes  mediante whatsapp. b. BANCO CETELEM no ha enviado ninguna comunicación a Autos Wilfer y  no mantiene ninguna relación contractual con dicha empresa. c. La denunciante no es cliente de la entidad, ni le ha sido solicitada  ninguna operación mercantil a nombre de la misma.  2. Con fecha 10 de agosto de 2017, se recibe escrito de la entidad AUTOMOVILES  WILFER, S.L., con el que adjunta diferente documentación, poniendo de  manifiesto que: a. La documentación aportada por el cliente, entre otra, fue la siguiente, de  la que se adjunta copia: i.Copia escrito de reconocimiento de pensión por parte d"
e-01414-2017,2017,https://www.aepd.es/documento/e-01414-2017.pdf,https://web.archive.org/web/20240704152343id_/https://www.aepd.es/documento/e-01414-2017.pdf,"1/7 Expediente Nº: E/01414/2017 RESOLUCIÓN DE ARCHIVO DE ACTUACIONES De las actuaciones practicadas por la Agencia Española de Protección de Datos ante la  entidad MOVSOFT & TR, S.L.U. en virtud de denuncia presentada por A.A.A. y  teniendo como base los siguientes HECHOS PRIMERO: Con fecha de 21 de diciembre de 2016 tiene entrada en esta Agencia, a  través de su sede electrónica, una denuncia interpuesta por A.A.A., en adelante el  denunciante, en la que manifiesta que recibe en sus cuentas .....@aenta.es,  ....@formacionjuridica.es, info@....... y ....@protecciondatosandalucia.es correos  electrónicos no autorizados desde la dirección ....@mosvsoft.co.uk, sin que exista una  relación contractual con la entidad MOVSOFT & TR SLU, que no contienen una  dirección de correo electrónico o dirección electrónica válida en la que solicitar el cese  en el envío de comunicaciones comerciales y que se remiten después de haber  solicitado el cese en el envío de comunicaciones comerciales, mediante correo  electrónico dirigido a la dirección ....@mosvsoft.co.uk que consta en las condiciones de  uso de la web de la entidad.  El denunciante aporta, entre otra, la siguiente documentación a. Correos electrónicos remitidos a las direcciones electrónicas .....@aenta.es,  ....@formacionjuridica.es,  info@.......  y  ....@protecciondatosandalucia.es,  desde la dirección ....@mosvsoft.co.uk, en los que se publicitan los servicios de  MOVSOFT & TR SLU, junto con sus cabeceras completas. Las cabeceras  completas son necesarias porque incluyen la identificación de los servidores de  correo por los que el mensaje transitó hasta su destino. b. Correos electrónicos, de 4 de mayo y 11 de octubre de 2016, remitidos a la  dirección ....@mosvsoft.co.uk, desde las direcciones info@....... e .....@aenta.es  solicitando la baja en el envío de publicidad. SEGUNDO: Tras la recepción de la denuncia la Subdirección General de Inspección de  Datos procedió a la realización de  actuaciones previas de investigación para el  esclarecimiento de los hechos denunciados, teniendo conocimiento de los siguientes  extremos: 1. El denunciante recibe en las direcciones electrónicas  .....@aenta.es,  ....@formacionjuridica.es, info@....... y ....@protecciondatosandalucia.es,  correos electrónicos remitidos desde la dirección ....@mosvsoft.co.uk, en los que  se publicitan los servicios de MOVSOFT & TR SLU., que no incluyen una  dirección de correo electrónico o dirección electrónica válida en la que solicitar el  cese en el envío de comunicaciones comerciales 2. El dominio mosvsoft.co.uk está registrado a nombre de B.B.B. 3. B.B.B. es administrador único de la sociedad MOVSOFT & TR SLU. C/ Jorge Juan, 6 www.agpd.es 28001 – Madrid sedeagpd.gob.es 2/7 4. En respuesta a la solicitud de información realizada por la inspectora actuante,  se recibe escrito de MOVSOFT & TR SLU en el que el representante de la  entidad manifiesta, en relación con los hechos denunciados, lo siguiente: “(…) Las direcciones s"
e-01465-2017,2017,https://www.aepd.es/es/documento/e-01465-2017.pdf,https://web.archive.org/web/20220307211842id_/https://www.aepd.es/es/documento/e-01465-2017.pdf,"1/9 Expediente Nº: E/01465/2017 RESOLUCIÓN DE ARCHIVO DE ACTUACIONES De las actuaciones practicadas por la Agencia Española de Protección de Datos  ante la entidad FROZEN REPUBLIC, SL (A.A.A.) en virtud de denuncia presentada por  la DIRECCION GENERAL DE LA POLICIA- COMISARIA PROVINCIAL DE ALICANTE  y teniendo como base los siguientes HECHOS PRIMERO: Fecha de entrada de la denuncia: 24 de enero de 2017  Denunciante: DIRECCION GENERAL DE LA POLICIA - COMISARIA PROVINCIAL DE  ALICANTE Denuncia a: FROZEN REPUBLIC SL (establecimiento A.A.A.) Por los siguientes hechos según manifestaciones del denunciante:  Con fecha 24/01/2017 la subdelegación del Gobierno de Alicante da traslado a esta  Agencia de un oficio procedente de la Unidad Territorial de Seguridad Privada de la  Comisaría Provincial de Alicante, relatando la existencia de un sistema de alarma y de  cámaras en el Bar “A.A.A.” de la entidad FROZEN REPUBLIC, SL.  Indican que no se observan irregularidades con respecto a las previsiones contenidas en  la normativa de seguridad privada, quedando aspectos de  protección de datos que  aconsejan su valoración por parte de la AEPD. Que según el denunciante tuvieron lugar a fecha de: ocurrían en el momento de la  denuncia. El sistema sigue instalado a fecha de la contestación del denunciado Y, entre otra, anexa la siguiente documentación:  Informe de actuaciones policiales en el referido establecimiento, de fecha  24/11/2016, donde se hace constar :  o La existencia de un sistema de videovigilancia, no conectado a central de  alarmas, apreciándose una cámara en la zona de vestuarios  desconociéndose si tiene aplicadas máscaras de privacidad o la  posibilidad de captación y registro de imágenes o conversaciones.  o La instalación de otro tipo de dispositivos en habitaciones independientes  que se asemejan a detectores volumétricos que pudieran contener en su  interior cámaras ocultas.  o La inexistencia de cartel informativo de zona videovigilada.  Acta de inspección del Sistema de Cámaras en la que se contradice en parte el  último punto, ya que en el acta se indica expresamente que existe cartel  C/ Jorge Juan, 6 www.agpd.es 28001 – Madrid sedeagpd.gob.es 2/9 informativo en lugar visible en cada uno de los accesos, sobre la zona  videovigilada, con referencias a la LOPD, la finalidad del tratamiento pero sin  identificación del responsable ante el que ejercitar los derechos.  En el acta se indica que no  disponen de impresos informativos, si bien se recoge la  manifestación del encargado del establecimiento que informa que cuando sea necesario  se pueden imprimir utilizando internet.  También se hace constar en el acta  la existencia de los referidos dispositivos, parecidos  a detectores volumétricos, dotados de un agujero que pudieran albergar cámaras en su  interior. Acompañan fotografías de los mismos, indicando que se encuentran apuntando  hacia sofás. Sobre el uso que reciben dichas salas y  los sofás, el encargado informa  que son ocupados po"
e-01521-2017,2017,https://www.aepd.es/es/documento/e-01521-2017.pdf,https://web.archive.org/web/20220307211046id_/https://www.aepd.es/es/documento/e-01521-2017.pdf,"1/9 Expediente Nº: E/01521/2017 RESOLUCIÓN DE ARCHIVO DE ACTUACIONES De las actuaciones practicadas por la Agencia Española de Protección de Datos ante  Don  F.F.F. en virtud de denuncia presentada por Don  H.H.H., en representación de 11  denunciantes que se enumeran en el Anexo I, y teniendo como base los siguientes HECHOS PRIMERO: Con fecha 3 de marzo de 2017, tuvo entrada en esta Agencia escrito de Don  H.H.H. (en lo sucesivo, el denunciante) en el que denuncia lo siguiente: La publicación, sin consentimiento de sus representadas, de fotografías y videos  en los que se identifica su imagen, sin autorización y sin cumplir lo recogido en la Ley  Orgánica de Protección de Datos, en diversos medios como: • ***WEB.1 • ***WEB.2 • ***WEB.3 • ***WEB.4 • ***WEB.5 Las denunciantes, enfermas de cáncer de mama, señalan que han posado como  modelos en un reportaje fotográfico para una asociación cuyo fin era una exposición,  pero las fotografías fueron publicadas en diversos sitios web de Internet por el fotógrafo  Don  F.F.F. (en adelante, el denunciado) en los que claramente se las identifica.   Así mismo, manifiesta que sus representadas ejercieron el derecho de  cancelación, pero no han recibido respuesta y que no consta el fichero registrado en la  Agencia Española de Protección de Datos. Según el denunciante, los hechos tuvieron lugar en el periodo comprendido entre  julio de 2016 y marzo de 2017. Se anexa diversa documentación, entre otra: • Escrito dirigido al denunciado, presidente de la Asociación Únicas y  Valientes, por siete denunciantes, de fecha 6 de marzo de 2017, mediante  burofax, en el que manifiestan que nunca han cedido a la citada asociación ni  al denunciado los derechos sobre su imagen y solicitan la cancelación de los  datos personales, constituidos por el material fotográfico y/o audiovisual, en  los términos especificados en la Ley Orgánica 15/1999. • Escrito dirigido al denunciado, presidente de la Asociación Únicas y  Valientes, por seis personas, entre ellas, tres denunciantes, de fecha 8 de  marzo de 2017, mediante burofax, en el que manifiestan que nunca han  C/ Jorge Juan, 6 www.agpd.es 28001 – Madrid sedeagpd.gob.es 2/9 cedido a citada asociación ni al denunciado los derechos sobre su imagen y  solicitan la cancelación de los datos personales, constituidos por el material  fotográfico y/o audiovisual, en los términos especificados en la Ley Orgánica  15/1999. • Impresiones de pantalla de la titularidad de dominios en los que se han  publicado imágenes de las denunciantes como “www.facebook.com”,  “domestika.org”, “unicasyvalientes.es”, “Wikipedia” y “tatisfotografia.es”, así  como imágenes de las denunciantes. SEGUNDO: Tras la recepción de la denuncia, la Subdirección General de Inspección de  Datos procedió a la realización de  actuaciones previas de investigación (Informe  E/01521/2017) para el esclarecimiento de los hechos denunciados, teniendo  conocimiento de los siguientes extremos: 1. Se ha verificado por la Inspec"
e-01627-2017,2017,https://www.aepd.es/es/documento/e-01627-2017.pdf,https://web.archive.org/web/20220307211656id_/https://www.aepd.es/es/documento/e-01627-2017.pdf,"1/6 Expediente Nº: E/01627/2017 RESOLUCIÓN DE ARCHIVO DE ACTUACIONES De las actuaciones practicadas por la Agencia Española de Protección de Datos ante la  entidad BANCO BILBAO VIZCAYA ARGENTARIA, S.A. en virtud de denuncia  presentada por D. A.A.A. y teniendo como base los siguientes HECHOS PRIMERO: Con fecha 8 de febrero de 2017, tuvo entrada en esta Agencia escrito de D.  A.A.A.  (en lo sucesivo el denunciante) en el que denuncia que la entidad denunciada  ha incluido sus datos en los ficheros de solvencia patrimonial y de crédito ASNEF y  BADEXCUG sin requerimiento previo de pago.  SEGUNDO: Tras la recepción de la denuncia la Subdirección General de Inspección de  Datos procedió a la realización de  actuaciones previas de investigación para el  esclarecimiento de los hechos denunciados, teniendo conocimiento de los siguientes  extremos: La empresa BANCO BILBAO VIZCAYA ARGENTARIA, S.A. en su escrito de  fecha de registro 23/05/2017 (número de registro ***REG.1) ha remitido la siguiente  información pertinente a los efectos de la investigación: Relacionado con la deuda y los datos de cliente  Impresión de pantalla con los datos del denunciante que obran en sus sistemas,  donde se puede observar que su domicilio registrado es (C/...1) (ALMERIA), que  a su vez coincide con el que consta en la copia de su DNI.  Copia del contrato de préstamo de BBVA FINANZIA/UNO-E con el denunciante  por un importe total de 21.361,80 euros en 84 cuotas fijas (7 años), firmado en  el área de cliente con fecha 29/06/2010. Se menciona que la entrega del capital  de 20.000 euros se hará a RONDA MOVIL S.A.   Certificado de BBVA con fecha 31/12/2013 acreditando un saldo deudor del  denunciante con la entidad denunciada de importe 18.111,09 euros. Se  acompaña documentación de la liquidación de la cuenta asociada al préstamo,  con fecha 31/12/2013.  Dos notificaciones de Correos Online con fecha 16/01/2014 con origen la Oficina  Postal Virtual dirigidas al denunciante a la dirección (C/...1) en las que le  declaran el vencimiento anticipado de la póliza y le notifican la cantidad exigible y  pendiente de pago a fecha 31/12/2013 (18.111,09 euros). Amenazan con  emprender la vía judicial en caso de impago, e informan de la absorción de  FINANZIA BANCO DE CREDITO S.A.U. por parte de la empresa denunciada.  Una de las notificaciones fue entregada con éxito el mismo día 16/01/2014 a la  madre del denunciante, según se puede leer en el texto.  Documentación relativa al proceso judicial tramitado en el Juzgado de Primera  Instancia XXX, interpuesto por FINANZIA BANCO DE CREDITO S.A./BANCO  C/ Jorge Juan, 6 www.agpd.es 28001 – Madrid sedeagpd.gob.es 2/6 BILBAO VIZCAYA ARGENTARIA S.A. para reclamar la deuda contraída por el  denunciante, de importe 18.111,09 euros, al no pagar las cuotas desde  Noviembre 2012. El escrito de demanda tiene fecha 28/03/2014. La sentencia nº  ***Nº.1 del procedimiento ordinario ***PROC.1, con fecha 07/05/2015, condena  al denunciante al pago de "
e-01668-2017,2017,https://www.aepd.es/documento/e-01668-2017.pdf,https://web.archive.org/web/20251113164113id_/https://www.aepd.es/documento/e-01668-2017.pdf,"1/4 Expediente Nº: E/01668/2017 RESOLUCIÓN DE ARCHIVO DE ACTUACIONES De las actuaciones practicadas por la Agencia Española de Protección de Datos  ante la entidad GESTORÍA VALLS FINQUES, S.C.P., en virtud de denuncia presentada  por Doña  A.A.A.., y teniendo como base los siguientes HECHOS PRIMERO: Con fecha 15 de febrero de 2017, tuvo entrada en esta Agencia un escrito  remitido por Doña  A.A.A.., en el que denuncia a GESTORÍA VALLS FINQUES, S.C.P.  En su escrito, la denunciante manifiesta lo siguiente:  La citada entidad ha facilitado su contrato de arrendamiento, sin su  consentimiento, a la comunidad de vecinos de su escalera, habiendo sido utilizado en  una demanda que le ha sido interpuesta por dicha comunidad, con relación al  cerramiento de una terraza. Anexa la siguiente documentación solicitada por esta Agencia: • Copia de la demanda donde se incluye el contrato de alquiler de la denunciante  con la titular de la vivienda, proporcionado por la denunciada. SEGUNDO: Tras la recepción de la denuncia la Subdirección General de Inspección de  Datos procedió a la realización de  actuaciones previas de investigación para el  esclarecimiento de los hechos denunciados, teniendo conocimiento de los siguientes  extremos: 1. Con fechas 22 de junio y 17 de julio de 2017, se reciben escritos de la  GESTORÍA VALLS FINQUES, S.C.P., en los que pone de manifiesto que: a. Esa administración de fincas dispone del contrato de alquiler de la  denunciada, porque a la vez que administra la Comunidad de  Propietarios de la finca, también gestiona, por encargo de su  propietaria, el alquiler de la vivienda donde reside la denunciante. b. A causa del cubrimiento en la terraza de dicha vivienda, la  administración, requirió tanto a la inquilina como a la propietaria para  que lo retirasen, a lo que ésta última manifestó que dicho cerramiento  lo había realizado la inquilina sin su consentimiento. La Comunidad  decidió presentar demanda por estos hechos, siendo la propietaria la  que autorizó la entrega del contrato de alquiler, al abogado de la  Comunidad. c. Se adjunta una declaración firmada por la propietaria de la vivienda,  en la que confirma que autorizó al Administrador de la Comunidad  para que se pudiese presentar una copia del contrato de alquiler en la  demanda que la Comunidad pensaba interponer por las obras  realizadas por la inquilina sin consentimiento de la propia Comunidad  ni de la propietaria de la vivienda. C/ Jorge Juan, 6 www.agpd.es 28001 – Madrid sedeagpd.gob.es 2/4 FUNDAMENTOS DE DERECHO I Es competente para resolver la Directora de la Agencia Española de Protección  de Datos, conforme a lo establecido en el artículo 37.d) en relación con el artículo 36,  ambos de la Ley Orgánica 15/1999, de 13 de diciembre, de Protección de Datos de  Carácter Personal (en lo sucesivo LOPD). El artículo 126.1, apartado segundo, del Real Decreto 1720/2007, de 21 de  diciembre, por el que se aprueba el Reglamento de desarrollo de la Ley Orgánica  15/1999, "
e-01764-2017,2017,https://www.aepd.es/es/documento/e-01764-2017.pdf,https://web.archive.org/web/20220307211858id_/https://www.aepd.es/es/documento/e-01764-2017.pdf,"1/8 Expediente Nº: E/01764/2017 RESOLUCIÓN DE ARCHIVO DE ACTUACIONES De las actuaciones practicadas por la Agencia Española de Protección de Datos  ante D. C.C.C. y Dª.  B.B.B. en virtud de denuncia presentada por Dª.  A.A.A. y D.  E.E.E.  y teniendo como base los siguientes HECHOS PRIMERO: Fecha de entrada de la denuncia: 2 de febrero de 2017  Denunciante:  Dª.  A.A.A. y D.  E.E.E. Denuncia a:  D. C.C.C. y Dª.  B.B.B. Por los siguientes hechos según manifestaciones del denunciante: Instalación de  cámaras de videovigilancia que dicen enfocar a su propia vivienda y a las zonas  comunes de la urbanización sin contar con su consentimiento ni con el de la Comunidad  de Propietarios y sin que exista cartel que señalice la zona videovigilada. Que según el denunciante tuvieron lugar a fecha de: Desde agosto de 2016 al momento  actual Y, entre otra, anexa la siguiente documentación:  Reportaje fotográfico de las cámaras denunciadas.  Burofax enviado a la Administradora de Fincas que gestiona la urbanización  solicitando que comunique a los propietarios de la vivienda denunciada que  retiren un aparato de A/A y las cámaras de videovigilancia instaladas.  Copia del escrito que dicen haber remitido a los propietarios de la vivienda  denunciada instándoles a la retirada del aparato de A/A y las cámaras  instaladas. Enviado requerimiento de información a los investigados con fecha 24 de abril de  2017 y número de salida ***REQ.1 y siendo devuelto por el Servicio de Correos por  sobrante, con fecha 23 de junio de 2017 y número de salida ***REQ.2 se solicita al  denunciante que aclare los períodos en que la vivienda denunciada suele estar  habitada. Con fecha 3 de julio de 2017 y número de registro ***REG.1 se recibe  respuesta del denunciante en el que manifiesta que, si bien la vivienda está habitada  prácticamente todo el año o al menos cuando ellos van, les consta que no suelen abrir la  puerta a nadie y actúan como si nadie estuviera en la vivienda. Con fecha 21 de julio de  2017 y número de registro ***REG.2 se recibe nuevo escrito en el que informan que, con  fecha 18 de julio, los propietarios de la vivienda denunciada se encuentran en ella.  Posteriormente, con fecha 21 de agosto de 2017 y número de registro ***REG.3 se  recibe otro escrito de los denunciantes en el que manifiestan que tras realizarse una  inspección por parte de dos agentes de la Policía Local de ***LOC.1 en la vivienda  denunciada el 10 de agosto de 2017 y retirarse una de las cámaras, el denunciante  volvió a colocarla transcurridos un par de días desde la inspección. Y anexa la siguiente documentación:  Fotografía de las cámaras a fecha 12 de agosto de 2017. SEGUNDO: Tras la recepción de la denuncia la Subdirección General de Inspección de  Datos procedió a la realización de  actuaciones previas de investigación para el  esclarecimiento de los hechos denunciados, teniendo conocimiento de los siguientes  extremos: C/ Jorge Juan, 6 www.agpd.es 28001 – Madrid sedeagpd.gob.es 2/8 "
e-01880-2017,2017,https://www.aepd.es/documento/e-01880-2017.pdf,https://web.archive.org/web/20251113163027id_/https://www.aepd.es/documento/e-01880-2017.pdf,"1/8 Expediente Nº: E/01880/2017 RESOLUCIÓN DE ARCHIVO DE ACTUACIONES De las actuaciones practicadas por la Agencia Española de Protección de Datos  ante las entidades AUREN SERVEIS PROFESSIONALS BCN S.L., MANIPULADOS  ABCAC, S.L., y RUA PAPEL GESTION, S.L., en virtud de denuncia presentada por el  AJUNTAMENT DE BARCELONA. OFICINA D'INFORMACIÓ I TRÀMITS DE LA  GUÀRDIA URBANA, y teniendo como base los siguientes HECHOS PRIMERO: Con fecha 20 de febrero de 2017, tuvo entrada en esta Agencia un escrito  remitido por el AJUNTAMENT DE BARCELONA. OFICINA D'INFORMACIÓ I TRÀMITS  DE LA GUÀRDIA URBANA, en el que expone lo siguiente:  Con fecha 7 de febrero de 2017 la Guardia Urbana del Ayuntamiento de  Barcelona interceptó una furgoneta con documentación procedente de AUREN  SERVEIS PROFESSIONALS BCN, S.L. Esta documentación contiene infinidad de datos  personales de clientes del bufete de abogados. Los representantes de AUREN SERVEIS PROFESSIONALS BCN, S.L.,  manifiestan a la Guardia Urbana que habían contratado a RUA PAPEL GESTION, S.L.,  para la destrucción de documentación, Al preguntar a la persona que estaba cargando en su furgoneta la  documentación de AUREN SERVEIS PROFESSIONALS BCN, S.L., manifestó  pertenecer a MANIPULADOS ABCAC, S.L. SEGUNDO: Tras la recepción de la denuncia la Subdirección General de Inspección de  Datos procedió a la realización de  actuaciones previas de investigación para el  esclarecimiento de los hechos denunciados, teniendo conocimiento de los siguientes  extremos: 1. Los representantes de  AUREN SERVÉIS PROFESSIONALS BCN, S.L.,  facilitaron copia de un contrato de protección de datos en el marco de un encargo de  tratamiento de datos personales otorgado entre RÚA PAPEL GESTIÓN y AUREN  SERVÉIS PROFESSIONALS BCN, en el que figura que no divulgarán a terceros  información contenida en esta relación contractual. También aportan copia de un contrato de trazabilidad de tratamiento de residuos  suscrito entre las sociedades AUREN SERVÉIS PROFESSIONALS BCN y RÚA PAPEL  GESTIÓN, de fecha 3 de febrero de 2017, y con el n° 362/16. En las instrucciones para la destrucción de archivos, trituración y reciclaje, entre  AUREN SERVÉIS PROFESSIONALS BCN y RÚA PAPEL GESTIÓN, con fecha  03/02/2017, figura: “Los envíos se realizarán en contenedores cerrados, que deben ser custodiados  personalmente hasta la entrega en las instalaciones de destrucción segura. Los  contenedores incorporarán dispositivos de cierre de tal manera que no puedan  ser accedidos por terceros no autorizados. C/ Jorge Juan, 6 www.agpd.es 28001 – Madrid sedeagpd.gob.es 2/8 El transporte y sus medidas de seguridad serán asumidos íntegramente por  ustedes, encargados de la trituración y reciclaje, que se comprometerán a  garantizar el envío seguro con sus propios medios, desde los mismos locales  controlados por AUREN hasta sus instalaciones de trituración y reciclaje. La trituración y embalaje deberá ofrecer un nivel de seguridad que impida su  reconstrucción y el acceso"
e-02069-2017,2017,https://www.aepd.es/es/documento/e-02069-2017.pdf,https://web.archive.org/web/20220307210944id_/https://www.aepd.es/es/documento/e-02069-2017.pdf,"1/6 Expediente Nº: E/02069/2017 RESOLUCIÓN DE ARCHIVO DE ACTUACIONES De las actuaciones practicadas por la Agencia Española de Protección de Datos  ante Dª.   A.A.A. en virtud de denuncia presentada por Dª.  B.B.B. y teniendo como  base los siguientes HECHOS PRIMERO: Fecha de entrada de la denuncia: 24 de marzo de 2017  Denunciante: Dª.  B.B.B. Denuncia a: Dª.  A.A.A. Por los siguientes hechos según manifestaciones del denunciante: instalación de  cámara de videovigilancia dirigida a una zona de tránsito por donde entra la hija menor  de edad de la denunciante. Indica que no cree que la cámara cumpla la normativa. Y, entre otra, anexa la siguiente documentación:  No aporta. Con fecha 30 de marzo de 2017 se requiere a la denunciante para que aporte  claramente la identidad del supuesto responsable, la dirección de la instalación y  documentos gráficos que permitan a la Inspección de Datos apreciar las características  del dispositivo instalado, su ubicación concreta y el posible alcance de captación de  imágenes. Con fecha 03 de mayo de 2017 tiene entrada en esta Agencia un escrito de la  denunciante al que anexa la siguiente documentación:  una fotografía de una fachada con una marca en su parte superior, donde se  encuentra supuestamente la cámara de videovigilancia.  SEGUNDO: Tras la recepción de la denuncia la Subdirección General de Inspección de  Datos procedió a la realización de  actuaciones previas de investigación para el  esclarecimiento de los hechos denunciados, teniendo conocimiento de los siguientes  extremos: 1. Tras el análisis de la documentación aportada por la denunciante  (fotografía de la fachada de una vivienda), no se puede determinar el tipo  de dispositivo instalado ni si se trata efectivamente de una cámara, ya que  la no se llega a distinguir en la imagen aportada. Tampoco se han aportado  evidencias del posible alcance de la captación. 2. Con fecha 12 de junio de 2017 se remite un requerimiento de información a  denunciada, dirigido a la dirección aportada por la denunciante, al objeto  de investigar los hechos denunciados, siendo devuelto por el servicio de  correos como “desconocido”. 3. Con fecha 11 de julio de 2017 se requiere a la denunciante para que  C/ Jorge Juan, 6 www.agpd.es 28001 – Madrid sedeagpd.gob.es 2/6 aporte una dirección del responsable del sistema de videovigilancia,  indicando que si en el plazo concedido no se hubiera recibido la  información solicitada podría archivarse la denuncia. Consta la recepción  de la solicitud por parte de la denunciante con fecha 14 de julio de 2017,  no habiéndose recibido contestación alguna hasta el día de la firma del  presente informe. FUNDAMENTOS DE DERECHO I Es competente para resolver la Directora de la Agencia Española de Protección  de Datos, conforme a lo establecido en el artículo 37.d) en relación con el artículo 36,  ambos de la Ley Orgánica 15/1999, de 13 de diciembre, de Protección de Datos de  Carácter Personal (en lo sucesivo LOPD). II El artículo 1"
e-02074-2017,2017,https://www.aepd.es/es/documento/e-02074-2017.pdf,https://web.archive.org/web/20220307210303id_/https://www.aepd.es/es/documento/e-02074-2017.pdf,"1/6 Expediente Nº: E/02074/2017 RESOLUCIÓN DE ARCHIVO DE ACTUACIONES De las actuaciones practicadas por la Agencia Española de Protección de Datos ante la entidad ORANGE ESPAGNE, S.A.U. en virtud de denuncia presentada por A.A.A.  y teniendo como base los siguientes HECHOS PRIMERO: Con fecha 12 de marzo de 2017, tuvo entrada en esta Agencia escrito de A.A.A. (en lo sucesivo el denunciante) contra ORANGE ESPAGNE, S.A.U. ***NIF.1, por los siguientes hechos manifestados por el denunciante:  La entidad denunciada ha incluido los datos de una deuda a su nombre en el fichero de solvencia patrimonial y de crédito ASNEF sin requerimiento previo de pago.  Refiere además que la deuda no es cierta, ya que la propia entidad denunciada así lo reconoció en respuesta a una reclamación planteada por el denunciante ante el Ministerio de Energía.  El denunciante aporta, entre otra, copia de la siguiente documentación:  Factura emitida por la entidad denunciada con fecha de 26/3/2016 a nombre del denunciante (a la dirección ***DIRECCIÓN.1.  Notificación de inclusión en ASNEF de fecha 18/1/2017 dirigida a nombre del denunciante a la dirección ***DIRECCIÓN.1, con referencia a una situación de incumplimiento con la entidad denunciada y detalle de la deuda cuya fecha de alta es 17/1/2017 y cuyo saldo impagado asciende a 57,60 euros.  Escrito fechado el día 29/3/2017 dirigido por la entidad denunciada a la Secretaría de Estado para la Sociedad de la Información y la Agenda Digital del Ministerio de Energía, Turismo y Agenda Digital en relación con una reclamación (de número de referencia ***REF.1) sobre el número de teléfono ***TLF.1. El escrito responde a la solicitud de anulación de la factura de fecha 26/11/2016. Con respecto a la misma especifica: o En relación a su petición, hemos revisado la factura del 26/11/2016, siendo correcto el producto de Fibra 50Mb + descuento Canguro. Adjuntamos copia de la misma para su conocimiento. o Finalmente, les comentamos que a día de hoy el cliente se encuentra al corriente de pago en el segmento de telefonía fija de Orange.   Además adjunta la factura emitida por la entidad denunciada con fecha de 26/11/2016 (periodo facturado 26/10/2016 – 25/11/2016) a nombre del denunciante (a la dirección ***DIRECCIÓN.1)) que refiere el número de contrato ***CONTRATO.1  y guarda relación con el consumo efectuado en la línea ***TLF.1. El importe de la factura es 20,96 euros. SEGUNDO: Tras la recepción de la denuncia la Subdirección General de Inspección de Datos procedió a la realización de actuaciones previas de investigación para el esclarecimiento de los hechos denunciados, teniendo conocimiento de los siguientes extremos: La empresa ORANGE ESPAGNE, S.A.U. ha remitido la siguiente información pertinente a los efectos de la investigación: C/ Jorge Juan, 6 www.agpd.es 28001 – Madrid sedeagpd.gob.es 2/6  Sobre la realización del requerimiento de pago previo a la inclusión de los datos del denunciante en ficheros de solvencia patrimonial "
e-02554-2017,2017,https://www.aepd.es/documento/e-02554-2017.pdf,https://web.archive.org/web/20251007173336id_/https://www.aepd.es/documento/e-02554-2017.pdf,"1/5 Expediente Nº: E/02554/2017 RESOLUCIÓN DE ARCHIVO DE ACTUACIONES De las actuaciones practicadas de oficio por la Agencia Española de Protección  de Datos ante la entidad CENTRO DE DOCUMENTACION JUDICIAL, y teniendo como  base los siguientes HECHOS PRIMERO: Con fecha 3 de mayo de 2017, la Directora de esta Agencia acordó iniciar  Actuaciones Previas de Investigación con objeto de conocer detalladamente el proceso  de entrega de sentencias por parte del Centro de Documentación Judicial (en lo  sucesivo CENDOJ), las condiciones de la solicitud y si excepcionalmente se entregaban  sentencias sin anonimizar.   SEGUNDO: Para el esclarecimiento de los hechos que interesaba conocer se solicitó  información al CENDOJ, teniendo conocimiento de los siguientes extremos: En primer lugar, informa el Director del CENDOJ que, en cumplimiento de la Ley  Orgánica del Poder Judicial y para posibilitar el acceso a las resoluciones judiciales,  trata y publica el 100% de las resoluciones de todos los órganos colegiados (Tribunal  Supremo, Audiencia Nacional, Tribunales Superiores de Justicia y Audiencias  Provinciales); no se realiza lo mismo con respecto a los órganos unipersonales por  cuestiones de altísimos costes presupuestarios, por ser redundante y añadir poco, por  tanto, desde el punto de vista de contenido jurídico; así como, finalmente, por los  problemas tecnológicos que ello conllevaría (servidores, canales de acceso,  redundancias, tiempos de respuesta, etc.). El tratamiento y difusión que de todas y cada una de las resoluciones publicadas,  se hace de manera anonimizada, siguiendo un protocolo muy riguroso, técnicamente  complejo por tratamiento de ""Procesamiento de Lenguaje Natural"" PLN y con un potente  control de calidad (automático y mediante medios personales). La Agencia cuestionó al CENDOJ si recibía solicitudes de sentencias sin  anonimizar y, en caso afirmativo, especificación detallada del procedimiento que se  sigue para tramitar las solicitudes y entregar la sentencia sin anonimizar o negar lo  solicitado, el Director del CENDOJ señala lo siguiente: En relación a las solicitudes de sentencias sin anonimizar, informa el CENDOJ  que en ocasiones sí se reciben solicitudes en las que se expresa el nombre de la  persona física o jurídica parte del procedimiento, normalmente en unión de otros datos  procedimentales (órgano, fecha, número de procedimiento, ponente....). Sucede cuando  se trata de una persona o caso con relevancia mediática (***NOMBRE.1,  ***NOMBRE.2,   ***NOMBRE.3,   ***NOMBRE.4,   ***NOMBRE.5, ***NOMBRE.6),  entendiendo que esto puede responder a ponderaciones lógicas entre transparencia,  derecho de información y protección de datos personales. C/ Jorge Juan, 6 www.agpd.es 28001 – Madrid sedeagpd.gob.es 2/5 En estos casos, si la solicitud es de resolución de órgano colegiado, no presenta  problema alguno, puesto que todas las sentencias dictadas por órganos colegiados, que  no hayan sido declaradas secretas o reservadas por "
e-02618-2017,2017,https://www.aepd.es/documento/e-02618-2017.pdf,https://web.archive.org/web/20240626193854id_/https://www.aepd.es/documento/e-02618-2017.pdf,"1/10 Expediente Nº: E/02618/2017 RESOLUCIÓN DE ARCHIVO DE ACTUACIONES De las actuaciones practicadas por la Agencia Española de Protección de Datos  ante el Consejo General del Poder Judicial, en virtud de denuncia presentada por Don  A.A.A., y teniendo como base los siguientes HECHOS PRIMERO: Con fecha 27 de marzo de 2017, tuvo entrada en esta Agencia un escrito  remitido por Don A.A.A. en el que expone que el Consejo General del Poder Judicial (en  lo sucesivo CGPJ) tiene la competencia exclusiva en materia de prevención y protección  de los riesgos laborales de todos los integrantes de la Carrera Judicial. En el ejercicio de  dicha competencia ha aprobado el Plan de Prevención de Riesgos de la Carrera Judicial  2015/2016, plan que en la actualidad ha sido prorrogado. El apartado 5.10 de dicho Plan, adoptado en reunión de la Comisión Permanente del  CGPJ de 27/01/2015, establece un procedimiento al objeto de garantizar la protección  en materia de seguridad y salud a todos los miembros de la Carrera Judicial que hayan  sido declarados especialmente sensibles, todo ello en cumplimiento de lo que dispone el  art. 25 de la Ley de Prevención de Riesgos Laborales. En el marco de dicho procedimiento, la Comisión Permanente del CGPJ, en su reunión  de 23/02/2017, aprobó la necesidad de que en el procedimiento de adecuación del  puesto de trabajo a los riesgos de las personas, esa Comisión Permanente del Consejo  pudiera tener acceso al expediente clínico y a los datos médicos recabados previamente  por el personal médico del Servicio de Prevención del CGPJ, con consentimiento del  interesado. El Protocolo establecido para la petición de adaptación del puesto, contiene una solicitud  en la que se pide al interesado consentimiento para que el Servicio de Prevención  de Riesgos Laborales de la Carrera Judicial ceda los datos de salud a la Comisión  Permanente. En dicha petición no se indica los fines para los que se ceden datos  de salud a la Comisión. Así mismo no se indica con claridad las consecuencias de  la negativa a prestar dicho consentimiento. En concreto, no se informa de los siguientes extremos:  De la existencia de un fichero o tratamiento de los datos, de la finalidad de la  recogida y de los destinatarios de la información.  Del carácter obligatorio o facultativo de la respuesta a las preguntas planteadas  en el cuestionario.  De las consecuencias de la obtención de los datos o su negativa a  proporcionarlos.  De la posibilidad de ejercitar los derechos ARCO.  De la identidad y dirección del responsable del fichero. Entre otra, el denunciante acompaña la siguiente documentación: C/ Jorge Juan, 6 www.agpd.es 28001 – Madrid sedeagpd.gob.es 2/10  Modelo de solicitud para la petición de adaptación de puesto de trabajo y  autorización para traslado de datos médicos a la Comisión Permanente.  Copia de la Nota Interior del Acuerdo y del Informe Jurídico que le da soporte.  Copia del Procedimiento para la Actuación y Comunicación en caso de"
e-02651-2017,2017,https://www.aepd.es/documento/e-02651-2017.pdf,https://web.archive.org/web/20250403164927id_/https://www.aepd.es/documento/e-02651-2017.pdf,"1/6 Expediente Nº: E/02651/2017 RESOLUCIÓN DE ARCHIVO DE ACTUACIONES De las actuaciones practicadas por la Agencia Española de Protección de Datos  ante la entidad G.G.G., en virtud de una única denuncia firmada por Doña A.A.A., Don  B.B.B., Don C.C.C., Doña D.D.D., Doña E.E.E., y Doña F.F.F., y teniendo como base  los siguientes HECHOS PRIMERO: Con fecha 22 de marzo de 2017, tuvo entrada en esta Agencia un único  escrito remitido por Doña A.A.A., Don B.B.B., Don C.C.C., Doña D.D.D., Doña E.E.E., y  Doña F.F.F., en el que exponen que el día 18 de enero de 2016 se celebró juicio en  materia de reconocimientos de derechos y reclamación de cantidad contra RURAL  G.G.G.. (En adelante RSI), dictándose Sentencia estimatoria a la solicitud de los  trabajadores ahora denunciantes, con fecha 20 de enero de 2016. El día 11 de febrero de 2016, se remitió por parte de la Dirección de RRHH a toda la  cadena de mando, tanto de RSI como de otras empresas del grupo, un correo  electrónico adjuntando la sentencia íntegra, sin encriptar, sin consentimiento de los  afectados. El mencionado correo es remitido en copia visible al grupo de correo “RSIRDGDP”,  formado por XXX de RSI, 1X de la empresa del grupo Nessa Global Banking Solutions,  S.A., y 1 trabajador de la empresa DOCALIA, S.L. La información remitida, está catalogada dentro de la empresa como información  confidencial, según la Política de Clasificación existente dentro de la misma. Entre otra, anexan la siguiente documentación:  Copia de la Sentencia donde aparecen los nombres y apellidos de los afectados,  fecha de antigüedad, categoría y salario  Copia del correo remitido.  Copia de la contestación de la Inspección de Trabajo a su denuncia ante ese  órgano por estos mismos hechos, en la que les comunican que han procedido a  levantar Acta de infracción contra la empresa, por una falta muy grave en  materia de relaciones laborales, con fecha 14 de marzo de 2016. SEGUNDO: Tras la recepción de la denuncia la Subdirección General de Inspección de  Datos procedió a la realización de  actuaciones previas de investigación para el  esclarecimiento de los hechos denunciados, teniendo conocimiento de los siguientes  extremos: 1. Con fecha 14 de julio de 2017, se recibe escrito de la entidad RSI, en el que  ponen de manifiesto que: a. Efectivamente desde el Departamento de RRHH de la entidad, el  C/ Jorge Juan, 6 www.agpd.es 28001 – Madrid sedeagpd.gob.es 2/6 pasado 11 de febrero de 2016, se envió por correo electrónico al  grupo de destinatarios “RSIRDGDP”, Sentencia del Juzgado de los  Social nº (...). b. El motivo por el que se adjuntó dicha Sentencia, trae causa del  elevado impacto económico que en la estrategia presupuestaria  suponía el fallo de la misma, entendiendo que era un dato  fundamental para la correcta gestión económica de la empresa. c. El grupo está formado por los responsables de empresas del Grupo,  los cuales forman parte del Comité de Dirección e intervienen en las  decisiones presupuest"
e-02916-2017,2017,https://www.aepd.es/documento/e-02916-2017.pdf,https://web.archive.org/web/20251113170522id_/https://www.aepd.es/documento/e-02916-2017.pdf,"1/5 Expediente Nº: E/02916/2017 RESOLUCIÓN DE ARCHIVO DE ACTUACIONES De las actuaciones practicadas por la Agencia Española de Protección de Datos ante la entidad  LINDORFF HOLDING SPAIN, SAU en virtud de denuncia presentada por  D.D.D. y teniendo  como base los siguientes HECHOS PRIMERO: El 25 de abril de 2017 tiene entrada en esta Agencia Española de Protección de  Datos, escrito de denuncia de  D.D.D. con domicilio en  (C/...., 1) y  E.E.E. contra LINDORFF  HOLDING SPAIN, SAU porque ha incluido sus datos en los ficheros de solvencia patrimonial y  de crédito ASNEF y BADEXCUG sin requerimiento previo de pago.  El denunciante aporta, entre otra, copia de la siguiente documentación:  Notificación de inclusión en el fichero BADEXCUG, mediante carta de EXPERIAN de  fecha 18/01/2017 referenciada e individualizada a nombre del denunciante a la  dirección  (C/...., 1), con referencia a una situación de incumplimiento con LINDORFF,  por un impago durante más de 180 días y detalle de la deuda cuya fecha de alta en  dicho fichero es de 15/02/2015 y cuyo saldo impagado asciende a 10.196,48 euros.  Consulta al fichero ASNEF fechada el 20/01/2017 en la que figura inscrita una deuda  asociada al denunciante con domicilio en  (C/...., 1), y  E.E.E., informada por  LINDORFF, con una fecha de alta de 15/07/2016; y por un importe de 10.046,48 euros.  Carta de fecha 01/09/2014, firmada por BANKIA S.A., BANCO FINANCIERO Y DE  AHORROS S.A.U, y PROMONTORIA HOLDING 114 B.V en la que le comunican la  cesión de una deuda derivada de un contrato suscrito por el denunciante con BANKIA  S.A. y BANCO FINANCIERO Y DE AHORROS S.A.U, a PROMONTORIA HOLDING  114 B.V. Incluye asimismo el importe de la deuda pendiente de pago ( F.F.F. euros) y  advertencia de que podría incluirse la misma en ficheros de solvencia patrimonial y de  crédito de mantenerse la situación de impago en el plazo de 30 días naturales.   Certificado emitido por el BBVA, según el cual se acredita que desde la cuenta  C.C.C.,  abierta en esta Entidad, siendo  D.D.D. con NIF  E.E.E. uno de los titulares, en el  periodo comprendido entre el 01 de octubre de 2014 y el 22 de mayo de 2017, se han  emitido a favor de LINDORFF ESPAÑA treinta y dos transferencias por un importe de  150 euros cada una (4.800 €, en total) SEGUNDO: Tras la recepción de la denuncia la Subdirección General de Inspección de Datos  procedió a la realización de actuaciones previas de investigación para el esclarecimiento de los  hechos denunciados, teniendo conocimiento de los siguientes extremos: BANKIA, S.A. y BANCO FINANCIERO Y DE AHORROS, S.A.U. han cedido a PROMONTORIA  HOLDING 114 B.V. (en adelante PROMONTORIA) una cartera de créditos en la cual se  encuentra frente a D.  D.D.D., con un saldo a 31 de julio de 2014 de  F.F.F. euros (la deuda),  mediante contrato que se instrumentó en póliza intervenida por el notario del Ilustre Colegio de  Madrid, D. T.T.T., con el número XXX de registro en su libro indicador. El 8 de agosto de 201"
e-03038-2017,2017,https://www.aepd.es/documento/e-03038-2017.pdf,https://web.archive.org/web/20240616130715id_/https://www.aepd.es/documento/e-03038-2017.pdf,"1/7 Expediente Nº: E/03038/2017 RESOLUCIÓN DE ARCHIVO DE ACTUACIONES De las actuaciones practicadas por la Agencia Española de Protección de Datos  ante la CONSEJERIA DE PRESIDENCIA, JUSTICIA E IGUALDAD, en virtud de  denuncia presentada por la CENTRAL SINDICAL FESP-UGT SECTOR JUSTICIA, y  teniendo como base los siguientes HECHOS PRIMERO: Con fecha 18 de abril de 2017, tuvo entrada en esta Agencia escrito remitido  por la CENTRAL SINDICAL FESP-UGT SECTOR JUSTICIA en el que expone lo  siguiente: Que el procedimiento para acreditar la identidad del funcionario, con objeto de  activación/recuperación de las claves de acceso al aplicativo Atlante (Sistema de  Gestión Procesal de Canarias), es facilitar el número de teléfono móvil o la dirección  de correo electrónico personal, dichos hechos podrían ser constitutivos de lo que  podría suponer una infracción a lo dispuesto en los artículos 3b), 3c), 3e) y 4a) del  artículo 44 de la Ley Orgánica 15/1999 (LOPD). Añaden, que es una obligación facilitar dichos datos personales, si se quiere  poder realizar las tareas encomendadas en los órganos judiciales por parte de los  funcionarios de justicia destinados en el Gobierno de Canarias, y que no son informados  de modo expreso, preciso e inequívoco tal como estipula el artículo 5 de la LOPD. Que en el documento Política de contraseñas del Gobierno de Canarias, se  establecen otros procedimientos para la activación/recuperación de las claves de acceso  a los Sistemas de Información como preguntas/respuesta. Que según el denunciante tuvieron lugar los hechos a fecha de: 4 de abril de  2017. Con el escrito de denuncia se anexa, entre otros, la siguiente documentación:  Política de contraseñas del Gobierno de Canarias, de fecha 13 de diciembre de  2013.  Escrito de la Sección Sindical remitido a la Dirección General de Relaciones con  la Administración de Justicia del Gobierno de Canarias, de fecha 4 de abril de  2017, mediante el que informan que “el sistema de recuperación mediante frases  no estaba operativo, tampoco la alternativa de correo electrónico y que  únicamente sólo se podía acceder facilitando el teléfono móvil personal”.  También, incorporan al escrito impresión del mensaje, remitido por correo  electrónico, en el que informan a una trabajadora del procedimiento para activar  la contraseña del usuario, (…) “le llegará a su teléfono móvil el código, una vez  dentro podrá cambiar la contraseña”. Por lo que solicitan se articulen otros  mecanismos de verificación como los que existían con anterioridad. En este caso  indican que la trabajadora no tenía teléfono móvil.  Preguntas frecuentes sobre recuperación de contraseña, impresiones de pantalla  supuestamente publicadas en la intranet, en las que, entre otros, se detalla lo  C/ Jorge Juan, 6 www.agpd.es 28001 – Madrid sedeagpd.gob.es 2/7 siguiente:  ¿Con qué fines se utilizará tu número de teléfono móvil o correo electrónico  alternativo? Solo utilizaremos tu número o correo electrónico alterna"
e-03115-2017,2017,https://www.aepd.es/documento/e-03115-2017.pdf,https://web.archive.org/web/20260719221107id_/https://www.aepd.es/documento/e-03115-2017.pdf,"1/7 Expediente Nº: E/03115/2017 RESOLUCIÓN DE ARCHIVO DE ACTUACIONES De las actuaciones practicadas por la Agencia Española de Protección de Datos  ante las entidades TELEFÓNICA DE ESPAÑA, S.A.U., TELEFONICA MOVILES  ESPAÑA, S.A.U. y teniendo como base los siguientes HECHOS PRIMERO: Con fecha 16 de mayo de 2017, tuvo entrada en esta Agencia una  notificación de quiebra de seguridad realizada por las entidades (Telefónica de España,  S.A.U., Telefónica Móviles España, S.A.U., comunicando que:  La brecha se detectó el 12 de mayo de 2017  Ha afectado a ordenadores personales de personal de Telefónica.  Se ha ejecutado un protocolo de seguridad para el tipo de incidentes producidos.  La brecha no afecta a datos personales de clientes de Telefónica, no es una fuga  de datos, ni se han comprometido datos de clientes de Telefónica ni de terceros.  Los servicios se prestan con normalidad. SEGUNDO: Tras la recepción de la denuncia la Subdirección General de Inspección de  Datos procedió a la realización de actuaciones previas de investigación para el  esclarecimiento de los hechos denunciados, teniendo conocimiento de los siguientes  extremos: 1. El día 12 de mayo de 2017 a partir de las 12:31 horas aparecen en los diarios  digitales de El Mundo, El Diario y La Vanguardia noticias sobre un ataque de  ransomware a la empresa Telefónica. 2. El día 16 de mayo de 2017 se presenta en esta Agencia escrito por parte del  Secretario General de Telefónica de España SAU y de Telefónica Móviles SAU  comunicando una brecha de seguridad. En dicha comunicación manifiestan que: a. La brecha se detectó el 12 de mayo de 2017 b. Ha afectado a ordenadores personales de personal de Telefónica. c. Se ha ejecutado un protocolo de seguridad para el tipo de incidentes  producidos. d. La brecha no afecta a datos personales de clientes de Telefónica, no es  una fuga de datos, ni se han comprometido datos de clientes de  Telefónica ni de terceros. e. Los servicios se prestan con normalidad. C/ Jorge Juan, 6 www.agpd.es 28001 – Madrid sedeagpd.gob.es 2/7 3. El día 26 de mayo de 2017 se anexan a este expediente mediante diligencia los  informes publicados por el CCN denominados: o · CCN-CERT ID-17/17 Informe Ransom.WannaCry o · CCN-CERT IA-03/17 Medidas Seguridad ransomware o · CCN-CERT BP-04/16 Buenas Prácticas frente al ransomware En dichos informes se establece que el código dañino se denomina Wannacry y  que explota una vulnerabilidad de los sistemas Microsoft Windows.  Microsoft publicó la vulnerabilidad el 14 de mayo de 2017 en el boletín de la  compañía código MS17-010. El código es del tipo “ramsonware”, cifra la información con una clave  desconocida para el usuario de los datos y pide una cantidad económica para  proporcionar dicha clave. Entre otras acciones, este código comprueba la existencia de un dominio en  Internet, que si existe y es accesible HTTP, detiene la ejecución del mismo  código. 4. En respuesta al requerimiento de información realizado por la AEPD, la"
e-03126-2017,2017,https://www.aepd.es/documento/e-03126-2017.pdf,https://web.archive.org/web/20251113173653id_/https://www.aepd.es/documento/e-03126-2017.pdf,"1/4 Expediente Nº: E/03126/2017 RESOLUCIÓN DE ARCHIVO DE ACTUACIONES De las actuaciones practicadas por la Agencia Española de Protección de Datos ante la entidad  TELEFONICA MOVILES ESPAÑA, S.A.U. en virtud de denuncia presentada por  B.B.B. y  teniendo como base los siguientes HECHOS PRIMERO: El 19 de abril de 2017 tiene entrada en la Agencia Española de Protección de  Datos, escrito de denuncia de  B.B.B. contra TELEFONICA MOVILES ESPAÑA, S.A.U.  porque ha recibido el 10/03/2017, por correo ordinario, carta en la que se le comunica dos  inclusiones de sus datos en el fichero ASNEF. El denunciante manifiesta lo siguiente:  el 15/11/2016 solicitó la portabilidad de las líneas  D.D.D. y  C.C.C., tras confirmar que  su pacto de permanencia expiraba el 15/11/2016, y que pese a ello.   el 01/12/2016 recibió cargos del banco procedentes de MOVISTAR por importes de  111,77 y 96,20 euros respectivamente, por no haber respetado el pacto de  permanencia   el 16/12/2016 habla con el operador solicitando que le desglosen la factura para abonar  únicamente el consumo hasta la fecha de la portabilidad, pero le comunican que no es  posible el desglose.  las inclusiones en el fichero de solvencia patrimonial, es sólo por el importe del  consumo no abonado 35,07 y 19,50 euros. El denunciante aporta, entre otra, copia de la siguiente documentación:  Notificación de ambas inclusiones en ASNEF de fecha 07/03/2017 referenciada e  individualizada a nombre del denunciante a la dirección  A.A.A., 28220  MAJADAHONDA, MADRID, con referencia a una situación de incumplimiento con la  entidad TELEFONICA MOVILES ESPAÑA, S.A.U. y detalle de la deuda cuya fecha de  alta es 06/03/2017 y cuyo saldo impagado asciende a 35,07 y 19,50 euros. Informa  asimismo de la posibilidad de ejercitar los derechos de acceso, rectificación,  cancelación y oposición. SEGUNDO: Tras la recepción de la denuncia la Subdirección General de Inspección de Datos  procedió a la realización de actuaciones previas de investigación para el esclarecimiento de los  hechos denunciados, aportando TELEFONICA MOVILES ESPAÑA, S.A.U la siguiente  documentación:  Facturas emitidas el 01/12/2016 por las líneas  D.D.D. y  C.C.C.  Requerimiento de pago de ambas facturas de fecha 22/12/2016, informándole que en  caso de continuar el impago de la deuda sus datos podrán ser incluidos en ficheros de  solvencia patrimonial. C/ Jorge Juan, 6 www.agpd.es 28001 – Madrid sedeagpd.gob.es 2/4 FUNDAMENTOS DE DERECHO I Es competente para resolver la Directora de la Agencia Española de Protección de  Datos, conforme a lo establecido en el artículo 37.d) en relación con el artículo 36, ambos de la  Ley Orgánica 15/1999, de 13 de diciembre, de Protección de Datos de Carácter Personal (en lo  sucesivo LOPD). II El artículo 126.1, apartado segundo, del Reglamento de desarrollo de la Ley Orgánica  15/1999, de 13 de diciembre, de protección de datos de carácter personal, aprobado por Real  Decreto 1720/2007, de 21 de diciembre (RL"
e-03169-2017,2017,https://www.aepd.es/es/documento/e-03169-2017.pdf,https://web.archive.org/web/20220307211752id_/https://www.aepd.es/es/documento/e-03169-2017.pdf,"1/11 Expediente Nº: E/03169/2017 RESOLUCIÓN DE ARCHIVO DE ACTUACIONES De las actuaciones practicadas por la Agencia Española de Protección de Datos ante la entidad ASOCIACIÓN HAZTEOIR.ORG en virtud de denuncia presentada por B.B.B. y teniendo como base los siguientes HECHOS PRIMERO: Con fecha 24/04/2017, tuvo entrada en esta Agencia escrito de D./Dña. B.B.B.  (en lo sucesivo el denunciante), en el que denuncia a  ACABGang, ASOCIACIÓN HAZTEOIR.ORG (en lo sucesivo HAZTEOIR.ORG), por los siguientes hechos: 1. Los sistemas informáticos de la asociación HAZTEOIR.ORG han sido “hackeados” y se ha colgado en Internet un gran volumen de datos personales pertenecientes a personas que han firmado iniciativas con la asociación y personas que han realizado donativos, así como socios (algunos con relevancia social). El denunciante es uno de los afectados. 2. Algunos de los datos personales filtrados han sido: direcciones de correo electrónico, teléfonos, números de cuentas bancarias, DNIs y domicilios. 3. La información ha sido expuesta en una web de URL ***URL.1 En la caché de Google aún se puede consultar. En la denuncia se incluye el enlace a dicha caché. SEGUNDO: Tras la recepción de la denuncia la Subdirección General de Inspección de Datos procedió a la realización de  actuaciones previas de investigación para el esclarecimiento de los hechos denunciados, teniendo conocimiento de los siguientes extremos: La información, supuestamente disponible a través de la URL ***URL.1, dejó de estarlo a los pocos días de su exposición, tras la aplicación de medidas cautelares dictadas por un juez.  Sin embargo, se ha constatado que, después de varios meses, aún se puede encontrar gran parte de los datos filtrados alojados en servidores conectados a la red TOR, pudiendo ser descargados a través de páginas web chinas y con ayuda de software específico. Con fecha 20/02/2018 la Inspección pudo acceder a dicha información y descargó, entre otras, la carpeta que menciona el denunciante en la denuncia (***CARPETA.1”). Aunque no se ha encontrado el nombre del denunciante en los ficheros contenidos en dicha carpeta, sí que se ha hallado éste en ficheros de otras carpetas (“***CARPETA.2” y “***CARPETA.3”).  Examinado el resto del contenido del fichero descargado, se ha encontrado información que se ajusta a lo que el denunciante detalla en su denuncia, en lo relativo a datos de ciudadanos que han participado en votaciones organizadas por la asociación, y datos de donantes y socios.  C/ Jorge Juan, 6 www.agpd.es 28001 – Madrid sedeagpd.gob.es 2/11 Se ha requerido información de la citada brecha de seguridad a la asociación denunciada HAZTEOIR.ORG, y ésta ha aportado la siguiente información relevante al caso: Detalles de cómo se produjo la brecha de seguridad Con fecha 3/4/2017 tienen conocimiento a través de las redes sociales de que un grupo de delincuentes informáticos, que se hacen llamar ACABGang, habrían logrado saltar las medidas de seguridad de la asociación o de algun"
e-03836-2017,2017,https://www.aepd.es/es/documento/e-03836-2017.pdf,https://web.archive.org/web/20220307211851id_/https://www.aepd.es/es/documento/e-03836-2017.pdf,"1/7 Expediente Nº: E/03836/2017 RESOLUCIÓN DE ARCHIVO DE ACTUACIONES De las actuaciones practicadas por la Agencia Española de Protección de Datos  ante D. B.B.B. en virtud de denuncia presentada por Dª.  A.A.A. y teniendo como base  los siguientes HECHOS PRIMERO: Fecha de entrada de la denuncia: 10 de mayo de 2017  Denunciante: Dª.  A.A.A. Denuncia a: D. B.B.B. Por los siguientes hechos según manifestaciones del denunciante: instalación de  varias cámaras de videovigilancia en el edificio, una en el ojo de buey de la puerta de  entrada a su vivienda y dirigida a la puerta de la denunciante, y otra en la parte trasera  del edificio dirigida al aparcamiento y a una zona donde juegan sus hijos.  Y, entre otra, anexa la siguiente documentación:  reportaje fotográfico que recoge una cámara instalada en la fachada del  edificio y una mirilla en una puerta de acceso a una vivienda. SEGUNDO: Tras la recepción de la denuncia la Subdirección General de Inspección de  Datos procedió a la realización de  actuaciones previas de investigación para el  esclarecimiento de los hechos denunciados, teniendo conocimiento de los siguientes  extremos: 1. Respecto de la cámara instalada en la fachada del edificio:  Se encuentra instalada una cámara, exterior, sin funcionamiento ni conexión.  Aporta copia de la caja que la contenía, donde consta que se trata de una cámara de  seguridad de imitación con LED rojo. Se comprueba, a partir de la fotografía de la  cámara aportada por la denunciante y la fotografía que aparece en la caja del producto,  que se trata del modelo instalado.  Indica que el motivo de la instalación es disuasorio pues ha sufrido en dos  ocasiones daños en su vehículo, estando la cámara enfocando sólo a su vehículo, en un  terreno no público. 2. Respecto a la mirilla electrónica el denunciante ha manifestado que : No tiene ningún sistema de videovigilancia en la puerta de su vivienda, sino una  simple mirilla  electrónica sin capacidad de grabación, ni detector de presencia. La mirilla, que ha instalado el mismo, es un dispositivo que cuando llaman a la  puerta tiene que  presionar un botón de encendido, viendo por ella lo que vería si fuera  una mirilla óptica normal. Indica incluso, que si no hay luz en la escalera, no se ve nada. Aporta fotografía de la mirilla, y de las instrucciones en las que consta como única  función la visualización de  la imagen durante 10 segundos al presionar el botón de  encendido. FUNDAMENTOS DE DERECHO C/ Jorge Juan, 6 www.agpd.es 28001 – Madrid sedeagpd.gob.es 2/7 I Es competente para resolver la Directora de la Agencia Española de Protección de  Datos, conforme a lo establecido en el artículo 37.d) en relación con el artículo 36,  ambos de la Ley Orgánica 15/1999, de 13 de diciembre, de Protección de Datos de  Carácter Personal (en lo sucesivo LOPD). II El artículo 126.1, apartado segundo, del Reglamento de desarrollo de la Ley  Orgánica 15/1999, de 13 de diciembre, de protección de datos de carácter personal,  apro"
e-03911-2017,2017,https://www.aepd.es/es/documento/e-03911-2017.pdf,https://web.archive.org/web/20220302145354id_/https://www.aepd.es/es/documento/e-03911-2017.pdf,"1/6 Expediente Nº: E/03911/2017 RESOLUCIÓN DE ARCHIVO DE ACTUACIONES De las actuaciones practicadas por la Agencia Española de Protección de Datos ante la  entidad FRIENDLY GROUP SPAIN, S.L., en virtud de denuncia presentada por D.  B.B.B., y  teniendo como base los siguientes HECHOS PRIMERO: Con fechas 15/06 , 05 y 27/07/2017, tuvieron entrada en esta Agencia escritos de D.  B.B.B. (en lo sucesivo el denunciante), en los que denuncia la recepción de comunicaciones  comerciales en la dirección de correo electrónico  A.A.A., remitidas desde la dirección  clientes@creditocajero.es, y en la línea telefónica  C.C.C., en las que se promocionan los  productos o servicios de la entidad Friendly Group Spain, S.L., sin que estas hayan sido  previamente solicitadas o expresamente autorizadas. Añade que dichas comunicaciones se  remiten después de haber solicitado la cancelación de sus datos, mediante carta certificada, y de  las solicitudes de baja cursadas desde la misma dirección en que recibe los mensajes y remitidas  a la dirección electrónica indicada por la entidad para el ejercicio de los derechos. El denunciante aporta copia de los correos electrónicos y mensajes de texto recibidos, así  como de la cadena de mensajes mantenidos con la entidad con motivo de sus solicitudes de baja  SEGUNDO: Tras la recepción de la denuncia la Subdirección General de Inspección de Datos  procedió a la realización de  actuaciones previas de investigación para el esclarecimiento de los  hechos denunciados, teniendo conocimiento de los siguientes extremos: 1. El denunciante recibe en su cuenta de correo  A.A.A. y en su línea telefónica  C.C.C.,  comunicaciones comerciales procedentes de la entidad Friendly Group Spain, S.L. 2. Los correos electrónicos disponen de una dirección de correo electrónico donde puede  solicitarse el cese en el envío de comunicaciones comerciales.  3. Asimismo los SMS remitidos al denunciante contienen la dirección electrónica  www.creditocajero.es. En esta dirección de internet se informa del procedimiento para  ejercer el derecho de oposición, a través de la dirección clientes@creditocajero.es  4. En respuesta a la solicitud de información realizada por la inspectora actuante, se recibe un  escrito de los representantes de Friendly Group Spain, S.L. en el que manifiestan en  referencia a los hechos denunciados lo siguiente:   4.1 Los datos de carácter personal del denunciante “llegaron a Friendly Group Spain a través  de la API (Application Programming Interíace) de nuestro afiliado ""Solcredito""  (www.solcredito.es): asesoría crediticia que opera a través de la herramienta de busca y  comparación de préstamos online, y que ayuda a encontrar una oferta que se adecúe a las  necesidades del cliente. En su página web se puede obtener más información sobre el  ""Compromiso Solcredito"", las ""Condiciones Generales"", la ""Política de Privacidad"" y la  C/ Jorge Juan, 6 www.agpd.es 28001 – Madrid sedeagpd.gob.es 2/6 ""Política de Cookies"", entre otras cos"
e-03943-2017,2017,https://www.aepd.es/documento/e-03943-2017.pdf,https://web.archive.org/web/20251124132544id_/https://www.aepd.es/documento/e-03943-2017.pdf,"1/4 Expediente Nº: E/03943/2017 RESOLUCIÓN DE ARCHIVO DE ACTUACIONES De las actuaciones practicadas por la Agencia Española de Protección de Datos  ante las entidades MARE NOSTRUM; BBVA; ING DIRECT Y BANCO DE SABADELL,  en virtud de denuncia presentada por D.  A.A.A., y teniendo como base los siguientes: HECHOS PRIMERO: Con fecha 10/05/17, tiene entrada en esta Agencia, escrito de D.  A.A.A.,  donde se denuncia que: “Al Haber sido dado de alta en el fichero de morosos de  Experian por la entidad Banco Mare Nostrum sin requerimiento previo de pago y  habiendo denunciado este hecho ante la AEPD (exp 120299/2017) se requirió a  Experian que diera de baja sus datos por no existir requerimiento previo de pago.  Experian, en el escrito donde le notifica la baja, también le indica que varias entidades  han consultado sus datos sin que tenga relación comercial con ellas”. Se aporta, entre  otras, la siguiente documentación: • Carta de Experian, fechada el 19/04/17 en la que le comunican la cancelación de  sus datos en el fichero BADEXCUG, correspondiente a la operación  ***OPERACIÓN.1, informada por (MARE NOSTRUM) y donde además se le  comunica que, en los últimos 6 meses han consultado sus datos las entidades:  MARE NOSTRUM; BANCO SABADELL BBVA e ING DIRECT. S  EGUNDO    : A la vista de los hechos denunciados, en fase actuaciones previas, la  entidad MARE NOSTRUM, remite la siguiente información: a).- indica que en los últimos 6 meses se han consultado los datos del  identificador  E.E.E., 14 veces, motivados por la situación de impago derivado de  la relación negocial (préstamo personal con recibos vencidos e impagados desde  2014) y que han motivado su consulta previa a la celebración de un Comité de  impagos de la entidad además de por procesos automáticos que se realizan para  obtener información para Alertas de Riesgos (Sirec). b).- La justificación documental de la relación contractual mantenida con el  afectado viene detallada en la contestación de requerimientos de otras  denuncias presentadas por  A.A.A. (E/3120/2017_M9 y E/3120/2017_F2). c).- Se adjunta buro fax de fecha 10/05/17 donde se le reclama la deuda del  préstamo personal ***PRÉSTAMO.1 y d).- Se aporta declaración de datos, firmada por  A.A.A., en cumplimiento de la  normativa vigente sobre medidas de prevención de Blanqueo de Capitales. TERCERO: A la vista de los hechos denunciados, en fase actuaciones previas, la  entidad BBVA, remite la siguiente información: a).- El acceso de los datos del  Sr. A.A.A. contenidos en el fichero  C/ Jorge Juan, 6 www.agpd.es 28001 – Madrid sedeagpd.gob.es 2/4 BADEXCUG/EXPERIAN se ha realizado por parte de BBVA a través del  denominado proceso Batch semanal. Este procedimiento se ejecuta de manera  automática y semanalmente para los datos de los clientes con contrato activo. b).- El  Sr. A.A.A. tiene con la entidad BBVA un contrato, como titular de tarjeta  privada nº  B.B.B., con fecha de alta 02/12/10. c).- Se porta el contrato de la tarjeta de créd"
e-03984-2017,2017,https://www.aepd.es/documento/e-03984-2017.pdf,https://web.archive.org/web/20251125190541id_/https://www.aepd.es/documento/e-03984-2017.pdf,"1/5 Expediente Nº: E/03984/2017 RESOLUCIÓN DE ARCHIVO DE ACTUACIONES De las actuaciones practicadas [de oficio] por la Agencia Española de Protección de  Datos ante la entidad  EULEN SEGURIDAD, S.A.(AEROPUERTO FUENTEVENTURA)  en virtud de denuncia presentada por Don  A.A.A. (B.B.B. ) y teniendo como base los  siguientes HECHOS PRIMERO: Con fecha 29 de mayo de 2017, tuvo entrada en esta Agencia escrito de D.  A.A.A. (B.B.B. )  (en lo sucesivo el/la denunciante)  EULEN SEGURIDAD, S.A. (AEROPUERTO FUENTEVENTURA) en lo sucesivo el/la denunciado/a) en el que  denuncia de manera sucinta lo siguiente: “Que se ha realizado un control laboral desde la oficina de  EULEN  SEGURIDAD, con las cámaras destinadas a video-vigilancia, sin estar registrado el  fichero para tal fin” (folio nº 1). Adjunta: Fotografías obtenidas de las cámaras que reproducen imágenes captadas en  despachos, que según manifiesta son de los puestos de Control principal, Filtro de  pasajeros y Barrera del aeropuerto. SEGUNDO: Tras la recepción de la denuncia la Subdirección General de Inspección de  Datos procedió a la realización de  actuaciones previas de investigación para el  esclarecimiento de los hechos denunciados, teniendo conocimiento de los siguientes  extremos: Con fecha 25 de septiembre de 2017,  EULEN SEGURIDAD S.A. ha remitido a esta  Agencia la siguiente información en relación con los hechos denunciados: -  EULEN SEGURIDAD S.A. no tiene instalado el sistema de video-vigilancia  en el Aeropuerto de Fuenteventura. La empresa presta los servicios de  vigilancia en el mismo a través de sus vigilantes de seguridad, según lo  estipulado en el contrato público suscrito con AENA. S.A., cuyos pliegos  adjuntan. - La función de la empresa, en relación con el sistema de video-vigilancia es la  de visionar las imágenes captadas por el mismo. - Respecto a la información facilitada a sus trabajadores de la finalidad del  sistema, manifiestan, que la empresa no es la que ha decidido la instalación  ni la finalidad del sistema, dado que su papel es el de encargado de  tratamiento que visiona las imágenes y responde a las incidencias de  seguridad detectadas por las cámaras, no incorporando a sus ficheros ningún  dato obtenido de las mismas. C/ Jorge Juan, 6 www.agpd.es 28001 – Madrid sedeagpd.gob.es 2/5 FUNDAMENTOS DE DERECHO I Es competente para resolver la Directora de la Agencia Española de Protección  de Datos, conforme a lo establecido en el artículo 37.d) en relación con el artículo 36,  ambos de la Ley Orgánica 15/1999, de 13 de diciembre, de Protección de Datos de  Carácter Personal (en lo sucesivo LOPD). II En fecha 29/05/2017 se recibe escrito en este organismo en dónde se traslada como  “hecho” principal la instalación de cámaras de video-vigilancia con una finalidad de  control laboral no amparada legalmente. Se aporta en sustento de su pretensión prueba documental (fotografías nº 1,2, y  3) en dónde se observan imágenes de un habitáculo de trabajo, en dónde trabajadores  de"
e-04018-2017,2017,https://www.aepd.es/documento/e-04018-2017.pdf,https://web.archive.org/web/20240627022034id_/https://www.aepd.es/documento/e-04018-2017.pdf,"1/4 Expediente Nº: E/04018/2017 RESOLUCIÓN DE ARCHIVO DE ACTUACIONES De las actuaciones practicadas por la Agencia Española de Protección de Datos ante la  entidad EMPLOYEE MOBILITY SOLUTIONS, S.L. en virtud de denuncia presentada  por la misma entidad y teniendo como base los siguientes HECHOS PRIMERO: Con fecha 17/05/2017 tuvo entrada en esta Agencia escrito de EMPLOYEE  MOBILITY SOLUTIONS, S.L. (en lo sucesivo EMS) en el que pone en conocimiento de  este organismo el robo por una persona desconocida de dos ordenadores portátiles que  contiene datos de carácter personal de clientes, proveedores, empleados y expedientes  para tratamientos de relocalización y  expatriación. El robo ha sido realizado en las  oficinas de la entidad en MIAMI (EEUU).  Y, entre otra, anexa la siguiente documentación:  Impresión del Incident Report donde figura el robo ocurrido en fecha 24/03/2017. SEGUNDO: Tras la recepción de la denuncia la Subdirección General de Inspección de  Datos procedió a la realización de  actuaciones previas de investigación para el  esclarecimiento de los hechos denunciados, teniendo conocimiento de los siguientes  extremos: Con fecha 18/09/2017 se solicita información a EMS con objeto de conocer información  sobre el robo denunciado y de la respuesta recibida, en fecha 17/10/2017, se  desprende:  1. EMS ha aportado denuncia efectuada ante las autoridades de Miami donde se  detalla el robo producido y donde la persona que acude informa que:  a. No hay señales de entrada forzada a través de la puerta delantera (punto  de entrada).  b. Hay cámaras de vigilancia en el área alrededor, pero no cerca o en el  interior del despacho robado. c. El edificio está abierto para la entrada al público. 2. EMS manifiesta que las oficinas de Miami donde se produjo, se encuentran  ubicadas en un edificio compartido con otras empresas y de acceso libre y que  un trabajador de la compañía percibió la presencia de terceras personas que  supuso que eran personal de mantenimiento o limpieza y posteriormente detectó  la falta de dos ordenadores portátiles.  3. EMS manifiesta que los ordenadores están protegidos y el acceso es a través de  contraseñas y consideran que es muy difícil el acceso por terceras personas. 4. EMS manifiesta que no tienen constancia de la utilización de los datos  contenidos en los portátiles robados. 5. EMS ha aportado Registro de Incidencia de fecha 03/05/2017 donde figura el  C/ Jorge Juan, 6 www.agpd.es 28001 – Madrid sedeagpd.gob.es 2/4 robo de los dos portátiles en las oficinas de Miami el día 24/03/2017.  FUNDAMENTOS DE DERECHO I Es competente para resolver la Directora de la Agencia Española de Protección  de Datos, conforme a lo establecido en el artículo 37.d) en relación con el artículo 36,  ambos de la Ley Orgánica 15/1999, de 13 de diciembre, de Protección de Datos de  Carácter Personal (en lo sucesivo LOPD). II El artículo 126.1, apartado segundo, del Reglamento de desarrollo de la Ley  Orgánica 15/1999, de 13 de diciembre, d"
e-04149-2017,2017,https://www.aepd.es/documento/e-04149-2017.pdf,https://web.archive.org/web/20251124081525id_/https://www.aepd.es/documento/e-04149-2017.pdf,"1/5 Expediente Nº: E/04149/2017 RESOLUCIÓN DE ARCHIVO DE ACTUACIONES De las actuaciones practicadas por la Agencia Española de Protección de Datos ante la  entidad TELEFÓNICA DE ESPAÑA, S.A.U. en virtud de denuncia presentada por D.  A.A.A.y teniendo como base los siguientes HECHOS PRIMERO: Con fecha 30 de mayo de 2017, tuvo entrada en esta Agencia escrito de D.  A.A.A.(en lo sucesivo el denunciante) en el que denuncia que siendo titular de la línea  telefónica ***TEL.1 y estando al corriente de pago con  TELEFÓNICA DE ESPAÑA, S.A.U., el operador sin previo aviso suspense el servicio de  la misma el 28 de abril de 2015, que con fecha 14 de septiembre de 2015 interpuso  reclamación ante la Secretaría de Estado de las Telecomunicaciones y para la Sociedad  de la Información (SETSI). No obstante fue incluido en los ficheros ASNEF y  BADEXCUG el 2 y el 4 noviembre de 2015 respectivamente, durante la tramitación de la  reclamación ante la SETSI SEGUNDO: A la vista de los hechos denunciados, de conformidad con las evidencias de  que se dispone, se ha tenido conocimiento de que: 1.- Los datos personales del denunciante estuvieron publicados en ASNEF y  EXPERIAN desde el 2 de noviembre de 2015 hasta el 8 de marzo de 2016, por un  importe de 233,78 €. Dicho importe viene constituido por la factura de referencia  ***FACT.3 por importe de 290,40 €, minorándose en virtud de la compensación llevada a  cabo entre las facturas ***FACT.1 de -1.139,82 € y ***FACT.2 de 1.083,20 €. 2.- A fecha  15 de septiembre de 2017, el denunciante no mantiene deuda  alguna con Telefónica, así como sus datos no se encuentran publicados en los ficheros  de solvencia patrimonial por dicho motivo. 3.- Respecto a la reclamación interpuesta por el denunciante ante la SETSI: Es de señalar que la reclamación de fecha 14 de septiembre de 2015, no versa  sobre la factura cuyo impago provocó la comunicación de sus datos personales a los  ficheros de solvencia patrimonial, se limita a solicitar la activación de la línea 3G  ***TEL.1, suspendida por el impago de la factura en concepto de devolución de equipo  relativa a la línea ***TEL.1. Y, es en marzo de 2016, cuando el denunciante interpone el recurso de  reposición respecto de la Resolución de 22 de enero de 2016, cuando Telefónica tiene  constancia de que la factura ***FACT.3 por importe de 290,40 € es objeto de  reclamación ante la SETSI, procediendo de inmediato a solicitar la exclusión de los  datos personales de D. A.A.A.de los ficheros de solvencia patrimonial, reintegrándole el  importe de la misma. C/ Jorge Juan, 6 www.agpd.es 28001 – Madrid sedeagpd.gob.es 2/5 FUNDAMENTOS DE DERECHO I Es competente para resolver la Directora de la Agencia Española de Protección  de Datos, conforme a lo establecido en el artículo 37.d) en relación con el artículo 36,  ambos de la Ley Orgánica 15/1999, de 13 de diciembre, de Protección de Datos de  Carácter Personal (en lo sucesivo LOPD). II El artículo 126.1, apartado segundo, del Real Decreto 1"
e-04163-2017,2017,https://www.aepd.es/documento/e-04163-2017.pdf,https://web.archive.org/web/20240630100955id_/https://www.aepd.es/documento/e-04163-2017.pdf,"1/9 Expediente Nº: E/04163/2017 RESOLUCIÓN DE ARCHIVO DE ACTUACIONES De las actuaciones practicadas por la Agencia Española de Protección de Datos  ante el AYUNTAMIENTO DE SANTIAGO DE COMPOSTELA en virtud de denuncia  presentada por Doña  E.E.E., y teniendo como base los siguientes HECHOS PRIMERO: Con fecha 24 de enero de 2017, tuvo entrada en esta Agencia un escrito  remitido por Doña  E.E.E., solicitando que se investigasen los hechos denunciados  referidos al tratamiento de datos que realiza el Ayuntamiento de Santiago de  Compostela en relación con el Proyecto de Presupuestos Participativos. Esta denuncia  fue inadmitida a trámite. En fecha 24 de marzo, la denunciante interpuso recurso de  reposición solicitando que se realizasen actuaciones de investigación de los hechos  denunciados; el recurso fue estimado y se iniciaron las actuaciones mencionadas. Los hechos denunciados son los siguientes: Durante el último trimestre del año 2016, el Ayuntamiento de Santiago puso en marcha  un proyecto sobre PRESUPUESTOS PARTICIPATIVOS contratando a la empresa  CIDADANIA REDE DE APLICACIONS SOCIAIS. SOCIEDAD COOPERATIVA GALEGA.  En noviembre de 2016, la denunciante recibe una llamada de la empresa citada  relacionada con el alta de sus datos de nombre y apellidos y DNI en la plataforma digital  relacionada con el proyecto, sin que hubiera aportado dichos datos.  En el escrito de recurso de reposición, la denunciante aporta un CD-ROM con una  grabación de una conversación que ha mantenido con la empresa y en las que se pone  de manifiesto que una tercera persona aportó los datos de la denunciante a través de la  plataforma digital para el Proyecto del Ayuntamiento, facilitando la dirección IP ***IP.1  como IP desde la que se realizó el alta de los datos. La denunciante manifiesta que si bien la empresa alertó de la utilización de sus datos  por terceros, solo realiza estas alertas cuando desde una dirección IP se realizan un  número elevado de altas, por lo que se pueden estar tratando datos sin conocimiento y  por tanto sin consentimiento de los titulares.  Con fechas 11 y 20 de octubre de 2017, se recibieron nuevos escritos de la denunciante  de ampliación de la denuncia, en los que pone de manifiesto que:  No existe contrato de prestación de servicios entre el Ayuntamiento de Santiago y la  empresa CIDADANIA REDE DE APLICACIONS SOCIAIS. SOCIEDAD  COOPERATIVA GALEGA para el proyecto de Presupuestos Participativos del año  2016.  Tampoco existe contrato para el proyecto de Presupuestos Participativos del año  2017 que ha sido adjudicado a la misma empresa.  La empresa utiliza los datos obtenidos en el año 2016 para el proyecto del año 2017  ya que los relativos al año 2016 no fueron devueltos ni destruidos al finalizar el  C/ Jorge Juan, 6 www.agpd.es 28001 – Madrid sedeagpd.gob.es 2/9 servicio.  El procedimiento de recogida de datos de los ciudadanos no prevé medidas para  acreditar la identidad y el consentimiento de los participantes, ya que única"
e-04176-2017,2017,https://www.aepd.es/es/documento/e-04176-2017.pdf,https://web.archive.org/web/20220307211848id_/https://www.aepd.es/es/documento/e-04176-2017.pdf,"1/12 Expediente Nº: E/04176/2017 RESOLUCIÓN DE ARCHIVO DE ACTUACIONES De las actuaciones practicadas por la Agencia Española de Protección de Datos ante  la  ***COM. PROP. 1 (PRESIDENTE D.  C.C.C.) en virtud de denuncia presentada por  D.  D.D.D. y teniendo como base los siguientes HECHOS PRIMERO: Fecha de entrada de la denuncia: 24 de mayo de 2017  Denunciante: D.  D.D.D. Denuncia a:  ***COM. PROP. 1- D.  C.C.C. Por los siguientes hechos según manifestaciones del denunciante: Instalación de  cámaras de videovigilancia, algunas de ellas dirigidas a su apartamento, sin señalización  de la zona videovigilada. El denunciante manifiesta que el 18 de julio del pasado año  interpuso una denuncia en los mismos términos resultando que las cámaras se  desinstalaron y eran falsas. Manifiesta que desconoce si la nueva instalación puede  estar realizando grabaciones, motivo por el que vuelve a denunciarlo.  Y, entre otra, anexa la siguiente documentación:  Reportaje fotográfico de las cámaras de videovigilancia instaladas. Los antecedentes que constan son los siguientes:  Denuncias presentadas por D.  D.D.D. con fechas 27 de julio y 8 de agosto de 2016  denunciando la existencia de cámaras en la ***COM. PROP. 1 de ***LOC.1 sin  señalización, dirigidas a su apartamento, y sin consentimiento de la Comunidad de  Propietarios. A raíz de los escritos de denuncia se procede a la apertura del Expediente  de Investigación E/04269/2016 a objeto de esclarecer los hechos denunciados,  quedando acreditado, tras las actuaciones previas de investigación, que las cámaras  instaladas son simuladas, procediéndose al archivo de las actuaciones de acuerdo a la  Resolución de fecha 20 de septiembre de 2016.  SEGUNDO: Tras la recepción de la denuncia la Subdirección General de Inspección de  Datos procedió a la realización de  actuaciones previas de investigación para el  esclarecimiento de los hechos denunciados, teniendo conocimiento de los siguientes  extremos: 1. Analizadas las fotografías aportadas en la denuncia y la documentación obrante en  los antecedentes referidos, se constata que, tal y como se incorpora mediante Diligencia  a las actuaciones de referencia, existe una sustancial similitud en características y  ubicación, entre las cámaras denunciadas y las investigadas en el expediente  E/04269/2016. No obstante, con objeto de comprobar las manifestaciones del  denunciante y en las que refiere que las cámaras se corresponden con una nueva  instalación, se requiere a ambas partes para que aporten las pruebas documentales que  permitan aclararlo. C/ Jorge Juan, 6 www.agpd.es 28001 – Madrid sedeagpd.gob.es 2/12 2.Con fecha 13 de julio de 2017 se solicita al denunciante que aporte pruebas  documentales de que se ha producido algún cambio en las características de la  instalación, bien aportando copia del acta de la Junta de la Comunidad de Propietarios  en la que se proponga la modificación de la instalación o copia documental del gasto  incurrido en este concepto, teni"
e-04182-2017,2017,https://www.aepd.es/es/documento/e-04182-2017.pdf,https://web.archive.org/web/20220307211111id_/https://www.aepd.es/es/documento/e-04182-2017.pdf,"1/4 Expediente Nº: E/04182/2017 RESOLUCIÓN DE ARCHIVO DE ACTUACIONES De las actuaciones practicadas por la Agencia Española de Protección de Datos  ante D.  C.C.C. en virtud de denuncia presentada por la  B.B.B. y teniendo como base  los siguientes HECHOS PRIMERO: Fecha de entrada de la denuncia: 16 de junio de 2017  Denunciante:  A.A.A. Denuncia a:  C.C.C. Por los siguientes hechos según manifestaciones del denunciante: Instalación de un  sistema de videovigilancia en un bloque de viviendas con varias cámaras instaladas  alrededor del perímetro de la urbanización, enfocando a la vía pública, en aras a  detectar la presencia de las Fuerzas y Cuerpos de Seguridad.  Y, entre otra, anexa la siguiente documentación:  Plano general del bloque de viviendas situando el emplazamiento de las  cámaras de videovigilancia.  Reportaje fotográfico en el que se aprecia las cámaras instaladas así como el  cableado y conexionado de la instalación que, supuestamente, conduce a la  vivienda del denunciado. SEGUNDO: Tras la recepción de la denuncia la Subdirección General de Inspección de  Datos procedió a la realización de  actuaciones previas de investigación para el  esclarecimiento de los hechos denunciados, teniendo conocimiento de los siguientes  extremos: En el escrito de denuncia remitido por la Guardia Civil refieren que, de forma  confidencial, han identificado al morador de la vivienda en la que finaliza el cableado de  la instalación de las cámara y al que consideran responsable del sistema de  videovigilancia instalado pero que, pese a haber realizado varios intentos de  identificación fehaciente del morador o moradores de la vivienda, y según aclara en  conversación telefónica mantenida con agente del Puesto Principal de la Comandancia  de la Guardia Civil de ***LOC.1, personándose en la vivienda y llamando a la puerta,  todos esos intentos, tal y como pone de manifiesto en el escrito de la denuncia remitida,  han resultado infructuosos. Dado que la Guardia Civil no puede identificar de manera fehaciente al  responsable de la instalación del sistema de videovigilancia, se procede al archivo del  expediente al no poder identificar al responsable del sistema. FUNDAMENTOS DE DERECHO I Es competente para resolver la Directora de la Agencia Española de Protección  de Datos, conforme a lo establecido en el artículo 37.d) en relación con el artículo 36,  ambos de la Ley Orgánica 15/1999, de 13 de diciembre, de Protección de Datos de  Carácter Personal (en lo sucesivo LOPD). C/ Jorge Juan, 6 www.agpd.es 28001 – Madrid sedeagpd.gob.es 2/4 II El artículo 126.1, apartado segundo, del Reglamento de desarrollo de la Ley  Orgánica 15/1999, de 13 de diciembre, de protección de datos de carácter personal,  aprobado por Real Decreto 1720/2007, de 21 de diciembre (RLOPD) establece: “Si de las actuaciones no se derivasen hechos susceptibles de motivar la  imputación de infracción alguna, el Director de la Agencia Española de Protección de  Datos dictará resolución de a"
e-04183-2017,2017,https://www.aepd.es/documento/e-04183-2017.pdf,https://web.archive.org/web/20240704181342id_/https://www.aepd.es/documento/e-04183-2017.pdf,"1/7 Expediente Nº: E/04183/2017 RESOLUCIÓN DE ARCHIVO DE ACTUACIONES De las actuaciones practicadas por la Agencia Española de Protección de Datos ante el MINISTERIO DEL INTERIOR - DIRECCIÓN GENERAL DE APOYO A VICTIMAS TERRORISMO en virtud de denuncia presentada por Don  A.A.A. y teniendo como base los siguientes HECHOS PRIMERO: Con fecha 26 de junio de 2017 tuvo entrada en esta Agencia oficio de la Audiencia Nacional, de fecha 16 de junio de 2017, mediante el que se da traslado de la sentencia firme dictada en el recurso contencioso-administrativo presentado por Don A.A.A. (en lo sucesivo, el denunciante) contra la resolución, de fecha 29 de enero de 2015, del Director de esta Agencia, por la que se desestima el recurso de reposición promovido frente a la resolución, del mismo órgano, de 23 de julio de 2014, por la que se acuerda no incoar actuaciones inspectoras y no iniciar procedimiento sancionador, en el procedimiento E/01539/2014.  En la citada sentencia firme se anula la resolución de fecha 29 de enero de 2015, por resultar contraria a Derecho, condenando a esta Agencia a incoar actuaciones inspectoras a fin de llevar a cabo las actuaciones previas de investigación necesarias para determinar si concurren circunstancias que justifiquen la iniciación de un procedimiento sancionador. Entre los fundamentos de derecho consta: “El acto administrativo recurrido da respuesta al escrito del recurrente que tuvo entrada en la AEPD, el 13 de enero de 2014, en el que exponía su condición de (......), y que en los medios de comunicación ***DIARIO.1 y ***RADIO.1, habían publicado datos personales relativos a su salud, obrantes en un expediente administrativo custodiado por la Dirección General de Apoyo a Victimas del Terrorismo, que podrían configurar un supuesto de infracción muy grave, conforme al artículo 44.4b) de la LOPD. En el escrito se exponía que el fichero público objeto de infracción era “Asister” y que los responsables del mismo y del expediente administrativo son los funcionarios de la Dirección General de Apoyo a Victimas del Terrorismo, del Ministerio del Interior. La inicial respuesta del Director de la Agencia se contenía en Resolución de 23 de julio de 2014, y acordaba no incoar actuaciones inspectoras y no iniciar procedimiento sancionador”. SEGUNDO: El denunciante, de profesión (......), manifiesta en el escrito de denuncia ante esta Agencia, con fecha de 13 de enero de 2014, que han sido entregados a dos medios de comunicación (diario ***DIARIO.1 y ***RADIO.1) datos obrantes en el expediente administrativo de solicitud de ayuda pública para sufragar tratamiento C/ Jorge Juan, 6 www.agpd.es 28001 – Madrid sedeagpd.gob.es 2/7 psicológico por secuelas derivadas de atentado terrorista, que se tramita en la Dirección General de Apoyo a Victimas del Terrorismo y que obran en el fichero público denominado “Asister”. Según el denunciante, tuvieron lugar los hechos con anterioridad al 16 de diciembre de 2013. Entre otra, anexa la siguiente do"
e-04323-2017,2017,https://www.aepd.es/es/documento/e-04323-2017.pdf,https://web.archive.org/web/20220307211108id_/https://www.aepd.es/es/documento/e-04323-2017.pdf,"1/13 Expediente Nº: E/04323/2017 RESOLUCIÓN DE ARCHIVO DE ACTUACIONES De las actuaciones practicadas por la Agencia Española de Protección de Datos ante D. A.A.A. Y Dª. B.B.B. en virtud de denuncia presentada por D. C.C.C. y teniendo como base los siguientes HECHOS PRIMERO: Fecha de entrada de la denuncia: 14 de junio de 2017  Denunciante: D. C.C.C. Denuncia a: D.  A.A.A. Y Dª. B.B.B.  Por los siguientes hechos según manifestaciones del denunciante:  Los denunciados han instalado cámaras en un garaje de la comunidad de propietarios sin que se apruebe en Junta de Propietarios. Estas cámaras captan imágenes de zonas comunes. Aporta reportaje fotográfico en que se observa cartel informativo. SEGUNDO: Tras la recepción de la denuncia la Subdirección General de Inspección de Datos procedió a la realización de  actuaciones previas de investigación para el esclarecimiento de los hechos denunciados, teniendo conocimiento de los siguientes extremos: Requerida información a los denunciados por los Servicios de Inspección de esta Agencia se recibe contestación de los mismos en fecha 30 de octubre de 2017 en el que manifiestan: -El sistema de Video-Vigilancia (CCTV), fue instalado en octubre del año 2011. -En el año 2012 se tramitó el expediente, E/01271/2012 por el mismo sistema de videovigilancia y concluyó en el archivo de actuaciones. -Desde esa fecha ha habido una única modificación en la instalación: una cámara adicional que enfoca la zona privativa -Los responsables del sistema de video vigilancia son D.  A.A.A. Y Dª. B.B.B., propietarios de las plazas de parking X.1 y X.2 donde está instalado el citado sistema de Vigilancia. -Las cámaras se instalaron en Octubre de 2011. El motivo de su instalación fueron los daños materiales/personales  que vienen sufriendo: puerta de trastero anexo a la plaza nº X.2 forzada;incendio provocado en la instalación eléctrica del parking comunitario, concretamente en una caja de conexiones situada en la plaza nº X.2 y agresión física con lesiones dentrode la plaza de su propiedad.  Debido a estos hechos, y siguiendo la recomendación de la policía, instalaron el sistema de video-vigilancia (CCTV) con carácter disuasorio y probatorio, para que hechos similares no se vuelvan a repetir. Desde la instalación, el pasado 14 de Octubre de 2011, hechos de la gravedad descrita no han vuelto a repetirse, no obstante, las cámaras sí que han grabado a un vecino protagonizando actos vandálicos, que han sido puntualmente denunciados y condenados: C/ Jorge Juan, 6 www.agpd.es 28001 – Madrid sedeagpd.gob.es 2/13  Intentar dañar la óptica de las cámaras utilizando un puntero láser de alta potencia y arrancar los carteles informativos de la zona vigilada.  Manipulando la instalación eléctrica del parking, sin autorización (cortó unos cables de la alarma de incendios). Concretamente la misma caja de conexiones donde se provocó el incendio.   Además de todo esto recibimos insultos y amenazas casi a diario. Las cámaras de seguridad les han"
e-04333-2017,2017,https://www.aepd.es/es/documento/e-04333-2017.pdf,https://web.archive.org/web/20220307211403id_/https://www.aepd.es/es/documento/e-04333-2017.pdf,"1/5 Expediente Nº: E/04333/2017 RESOLUCIÓN DE ARCHIVO DE ACTUACIONES De las actuaciones practicadas por la Agencia Española de Protección de Datos ante la entidad TWITTER INC., en virtud de denuncia presentada por D. A.A.A. y teniendo como base los siguientes HECHOS PRIMERO: Con fecha 5 de julio de 2017, tuvo entrada en esta Agencia escrito de D. A.A.A. (en lo sucesivo el denunciante), en el que formula denuncia contra la entidad “TWITTER”, manifestando que la misma ha modificado su política de privacidad, y los actuales términos de uso pueden dar lugar a una cesión de datos de hábitos, localizaciones, dispositivos respecto a los usuarios, sin que se informe adecuadamente acerca de los destinatarios de la información, el uso que se dará a la misma, estando premarcado el consentimiento para ello. SEGUNDO: Tras la recepción de la denuncia, la Subdirección General de Inspección de Datos procedió a la realización de actuaciones previas de investigación señaladas con el número E/04333/2017 para el esclarecimiento de los hechos. Desde la Inspección de datos se accedió a las direcciones web de TWITTER en las que se publica la Política de Privacidad y el apartado de Personalización que indica el reclamante. De todo ello se destaca lo siguiente: 1. La fecha de entrada en vigor de la nueva Política de Privacidad de TWITTER es el 18 de junio de 2017, tal y como consta en la web https://twitter.com/es/privacy.  2. En la dirección web https://twitter.com/personalization figura el apartado PERSONALIZACIÓN Y DATOS que coincide con el aportado por el denunciante en el que se informa que “Controla el modo en que TWITTER personaliza contenidos y como recolecta y comparte ciertos datos. Esta configuración se aplica a este dispositivo cuando no está conectado a twitter y no se aplicará a tu cuenta cuando tengas una sesión abierta”.   Permite Desactivar todo lo marcado. Constan pre-marcadas las casillas de personalización:  Personalizar anuncios C/ Jorge Juan, 6 www.agpd.es 28001 – Madrid sedeagpd.gob.es 2/5 “Activa esto para ver anuncios basados en tus intereses dentro o fuera de Twitter. Más información”. En el apartado de más información indican que “colaboramos con socios de publicidad para ofrecerte contenido publicitario más útil e interesantes a través de la publicidad basada en los intereses”. Y explican cómo funciona este proceso.  Asimismo, explican la forma de desactivar esta función tanto en la web como en los móviles.  Personaliza en todos tus dispositivos “Twitter siempre se personalizará en los dispositivos que has usado para iniciar sesión. Si desactivas esta configuración, Twitter olvidará que has usado otros dispositivos. Más información”. En este apartado informan de la manera que Twitter asocia los dispositivos a la cuenta del usuario incluyendo las visitas a los sitios web de terceros que integran contenido de twitter. Almacenando la dirección IP y la fecha y hora de utilización del dispositivo. Además, a los dispositivos se aplican los datos d"
e-04347-2017,2017,https://www.aepd.es/documento/e-04347-2017.pdf,https://web.archive.org/web/20240705204601id_/https://www.aepd.es/documento/e-04347-2017.pdf,"1/9 Expediente Nº: E/04347/2017 RESOLUCIÓN DE ARCHIVO DE ACTUACIONES De las actuaciones practicadas por la Agencia Española de Protección de Datos  ante la entidad FREMAP, MUTUA COLABORADORA DE LA SEGURIDAD SOCIAL, en  virtud de denuncia presentada por B.B.B., y teniendo como base los siguientes HECHOS PRIMERO: Con fecha 14 de junio de 2017, tuvo entrada en esta Agencia escrito  remitido por B.B.B. en el que expone lo siguiente: Que fue médico de la Mutua FREMAP de la localidad de ***LOC.1 desde el año  2006 y que le solicitaron su clave de acceso a las historias clínicas, por parte del  Director del Centro (Sr.  F.F.F.); ante su negativa fue solicitada a otra compañera.  Añade que adjunta cartas de denuncias a la Gerencia Nacional de la Mutua  FREMAP, al Ministerio de Trabajo y todos aquellos documentos que puedan ayudar a  esclarecer la situación de violación de los derechos de los pacientes, incluidos correos  electrónicos donde se objetiva de forma directa e indirecta, el conocimiento de datos  confidenciales médicos de los pacientes por parte del Director del Centro.  Así mismo, manifiesta que aporta relación de usuarios que han accedido a su  historial médico sin autorización y que algunos no coinciden con asistencias a consultas,  como los accesos realizados por el Dr.  G.G.G.. Que según la denunciante los hechos tuvieron lugar los hechos en el periodo  comprendido entre el 25 de enero de 2016 y el 16 de mayo de 2017.  Con el escrito de denuncia se aporta, entre otros, la siguiente documentación:  Correo electrónico, de fecha 17 de febrero de 2016, remitido por el Director del  Centro a la denunciante, asunto: visita de (…). En el cuerpo del mensaje consta: “el martes 23 vendrán  D.D.D. y  C.C.C. a pedir información de algún paciente  susceptible de incapacidad para que nos dé tiempo a preparar esa info”.  Correo electrónico, de fecha 8 de marzo de 2016, remitido por el Director del Centro  a la denunciante. En el cuerpo del mensaje consta: “Le comenta  J.J.J. a  A.A.A. que este señor tiene el dedo muy mal y que puede  hasta perderlo. Por favor dime algo porque me volverá a llamar”. De forma manuscrita consta el nombre de dos personas físicas.  Registro de accesos a datos del IPF  H.H.H. (NIF de la denunciante), desde el día 25  de enero de 2016 al 16 de mayo de 2017, con un total de 124 accesos, todos ellos  por profesionales sanitarios: médicos, enfermeros y fisioterapeutas. No constando  accesos a los datos de la denunciante por parte del Director del Centro.  SEGUNDO: Tras la recepción de la denuncia la Subdirección General de Inspección de  Datos procedió a la realización de  actuaciones previas de investigación para el  esclarecimiento de los hechos denunciados, teniendo conocimiento de los siguientes  extremos: C/ Jorge Juan, 6 www.agpd.es 28001 – Madrid sedeagpd.gob.es 2/9 De la información y de la documentación remitida por la entidad FREMAP, con  fecha de 30 de noviembre de 2017, en relación con los hechos manifestados por la "
e-04389-2017,2017,https://www.aepd.es/documento/e-04389-2017.pdf,https://web.archive.org/web/20240704125735id_/https://www.aepd.es/documento/e-04389-2017.pdf,"1/13 Expediente Nº: E/04389/2017 RESOLUCIÓN DE ARCHIVO DE ACTUACIONES De las actuaciones practicadas por la Agencia Española de Protección de Datos ante la  entidad  ORANGE ESPAGNE, S.A.U. (JAZZTEL) en virtud de denuncia presentada por  D.  F.F.F. y teniendo como base los siguientes HECHOS PRIMERO: Con fecha 31/05/2017, tuvo entrada en esta Agencia un escrito de D.  F.F.F.  (en lo sucesivo el denunciante) en el que denuncia que ORANGE ESPAGNE, S.A.U. (en  lo sucesivo entidad denunciada o indistintamente JAZZTEL u ORANGE) ha incluido sus  datos en el fichero de solvencia patrimonial y de crédito ASNEF por una deuda que no  reconoce, al no haber contratado ningún servicio con dicha entidad. Ha tenido  conocimiento de la situación a través de su entidad bancaria, al disponerse a ampliar los  límites de su tarjeta de crédito antes de realizar un viaje. Se queja de que no ha sido informado de la existencia de la deuda. Además, el  denunciante afirma que la dirección que consta asociada a la inscripción en ASNEF no  es su domicilio.  Inicialmente contactó con la empresa JAZZTEL y ALTAIA CAPITAL S.A.R.L. pero no  consiguió ningún dato. Acto seguido, interpuso una reclamación ante la OMIC del  Ayuntamiento de Valencia, y más adelante ha puesto el caso en conocimiento de la  Policía Nacional. Asimismo, ha remitido a la empresa la denuncia ante la Policía  solicitando la subsanación de la situación y la retirada de sus datos del fichero de  solvencia, petición que también hace a la Agencia. Afirma no haber obtenido respuesta  de la empresa, a día de la presente denuncia. Solicita una sanción para JAZZTEL por su “deficiente práctica de contratación”. El denunciante aporta, entre otra, copia de la siguiente documentación:  Con fecha 28/07/2016, contestación de EQUIFAX IBERICA, S.L. en respuesta al  ejercicio del derecho de acceso del denunciante recibido el día antes, indicando  que a fecha 28/07/2016 figura inscrita en el fichero ASNEF una deuda por  importe de 2.505,51 euros informada por la entidad denunciada JAZZTEL. La  fecha de alta de dicha deuda es 23/09/2015 y el domicilio que figura asignado al  denunciante es  D.D.D.. Se aporta impresión de la consulta al fichero  acreditando dicho extremo. Se comprueba que el domicilio difiere del que consta  en la denuncia ante la AEPD.  Formulario de reclamación ante la OMIC del Ayuntamiento de Valencia, firmado  por el denunciante y registrado de entrada con fecha 04/08/2016. Expone que ha  sido inscrito en el fichero de solvencia ASNEF con un domicilio en  D.D.D. por  una deuda con la empresa JAZZTEL, con la que no tiene ninguna relación, y  C/ Jorge Juan, 6 www.agpd.es 28001 – Madrid sedeagpd.gob.es 2/13 además no ha sido notificado de dicha inclusión. Menciona que el día 03/08/2016  contacta con JAZZTEL y allí le dicen que no consta ninguna deuda asociada a  él, instando a hablar con ALTAIA; allí tampoco le detallan ninguna deuda. o Contestación de JAZZTEL con fecha 23/12/2016 dirigida a la OMIC del  Ayun"
e-04412-2017,2017,https://www.aepd.es/documento/e-04412-2017.pdf,https://web.archive.org/web/20251113172652id_/https://www.aepd.es/documento/e-04412-2017.pdf,"1/5 Expediente Nº: E/04412/2017 RESOLUCIÓN DE ARCHIVO DE ACTUACIONES De las actuaciones practicadas por la Agencia Española de Protección de Datos ante la entidad  PROCONO S.A. (PTVTELECOM) en virtud de denuncia presentada por  A.A.A. y teniendo  como base los siguientes HECHOS PRIMERO: El 30 de junio de 2017 tiene entrada en la Agencia Española de Protección de  Datos denuncia de  A.A.A., contra  PROCONO S.A. (PTVTELECOM) porque el 26/06/2017, al  contratar el seguro de su vehículo, averigua que dicha entidad solicitó la inclusión de sus datos  en el fichero ASNEF el 17/10/2012, por una supuesta deuda de 27,45€, sin habérselo notificado  previamente. El denunciante manifiesta que hace cinco años solicitó una portabilidad con  PROCONO S.A.  (PTVTELECOM), pero que al no poder garantizarle dicha entidad los servicios contratados se  dio de baja y contrató con otro operador que sí le garantizaba la velocidad mínima que se  indicaba en el contrato. Continúa diciendo el denunciante, que pese a no haber utilizado los servicios de PROCONO  S.A., al no facilitarte los servicios que necesitaba, le facturaron por un importe de 27,45€, y le  incluyeron en el fichero ASNEF, sin el previo requerimiento de pago. El denunciante aporta, entre otra, copia de la siguiente documentación:  Copia de su solicitud de acceso a EQUIFAX de fecha 30/06/2017, donde se indica que  PROCONO S.A. (PTVTELECOM), solicitó la inclusión de sus datos en su fichero  ASNEF, cuya fecha de alta es 17/10/2012 y cuyo saldo impagado asciende a 27,45  euros. SEGUNDO: Tras la recepción de la denuncia la Subdirección General de Inspección de Datos  procedió a la realización de actuaciones previas de investigación para el esclarecimiento de los  hechos denunciados, la entidad  PROCONO S.A. (PTVTELECOM) la cual ha remitido la  siguiente información: Datos del cliente que obran en su base de datos:  NOMBRE Y APELLIDOS:  A.A.A.  DIRECCIÓN:  (C/...1) El denunciante fue cliente de PROCONO, durante un solo día, desde el 13/06/2012 y se  procedió a su baja el 14/06/2012.  En relación al requerimiento de pago, PROCONO aporta lo siguiente:  Copia de la carta, con número de referencia NT ***NT.1 y fechada a 01/10/2012, que  remite a la denunciante a la dirección  (C/...1) en la que se reclama el pago de la deuda  contraída por importe de 27,45 euros y se advierte de que sus datos podrían incluirse  en ficheros de solvencia patrimonial y de crédito de mantenerse la situación de impago  en el plazo de 5 días.  Copia del documento acreditativo del gestor postal CORREOS en el que figura la  remisión de dicha carta con fecha de registro 03/10/2012 en nombre de EQUIFAX  IBERICA  validado por el gestor postal mediante mecanización del documento  C/ Jorge Juan, 6 www.agpd.es 28001 – Madrid sedeagpd.gob.es 2/5 acreditativo del gestor.   Copia del contrato de servicios para la notificaciones, de fecha 01/04/2009, firmado  entre PROCONO y EQUIFAX IBERICA  Certificado de EQUIFAX IBERICA, de 03/08/2017, expres"
e-04413-2017,2017,https://www.aepd.es/documento/e-04413-2017.pdf,https://web.archive.org/web/20251126192458id_/https://www.aepd.es/documento/e-04413-2017.pdf,"1/5 Expediente Nº: E/04413/2017 RESOLUCIÓN DE ARCHIVO DE ACTUACIONES De las actuaciones practicadas por la Agencia Española de Protección de Datos ante la entidad  SIERRA CAPITAL MANAGEMENT 2012. en virtud de denuncia presentada por  A.A.A. y  teniendo como base los siguientes HECHOS PRIMERO: El 27 de junio de 2017 tiene entrada en la Agencia Española de Protección de  Datos, escrito de denuncia de  A.A.A. contra  SIERRA CAPITAL MANAGEMENT 2012. por  haber solicitado la inclusión de sus datos en el fichero de solvencia patrimonial y de crédito  ASNEF sin requerimiento previo de pago.  El denunciante aporta, entre otra, copia de la siguiente documentación:  Acceso a EQUIFAX, el 19/09/2016, donde se indica que la denunciante fue incluida  en ASNEF a solicitud de SIERRA CAPITAL, el 10/09/2013, por un saldo impagado  de 72,07 €.  Fotografía de carta de fecha 03/10/2016 referenciada e individualizada a nombre  del denunciante a la dirección  (C/...1),  en la que se desestima su solicitud de  cancelación de deuda y se le reitera que SIERRA CAPITAL es la acreedora de la  deuda que la denunciante tenía con VODAFONE ESPAÑA, tal y como se le  comunicó por carta de 10/08/2013. SEGUNDO: Tras la recepción de la denuncia la Subdirección General de Inspección de Datos  procedió a la realización de actuaciones previas de investigación para el esclarecimiento de los  hechos denunciados, aportando  SIERRA CAPITAL MANAGEMENT 2012., lo siguiente:  Documento acreditativo de la cesión de la deuda objeto de investigación entre  VODAFONE ESPAÑA S.A.U. y  SIERRA CAPITAL MANAGEMENT 2012. a fecha  24/06/2013.  Copia de la carta, con número de referencia NT***NT.1 y fechada a 10/07/2013,  firmada en representación de la entidad denunciada y de VODAFONE ESPAÑA S.A.U.,  dirigida a la denunciante a la dirección  (C/...1), en la que le comunican la cesión de  una deuda derivada de un contrato suscrito por el denunciante con VODAFONE  ESPAÑA S.A.U. a la entidad denunciada. Incluye asimismo el importe de la deuda  pendiente de pago (72,07 euros) y advertencia de que podría incluirse la misma en  ficheros de solvencia patrimonial y de crédito de mantenerse la situación de impago en  el plazo de 10 días.   Copia del documento acreditativo del gestor postal CORREOS en el que figura la  remisión de dicha carta con fecha de registro 20/08/2013 en nombre de EQUIFAX  IBERICA validado por el gestor postal mediante mecanización del documento  acreditativo del gestor.   Copia del contrato de servicios para la notificación de cesión de crédito, de fecha  24/10/2012, firmado entre SIERRA CAPITAL y ASNEF-EQUIFAX C/ Jorge Juan, 6 www.agpd.es 28001 – Madrid sedeagpd.gob.es 2/5  Certificado de EQUIFAX, de 04/08/2017, expresando que no consta que la carta de  requerimiento de pago con referencia NT***NT.1, haya sido devuelta.  FUNDAMENTOS DE DERECHO I Es competente para resolver la Directora de la Agencia Española de Protección de  Datos, conforme a lo establecido en el artículo 37.d) en r"
e-04443-2017,2017,https://www.aepd.es/documento/e-04443-2017.pdf,https://web.archive.org/web/20251126192500id_/https://www.aepd.es/documento/e-04443-2017.pdf,"1/4 Expediente Nº: E/04443/2017 RESOLUCIÓN DE ARCHIVO DE ACTUACIONES De las actuaciones practicadas por la Agencia Española de Protección de Datos ante las  entidades INTRUM JUSTITIA IBÉRICA, S.A.U., y  B.B.B.. en virtud de denuncia presentada  por  A.A.A. y teniendo como base los siguientes HECHOS PRIMERO: El 27 de junio de 2017 tiene entrada en la Agencia Española de Protección de  Datos, escrito de denuncia de  A.A.A., contra  B.B.B.. porque el 29/11/2016, le envió una  factura en concepto de penalización por baja anticipada, pese la resolución de la SETSI, de  fecha 17/02/2017 que declara improcedente el cargo por baja anticipada, por lo que el operador  no podrá cobrar cantidad alguna por este concepto, debiendo proceder a la devolución en el  supuesto de que el abonado la haya pagado ya. SEGUNDO: Tras la recepción de la denuncia la Subdirección General de Inspección de Datos  procedió a la realización de actuaciones previas de investigación para el esclarecimiento de los  hechos denunciados, teniendo conocimiento de los siguientes extremos: La empresa INTRUM JUSTITIA IBÉRICA, S.A.U., aporta contrato de prestación de servicios  entre XFERA MÓVILES e INTRUM JUSTITIA IBÉRICA, de fecha 02/01/2016, al que se ha  adherido  B.B.B.., por lo que actúa como entidad gestora de cobro de  B.B.B.., recibiendo el  encargo el 20/06/2017 de gestionar el cobro de operaciones de impago, entre las que se  encuentra la operación que ha dado origen a la presente reclamación. La información facilitada por dicha entidad a INTRUM es la siguiente:  Tipo de operación: PARTICULAR  Deudor:  A.A.A.   NIE- D.D.D.  Domicilio del deudor:  ***DIRECCIÓN.1  Teléfono del deudor: E.E.E.06  Deuda (principal e intereses): 17,81 € Las acciones realizadas por INTRUM JUSTITIA, para el cobro de la supuesta deuda, se  iniciaron desde el 20/06/2017 hasta el 13/07/2017, momento en que MAS MOVIL retira la  gestión del cobro de dicha deuda. La empresa  B.B.B.., en respuesta al requerimiento de información de esta Agencia, manifiesta  que a fecha 28/08/2017, no consta ningún cliente asociado al  ***NIF.1, en su base de datos. C/ Jorge Juan, 6 www.agpd.es 28001 – Madrid sedeagpd.gob.es 2/4 FUNDAMENTOS DE DERECHO I Es competente para resolver la Directora de la Agencia Española de Protección de  Datos, conforme a lo establecido en el artículo 37.d) en relación con el artículo 36, ambos de la  Ley Orgánica 15/1999, de 13 de diciembre, de Protección de Datos de Carácter Personal (en lo  sucesivo LOPD). II El artículo 126.1, apartado segundo, del Reglamento de desarrollo de la Ley Orgánica  15/1999, de 13 de diciembre, de protección de datos de carácter personal, aprobado por Real  Decreto 1720/2007, de 21 de diciembre (RLOPD) establece: “Si de las actuaciones no se derivasen hechos susceptibles de motivar la imputación  de infracción alguna, el Director de la Agencia Española de Protección de Datos dictará  resolución de archivo que se notificará al investigado y al denunciante, en su ca"
e-04445-2017,2017,https://www.aepd.es/documento/e-04445-2017.pdf,https://web.archive.org/web/20251124132602id_/https://www.aepd.es/documento/e-04445-2017.pdf,"1/4 Expediente Nº: E/04445/2017 RESOLUCIÓN DE ARCHIVO DE ACTUACIONES De las actuaciones practicadas por la Agencia Española de Protección de Datos  ante la entidad AXA GLOBAL DIRECT SEGUROS SAU (DIRECT SEGUROS), en virtud  de denuncia presentada por  A.A.A., y teniendo como base los siguientes: HECHOS PRIMERO: Con fecha 26/06/17, tiene entrada en esta Agencia, escrito de  A.A.A.,  donde denuncia que: “No soy cliente de la empresa AXA Seguros y sin previa  autorización han consultado mis datos en el fichero de solvencia. En ningún momento  he solicitado presupuesto y en caso de pedir presupuesto no le da derecho a acceder a  mis datos”. Se aporta, entre otra, la siguiente documentación: • Consulta del fichero BADEXCUG, fechada el 01/12/16 en la que figura inscrita:  “no existen operaciones impagadas”. También comunican que el identificador  B.B.B. ha sido consultado en los últimos 6 meses, entre otros, por: DIRECT  SEGUROS. • Intercambio de correos electrónicos, de fecha 26/06/17, en los que, en  contestación a la denuncia de que la compañía tenía sus datos personales sin su  consentimiento, ésta contesta que en los años 2014 y 2015 ella solicitó  presupuestos para un vehículo Peugeot 406 y que la compañía, para elaborar el  presupuesto, se conecta a los ficheros de solvencia para conocer su estado de  solvencia. S  EGUNDO    : A la vista de los hechos denunciados, en fase actuaciones previas, la  entidad DIRECT SEGUROS, remite la siguiente información: a).- El motivo por el que se ha accedido a la información de la afectada contenida  en el fichero de solvencia es evaluar la solvencia de Dª A.A.A. como solicitante de un  presupuesto de seguro de auto ofrecido por AXA GLOBAL DIRECT, con Nº  ***MATRICULA.1 el 16/10/16, a través de la página web de la compañía, aceptando la  política de privacidad ubicada en el proceso de petición del presupuesto. b).- Los datos de la información contenida en los sistemas de AXA GLOBAL  DIRECT sobre el presupuesto ***MATRICULA.1 son: ***PRESUPUESTO.1 c).- El mecanismo empleado a través del cual se valida los datos de la persona  C/ Jorge Juan, 6 www.agpd.es 28001 – Madrid sedeagpd.gob.es 2/4 (no es un robot) es “reCATCHA”. d).- Se adjunta el diagrama descriptivo del proceso de solicitud de información  y/o presupuesto para la obtención del consentimiento. Además, se adjunta pantallazo  que acredita que para poder completar el proceso de solicitud de información y/o  presupuesto se requiere aceptar la Política de Privacidad y, por tanto, consentir el  tratamiento de los datos personales del solicitante. En caso contrario no se puede  completar el proceso de solicitud de información y/o presupuesto y en ese caso, los  datos no se incluyen en el sistema. ***DOCUMENTO.1 d).- En la política de privacidad de la compañía se indica: “(…) Asimismo, le  informamos que podremos acceder a ficheros automatizados sobre solvencia  patrimonial y crédito para avaluar su solvencia y llevar a cabo las pertinentes  verificaciones, (…)”"
e-04448-2017,2017,https://www.aepd.es/documento/e-04448-2017.pdf,https://web.archive.org/web/20240704002533id_/https://www.aepd.es/documento/e-04448-2017.pdf,"1/6 Expediente Nº: E/04448/2017 RESOLUCIÓN DE ARCHIVO DE ACTUACIONES De las actuaciones practicadas por la Agencia Española de Protección de Datos ante la  entidad EMAILING NETWORK EUROPE, S.L., en virtud de denuncia presentada por D.  B.B.B.,  y teniendo como base los siguientes HECHOS PRIMERO: Con fecha 29/06/2017, tuvo entrada en esta Agencia un escrito de D.  B.B.B. (en lo  sucesivo el denunciante) en el que formula denuncia contra la entidad Emailing Network Europe,  S.L. (en lo sucesivo EMAILING NETWORK), por remitirle correos electrónicos no solicitados en  los que, además, se incluye un mecanismo para manifestar la negativa a dicha publicidad que no  funciona. Con su denuncia aporta, entre otra, la siguiente documentación: . Copia de un correo electrónico publicitario recibido el 29/06/2017, 10:38h, desde la dirección  members@news.es.couponandgo.com. Este correo incluye un enlace para solicitar la “Baja” con  la indicación  “Dar de baja tu suscripción”; una dirección de contacto  (members@es.couponandgo.com) y la información siguiente: “[…] Al recibir este correo  consientes nuestros Términos y condiciones y el uso de nuestras cookies. Recibes este correo  porque  A.A.A. está registrado en la base de datos yoursavingfiesta. Este email viene de  EMAILING NETWORK SARL propietaria de la marca Coupon&Go”. . Correo electrónico enviado a la dirección members@es.couponandgo.com el 29/06/2017,  11:13h, en el que el denunciante se opone a la recepción de estos correos. . Copia de la respuesta automática al correo de baja, en la que se indica que el buzón destino  está lleno, enviada el 29/06/2017, 11:13h. SEGUNDO: Tras la recepción de la denuncia, la Subdirección General de Inspección de Datos  procedió a la realización de  actuaciones previas de investigación para el esclarecimiento de los  hechos denunciados, teniendo conocimiento de los siguientes extremos: 1. En respuesta al requerimiento que le fue realizado por los Servicios de Inspección, la entidad  EMAILING NETWORK EUROPE, S.L. (en lo sucesivo EMAILING NETWORK), mediante escrito  de 24/10/2017, manifiesta que el denunciante aportó sus datos a través del formulario disponible  en la página web www.yoursavingfiesta.com. Dicho formulario muestra una casilla de aceptación  mediante el que se recaba el consentimiento para la cesión de la información con el siguiente  texto: “Me gustaría recibir ofertas locas! Por favor Nota: usted consiente que su información sea  C/ Jorge Juan, 6 www.agpd.es 28001 – Madrid sedeagpd.gob.es 2/6 compartida con nuestros afiliados de marketing, incluyendo Marketing Servicies Landmark por  teléfono o móvil mediante la marcación automática o por correo electrónico. No hay obligación de  enviar su información. También está de acuerdo con nuestra política de privacidad. Registresé”. EMAILING NETWORK aportó captura relativa al registro del denunciante a través de la página  web www.yoursavingfiesta.com, con detalle de los datos aportados (dirección de correo  electrón"
e-04451-2017,2017,https://www.aepd.es/documento/e-04451-2017.pdf,https://web.archive.org/web/20240626161356id_/https://www.aepd.es/documento/e-04451-2017.pdf,"1/7 Expediente Nº: E/04451/2017 RESOLUCIÓN DE ARCHIVO DE ACTUACIONES De las actuaciones practicadas por la Agencia Española de Protección de Datos  ante el Colegio Profesional de Enfermería de Valladolid, en virtud de denuncia  presentada por la Federación de Sanidad de CCOO de Castilla y León, y teniendo como  base los siguientes HECHOS PRIMERO: Con fecha 10 de julio de 2017, tuvo entrada en esta Agencia un escrito  remitido por la Federación de Sanidad de CCOO de Castilla y León en el que expone  que han sido informados por varios afiliados al sindicato CCOO, profesionales de la  enfermería en la provincia de Valladolid, que el Colegio Profesional de Enfermería de  Valladolid está enviando cartas al domicilio particular de sus colegiados en la que  solicitan que rellenen un cuestionario para el Registro de Profesionales de Enfermería  de Valladolid. En este cuestionario se solicitan multitud de datos personales y en ningún  momento son informados sobre el derecho que les ampara con relación al artículo 5 de  la Ley Orgánica 15/1999, de 13 de diciembre, de Protección de Datos de Carácter  Personal (en lo sucesivo LOPD). Acompañan un ejemplar del formulario. SEGUNDO: Tras la recepción de la denuncia la Subdirección General de Inspección de  Datos procedió a la realización de  actuaciones previas de investigación para el  esclarecimiento de los hechos denunciados, teniendo conocimiento de los siguientes  extremos: 1. Con fecha 19 de septiembre de 2017, tiene entrada en esta Agencia escrito de  Colegio Profesional de Enfermería de Valladolid, en el que indican que: a. En la Junta de Gobierno celebrada el 8 de junio de 2017, se acordó  comenzar con la actualización de los datos de los Colegiados.  b. Para ello, y en base al artículo 12.f de los Estatutos del Colegio, que  establece la obligación de: “Comunicar al Colegio el cambio de domicilio  a los exclusivos efectos de comunicaciones”, con fecha 15 de junio de  2017, se remitió una Circular con diversa información colegial. Entre otras  cosas, se solicitó  a los colegiados su colaboración en previsión de una  futura creación del Registro Estatal de Profesionales, facilitando datos de  carácter profesional que serán objeto de inscripción, a cuya aportación  será requerido ese Colegio. c. Como se deduce del apartado del Registro de Profesionales, la  aportación de los datos es voluntaria. d.  Se adjunta copia del Acta de Gobierno de fecha 8 de junio de 2017,  donde consta dicha información en su apartado 7, y de la circular 5-2017  donde se incluye información sobre el Registro de Profesionales,  regulado en el Real Decreto 640/2014, de 25 de julio, en concreto D.A.  Décima párrafo 2 de la Ley 16/2003, y art. 6.1 g), que regula el Registro  C/ Jorge Juan, 6 www.agpd.es 28001 – Madrid sedeagpd.gob.es 2/7 Estatal de Profesionales Sanitaros, en virtud del cual los Colegios están  obligados a comunicar al Registro los datos que en éste se especifican.  En dicha Circular se solicita la colaboración de l"
e-04453-2017,2017,https://www.aepd.es/documento/e-04453-2017.pdf,https://web.archive.org/web/20240703164620id_/https://www.aepd.es/documento/e-04453-2017.pdf,"1/10 Expediente Nº: E/04453/2017 RESOLUCIÓN DE ARCHIVO DE ACTUACIONES De las actuaciones practicadas por la Agencia Española de Protección de Datos ante la entidad C.C.C. en virtud de denuncias presentadas por Don  A.A.A. y por Doña B.B.B., y teniendo como base los siguientes HECHOS PRIMERO: Con fechas 7 y 12 de julio de 2017 tienen entrada en esta Agencia denuncias presentadas por, respectivamente, Don  A.A.A. y Doña  B.B.B. (en lo sucesivo, los denunciantes), en la que manifiestan lo siguiente: 1. Uno de los denunciantes es madre de un alumno del centro denunciado y manifiesta que, con fechas 22 de febrero y 13 de marzo de 2017, recibió correos electrónicos de dicho centro en el que le comunicaban que con fecha 2 de febrero de 2017 se había producido una descarga ilícita de datos, que procedieron a investigar. En el correo del día 13 de marzo, la directora del centro manifestaba que “la persona encargada del archivo informático y de la custodia de las bases de datos copiadas no se encontraba en el lugar de los hechos en el momento en que se produjo la descarga de los datos”. 2. El otro denunciante es un profesor del centro que había prestado sus servicios hasta el día 6 de marzo de 2017, al cual le han sido imputados por el centro los hechos denunciados. Manifiesta que los datos descargados corresponden a un gran número de alumnos, en su gran mayoría menores de edad. Los hechos ocurridos el día 2 de febrero de 2017 se refieren a una brecha de seguridad en los equipos del centro. Una de las trabajadoras recibió una notificación del servidor avisando de un cambio de contraseña de acceso a la cuenta “***CUENTA.1”, la cual aloja bases de datos de “Boletín Actividades C.C.C.”, así como bases de datos de “Patronos C.C.C.”, comprobando que dichas bases se habían exportado, es decir, que se había producido una salida no autorizada de información de nombres y correos electrónicos tanto de trabajadores como de patronos y familias del colegio. Tras comprobar que dicho cambio de contraseña no había sido autorizado, comienza una investigación de la que el centro deduce que el responsable es el denunciante. 3. La investigación se encarga a los servicios técnicos de la plataforma MAILCHIP, al proveedor de correo electrónico GOOGLE y a la plataforma externa T.A. OMICRON. Los hechos fueron denunciados ante la Policía. C/ Jorge Juan, 6 www.agpd.es 28001 – Madrid sedeagpd.gob.es 2/10 4. Hasta ese momento, el Centro no contaba con ningún protocolo de Protección de Datos ni de uso de las herramientas informáticas, siendo reconocido por el propio centro este hecho, el cual hizo entrega con fecha 24 de marzo de 2017 de un protocolo, según figura en correos adjuntos a  la denuncia como documentos 5 y 6, donde consta que dicho procedimiento se ha realizado a petición del Comité de Empresa. 5. Por otra parte, se denuncia la falta de formación de los empleados ni solicitud de suscripción de compromisos de confidencialidad por parte los mismos. Así mismo, denuncian falta "
e-04661-2017,2017,https://www.aepd.es/documento/e-04661-2017.pdf,https://web.archive.org/web/20251113173218id_/https://www.aepd.es/documento/e-04661-2017.pdf,"1/7 Expediente Nº: E/04661/2017 RESOLUCIÓN DE ARCHIVO DE ACTUACIONES De las actuaciones practicadas por la Agencia Española de Protección de Datos ante B.B.B. en virtud de denuncia presentada por  A.A.A. y teniendo como base los siguientes HECHOS PRIMERO: Con fecha 24 de julio de 2017, tiene entrada en esta Agencia una denuncia interpuesta por  A.A.A., en adelante la denunciante, en la que manifiesta que el 17 de julio de 2017 ha recibido una comunicación comercial de Rock&Tipo ofreciendo un catálogo de sus productos, sin que el envío haya sido autorizado. Manifiesta la denunciante que  se registró en la base de datos de Tienda Postal SL. La denunciante en sus escritos de 24 de julio y 12 de septiembre de 2017, aporta copia del correo recibido en la dirección   ***EMAIL.1, en fecha 17 de julio de 2017, remitido dese la dirección ***EMAIL.2, junto con sus cabeceras. SEGUNDO: Tras la recepción de la denuncia la Subdirección General de Inspección de Datos procedió a la realización de  actuaciones previas de investigación para el esclarecimiento de los hechos denunciados, teniendo conocimiento de los siguientes extremos: 1. La denunciante recibe, el día 17 de julio de 2017, en su cuenta de correo ***EMAIL.1 una comunicación comercial procedente de la dirección ***EMAIL.2. 2. El correo electrónico dispone de una dirección de correo electrónico donde puede solicitarse el cese en el envío de comunicaciones comerciales.  3. En la dirección web ***WEB.1 se informa que la titularidad del dominio de la tienda virtual ***WEB.1 corresponde a  B.B.B. 4. En respuesta a la solicitud de información realizada por la inspectora actuante, se recibe un escrito del representante de  B.B.B. en el que manifiesta, en referencia a los hechos denunciados, lo siguiente:  4.1 El correo electrónico  ***EMAIL.1 se dio de alta en la página Web ***WEB.1 como cliente en fecha 30 de abril del 2017, indicando su nombre y apellidos, correo electrónico y contraseña. En ningún momento dicho cliente se ha dado de baja como cliente ni ha comunicado a la empresa su deseo de no recibir la revista electrónica emitida por la empresa. 4.2 A este cliente se le han realizado nueve envíos al correo electrónico facilitado por el mismo en el momento de registrarse, correspondiendo dichos envíos a la revista mensual emitida por la empresa, donde se recogen las novedades discográficas y alguna oferta concreta de la empresa sobre temas discográficos. Este C/ Jorge Juan, 6 www.agpd.es 28001 – Madrid sedeagpd.gob.es 2/7 cliente ha visualizado los envíos realizados a través del correo electrónico un total de 47 veces, en concreto, la primera vez el 17 de julio y la última vez el 1 de diciembre. La revista de julio la ha visualizado un total de 35 veces en el mismo mes. La revista de agosto la ha visto 4 veces. La revista de septiembre la ha visualizado 3 veces. La revista de octubre la ha visualizado 1 vez. La revista de noviembre la ha visualizado 2 veces. La revista de diciembre en 1 ocasión. 4.3 La "
