id,year,url_live,url_wayback,texto
ci-001-2020,2020,https://www.aepd.es/documento/ci-001-2020.pdf,https://web.archive.org/web/20231014001405id_/https://www.aepd.es/documento/ci-001-2020.pdf,"1    CRITERIO INTERPRETATIVO CONJUNTO    N/REF: CI/001/2020  FECHA: 5 de marzo de 2020    ASUNTO: Información pública referida al personal que ocupa o ha ocupado un puesto de  carácter eventual en la Administración General del Estado y aplicación del art. 19.3 de la  LTAIBG    La Ley 19/2013, de 9 de diciembre, de transparencia, acceso a la información pública y buen  gobierno (LTAIBG), en su artículo 38.2.a) atribuye al Presidente del Consejo de Transparencia  y Buen Gobierno (CTBG) la función de “adoptar criterios de interpretación uniforme de las  obligaciones contenidas en esta Ley”.    Del mismo modo, el Real Decreto 919/2014, de 31 de octubre, que aprueba el Estatuto del  Consejo de Transparencia y Buen Gobierno, señala que “el Presidente del Consejo es el  órgano competente para adoptar criterios de interpretación uniforme de las obligaciones  contenidas en la Ley 19/2013, de 9 de diciembre, en el reglamento que desarrolle dicha Ley o  en el Estatuto”.    Por su parte, la disposición adicional 5ª de la LTAIBG citada establece lo siguiente: “El  Consejo de Transparencia y Buen Gobierno y la Agencia Española de Protección de Datos  adoptarán conjuntamente los criterios de aplicación, en su ámbito de actuación, de las reglas  contenidas en el artículo 15 de esta Ley, en particular en lo que respecta a la ponderación del  interés público en el acceso a la información y la garantía de los derechos de los interesados  cuyos datos se contuviesen en la misma, de conformidad con lo dispuesto en esta Ley y en la  Ley Orgánica 15/1999, de 13 de diciembre”.    En su virtud, la Presidencia del Consejo de Transparencia y Buen Gobierno y la Dirección de  la Agencia Española de Protección de Datos (AEPD) adoptan conjuntamente el siguiente  CRITERIO INTERPRETATIVO CONJUNTO:        Código seguro de Verificación : GEN-2b8c-567d-ad85-adb7-0128-c907-a676-f386 | Puede verificar la integridad de este documento en la siguiente dirección : https://sede.administracion.gob.es/pagSedeFront/servicios/consultaCSV.htm CSV : GEN-2b8c-567d-ad85-adb7-0128-c907-a676-f386 DIRECCIÓN DE VALIDACIÓN : https://sede.administracion.gob.es/pagSedeFront/servicios/consultaCSV.htm FIRMANTE(1) : FRANCISCO JAVIER AMOROS DORDA | FECHA : 06/03/2020 12:30 | Sin acción específica Código Seguro De Verificación: APDPFAD44D79010744B6D2820-51572 Fecha 06/03/2020 Normativa Este documento incorpora firma electrónica reconocida de acuerdo a la Ley 59/2003, de 19 de diciembre, de firma electrónica. Firmado Por la Directora -  Mar España Martí Url De Verificación https://sedeagpd.gob.es Página 1/16     2  1. ANTECEDENTES    Con fecha 22 de mayo de 2018, la Directora General de Gobernanza Pública del Ministerio  de Hacienda y Función Pública, remite escrito por el que solicita informe a la Agencia  Española de Protección de Datos (AEPD) y al Consejo de Transparencia y Buen Gobierno  (CTBG) sobre el trámite de alegaciones en materia de comunicación de información pública  referida al personal que ocupa"
co-00017-2020,2020,https://www.aepd.es/documento/co-00017-2020.pdf,https://web.archive.org/web/20240626081610id_/https://www.aepd.es/documento/co-00017-2020.pdf,"1/6  N/Ref.: E/00187/2020 – CO/00017/2020 1120-230420 RESOLUCIÓN DE ARCHIVO DE ACTUACIONES De las actuaciones seguidas con motivo de la reclamación presentada en la Agencia Española de Protección de Datos, por presunta vulneración del Reglamento (UE) 2016/679 del Parlamento Europeo y del Consejo de 27 de abril de 2016, relativo a la protección de las personas físicas en lo que respecta al tratamiento de datos personales y a la libre circulación de estos datos (en lo sucesivo, RGPD) y teniendo como base los siguientes HECHOS PRIMERO: Con fecha 2 de diciembre de 2019 y número de registro de entrada 057321/2019, tuvo entrada en esta Agencia una reclamación, relacionada con un posible tratamiento de carácter transfronterizo de datos personales realizado en la plataforma de blogs WORDPRESS, presentada por A.A.A. en representación de B.B.B. (en adelante, el reclamante) por una presunta vulneración de los arts. 6 y 17 del RGPD. Los motivos en que el reclamante basa la reclamación son:  Publicación de datos personales del reclamante (nombre, apellidos, nacionalidad, número de cuenta bancaria y una fotografía identificativa) sin su consentimiento, en el blog ***BLOG.1 alojado en la plataforma WORDPRESS.   No atención, pasados 2 meses, de una solicitud de supresión remitida a la dirección de e-mail indicada por la empresa que gestiona la mencionada plataforma de contenidos, ***EMAIL.1. La empresa llegó a enviarle, con fecha 21/08/2019, un correo preguntando por la URL específica donde se encontraba la información que deseaba suprimir, pero, tras reiterar la URL ya indicada en un correo previo y aportar su documento identificativo (copia del pasaporte), no ha vuelto a obtener respuesta.  El reclamante solicita tutela de su derecho, y, asimismo, que la empresa que ofrece los servicios de publicación de contenidos a través de la plataforma WORDPRESS, adecúe sus páginas web para el correcto ejercicio de derechos, proporcionando información de una forma clara y simple.  Junto a la reclamación se aportan impresiones de pantalla de la mencionada publicación, que se encuentra accesible en la URL: ***URL.1, así como certificación electrónica de la solicitud de supresión dirigida al responsable. SEGUNDO: El responsable del tratamiento de datos que realiza la plataforma de blogs WORDPRESS, la empresa estadounidense AUTOMATTIC INC., tiene en ***PAÍS.1 su establecimiento principal o único para los tratamientos de datos personales de residentes europeos (la compañía denominada AUT O'MATTIC A8C IRELAND LTD). TERCERO: Teniendo en cuenta el posible carácter transfronterizo de la reclamación, con fecha 20 de febrero de 2020 se acordó el archivo provisional del procedimiento y C/ Jorge Juan, 6 www.aepd.es 28001 – Madrid sedeagpd.gob.es 2/6 la remisión de la reclamación a la autoridad de control de ***PAÍS.1, la “Data Protection Commission” (DPC), por ser la competente para actuar como autoridad de control principal en el procedimiento de cooperación, a tenor de lo dispue"
co-00137-2020,2020,https://www.aepd.es/documento/co-00137-2020.pdf,https://web.archive.org/web/20251113191837id_/https://www.aepd.es/documento/co-00137-2020.pdf,"1/5  N/Ref.: E/03653/2020 - CO/00137/2020– A56ID 122314 RESOLUCIÓN DE ARCHIVO De las actuaciones seguidas con motivo de la reclamación presentada en la Agencia Española de Protección de Datos, por presunta vulneración del Reglamento (UE) 2016/679 del Parlamento Europeo y del Consejo de 27 de abril de 2016, relativo a la protección de las personas físicas en lo que respecta al tratamiento de datos personales y a la libre circulación de estos datos (en adelante, RGPD) y teniendo como base los siguientes HECHOS PRIMERO    : Con fecha de 27 de marzo de 2020 y número de registro de entrada 013376/2020, tuvo entrada en esta Agencia una reclamación presentada por A.A.A. (en lo sucesivo, el reclamante) contra el responsable de la marca HUAWEI, por una presunta vulneración de los arts. 5.1.c y 7 del RGPD. Los motivos en los que se basa la reclamación son:  El usuario de un terminal móvil Huawei Honor denuncia que le aparecen insistentemente avisos con un enlace para que se instale el módulo ***MÓDULO.1, y los permisos que solicita este son excesivos, intrusivos y no justificados: tomar fotografías y vídeos sin autorización del usuario, geolocalización, monitorización de pulsaciones cardíacas, acceso a contactos, lectura de los mensajes almacenados, o lectura de la tarjeta de memoria.  Se acompaña una captura de pantalla de la información general del mencionado módulo ***MÓDULO.1, y otra con el detalle de los 13 permisos imprescindibles para usar la ‘app’, y su supuesta finalidad. SEGUNDO    : Según la política de privacidad que es de aplicación al módulo ***MÓDULO.1 de Huawei, accesible mediante la URL ***URL.1 el responsable del tratamiento de datos personales denunciado es la empresa irlandesa ASPIEGEL LIMITED.  TERCERO: Teniendo en cuenta el carácter transfronterizo de la reclamación, con fecha 15 de junio de 2020 se remitió la misma a la autoridad de control irlandesa, la Data Protection Commission (DPC), por ser la competente para actuar como autoridad de control principal, a tenor de lo dispuesto en el artículo 56.1 del RGPD. CUARTO: Esta remisión se realizó, a través del “Sistema de Información del Mercado Interior” (IMI). Se declararon interesadas en el mismo las autoridades de control de Bélgica, Hungría, Países Bajos, Italia, Luxemburgo, Noruega, Dinamarca, Letonia, Polonia, Francia, Suecia, Eslovaquia, Chipre, Finlandia, Eslovenia y Austria, así como las regionales alemanas de Hesse, Renania-Palatinado, Baden-Württemberg, Berlín, Baja Sajonia y Baviera (Sector Privado). C/ Jorge Juan, 6 www.aepd.es 28001 – Madrid sedeagpd.gob.es 2/5 QUINTO: Argumentando que no disponía de información suficiente para valorar de forma global el caso, la DPC facilitó una carta para requerir del reclamante la siguiente información adicional en relación con las circunstancias de la reclamación: si había aceptado los términos de esa nueva descarga y, de no ser así, que confirmara cómo habían sido procesados sus datos personales al respecto de la reclamación. Adicio"
co-00149-2020,2020,https://www.aepd.es/documento/co-00149-2020.pdf,https://web.archive.org/web/20240626134406id_/https://www.aepd.es/documento/co-00149-2020.pdf,"1/5  N/Ref.: E/03950/2020 - CO/00149/2020 – A61VM 127580 RESOLUCIÓN DE ARCHIVO DE ACTUACIONES De las actuaciones seguidas con motivo de la reclamación presentada en la Agencia Española de Protección de Datos, por presunta vulneración del Reglamento (UE) 2016/679 del Parlamento Europeo y del Consejo de 27 de abril de 2016, relativo a la protección de las personas físicas en lo que respecta al tratamiento de datos personales y a la libre circulación de estos datos (en lo sucesivo, RGPD) y teniendo como base los siguientes HECHOS PRIMERO    : Con fecha 19 de mayo de 2020 y número de registro de entrada 017148/2020, tuvo entrada en esta Agencia una reclamación presentada por FACUA - ASOCIACIÓN DE CONSUMIDORES Y USUARIOS EN ACCIÓN (en lo sucesivo, el reclamante) contra EASYJET AIRLINE COMPANY LTD, por una presunta vulneración de los arts. 5.1.f, 32, 33 y 34 del RGPD. En síntesis, en la citada reclamación se ponían de manifiesto las siguientes circunstancias:  Según publican varios medios digitales, la empresa EASYJET, establecida en ***PAÍS.1, ha anunciado que ha sufrido un acceso no autorizado, a través de un ataque informático, en su base de datos, el cual habría puesto en peligro los datos de 9 millones de clientes, incluyendo información de viajes, correos electrónicos e incluso datos relacionados con las tarjetas de crédito (esto último, solo en el caso de unos 2200 clientes).  Se cuestionan las medidas de seguridad que tenía implementadas el responsable, así como el cumplimiento del deber de notificación, tanto a la autoridad de control competente y a los individuos afectados.   Se apunta que es altamente probable que existan usuarios españoles afectados, ya que la entidad oferta sus servicios a los ciudadanos de diferentes estados miembros, entre los que se encuentran los residentes en territorio español SEGUNDO    : La entidad reclamada tenía, en la fecha en que se presentó la reclamación, establecimiento principal o único en la Unión Europea (***PAÍS.1). TERCERO: Teniendo en cuenta el carácter transfronterizo de la reclamación, con fecha 15 de junio de 2020 se remitió la reclamación a la autoridad de control de ***PAÍS.1, la Information Commissioner’s Office (ICO), por ser la competente para actuar como autoridad de control principal, a tenor de lo dispuesto en el artículo 56.1 del RGPD. CUARTO: Esta remisión se realizó, a través del “Sistema de Información del Mercado Interior” (IMI).  C/ Jorge Juan, 6 www.aepd.es 28001 – Madrid sedeagpd.gob.es 2/5 La autoridad de control de ***PAÍS.1 aceptó actuar en el procedimiento en calidad de autoridad de control principal, y pasó el caso a su unidad de gestión de reclamaciones para su investigación.  QUINTO: Con fecha 16 de julio de 2020, ICO difundió entre las autoridades de control europeas a través de IMI un breve sumario con los hechos más relevantes de la brecha, redactado en el contexto de la investigación.  SEXTO: Con fecha 1 de enero de 2021, ***PAÍS.1 ha dejado de pertenecer a la Unión Eu"
co-00154-2020,2020,https://www.aepd.es/documento/co-00154-2020.pdf,https://web.archive.org/web/20240626114907id_/https://www.aepd.es/documento/co-00154-2020.pdf,"1/6  N/Ref.: E/01569/2020 - CO/00154/2020 – A56ID 110261 RESOLUCIÓN DE ARCHIVO DE ACTUACIONES De las actuaciones seguidas con motivo de la reclamación presentada en la Agencia Española de Protección de Datos, por presunta vulneración del Reglamento (UE) 2016/679 del Parlamento Europeo y del Consejo de 27 de abril de 2016, relativo a la protección de las personas físicas en lo que respecta al tratamiento de datos personales y a la libre circulación de estos datos (en lo sucesivo, RGPD) y teniendo como base los siguientes HECHOS PRIMERO    : Con fecha 4 de enero de 2020 y número de registro de entrada 000327/2020, tuvo entrada en esta Agencia una reclamación presentada por A.A.A. (en lo sucesivo, el reclamante) contra COMPANEO (GRUPO INFOPRO DIGITAL), por una presunta vulneración del art. 21 de la Ley 34/2002, de 11 de julio, de servicios de la sociedad de la información y de comercio electrónico (en adelante, LSSI) y del art. 13 del RGPD.  Los motivos en que el reclamante basa la reclamación son:  El reclamante ha recibido correos electrónicos no solicitados anunciando tarjetas de vales de comida y combustible.   Los enlaces facilitados en las mismas llevan a portales web sin política de privacidad, sin identificación de los titulares ni de los Delegados de Protección de Datos.   Los nombres de empresas a los que ha podido llegar tirando del hilo (Mybtobiz, Tradedoubler, Companeo) no le son familiares; no reconoce ningún tipo de relación con ellas, ni les ha autorizado a tratar sus datos. El reclamante aporta copia de dos correos electrónicos comerciales: uno de tarjeta de vales de combustible, recibido con fecha 04/01/2020 y otro anunciando una tarjeta de vales de comida, recibido con fecha 03/01/2020. También se incluyen las cabeceras SMTP /HTML de los mismos. SEGUNDO    : Al pinchar en la imagen central de ambos correos electrónicos publicitarios, se visualizan nuevos formularios que recogen datos personales. En los dos se incluyen enlaces que, de una forma u otra, conducen a la empresa COMPANEO o al grupo empresarial al que pertenece, GRUPO INFOPRO DIGITAL. Según su política de privacidad, el responsable del tratamiento denunciado estaría establecido en ***PAÍS.1.  TERCERO: Teniendo en cuenta el carácter transfronterizo de la reclamación, con fecha 15 de junio de 2020 se acordó el archivo provisional del procedimiento y la remisión de la reclamación a la autoridad de control de ***PAÍS.1, la Commission C/ Jorge Juan, 6 www.aepd.es 28001 – Madrid sedeagpd.gob.es 2/6 Nationale de l’Informatique et des Libertés (CNIL), por ser la competente para actuar como autoridad de control principal, a tenor de lo dispuesto en el artículo 56.1 del RGPD. CUARTO: Esta remisión se realizó, a través del “Sistema de Información del Mercado Interior” (IMI).  La autoridad de control de ***PAÍS.1 aceptó actuar en el procedimiento en calidad de autoridad de control principal y se declararon interesadas en el mismo las autoridades de control de Bélgica, Hungría, I"
co-00160-2020,2020,https://www.aepd.es/documento/co-00160-2020.pdf,https://web.archive.org/web/20240626081025id_/https://www.aepd.es/documento/co-00160-2020.pdf,"1/5  N/Ref.: E/04779/2020 - CO/00160/2020 RESOLUCIÓN DE ARCHIVO DE ACTUACIONES De las actuaciones seguidas con motivo de la reclamación presentada en la Agencia Española de Protección de Datos, por presunta vulneración del Reglamento (UE) 2016/679 del Parlamento Europeo y del Consejo de 27 de abril de 2016, relativo a la protección de las personas físicas en lo que respecta al tratamiento de datos personales y a la libre circulación de estos datos (en lo sucesivo, RGPD) y teniendo como base los siguientes HECHOS PRIMERO: Con fecha 29/05/2020 y con número de registro de entrada 017963/2020, tuvo entrada en esta Agencia una reclamación, relacionada con un tratamiento de carácter transfronterizo de datos personales realizado por GOOGLE IRELAND LIMITED presentada por A.A.A. (en adelante, el reclamante) por una presunta vulneración de los Artículos 6.1 y 17 del RGPD. Los motivos en que el reclamante basa la reclamación son:  Aparición de la funcionalidad ""Notificaciones de exposición al COVID-19"" en su terminal móvil.   No haber solicitado dicho servicio ni haber recibido aviso de su instalación en el terminal.   No haber obtenido el consentimiento para su instalación ni existir posibilidad de eliminarlo, por lo que se solicita la eliminación del mismo. SEGUNDO: GOOGLE IRELAND LIMITED tiene su establecimiento principal o único en Irlanda. TERCERO: Teniendo en cuenta el carácter transfronterizo de la reclamación, con fecha 15 de julio de 2020 se acordó el archivo provisional del procedimiento y la remisión de la reclamación a la autoridad de control de Irlanda −Data Protection Commission (DPC)− por ser la competente para actuar como autoridad de control principal, a tenor de lo dispuesto en el artículo 56.1 del RGPD. CUARTO: Esta remisión se realizó, a través del “Sistema de Información del Mercado Interior” (IMI).  FUNDAMENTOS DE DERECHO I - Competencia De acuerdo con lo dispuesto en el artículo 60.8 del RGPD, la Directora de la Agencia Española de Protección de Datos es competente para adoptar esta resolución, de C/ Jorge Juan, 6 www.aepd.es 28001 – Madrid sedeagpd.gob.es 2/5 conformidad con el artículo 12.2, apartado i) del Real Decreto 428/1993, de 26 de marzo, por el que se aprueba el Estatuto de la Agencia de Protección de Datos (en adelante, RD 428/1993) y la Disposición transitoria primera de la Ley Orgánica 3/2018, de 5 de diciembre, de Protección de Datos Personales y garantía de los derechos digitales (en lo sucesivo, LOPDGDD). II - Sistema de Información del Mercado Interior (IMI) El Sistema de Información del Mercado Interior se encuentra regulado por el Reglamento (UE) nº 1024/2012, del Parlamento Europeo y del Consejo, de 25 de octubre de 2012 (Reglamento IMI), y su objetivo es favorecer la cooperación administrativa transfronteriza, la asistencia mutua entre los Estados miembros y el intercambio de información. III - Determinación del alcance territorial Según especifica el artículo 66 de la LOPDGDD: “1. Salvo en los supuestos a los"
co-00173-2020,2020,https://www.aepd.es/documento/co-00173-2020.pdf,https://web.archive.org/web/20240626222553id_/https://www.aepd.es/documento/co-00173-2020.pdf,"1/6  N/Ref.: E/04916/2020 - CO/00173/2020 – A61VM 134962 RESOLUCIÓN DE ARCHIVO De las actuaciones seguidas con motivo de la reclamación presentada en la Agencia Española de Protección de Datos, por presunta vulneración del Reglamento (UE) 2016/679 del Parlamento Europeo y del Consejo de 27 de abril de 2016, relativo a la protección de las personas físicas en lo que respecta al tratamiento de datos personales y a la libre circulación de estos datos (en lo sucesivo, RGPD) y teniendo como base los siguientes HECHOS PRIMERO    :  Con números de registro de entrada 002982/2020, 003153/2020, 003240/2020, 003975/2020, 004095/2020, 004383/2020, 004718/2020, 004831/2020 y 008680/2020, tuvieron entrada en esta Agencia, en las respectivas fechas 21 de enero, 22 de enero (dos escritos), 27 de enero, 28 de enero, 29 de enero, 30 de enero, 31 de enero y 22 de febrero de 2020, varios escritos de reclamación presentados por A.A.A. (en lo sucesivo, el reclamante) contra el responsable del motor de búsqueda ***MOTOR.1, por una presunta vulneración de los art. 17 del RGPD y 93.1 de la Ley Orgánica 3/2018, de 5 de diciembre, de Protección de Datos Personales y garantía de los derechos digitales (en lo sucesivo, LOPDGDD). Los motivos en que se basa la reclamación son:  Denegación parcial de diversas solicitudes de supresión de listas completas de enlaces, los cuales se muestran en el mencionado motor de búsqueda. El solicitante fue exalcalde de ***LOCALIDAD.1 (Cádiz), y, ya, jubilado y con 80 años, no desea ver en Internet información relativa a su persona, fuera de la vida política y pública desde hace casi 15 años. Acompañan a la reclamación capturas de pantalla de sucesivas respuestas del responsable del motor de búsqueda a solicitudes de supresión planteadas por el reclamante, recibidas por él en fechas 21 de enero (una), 22 de enero (dos), 27 de enero (dos), 28 de enero (una), 29 de enero (tres), 30 de enero (dos) y 31 de enero (una); así como un certificado del Ayuntamiento del Puerto de Santa María, que el afectado aporta para acreditar que dejó su cargo público con fecha 21 de julio de 2006. Cabe mencionar que el reclamante presentó en esas fechas otros escritos adicionales, reportando la no atención de solicitudes similares planteadas ante el motor de búsqueda ***MOTOR.2. Dicha reclamación fue abordada en el marco de otro expediente de la AEPD, de referencia E/01531/2020. SEGUNDO    :  Según la política de privacidad accesible en el sitio web del motor de búsqueda ***MOTOR.1, el responsable del tratamiento denunciado es la empresa MICROSOFT, cuyo establecimiento principal en la Unión Europea es la compañía registrada en Irlanda MICROSOFT IRELAND OPERATIONS LIMITED.   C/ Jorge Juan, 6 www.aepd.es 28001 – Madrid sedeagpd.gob.es 2/6 TERCERO: Al afectar el tratamiento de manera sustancial únicamente a interesados en España, teniendo en cuenta lo dispuesto en el artículo 56.2 del RGPD y en consonancia con el mecanismo previsto en el artículo 65.4 de la Ley Orgá"
co-00200-2020,2020,https://www.aepd.es/documento/co-00200-2020.pdf,https://web.archive.org/web/20251119214001id_/https://www.aepd.es/documento/co-00200-2020.pdf,"1/5  N/Ref.: E/01222/2019 - CO/00200/2020 RESOLUCIÓN DE ARCHIVO DE ACTUACIONES De las actuaciones seguidas con motivo de la reclamación presentada en la Agencia Española de Protección de Datos, por presunta vulneración del Reglamento (UE) 2016/679 del Parlamento Europeo y del Consejo de 27 de abril de 2016, relativo a la protección de las personas físicas en lo que respecta al tratamiento de datos personales y a la libre circulación de estos datos (en lo sucesivo, RGPD) y teniendo como base los siguientes HECHOS PRIMERO: Con fecha 9 de enero de 2019 y con número de registro de entrada 001003/2019, tuvo entrada en esta Agencia una reclamación, relacionada con un tratamiento de carácter transfronterizo de datos personales realizado por MTCH TECHNOLOGY SERVICES LIMITED (TINDER), presentada por A.A.A. (en adelante, la parte reclamante) por una presunta vulneración del Artículo 7 del RGPD. En particular por las siguientes circunstancias: Categorización por defecto del perfil del usuario como visible para todo el mundo al registrarse por primera vez en la aplicación. Esto presupondría un consentimiento no otorgado de antemano por el usuario. SEGUNDO: MTCH TECHNOLOGY SERVICES LIMITED (TINDER) tiene su establecimiento principal o único en Irlanda. TERCERO: Teniendo en cuenta el carácter transfronterizo de la reclamación, con fecha 6 de marzo de 2019 se llevó a cabo la remisión de la reclamación a la autoridad de control de Irlanda (Comisión de Protección de Datos irlandesa -DPC, por sus siglas en inglés-) por ser la competente para actuar como autoridad de control principal según lo dispuesto en el artículo 56.1 del RGPD. CUARTO: La remisión de la reclamación se realizó a través del “Sistema de Información del Mercado Interior” (IMI). La autoridad de control de Irlanda siguiendo sus procedimientos internos y previamente a la aceptación de la condición de autoridad de control principal, consideró que no disponía de elementos suficientes para valorar adecuadamente la reclamación, y solicitó a la parte reclamante información adicional, en concreto: 1. Detalles de cómo han sido tratados los datos de forma que infrinjan el Reglamento 2. Copia de las comunicaciones con Tinder en caso de que el asunto les haya sido notificado  C/ Jorge Juan, 6 www.aepd.es 28001 – Madrid sedeagpd.gob.es 2/5 3. Fecha en la que incidencia tuvo lugar. 4. Capturas de pantalla sobre el tema en cuestión 5. Forma en la que el tratamiento infringe el Reglamento señalando concretamente qué artículos aplican. Además, la DPC indicaba que, en el caso de no recibir información en un plazo de dos meses a partir de la fecha de la dicha comunicación, se consideraría retirada la reclamación y se revisaría para su cierre. QUINTO: La AEPD remitió a la parte reclamante dicha misiva a través del servicio de notificaciones electrónicas.  Esta comunicación fue notificada a la parte reclamante en fecha 23 de mayo de 2019, a través de Carpeta Ciudadana, según confirmación de la recepción que figura en "
co-00201-2020,2020,https://www.aepd.es/documento/co-00201-2020.pdf,https://web.archive.org/web/20220427102349id_/https://www.aepd.es/documento/co-00201-2020.pdf,"1/6  N/Ref.: E/00811/2019 - CO/00201/2020 RESOLUCIÓN DE ARCHIVO DE ACTUACIONES De las actuaciones seguidas con motivo de la reclamación presentada en la Agencia Española de Protección de Datos, por presunta vulneración del Reglamento (UE) 2016/679 del Parlamento Europeo y del Consejo de 27 de abril de 2016, relativo a la protección de las personas físicas en lo que respecta al tratamiento de datos personales y a la libre circulación de estos datos (en lo sucesivo, RGPD) y teniendo como base los siguientes HECHOS PRIMERO: Con fecha 26 de diciembre de 2018 y con número de registro de entrada 212704/2018, tuvo entrada en esta Agencia una reclamación, relacionada con un tratamiento de carácter transfronterizo de datos personales realizado por FACEBOOK IRELAND LIMITED (INSTAGRAM), por una presunta vulneración del Artículo 14 del RGPD, Artículo 6 del RGPD, Artículo 13 del RGPD, Artículo 12 del RGPD y Artículo 7 del RGPD. Los motivos en que la parte reclamante basa la reclamación son: 1. El consentimiento implícito a aceptar las políticas cuando se crea una cuenta en Instagram. En ningún momento al usuario consiente explícitamente la aceptación de éstas. 2. Política muy extensa, poco clara y con un lenguaje vago y con conceptos abstractos y muy amplios. No especifican a qué destinan los datos recogidos de los usuarios ni tampoco cuáles de estos se almacenan o incluso se ceden a terceros, ni tampoco la posibilidad de oponerse a la cesión.  3. Desprotección de datos personales. Cuando se crea una cuenta, por defecto es pública. El responsable no avisa de que, por el hecho de ser pública, todo el mundo puede acceder y visualizar dicha cuenta. Junto a la reclamación se aportan varias capturas de pantalla. SEGUNDO: FACEBOOK IRELAND LIMITED (INSTAGRAM) tiene su establecimiento principal o único en Irlanda.  TERCERO: Teniendo en cuenta el carácter transfronterizo de la reclamación, con fecha 22 de febrero de 2019 se remitió a la autoridad de control de Irlanda por ser la competente para actuar como autoridad de control principal, a tenor de lo dispuesto en el artículo 56.1 del RGPD.  CUARTO: Esta remisión se realizó, a través del “Sistema de Información del Mercado Interior” (IMI) y se declararon interesadas en el procedimiento las autoridades de control de: Bélgica, Hamburgo, Luxemburgo, Francia, Hesse, Suecia, Renania- Palatinado, Baja Sajonia, Dinamarca, Noruega, Berlín, Hungría, Eslovenia, C/ Jorge Juan, 6 www.aepd.es 28001 – Madrid sedeagpd.gob.es 2/6 Mecklenburg- Pomerania Occidental, Finlandia, Portugal, Eslovaquia, Grecia, Austria, Polonia y España como autoridad receptora de la reclamación. QUINTO: Siguiendo sus procedimientos internos, con fecha 11 de junio de 2019, la autoridad de control de Irlanda se puso en contacto con la parte reclamante por medio de una misiva enviada a través de esta Agencia solicitando información adicional, dado que consideraba que la aportada en la reclamación era insuficiente para su correcta valoración.  En dicha misiva"
co-00248-2020,2020,https://www.aepd.es/documento/co-00248-2020.pdf,https://web.archive.org/web/20240626070111id_/https://www.aepd.es/documento/co-00248-2020.pdf,"1/6  N/Ref.: E/04028/2020 - CO/00248/2020 – A61VM 150013 RESOLUCIÓN DE ARCHIVO De las actuaciones seguidas con motivo de la reclamación presentada en la Agencia Española de Protección de Datos, por presunta vulneración del Reglamento (UE) 2016/679 del Parlamento Europeo y del Consejo de 27 de abril de 2016, relativo a la protección de las personas físicas en lo que respecta al tratamiento de datos personales y a la libre circulación de estos datos (en lo sucesivo, RGPD) y teniendo como base los siguientes HECHOS PRIMERO    : Con fecha de 22 de mayo de 2020 y número de registro de entrada 017438/2020, tuvo entrada en esta Agencia una reclamación presentada por A.A.A. (en lo sucesivo, el reclamante) contra el responsable del motor de búsqueda BING, por una presunta vulneración del art. 17 del RGPD y 93.1 de la Ley Orgánica 3/2018, de 5 de diciembre, de Protección de Datos Personales y garantía de los derechos digitales (en lo sucesivo, LOPDGDD). Los motivos en que se basa la reclamación son:  Cuando se realiza una búsqueda por el DNI del reclamante en el motor BING, aparecen algunas páginas web procedentes del Boletín Oficial del Estado (BOE), mostrando información personal suya.  El responsable del Boletín Oficial del Estado ha afirmado haber incluido dichas páginas web en el fichero “robots.txt”, marcándolas de esta forma para que los programas rastreadores de los motores de búsqueda no las lean ni las indexen.  Por tanto, el reclamante considera que no deberían ser mostradas por el buscador, y solicita la inmediata desindexación de dichos resultados en el motor de búsqueda BING. Se aporta contestación del motor de búsqueda, recibida el 14 de mayo de 2020, donde se justifica la publicación del contenido en el hecho de que ha sido publicado y proporcionado por un organismo o agencia gubernamental, y, por tanto, la información tiene un interés público importante.  También se adjunta carta de respuesta de la Agencia Estatal Boletín Oficial del Estado a una supuesta solicitud de supresión, denegando la supresión de sus datos y anunciando la inclusión de la referencia al documento solicitado en el fichero ""robots.txt"" de su sede electrónica, con el fin de indicar que no sea indexada por los buscadores de internet. C/ Jorge Juan, 6 www.aepd.es 28001 – Madrid sedeagpd.gob.es 2/6 Las URLs cuya supresión se interesa son: ***URL.1  ***URL.2 SEGUNDO    : Según la política de privacidad accesible en el motor de búsqueda, el responsable del tratamiento denunciado es la empresa MICROSOFT, cuyo establecimiento principal en la Unión Europea es la compañía registrada en Irlanda MICROSOFT IRELAND OPERATIONS LIMITED.   TERCERO: Al afectar el tratamiento de manera sustancial únicamente a interesados en España, teniendo en cuenta lo dispuesto en el artículo 56.2 del RGPD y en consonancia con el mecanismo previsto en el artículo 65.4 de la Ley Orgánica 3/2018, de 5 de diciembre, de Protección de Datos Personales y garantía de los derechos digitales (en lo sucesivo"
co-00259-2020,2020,https://www.aepd.es/documento/co-00259-2020.pdf,https://web.archive.org/web/20240705210059id_/https://www.aepd.es/documento/co-00259-2020.pdf,"1/6  N/Ref.: E/05283/2020 - CO/00259/2020 – A61VM 150727 RESOLUCIÓN DE ARCHIVO De las actuaciones seguidas con motivo de la reclamación presentada en la Agencia Española de Protección de Datos, por presunta vulneración del Reglamento (UE) 2016/679 del Parlamento Europeo y del Consejo de 27 de abril de 2016, relativo a la protección de las personas físicas en lo que respecta al tratamiento de datos personales y a la libre circulación de estos datos (en lo sucesivo, RGPD) y teniendo como base los siguientes HECHOS PRIMERO    :  Con fecha de 15 de junio de 2020 y número de registro de entrada 020006/2020, tuvo entrada en esta Agencia una reclamación presentada por A.A.A. (en lo sucesivo, el reclamante) contra el responsable del motor de búsqueda ***MOTOR.1, por una presunta vulneración de los art. 17 del RGPD y 93.1 de la Ley Orgánica 3/2018, de 5 de diciembre, de Protección de Datos Personales y garantía de los derechos digitales (en lo sucesivo, LOPDGDD). Los motivos en que se basa la reclamación son:  El responsable del motor de búsqueda ***MOTOR.1 ha denegado una solicitud de supresión de siete enlaces que se muestran cuando se busca por el nombre y apellidos del reclamante, justificando su decisión en el interés público de cinco de los enlaces, e interés periodístico en los dos restantes.  Los enlaces, que en su mayoría proceden del Boletín Oficial del Estado, hacen referencia a procesos selectivos en los que el reclamante tomó parte hace algunos años. Éste considera que la publicación de esa información personal, que incluye su número de DNI, posibilita la suplantación de su identidad por parte de terceros, y la comisión de actividades fraudulentas en redes sociales, pagos electrónicos, contratación de servicios o compras en internet, entre otros. El afectado no estima que dicha información tenga interés público.  Se aporta copia de la respuesta denegatoria por parte del responsable del motor de búsqueda, recibida en fecha 22 de abril de 2020, y DNI del reclamante. Las URLs cuya supresión se interesa son: ***URL.1 ***URL.2 ***URL.3 ***URL.4 ***URL.5 ***URL.6 ***URL.7 C/ Jorge Juan, 6 www.aepd.es 28001 – Madrid sedeagpd.gob.es 2/6 SEGUNDO    :  Según la política de privacidad accesible en el motor de búsqueda, el responsable del tratamiento denunciado es la empresa MICROSOFT, cuyo establecimiento principal en la Unión Europea es la compañía registrada en Irlanda MICROSOFT IRELAND OPERATIONS LIMITED.   TERCERO: Al afectar el tratamiento de manera sustancial únicamente a interesados en España, teniendo en cuenta lo dispuesto en el artículo 56.2 del RGPD y en consonancia con el mecanismo previsto en el artículo 65.4 de la Ley Orgánica 3/2018, de 5 de diciembre, de Protección de Datos Personales y garantía de los derechos digitales (en lo sucesivo, LOPDGDD), la citada reclamación se trasladó con fecha 25 de junio de 2020 a MICROSOFT IBÉRICA S.L., en calidad de establecimiento en España del responsable, para que procediera a su análisis y diera r"
co-00276-2020,2020,https://www.aepd.es/es/documento/co-00276-2020.pdf,https://web.archive.org/web/20211029164454id_/https://www.aepd.es/es/documento/co-00276-2020.pdf,"1/6  N/Ref.: CO/00276/2020 – A61VM 125988 RESOLUCIÓN DE ARCHIVO De las actuaciones seguidas con motivo de la reclamación presentada en la Agencia Española de Protección de Datos, por presunta vulneración del Reglamento (UE) 2016/679 del Parlamento Europeo y del Consejo de 27 de abril de 2016, relativo a la protección de las personas físicas en lo que respecta al tratamiento de datos personales y a la libre circulación de estos datos (en adelante, RGPD) y teniendo como base los siguientes HECHOS PRIMERO: Con fecha 30 de abril de 2020 y número de registro de entrada 015763/2020, tuvo entrada en esta Agencia una reclamación, relacionada con un tratamiento de carácter transfronterizo de datos personales realizado por el responsable de la app ZOOM, la empresa estadounidense ZOOM VIDEO COMMUNICATIONS, INC., y el responsable de la red social FACEBOOK. La reclamación fue presentada por A.A.A. (en lo sucesivo, el reclamante) por una presunta vulneración de los arts. 5.1.a, 5.1.b, 5.1.f, 6, 13, 32, y 34 del RGPD (por parte de ZOOM), y arts. 6 y 14 del RGPD (por parte de FACEBOOK). Los motivos en que el reclamante basa la reclamación son:  El responsable de la app ZOOM cede a FACEBOOK datos personales de usuarios de su versión para el sistema operativo iOS de Apple (“Zoom Cloud Meetings”), sin conocimiento ni el consentimiento de los mismos. Esto se produce incluso sin ser los afectados usuarios de dicha red social.  La persona que destapó los hechos, los publicó en su blog https://www.vice.com/en_us/article/k7e599/zoom-ios-app-sends-data-to- facebook-even-ifyou-dont-have-a-facebook-account     A raíz de dicha publicación, el propio responsable dio explicaciones en su portal web (en la dirección https://blog.zoom.us/wordpress/es/2020/03/27/uso- del-sdk-de-facebook-en-el-cliente-de-ios-por-parte-de-zoom/ ). El origen de la incidencia habría estado en la utilización del kit de desarrollo de Facebook (SDK) con el propósito de ofrecer un método alternativo de autenticación en la app (esto es, a través de las credenciales del usuario como miembro de Facebook). Dicho componente recogía información sobre dispositivos, como el tipo y la versión del sistema operativo móvil, la zona horaria del dispositivo, el sistema operativo del dispositivo, el modelo y el operador del dispositivo, el tamaño de la pantalla, los núcleos del procesador y el espacio en disco; no recogía información ni actividades relacionadas con reuniones, como asistentes, nombres, notas, etc.  Sin embargo, el reclamante sostiene que sí que se recogían datos como el concreto modelo de dispositivo Apple y su “identificador publicitario único” del C/ Jorge Juan, 6 www.aepd.es 28001 – Madrid sedeagpd.gob.es 2/6 terminal Apple (“ID de anunciante de iOS”), lo cual permite a FACEBOOK el poder dirigirse a los usuarios mediante anuncios.  El responsable no ha comunicado expresamente a los afectados la ocurrencia de esta brecha de datos, ni se ha asegurado de que FACEBOOK haya eliminado la información "
co-00306-2020,2020,https://www.aepd.es/documento/co-00306-2020.pdf,https://web.archive.org/web/20251119152441id_/https://www.aepd.es/documento/co-00306-2020.pdf,"1/7  Expediente Nº: E/00926/2020 - CO/00306/2020 RESOLUCIÓN DE ARCHIVO DE ACTUACIONES De las actuaciones seguidas con motivo de la reclamación presentada en la Agencia Española de Protección de Datos, por presunta vulneración del Reglamento (UE) 2016/679 del Parlamento Europeo y del Consejo de 27 de abril de 2016, relativo a la protección de las personas físicas en lo que respecta al tratamiento de datos personales y a la libre circulación de estos datos (en lo sucesivo, RGPD) y teniendo como base los siguientes HECHOS PRIMERO: Con fecha 11 de diciembre de 2019 y con número de registro de entrada 059268/2019, tuvo entrada en esta Agencia una reclamación, relacionada con un tratamiento de carácter transfronterizo de datos personales realizado por GOOGLE IRELAND LIMITED, por una presunta vulneración del Artículo 17 del RGPD. Los motivos en que la parte reclamante basa la reclamación son la no atención del derecho de supresión relacionado con varios contenidos publicados en la plataforma YouTube accesibles desde:  ***URL.1, en el intervalo de tiempo: 00:35-00:39, y  ***URL.2, en el intervalo de tiempo:  00:47-00:50.  SEGUNDO: GOOGLE IRELAND LIMITED tiene su establecimiento principal o único en Irlanda y es el responsable del servicio YOUTUBE según sus políticas de privacidad. TERCERO: Teniendo en cuenta lo dispuesto en el artículo 56.2 del RGPD, con fecha 6 de febrero de 2021 la citada reclamación se trasladó a GOOGLE SPAIN, S.L. en calidad de establecimiento en España del responsable, para que procediera a su análisis y diera respuesta a esta Agencia en el plazo de un mes. Asimismo, se solicitó a GOOGLE SPAIN, S.L., información sobre la recepción de la solicitud, decisión adoptada y acreditación de la respuesta facilitada al reclamante, en su caso. Con fecha 13 de marzo de 2020 se recibió respuesta al traslado de la reclamación en la cual se desestimaba el derecho ejercido. CUARTO: Teniendo en cuenta el carácter transfronterizo de la reclamación, con fecha 26 de marzo de 2020 se procedió a la remisión de la reclamación a la autoridad de control de Irlanda − Data Protection Commission (DPC)− por ser la competente para actuar como autoridad de control principal, a tenor de lo dispuesto en el artículo 56.1 del RGPD.  QUINTO: Esta remisión se realizó, a través del “Sistema de Información del Mercado Interior” (IMI).  C/ Jorge Juan, 6 www.aepd.es 28001 – Madrid sedeagpd.gob.es 2/7 Tras un intercambio de comunicaciones por parte de la DPC con esta Agencia en la que se solicitaba información adicional referente al caso, la autoridad irlandesa aceptó actuar en el procedimiento en calidad de autoridad de control principal por lo que con fecha 19 de octubre de 2020 se acordó el archivo provisional del procedimiento una vez que dicha autoridad aceptó tramitar el caso. SEXTO: Siguiendo sus procedimientos internos, la autoridad de control de Irlanda ha contactado con el responsable trasladándole la reclamación e informando al interesado de la respuesta del r"
co-00365-2020,2020,https://www.aepd.es/es/documento/co-00365-2020.pdf,https://web.archive.org/web/20211029162628id_/https://www.aepd.es/es/documento/co-00365-2020.pdf,"1/5  N/Ref.: E/05054/2018 – CO/00365/2020 1103-020420 RESOLUCIÓN DE ARCHIVO DE ACTUACIONES De las actuaciones seguidas con motivo de la reclamación presentada en la Agencia Española de Protección de Datos, por presunta vulneración del Reglamento (UE) 2016/679 del Parlamento Europeo y del Consejo de 27 de abril de 2016, relativo a la protección de las personas físicas en lo que respecta al tratamiento de datos personales y a la libre circulación de estos datos (en lo sucesivo, RGPD) y teniendo como base los siguientes HECHOS PRIMERO: Con fecha de 09/07/2018 y número de registro de entrada 184070/2018, tuvo entrada en esta Agencia una reclamación presentada en nombre de FACUA - ASOCIACIÓN DE CONSUMIDORES Y USUARIOS EN ACCIÓN (en adelante, FACUA) contra FACEBOOK, por una presunta vulneración del art. 12 del RGPD. Los motivos en que se basa la reclamación son:  En la política de privacidad de la red social de FACEBOOK se indica que, para ejercer los derechos de protección de datos, el solicitante ha de registrarse en su cuenta de usuario y acceder a la sección de configuración.   El reclamante considera que el responsable del tratamiento está sorteando el procedimiento establecido en la legislación aplicable, y está imponiendo trabas al ejercicio de derechos de protección de datos. En la reclamación se cita la URL de la sección de la política de privacidad de la red social de FACEBOOK donde se trata el tema del ejercicio de derechos de protección de datos (https://es-es.facebook.com/about/privacy/update ). SEGUNDO: Según su política de privacidad, FACEBOOK tiene en la Unión Europea su establecimiento principal en Irlanda (FACEBOOK IRELAND LTD.). TERCERO: La citada reclamación se trasladó, a través del “Sistema de Información del Mercado Interior” (IMI), a la Data Protection Commission (en adelante, DPC), la autoridad de control de Irlanda, por ser la competente para actuar como autoridad de control principal, a tenor de lo dispuesto en el artículo 56.1 del RGPD. Se han declarado interesadas en el procedimiento las autoridades de control de Bélgica, Luxemburgo, Eslovenia, Países Bajos, Suecia, Hungría, Grecia, Francia, Finlandia, Dinamarca, Chipre, Austria y Eslovaquia, así como las regionales alemanas de Renania-Palatinado, Thuringia, Baja Sajonia, Saarland, Mecklemburgo-Pomerania Occidental, Berlín, Renania del Norte-Westfalia y Baviera (Sector Privado). CUARTO: Con fecha 17/10/2018, se notificó al reclamante el archivo provisional de la reclamación, de acuerdo con lo dispuesto en el artículo 66 de la Ley Orgánica 3/2018, C/ Jorge Juan, 6 www.aepd.es 28001 – Madrid sedeagpd.gob.es 2/5 de 5 de diciembre, de Protección de Datos Personales y garantía de los derechos digitales (en lo sucesivo, LOPDGDD).  La autoridad de control de Irlanda (DPC) aceptó el caso en un primer momento. Sin embargo, la DPC comunicó posteriormente que rechazaba la reclamación, por provenir de una asociación sin un mandato individual. Según explica la autoridad de control ir"
co-00366-2020,2020,https://www.aepd.es/documento/co-00366-2020.pdf,https://web.archive.org/web/20240626150450id_/https://www.aepd.es/documento/co-00366-2020.pdf,"1/6  N/Ref.: E/01127/2019 - CO/00366/2020– A56ID 59922 RESOLUCIÓN DE ARCHIVO DE ACTUACIONES De las actuaciones seguidas con motivo de la reclamación presentada en la Agencia Española de Protección de Datos, por presunta vulneración del Reglamento (UE) 2016/679 del Parlamento Europeo y del Consejo de 27 de abril de 2016, relativo a la protección de las personas físicas en lo que respecta al tratamiento de datos personales y a la libre circulación de estos datos (en lo sucesivo, RGPD) y teniendo como base los siguientes HECHOS PRIMERO    : Con fecha de 8 de enero de 2019 y número de registro de entrada 000929/2019, tuvo entrada en esta Agencia una reclamación presentada por A.A.A. (en lo sucesivo, la reclamante) contra el responsable de la red social FACEBOOK, por una presunta vulneración del art. 7 del RGPD. Los motivos en que se basa la reclamación son:  Para poder hacer uso del servicio proporcionado por la red social FACEBOOK, no se ofrece la opción de rechazar que los datos personales sean compartidos con terceros que no sean usuarios de la red.   Las opciones de privacidad de la mencionada red social no permiten hacer gestión alguna respecto del consentimiento a la comunicación de datos a terceros, al igual que se hace, por ejemplo, con la visibilidad de las publicaciones o la información personal que se sube al perfil, por lo que la única opción alternativa sería darse de baja y renunciar al servicio, cuando esta comunicación de datos no parece que sea imprescindible para la prestación del mismo.  Un consentimiento así recabado no puede ser libre, y, en consecuencia, tampoco es válido para fundamentar el tratamiento denunciado. Se acompaña una captura de pantalla de la sección de configuración de la privacidad de la cuenta de Facebook, donde se puede escoger el ámbito de publicación de la información (público, solo amigos, amigos de amigos, etc.) SEGUNDO    : El responsable de la red social FACEBOOK tiene en Irlanda su establecimiento principal en la Unión Europea, la compañía FACEBOOK IRELAND LTD.  TERCERO: Teniendo en cuenta el carácter transfronterizo de la reclamación, con fecha 9 de diciembre de 2020 se remitió la misma a la autoridad de control irlandesa, la Data Protection Commission (DPC), por ser la competente para actuar como autoridad de control principal, a tenor de lo dispuesto en el artículo 56.1 del RGPD. C/ Jorge Juan, 6 www.aepd.es 28001 – Madrid sedeagpd.gob.es 2/6 CUARTO: Esta remisión se realizó, a través del “Sistema de Información del Mercado Interior” (IMI). Se declararon interesadas en el mismo las autoridades de control de Bélgica, Luxemburgo, Francia, Hungría, Eslovenia, Dinamarca, Suecia, Noruega, Chipre, Austria, Portugal, Eslovaquia y Polonia, así como las regionales alemanas de Renania-Palatinado, Hesse, Berlín, Mecklemburgo-Pomerania Occidental, Baja Sajonia, Saarland, Renania del Norte-Westfalia y Baden-Württemberg. QUINTO: La autoridad irlandesa rechazó asumir el caso alegando que no quedaba de manifiesto"
co-00367-2020,2020,https://www.aepd.es/documento/co-00367-2020.pdf,https://web.archive.org/web/20251124194545id_/https://www.aepd.es/documento/co-00367-2020.pdf,"1/5  N/Ref.: E/02028/2019 – CO/00367/2020 1103-020420 RESOLUCIÓN DE ARCHIVO DE ACTUACIONES De las actuaciones seguidas con motivo de la reclamación presentada en la Agencia Española de Protección de Datos, por presunta vulneración del Reglamento (UE) 2016/679 del Parlamento Europeo y del Consejo de 27 de abril de 2016, relativo a la protección de las personas físicas en lo que respecta al tratamiento de datos personales y a la libre circulación de estos datos (en lo sucesivo, RGPD) y teniendo como base los siguientes HECHOS PRIMERO: Con fecha de 22/01/2019 y número de registro de entrada 004165/2019, tuvo entrada en esta Agencia una reclamación presentada en nombre de OCU - ORGANIZACION DE CONSUMIDORES Y USUARIOS (en adelante, OCU) contra FACEBOOK, por una presunta vulneración de los artículos 5, 6, 7, 8, 12 y 13 del RGPD. Los motivos en que se basa la reclamación son:  El aviso legal y la política de privacidad de la red social FACEBOOK están poco destacados en el portal web (fuente pequeña, y otros recursos estilísticos), con el propósito de que el usuario no las consulte.  Para el disfrute del servicio, se obliga a aceptar toda la política de privacidad. No se puede denegar el consentimiento de forma separada a cada uno de los tratamientos de datos que realiza el responsable de la red social.  El responsable no informa claramente de los tratamientos de datos personales que realiza, ni de sus finalidades.   Se infringe el principio de proporcionalidad: la red social almacena más datos de los necesarios (p.ej. datos de los dispositivos de los usuarios) sin aclarar para qué los quiere  El reclamante sospecha que el responsable elabora perfiles con los datos de sus usuarios, pero no ofrece información sobre este tratamiento ni sobre sus consecuencias. Tampoco recaba el consentimiento expreso de los titulares de los datos.  Adicionalmente, los usuarios deberían poder oponerse de entrada a tratamientos realizados con fines de “márketing” directo. La red social permite recoger la solicitud de oposición a los mismos, pero sólo ‘a posteriori’.  Se proporciona información nula sobre los destinatarios de los datos personales y las finalidades de las comunicaciones de los mismos a dichas entidades, así como la naturaleza de los datos cedidos. Se mencionan algunas posibles finalidades, pero son ambiguas. No se recaba el consentimiento expreso para estas comunicaciones.  Una cantidad de usuarios de la red social FACEBOOK son menores de edad (entre 14 y 18 años), pero no existe una adaptación de la política en un lenguaje sencillo para que ellos la puedan entender. C/ Jorge Juan, 6 www.aepd.es 28001 – Madrid sedeagpd.gob.es 2/5 SEGUNDO: Según su política de privacidad, FACEBOOK tiene en la Unión Europea su establecimiento principal en Irlanda (FACEBOOK IRELAND LTD.). TERCERO: La citada reclamación se trasladó, a través del “Sistema de Información del Mercado Interior” (IMI), a la Data Protection Commission (en adelante, DPC), la autoridad de control"
co-00371-2020,2020,https://www.aepd.es/documento/co-00371-2020.pdf,https://web.archive.org/web/20230927021733id_/https://www.aepd.es/documento/co-00371-2020.pdf,"1/5  N/Ref.: E/11330/2019 - CO/00371/2020 – A61VM 94450 RESOLUCIÓN DE ARCHIVO DE ACTUACIONES De las actuaciones seguidas con motivo de la reclamación presentada en la Agencia Española de Protección de Datos, por presunta vulneración del Reglamento (UE) 2016/679 del Parlamento Europeo y del Consejo de 27 de abril de 2016, relativo a la protección de las personas físicas en lo que respecta al tratamiento de datos personales y a la libre circulación de estos datos (en lo sucesivo, RGPD) y teniendo como base los siguientes HECHOS PRIMERO    : Con fecha de 26 de septiembre de 2019 y número de registro de entrada 045500/2019, tuvo entrada en esta Agencia una reclamación presentada por A.A.A. (en lo sucesivo, el reclamante) contra NEXT DOOR, por una presunta vulneración de los arts. 6 y 13 del RGPD. Los motivos en que se basa la reclamación son:  El responsable de la red social NEXT DOOR ha distribuido cartas de invitación a vecinos del reclamante, firmadas con su nombre y apellidos, pero sin contar con su autorización y sin haberle informado previamente. En las cartas se invita a hacerse usuario de la red social.  Se acompaña copia de una de las cartas enviadas. Se observa que no va dirigida nominalmente a nadie, tan solo se remite con destino el residente de una determinada calle. La carta anima a unirse a la red social de dos formas, bien descargando la app, bien accediendo a la versión web, y se proporciona un código de 6 letras. Al pie figura nombre y apellidos del supuesto remitente, así como la calle donde vive. SEGUNDO    : El responsable del tratamiento denunciado tiene en Irlanda su establecimiento principal en la Unión Europea, la compañía NEXTDOOR EMEA LTD.  TERCERO: Teniendo en cuenta el carácter transfronterizo de la reclamación, con fecha 2 de diciembre de 2019 le fue remitida a la autoridad de control irlandesa, la Data Protection Commission (DPC), por ser la competente para actuar como autoridad de control principal, a tenor de lo dispuesto en el artículo 56.1 del RGPD. CUARTO: Esta remisión se realizó, a través del “Sistema de Información del Mercado Interior” (IMI). La DPC facilitó una carta para requerir del reclamante la siguiente información adicional en relación con las circunstancias de la reclamación:  Copia de la correspondencia recibida del responsable  Confirmación de si el reclamante ha introducido información suya en la web de NEXTDOOR, o se la ha proporcionado de alguna otra forma al responsable  Copia de la correspondencia intercambiada con NEXTDOOR para reportar este problema  Confirmar la solución deseada en este asunto C/ Jorge Juan, 6 www.aepd.es 28001 – Madrid sedeagpd.gob.es 2/5 Advierten de que, si no reciben a través de la AEPD la información solicitada en el plazo de 2 meses a contar desde la fecha de la carta, considerarán retirada esta reclamación y procederán a su archivo. No consta en esta Agencia respuesta del afectado a dicha solicitud, la cual fue notificada correctamente a su destinatario con fecha "
co-00408-2020,2020,https://www.aepd.es/documento/co-00408-2020.pdf,https://web.archive.org/web/20240626075719id_/https://www.aepd.es/documento/co-00408-2020.pdf,"1/7  N/Ref.: E/06298/2020 - CO/00408/2020 – A61VM 170726 RESOLUCIÓN DE ARCHIVO De las actuaciones seguidas con motivo de la reclamación presentada en la Agencia Española de Protección de Datos, por presunta vulneración del Reglamento (UE) 2016/679 del Parlamento Europeo y del Consejo de 27 de abril de 2016, relativo a la protección de las personas físicas en lo que respecta al tratamiento de datos personales y a la libre circulación de estos datos (en lo sucesivo, RGPD) y teniendo como base los siguientes HECHOS PRIMERO    :  Con fecha de 10 de julio de 2020 y número de registro de entrada 024434/2020, tuvo entrada en esta Agencia una reclamación presentada por A.A.A. (en lo sucesivo, la reclamante) contra el responsable del motor de búsqueda YAHOO!, por una presunta vulneración de los arts. 17 del RGPD y 93.1 de la Ley Orgánica 3/2018, de 5 de diciembre, de Protección de Datos Personales y garantía de los derechos digitales (en lo sucesivo, LOPDGDD). Los motivos en que se basa la reclamación son:  No atención de 3 solicitudes de supresión de enlaces dirigidas al motor de búsqueda YAHOO!. Dichos enlaces se muestran cuando se realiza una búsqueda por el nombre y apellidos de la reclamante. Ésta no ha recibido respuesta a su solicitud, que considera denegada, ya que, según manifiesta, aún se muestran 49 de los 50 enlaces cuya supresión ha solicitado.   En la primera solicitud se le señaló que las solicitudes de supresión debían hacerse en base únicamente al nombre de la persona y no añadiendo cadenas adicionales (""Madrid Destino""). En sus siguientes solicitudes, la afectada ya siguió esta indicación.  La reclamante explica que los mencionados enlaces están relacionados con un proceso de selección de personal en la empresa Madrid Destino (Ayuntamiento de Madrid) celebrado en septiembre de 2018 en el que la reclamante ganó el concurso público para acceder a un puesto de programador de cine en ***EMPRESA.1. Las URLs cuya supresión se interesa aluden a un posible comportamiento indebido, irregular o nepotista de la reclamante y/o de su padre, en esa época ***PUESTO.1 de la empresa citada, o a un supuesto conflicto de intereses.   La reclamante quiere aclarar que, en la actualidad, no existe ninguna decisión de un órgano administrativo del Ayuntamiento de Madrid, societario o judicial que declare la existencia de un comportamiento indebido/irregular o de un conflicto de intereses por parte de la reclamante o su padre. Los supuestos y conclusiones del informe elaborado en su día por la Oficina Municipal contra el Fraude y la Corrupción no han sido comprobados ni confirmados por ningún C/ Jorge Juan, 6 www.aepd.es 28001 – Madrid sedeagpd.gob.es 2/7 órgano competente. Además, el comité de selección de personal de la empresa resolvió en varias ocasiones que el proceso de selección se realizó de acuerdo con el procedimiento vigente en la empresa, acordado con su comité de empresa y aprobado por el Consejo de Administración. Adicionalmente, en mayo de 20"
e-00377-2020,2020,https://www.aepd.es/es/documento/e-00377-2020.pdf,https://web.archive.org/web/20210126210103id_/https://www.aepd.es/es/documento/e-00377-2020.pdf,"1/7  Procedimiento Nº: E/00377/2020 RESOLUCIÓN DE ARCHIVO DE ACTUACIONES De las actuaciones practicadas por la Agencia Española de Protección de Datos y teniendo como base los siguientes HECHOS PRIMERO: La reclamación interpuesta el 26/09/2019 por A.A.A. (que manifiesta ser el portavoz de la Junta de Personal y del Comité de Empresa en la sede del reclamado, en adelante, el reclamante) se dirige contra AYUNTAMIENTO DE ***LOCALIDAD.1, con NIF P2805400E (en adelante, el reclamado). Los motivos en que basa la reclamación son que consideran que ejercen una labor de vigilancia en el cumplimiento de las normas en materia laboral, de Seguridad Social y de empleo, y ante el tratamiento de datos que realiza, “consideran que están legitimados para obtener información sobre el cumplimiento de obligaciones legales en materia de Protección de Datos, así como el tratamiento qué efectúan sus empleados” y consideran que no se le has facilitado dicha información. Para acreditarlo, aporta: 1) Escrito de solicitud de información al reclamado, registro entrada 28/01/2019,  “en relación a la protección de los datos personales de los empleados municipales”, la siguiente: - “Sobre las medidas técnicas y organizativas de seguridad que aplica el reclamado”.  -“En relación con las medidas de seguridad adoptadas, política de seguridad, incluyendo definición de roles y asignación de responsabilidades, plan de adecuación para mejora de seguridad, y documento de seguridad”.  - “Persona que ha sido designada Delegado de Protección de Datos (DPD) así como la forma y la fecha en que lo ha sido.”   2) Respuesta del reclamado con fecha 6/2/2019 en el que entre otras consideraciones, le indica que la Protección de Datos de los empleados está debidamente garantizada y que dado el escaso tiempo desde la vigencia de la LOPDGDD están llevando a cabo las adaptaciones  de su desarrollo, SEGUNDO: De conformidad con el artículo 65.4 de la Ley Orgánica 3/2018, de 5/12, de Protección de Datos Personales y garantía de los derechos digitales (en adelante LOPDGDD), el 5/11/2019 se dio traslado de dicha reclamación al reclamado, para que procediese a su análisis e informase a esta Agencia en el plazo de un mes, de las acciones llevadas a cabo para adecuarse a los requisitos previstos en la normativa de protección de datos. C/ Jorge Juan, 6 www.aepd.es 28001 – Madrid sedeagpd.gob.es 2/7 Con fecha 07/01/2020, el reclamado remite a esta Agencia la siguiente información y manifestaciones: 1. “La entrada en vigor de la Ley Orgánica 3/2018 de Protección de Datos Personales y Garantías de los Derechos Digitales ha coincidido con otro cambio legislativo fundamental para las administraciones públicas como la entrada en vigor de la Ley 9/2017, de Contratos del Sector Público.” 2. “En este Ayuntamiento han decidido centrar los esfuerzos en adaptar sus procesos a la nueva Ley de Contratos. Que una vez cumplida esta misión están en disposición de afrontar los cambios que supone la Ley 3/2018.” 3. “El  Ayunt"
e-00378-2020,2020,https://www.aepd.es/documento/e-00378-2020.pdf,https://web.archive.org/web/20231115130547id_/https://www.aepd.es/documento/e-00378-2020.pdf,"1/4 Procedimiento Nº: E/00378/2020 940-0419 RESOLUCIÓN DE ARCHIVO DE ACTUACIONES De las actuaciones practicadas por la Agencia Española de Protección de Datos y teniendo como base los siguientes HECHOS PRIMERO: La reclamación interpuesta por Don A.A.A. (en adelante el reclamante) tiene entrada con fecha 21 de septiembre de 2019 en la Agencia Española de Protección de Datos. La reclamación se dirige contra Google LLC (GOOGLE SPAIN, S.L.) y Facebook Spain, S.L. El reclamante manifiesta que, en el año 2006, fue condenado por un delito cometido cuando ejercía como guardia urbano de Barcelona. El hecho se publicó en los medios de comunicación. Muchas publicaciones no se ajustaban a la verdad. Se ha publicado una imagen suya, su nombre y apellidos, DNI, número de placa y sus posibles enfermedades. Por ello solicita la supresión de los enlaces a Google. Asimismo, pide la supresión de un vídeo en Facebook. Considera que se trata de hechos obsoletos.  SEGUNDO: La citada reclamación se trasladó a Google LLC (GOOGLE SPAIN, S.L.) y a Facebook Spain, S.L., para que procedieran a su análisis y dieran respuesta a esta Agencia en el plazo de un mes. Asimismo, se solicitó a los reclamados acreditación de la respuesta facilitada al reclamante, en el supuesto de ejercicio de los derechos regulados en los artículos 15 a 22 del RGPD; informe sobre las causas que motivaron la incidencia producida; y detalle de las medidas adoptadas para evitar situaciones similares. . TERCERO    : En respuesta a dicho requerimiento, se han recibido en esta Agencia sendos escritos Google LLC (GOOGLE SPAIN, S.L.) y de Facebook Spain, S.L. FUNDAMENTOS DE DERECHO I De acuerdo con los poderes de investigación y correctivos que el artículo 58 del Reglamento (UE) 2016/679 (Reglamento general de protección de datos, en adelante RGPD) otorga a cada autoridad de control, y según lo dispuesto en el artículo 47 de la Ley Orgánica 3/2018, de 5 de diciembre, de Protección de Datos Personales y garantía de los derechos digitales (en lo sucesivo LOPDGDD), es competente para resolver estas actuaciones de investigación la Directora de la Agencia Española de Protección de Datos. C/ Jorge Juan, 6 www.aepd.es 28001 – Madrid sedeagpd.gob.es 2/4 II De conformidad con lo establecido en el artículo 55 del RGPD, la Agencia Española de Protección de Datos es competente para desempeñar las funciones que se le asignan en su artículo 57, entre ellas, la de hacer aplicar el Reglamento y promover la sensibilización de los responsables y los encargados del tratamiento acerca de las obligaciones que les incumben, así como tratar las reclamaciones presentadas por un interesado e investigar el motivo de las mismas. Corresponde, asimismo, a la Agencia Española de Protección de Datos ejercer los poderes de investigación regulados en el artículo 58.1 del mismo texto legal, entre los que figura la facultad de ordenar al responsable y al encargado del tratamiento que faciliten cualquier información que requiera para el desem"
e-00468-2020,2020,https://www.aepd.es/documento/e-00468-2020.pdf,https://web.archive.org/web/20240627105130id_/https://www.aepd.es/documento/e-00468-2020.pdf,"1/6  Procedimiento Nº: E/00468/2020 RESOLUCIÓN DE ARCHIVO DE ACTUACIONES De las actuaciones practicadas por la Agencia Española de Protección de Datos y teniendo como base los siguientes HECHOS PRIMERO: La reclamación interpuesta por A.A.A. (en adelante, el reclamante) tiene entrada con fecha 11 de febrero de 2019 en la Agencia Española de Protección de Datos.  La reclamación se dirige contra TTI FINANCE, S.A.R.L., (en adelante, el reclamado).  Los motivos en que basa la reclamación son que los datos personales del reclamante se han incluido en el fichero automatizado del Servicio de Información de Crédito de ASNEX—EQUIFAX, (fichero de cumplimiento e incumplimiento de obligaciones dinerarias, con datos proporcionados por el acreedor o por quien actúa por su cuenta e interés), en el que constan, los siguientes datos referentes a una situación de incumplimiento con la entidad TTI FINANCE, S.A. R. L., a fecha de alta 10 de noviembre de 2017: NOMBRE: A.A.A. PRODUCTO: PRESTAMOS PERSONALES IMPORTE: 188,15€ CALIDAD DE; AVALISTA Según informa el reclamante, la obligada pago de la cantidad indicada es la mercantil OFERMOTOR S.L. El reclamante manifiesta que en el contrato de préstamo no figura como avalista, sino como representante legal de OFERMOTOR.  Aportando copia de la póliza de préstamo. Mediante carta, certificada y con acuse de recibo de 9 de julio de 2018 trasladó a ASNEF—EQUIFAX conocimiento del error por la deuda atribuida a su persona con TTI FINANCE S.A.R.L. Solicitada la cancelación de sus datos, desde ASNEF—EQUIFAX se le indica mediante carta, de 18 de septiembre de 2018 que no es posible llevar a efecto la misma por cuanto TTI FINANCE, S.A.R. L., confirma la existencia de la deuda. C/ Jorge Juan, 6 www.aepd.es 28001 – Madrid sedeagpd.gob.es 2/6 Aporta la siguiente documentación: -Carta de ASNEF-EQUIFAX con fecha 18/09/2018, donde deniegan la cancelación de la inscripción ordenada por TTI FINANCE SARL-BANCO SANTANDER, por confirmar éste la procedencia de la misma. -Reporte de ASNEF de fecha 11/09/2018 donde figura la inscripción de la cuestionada deuda, de importe 188.854,15 euros y dada de alta el 10/11/2016. -Comunicación conjunta de la cesión TTI FINANCE SARL-BANCO SANTANDER dirigida a OFERMOTOR S.L. con fecha 04/08/2016. -Contrato de préstamo firmado con fecha 09/02/2012 entre BANCO SANTANDER y la empresa OFERMOTOR S.L. representada por el reclamante. En una de las páginas figura una anotación en la que el reclamante firma como administrador único de la empresa OFERMOTOR S.L. SEGUNDO: La Subdirección General de Inspección de Datos procedió a la realización de actuaciones previas de investigación para el esclarecimiento de los hechos objeto de la reclamación, teniendo conocimiento de los siguientes extremos: El expediente deriva del procedimiento RR/00125/2019 interpuesto contra la resolución de archivo del expediente E/10484/2018, cuya denuncia se presentó el 7/12/2018.  La resolución de archivo de dicho expediente fue entregada a su d"
e-00630-2020,2020,https://www.aepd.es/es/documento/e-00630-2020.pdf,https://web.archive.org/web/20220302145646id_/https://www.aepd.es/es/documento/e-00630-2020.pdf,"1/7  Procedimiento Nº: E/00630/2020 940-0419 RESOLUCIÓN DE ARCHIVO DE ACTUACIONES De las actuaciones practicadas por la Agencia Española de Protección de Datos y teniendo como base los siguientes: HECHOS PRIMERO: El Juzgado de Primera Instancia e Instrucción número 1 de ***LOCALIDAD.1, con fecha 18 de diciembre de 2019 pone en conocimiento de la Agencia Española de Protección de Datos la presente sentencia por si fuera preciso iniciar procedimiento sancionador por la utilización indebida de datos personales de D. A.A.A. Y anexa copia de sentencia nº ***SENTENCIA.1 donde consta, entre otros:  Que es denunciante D. A.A.A.  Que D. B.B.B. formalizó un préstamo por importe de 200€ con KREDITECH, actualmente MEDIUS COLLECTION S.L., aportando datos personales de D. A.A.A., con el fin de eludir el pago del referido importe más los intereses correspondientes, el cual fue reclamado judicialmente al D. A.A.A. por dicha entidad (juicio verbal nº ***JUICIO.1 del Juzgado de 1ª Instancia e Instrucción nº2 de ***LOCALIDAD.1).  Que D. A.A.A. no ha tenido que asumir el pago del préstamo.  “El denunciante, por su parte, ha sufrido un perjuicio indirecto por las molestias que suponen tener que demostrar que no ha sido el verdadero contratante del producto (demanda civil, denuncia, llamadas telefónicas, asistencia a juicio...), todo ello, motivado por las escasas medidas de seguridad que adoptan las empresas prestamistas al aceptar este tipo de contrataciones, sin establecer mecanismos que aseguren la autenticidad de los datos aportados. Por ello, la presente sentencia debe ser comunicada a la Agencia Española de Protección de Datos a fin de que adopte las medidas necesarias por no haberse observado tales garantías y proceda a iniciar procedimiento sancionador si ello resultare procedente.” SEGUNDO: La Subdirección General de Inspección de Datos procedió a la realización de actuaciones previas de investigación para el esclarecimiento de los hechos objeto de la reclamación, teniendo conocimiento de los siguientes extremos: Con fecha 23 de junio de 2020, MONEDOSPAIN, S.L. con NIF B65895252 remite a esta Agencia la siguiente información y manifestaciones: 1. Que en fecha 27 de enero de 2016 una persona procedió a solicitar un préstamo por importe de 200€ en la web ***URL.1. Que la solicitud del C/ Jorge Juan, 6 www.aepd.es 28001 – Madrid sedeagpd.gob.es 2/7 préstamo se realizó con el nombre de D. A.A.A. desde un dispositivo con dirección IP ***IP.1 1. Que el contrato de préstamo se celebró a distancia usando medios electrónicos que permitieron dejar constancia del contenido, así como de la celebración y conclusión mediante la aceptación del solicitante de los términos y condiciones durante el proceso de solicitud. Que, durante el proceso de solicitud, el solicitante está obligado a aceptar los términos y condiciones para poder finalizar el proceso de solicitud. Se aporta copia de contrato de préstamo sin fechar y sin firma siendo el prestatario D: A.A.A. y siendo e"
e-01085-2020,2020,https://www.aepd.es/documento/e-01085-2020.pdf,https://web.archive.org/web/20240704033110id_/https://www.aepd.es/documento/e-01085-2020.pdf,"1/48  Procedimiento Nº: E/01085/2020 940-0419 RESOLUCIÓN DE ARCHIVO DE ACTUACIONES De las actuaciones practicadas por la Agencia Española de Protección de Datos y teniendo como base los siguientes HECHOS PRIMERO: Con fecha 26/12/2018, la directora de la Agencia Española de Protección de Datos (en adelante, AEPD o Agencia) acuerda iniciar actuaciones de investigación con base en el análisis de las reclamaciones recibidas y tramitadas con los números de referencia E/03484/2018, de fecha de entrada en esta AEPD el 4/6/2018 (reclamante 1) y E/06577/2018, de fecha de entrada en esta AEPD el 10/08/2018 (reclamante 2), contra la entidad SECURITAS DIRECT ESPAÑA, S.A., en adelante la investigada.  En ambas reclamaciones se manifiesta que: 1. El personal comercial de la investigada, durante la ejecución de acciones comerciales “a puerta fría”, recaba, en ocasiones, de las personas a las que visitan, datos personales de terceros que pudieran estar interesados en los servicios de la entidad.  2. Estos datos de terceros son utilizados para contactar y ofrecer los servicios de la investigada. Así, los reclamantes afirman haber recibido llamadas comerciales de la investigada al tiempo que niegan cualquier relación previa con la entidad. Declaran asimismo desconocer cómo se han obtenido sus datos de contacto y afirman no haber otorgado su consentimiento para acciones comerciales. SEGUNDO: La Subdirección General de Inspección de Datos procedió a la realización de actuaciones previas de investigación para el esclarecimiento de los hechos objeto de la reclamación, teniendo conocimiento de los siguientes extremos: (Se debe señalar que el presente expediente de referencia E/01085/2020 trae causa de la continuación de las investigaciones del expediente previo de referencia E/10418/2018).  ENTIDAD INVESTIGADA  SECURITAS DIRECT ESPAÑA S.A. con NIF A26106013 y con domicilio en C/ Priégola 2, 28224 Pozuelo de Alarcón, Madrid. ANTECEDENTES C/ Jorge Juan, 6 www.aepd.es 28001 – Madrid sedeagpd.gob.es 2/48 Del análisis de dichos expedientes se pone de manifiesto lo siguiente: 1. El personal comercial de la investigada, durante la ejecución de acciones comerciales “a puerta fría”, recaba, en ocasiones, de las personas a las que visitan, datos personales de terceros que pudieran estar interesados en los servicios de la entidad.  2. Estos datos de terceros son utilizados para contactar y ofrecer los servicios de la investigada. Así, los reclamantes afirman haber recibido llamadas comerciales de la investigada al tiempo que niegan cualquier relación previa con la entidad. Declaran asimismo desconocer cómo se han obtenido sus datos de contacto y afirman no haber otorgado su consentimiento para acciones comerciales. 3. Estas llamadas comerciales son efectuadas a través de un contact center gestionado por un tercero que ejerce de encargado de tratamiento de la investigada para contactar a potenciales clientes. 4. La investigada reconoce los contactos señalados por los reclamantes"
e-01150-2020,2020,https://www.aepd.es/es/documento/e-01150-2020.pdf,https://web.archive.org/web/20201125103944id_/https://www.aepd.es/es/documento/e-01150-2020.pdf,"1/7  Procedimiento Nº: E/01150/2020 RESOLUCIÓN DE ARCHIVO DE ACTUACIONES De las actuaciones practicadas por la Agencia Española de Protección de Datos y teniendo como base los siguientes HECHOS PRIMERO: Las actuaciones de inspección se inician por la recepción de un escrito de notificación de brecha de seguridad de los datos personales remitido por ORANGE ESPAÑA VIRTUAL, S.L. (en adelante Simyo) en el que informan a la Agencia Española de Protección de Datos que un usuario notificó al Centro de Coordinación de Orange -CERT- una posible vulnerabilidad en un servicio informativo sobre las ventas de Simyo montado sobre un servidor ***SERVIDOR.1 que se encontraba abierto, lo que permitía el acceso a datos sin necesidad de autenticarse. Simyo tuvo conocimiento de estos hechos el 8 de enero de 2020.  La brecha ha podido afectar a datos básicos, de contacto y económicos financieros de unos 130.000 clientes y en caso de portabilidad de líneas telefónicas, datos de nacionalidad y de identificación de usuario. SEGUNDO: La Subdirección General de Inspección de Datos procedió a la realización de actuaciones previas de investigación para el esclarecimiento de los hechos objeto de la reclamación, teniendo conocimiento de los siguientes extremos: ANTECEDENTES Fecha de notificación de la brecha de seguridad de datos personales: 10 de enero de 2020. ENTIDADES INVESTIGADAS ORANGE ESPAÑA VIRTUAL, S.L., con NIF B85057974 y domicilio en Paseo del Club Deportivo Nº 1, Parque empresarial LA FINCA, Edificio 8, Pozuelo de Alarcón, 28223 Madrid. RESULTADO DE LAS ACTUACIONES DE INVESTIGACIÓN 1.- Con fecha 17 de febrero de 2020 se solicitó información a Simyo, y de la respuesta recibida se desprende lo siguiente: Respecto de los contratos   Simyo tiene suscrito un contrato marco de prestación de servicios con la compañía Paradigma Digital, S.L. (en adelante Paradigma) para, entre otras actividades, suministro, gestión y mantenimiento de aplicaciones y sistemas informáticos en el entorno de telecomunicaciones. En el contrato figura que, entre las categorías de datos tratados por esta compañía, se encuentran los datos de Clientes, Potenciales Clientes y Contactos del Usuario. (Documento 3. Copia del contrato mencionado de fecha 1 de enero de 2019). C/ Jorge Juan, 6 www.aepd.es 28001 – Madrid sedeagpd.gob.es 2/7 Respecto del sistema     ***SERVIDOR.1       Las peticiones de usuario llegan a los sistemas de información cifradas y algunas de ellas se almacenan en una base de datos para su posterior análisis mediante dahborads (herramienta de gestión que monitoriza, analiza y muestra de manera visual los indicadores de rendimiento de marketing on line). Asimismo, parte de la información que vuelve también se almacena para su posterior análisis.  Por otro lado, existe una herramienta donde se encuentran configurados una serie de dashboards para monitorización de la infraestructura y consulta de métricas de negocio (datos de ventas, errores en las transacciones de usuario, analí"
e-01411-2020,2020,https://www.aepd.es/es/documento/e-01411-2020.pdf,https://web.archive.org/web/20210223174623id_/https://www.aepd.es/es/documento/e-01411-2020.pdf,"1/5  Procedimiento Nº: E/01411/2020 RESOLUCIÓN DE ARCHIVO DE ACTUACIONES De las actuaciones practicadas por la Agencia Española de Protección de Datos y teniendo como base los siguientes HECHOS PRIMERO: La reclamación interpuesta por Doña A.A.A., representante de la reclamante, tiene entrada con fecha 11 de febrero de 2020 en la Agencia Española de Protección de Datos.  La reclamación se dirige contra la persona que ha suplantado su identidad en la página web de BADOO TRADING LIMITED, (en adelante, el reclamado).  Los motivos en que basa la reclamación son que se ha suplantado la identidad en la página web de BADOO, donde se hacen pasar por la representada, manifestando tendencias sexuales de alto contenido erótico lésbico, y proceden a mandar fotografías pornográficas cortando la cabeza a los contactos que posee el perfil suplantado en la web, así como fotografías normales sacadas de otra red social que sí son identidad de la representada. Junto a la reclamación aporta diversas capturas de pantalla del contenido del perfil y el chat. SEGUNDO: La Subdirección General de Inspección de Datos procedió a la realización de actuaciones previas de investigación para el esclarecimiento de los hechos objeto de la reclamación, teniendo conocimiento de los siguientes extremos: - No habiendo especificado la reclamante la dirección de internet (en adelante, URL) del perfil referido en su reclamación, a solicitud de esta Inspección, se realiza requerimiento de subsanación de la reclamación sobre este extremo. Dado que la representante de la reclamante no pudo presentar la subsanación por el cauce establecido por problemas técnicos, procedió de forma excepcional, con fecha de 18 de febrero de 2020, a presentar la información requerida mediante correo electrónico dirigido al inspector actuante. En este, se añade que el autor de los hechos debe residir en ***LOCALIDAD.1 puesto que la aplicación de esta red de contactos indica la proximidad del titular del perfil. - Debido a que la reclamante ha solicitado a título personal la eliminación del perfil falso de la red de contactos BADOO y que esta red exige registrarse para poder visualizar los perfiles contenidos en ella, se solicita a la reclamante, con fecha de 29 de junio de 2020, confirmación de que el perfil sigue estando activo. Con fecha de 10 de julio de 2020 se recibe en esta Agencia, escrito presentado por el representante de la reclamante informando de que el perfil sigue activo con las imágenes de su representada en la URL: ***URL.1 - Con fecha de 31 de julio de 2020 se traslada la reclamación a BADOO por correo certificado internacional con objeto de que se retirara el perfil falso e informara de los C/ Jorge Juan, 6 www.aepd.es 28001 – Madrid sedeagpd.gob.es 2/5 datos que tuviera del titular. Pasados 3 meses, sin que se haya recibido contestación en esta Agencia y sin que se tenga certeza de que el traslado de la reclamación haya podido ser entregado, con fecha de 27 de octubre de 2020 se envía un cor"
e-01423-2020,2020,https://www.aepd.es/documento/e-01423-2020.pdf,https://web.archive.org/web/20240910070358id_/https://www.aepd.es/documento/e-01423-2020.pdf,"1/6  Procedimiento Nº: E/01423/2020 940-0419 RESOLUCIÓN DE ARCHIVO DE ACTUACIONES De las actuaciones practicadas por la Agencia Española de Protección de Datos y teniendo como base los siguientes HECHOS PRIMERO: La reclamación interpuesta por Don A.A.A. (en adelante, el reclamante) tiene entrada con fecha 27 de julio de 2019 en la Agencia Española de Protección de Datos.  La reclamación se dirige contra RYANAIR (en adelante, el reclamado). Los motivos en que basa la reclamación es la siguiente: “Una vez sacados billetes solicita activar casilla de verificación para NO recibir publicidad, en vez de venir desactivada por defecto y necesitar verificarla para recibir la información comercial. Literalmente pone: “Nuestros suscriptores reciben las mejores ofertas de Ryanair y Lauda por correo electrónico, SMS, notificaciones PUSH, teléfono. Si no deseas recibir ofertas, marca esta casilla”. SEGUNDO: De conformidad con el artículo 65.4 de la Ley Orgánica 3/2018, de 5 de diciembre, de Protección de Datos Personales y garantía de los derechos digitales (en adelante LOPDGDD), con número de referencia E/09628/2019, se dio traslado de dicha reclamación al reclamado, para que procediese a su análisis e informase a esta Agencia en el plazo de un mes, de las acciones llevadas a cabo para adecuarse a los requisitos previstos en la normativa de protección de datos. La oficina de representación en España de Ryanair no respondió al requerimiento de información efectuado. TERCERO: Con fecha 30 de diciembre de 2019, la Directora de la Agencia Española de Protección de Datos acordó admitir a trámite la reclamación presentada por el reclamante. FUNDAMENTOS DE DERECHO I Con relación a la recepción de publicidad comercial por correo electrónico y SMS, es competente para resolver la Directora de la Agencia Española de Protección de Datos, conforme a lo establecido en el artículo 43.1 de la Ley 34/2002, de 11 de Julio, de servicios de la sociedad de la información y de comercio electrónico (en adelante LSSI), en relación con la Disposición Adicional cuarta de la Ley Orgánica 3/2018, de 5 de diciembre, de Protección de Datos Personales y Garantía de los Derechos Digitales (en lo sucesivo LOPDGDD) y con el artículo 57 del Reglamento C/ Jorge Juan, 6 www.aepd.es 28001 – Madrid sedeagpd.gob.es 2/6 (UE) 2016/679 (Reglamento general de protección de datos, en adelante RGPD).  En lo relativo a las llamadas telefónicas publicitarias, de conformidad con lo establecido en el artículo 84.3) de la Ley 9/2014, de 9 de mayo, General de Telecomunicaciones (en lo sucesivo, LGT), la competencia para resolver el presente Procedimiento corresponde a la Directora de la Agencia Española de Protección de Datos. II El artículo 21 de la LSSI señala lo siguiente: “1. Queda prohibido el envío de comunicaciones publicitarias o promocionales por correo electrónico u otro medio de comunicación electrónica equivalente que previamente no hubieran sido solicitadas o expresamente autorizadas por los dest"
e-01784-2020,2020,https://www.aepd.es/documento/e-01784-2020.pdf,https://web.archive.org/web/20251126064839id_/https://www.aepd.es/documento/e-01784-2020.pdf,"1/5  Procedimiento Nº: E/01784/2020 940-0419 RESOLUCIÓN DE ARCHIVO DE ACTUACIONES De las actuaciones practicadas por la Agencia Española de Protección de Datos y teniendo como base los siguientes HECHOS PRIMERO: La reclamación interpuesta por el COLEGIO VIRGEN DE LA ALMUDENA (en adelante, el reclamante) tiene entrada con fecha 21 de febrero de 2020 en la Agencia Española de Protección de Datos.  La reclamación se dirige, de forma genérica, contra los alumnos del Centro, por los hechos siguientes: El martes 18 de febrero de 2020, se produjo una fuerte pelea entre dos menores del centro mientras estos se encontraban cambiándose en el vestuario, tras la actividad de Educación Física. Después de haber actuado desde el centro y con las familias por lo ocurrido, tienen conocimiento de que la pelea fue grabada con un móvil por alguno de los alumnos que allí se encontraban y se ha difundido entre ellos a través de Instagram y WhatsApp desconociendo el alcance de las mismas. SEGUNDO: Con fecha 25 de febrero de 2020, la Directora de la Agencia Española de Protección de Datos acordó admitir a trámite la reclamación presentada por el reclamante. TERCERO: La Subdirección General de Inspección de Datos procedió a la realización de actuaciones previas de investigación para el esclarecimiento de los hechos objeto de la reclamación, teniendo conocimiento de los siguientes extremos:  El centro educativo no aporta evidencia alguna de la grabación ni de la posterior difusión de los hechos denunciados, manifestando que desconocen el alcance de la posible difusión.  Con el fin de obtener la información necesaria para la investigación en el menor tiempo posible, se solicitó información adicional sobre los hechos denunciados a la dirección del centro educativo con la finalidad de averiguar la autoría de la grabación y su posible difusión. Los datos facilitados por el centro fueron: - Posible grupo de Instagram: “***GRUPO.1” (de tipo privado) - Nombre del alumno que podría haber grabado los hechos: A.A.A. - Padre del alumno: B.B.B. - Domicilio familiar  Realizado requerimiento al padre del alumno que supuestamente realizó la grabación, con fecha de 15 de abril de 2020, se recibe en esta Agencia contestación al requerimiento remitido por el padre del alumno indicando que, una vez preguntado a su hijo, tiene conocimiento de que la pelea fue grabada C/ Jorge Juan, 6 www.aepd.es 28001 – Madrid sedeagpd.gob.es 2/5 por algún alumno por temor a las posibles consecuencias que pudieran derivarse. La finalidad fue, por tanto, dejar constancia de qué chicos eran los que se habían peleado, cuales habían tratado de separarlos y los que no intervinieron en la pelea. Añade que su hijo no publicó en ninguna red social grabación alguna y que no tiene conocimiento de que la grabación haya sido difundida por WhatsApp ni en ninguna red social.  La inspección no ha podido constatar que los hechos denunciados se hayan difundido en el perfil de Instagram señalado por el centro “***GRUPO.1"
e-01931-2020,2020,https://www.aepd.es/es/documento/e-01931-2020.pdf,https://web.archive.org/web/20220623063336id_/https://www.aepd.es/es/documento/e-01931-2020.pdf,"1/5  Procedimiento Nº: E/01931/2020 940-0419 RESOLUCIÓN DE ARCHIVO DE ACTUACIONES De las actuaciones practicadas por la Agencia Española de Protección de Datos y te- niendo como base los siguientes HECHOS PRIMERO: La reclamación interpuesta por Don A.A.A. (en adelante, el reclamante) tiene entrada con fecha 15 de octubre de 2019 en la Agencia Española de Protección de Datos. La reclamación se dirige contra el vecino B.B.B., con NIF ***NIF.1 (en adelante, el reclamado). Los motivos en que basa la reclamación son de manera sucinta los siguientes: “Que el denunciado tiene instalada en la puerta de su vivienda una mirilla digital que efectúa grabación de imágenes(...) hecho que pudimos comprobar en un procedimiento judicial en donde la mencionada persona los aporta en un pendrive …” “Que dicha mirilla graba y almacena imágenes, según fotografías que se adjuntan y como el propio denunciante aportó y declaró en sede judicial, zonas de paso general correspondiente al pasillo por el cual accedo a mi vivienda” (folio nº 1). Junto a la reclamación aporta prueba fotográfica (Doc. nº 1) que acredita la instalación de un dispositivo digital en la puerta del denunciado mencionado. SEGUNDO: En fecha 21/11/19 se procede a TRASLADAR la reclamación a la parte denunciada para que alegue en derecho lo que estime oportuno, recibiendo contestación de la misma en fecha 15/01/20. TERCERO: La Subdirección General de Inspección de Datos procedió a la realización de actuaciones previas de investigación para el esclarecimiento de los hechos objeto de la reclamación, teniendo conocimiento de los siguientes extremos: -Que el denunciado es el vecino del inmueble Don B.B.B. -Que el dispositivo instalado es una mirilla digital, que graba imágenes del frontal de la vivienda. -Que el motivo de la instalación son las conductas incívicas del propio denunciante, sobre el que pesa proceso judicial pendiente y diversas condenas por actos contra su persona y bienes. -Que dispone de pegatina informativa en la puerta, si bien es retirada por persona (s) desconocida. -Que ha sufrido diversos actos vandálicos en su puerta (palillos, rayaduras, etc) con el consiguiente coste económico. C/ Jorge Juan, 6 www.aepd.es 28001 – Madrid sedeagpd.gob.es 2/5 FUNDAMENTOS DE DERECHO I De acuerdo con los poderes de investigación y correctivos que el artículo 58 del Reglamento (UE) 2016/679 (Reglamento general de protección de datos, en adelante RGPD) otorga a cada autoridad de control, y según lo dispuesto en el artículo 47 de la Ley Orgánica 3/2018, de 5 de diciembre, de Protección de Datos Personales y garan- tía de los derechos digitales (en lo sucesivo LOPDGDD), es competente para resolver estas actuaciones de investigación la Directora de la Agencia Española de Protección de Datos. II En fecha 15/10/19 se recibe en esta Agencia reclamación del denunciante por medio de la cual traslada como hecho principal la “instalación de una video mirilla en la puerta de su casa” por el vecino Don B.B.B. En el p"
e-02076-2020,2020,https://www.aepd.es/documento/e-02076-2020.pdf,https://web.archive.org/web/20240616114416id_/https://www.aepd.es/documento/e-02076-2020.pdf,"1/9  Procedimiento Nº: E/02076/2020 940-0419 RESOLUCIÓN DE ARCHIVO DE ACTUACIONES De las actuaciones practicadas por la Agencia Española de Protección de Datos y teniendo como base los siguientes HECHOS PRIMERO: Con fecha 25/07/19, tuvo entrada en esta Agencia escrito, presentado por D. A.A.A. (en adelante, “el reclamante”), en el que denuncia al CONSELL INSULAR D ´EIVISSA con CIF.: S0733001B, (en adelante “el reclamado”), en los siguientes términos:  “En Ibiza para pedir cita previa a la ITV hay que usar la siguiente página web que figura   en  www.conselldeivissa.es:   (http://82.223.145.171/CitaPreviaIbiza /Publico/Citar.jsp? estacion =0703). Dicha web pide datos personales, los cuales son obligatorios, pero no posee ninguna advertencia sobre el tratamiento de dichos datos ni indica el responsable ellos ni como ejercer los derechos del titular de los datos sobre ellos. Además, hace uso de cookies, pero no advierte sobre ello al usuario. Pero lo más preocupante es que el formulario donde se introducen los datos no está encriptado por https, sino que es una web http normal viajando los datos personales en texto plano”. SEGUNDO: A la vista de los hechos expuestos en la reclamación y de los documentos aportados por el reclamante, la Subdirección General de Inspección de Datos procedió a realizar actuaciones para su esclarecimiento, al amparo de los poderes de investigación otorgados a las autoridades de control en el art 57.1 del Reglamento (UE) 2016/679 (RGPD). Así, con fecha 15/10/19, se dirige un requerimiento informativo a la entidad reclamada. Según certificado del Servicio de Notificaciones Electrónicas y Dirección Electrónica Habilitada, el requerimiento enviado al organismo reclamado, con fecha 15/10/19, a través del servicio de Notific@, resultó aceptado el 15/10/19. TERCERO    : Con fecha 05/02/20, se consulta la página web www.conselldeivissa.es comprobándose en ella que, en la parte inferior de la página de inicio existe un banner con la leyenda:  “Consell d'Eivissa.  av. d'Espanya 49. 07800 Eivissa - Illes Balears (España) · Te- léfono: 971 19 59 00 oac@conselldeivissa.es  Junto a la leyenda anterior existen dos links, uno denominado “accesibilidad” y otro de- nominado “aviso legal”: a).- A través del link “aviso legal” se accede a una página informativa sobre: “CONDICIONES LEGALES Y SU ACEPTACIÓN Estas condiciones generales, regulan el uso del servicio del portal de Internet http://www.conselldeivissa.es. C/ Jorge Juan, 6 www.aepd.es 28001 – Madrid sedeagpd.gob.es 2/9 OBJETO A través del portal www.conselldeivissa.es se facilita a los usuarios el acceso y la utilización de diversos servicios y contenidos puestos a disposición de los ciudadanos de Ibiza. El Consejo de Ibiza se reserva el derecho a modificar uni- lateralmente, en cualquier momento y sin previo aviso, la presentación y la con- figuración del Portal, así como también se guarda el derecho a modificar o eli- minar algunos servicios y utilidades. CONDICIONES DE ACCESO Y FU"
e-02353-2020,2020,https://www.aepd.es/documento/e-02353-2020.pdf,https://web.archive.org/web/20240626052414id_/https://www.aepd.es/documento/e-02353-2020.pdf,"1/6  Procedimiento Nº: E/02353/2020 RESOLUCIÓN DE ARCHIVO DE ACTUACIONES De las actuaciones practicadas por la Agencia Española de Protección de Datos y teniendo como base los siguientes HECHOS PRIMERO: La reclamación interpuesta por A.A.A. (en adelante, el reclamante) tiene entrada con fecha 14 de septiembre de 2019 en la Agencia Española de Protección de Datos. La reclamación se dirige contra DIRECCIÓN GENERAL DE LA POLICÍA, con NIF S2816015H (en adelante, el reclamado). Los motivos en que el reclamante basa su reclamación son que el 5 de julio de 2019 presenta una denuncia en la Comisaría de Policía de ***LOCALIDAD.1 (***LOCALIDAD.1) por una presunta estafa sufrida por un tercero. En la posterior remisión de su denuncia desde dependencias policiales al juzgado correspondiente se adjuntan sus antecedentes policiales. Concretamente, estos antecedentes policiales del reclamante se incorporan al Atestado de Policía Nacional nº ***ATESTADO.1 de 11 de julio de 2019 en ***LOCALIDAD.1, ampliatorio del Atestado de Policía Nacional nº ***ATESTADO.2 de 5 de julio de 2019 en ***LOCALIDAD.1, en su envío al Juzgado de Instrucción nº1 de ***LOCALIDAD.1 donde consta el procedimiento de Diligencias Previas nº ***DILIGENCIAS.1 vinculado. Junto a la presente reclamación adjunta la siguiente documentación: Extracto documental en el que se recogen archivos judiciales, particulares y policiales, entre los que aparecen incorporados los antecedentes policiales del reclamante.  SEGUNDO: De conformidad con el artículo 65.4 de la Ley Orgánica 3/2018, de 5 de diciembre, de Protección de Datos Personales y garantía de los derechos digitales (en adelante LOPDGDD), con número de referencia E/09670/2019, se dio traslado de dicha reclamación al reclamado, para que procediese a su análisis e informase a esta Agencia en el plazo de un mes, de las acciones llevadas a cabo para adecuarse a los requisitos previstos en la normativa de protección de datos. La reclamada, en respuesta al citado requerimiento manifiesta que el reclamante había formulado solicitud de cancelación de antecedentes policiales en fecha 24 de junio de 2016, habiéndosele requerido al reclamante la subsanación de varios documentos en fecha 11 de julio de 2016 para poder proceder con la tramitación. La reclamada amplía que, a fecha de 22 de noviembre de 2019, no se había producido respuesta del reclamante a dicho requerimiento. C/ Jorge Juan, 6 www.aepd.es 28001 – Madrid sedeagpd.gob.es 2/6 La reclamada presenta la solicitud de cancelación de antecedentes policiales del reclamante, la cual éste acompañó de fotocopia de su DNI.  Asimismo, la reclamada aporta el requerimiento de subsanación documental que le remitió al reclamante para informarle de que su solicitud de cancelación de antecedentes policiales no reunía los requisitos exigidos, por no haberla acompañado de ciertos documentos preceptivos, y para otorgarle determinado plazo de subsanación de esta mediante la entrega de los siguientes documentos: - Cert"
e-02357-2020,2020,https://www.aepd.es/documento/e-02357-2020.pdf,https://web.archive.org/web/20240328231415id_/https://www.aepd.es/documento/e-02357-2020.pdf,"1/3  Procedimiento Nº: E/02357/2020 940-0419 RESOLUCIÓN DE ARCHIVO DE ACTUACIONES De las actuaciones practicadas por la Agencia Española de Protección de Datos y te- niendo como base los siguientes HECHOS PRIMERO: La reclamación interpuesta por Don A.A.A., es trasladada por COMAN- DANCIA GUARDIA CIVIL (SEPRONA) (en adelante, el reclamante) tiene entrada con fecha 21 de octubre de 2019 en la Agencia Española de Protección de Datos. La reclamación se dirige contra B.B.B., con NIF ***NIF.1 (en adelante, el reclamado).  Los motivos en que basa la reclamación son “los agentes actuantes se personan en las citadas observando como en la vertiente Sur hay un portón metálico de acceso en cuyo pilar derecho hay colocada una placa de plástico de color amarillo con la inscripción “Zona Video-vigilada” sin que figure ninguna referencia ante quien ejercitar los derechos ARCO …” “El día 19/09/19 se recibe en esta Unidad escrito con referencia 190021 dimanante de la Dirección de Operaciones Norte de Telefónicas de España S.A.U comunicando que dicha mercantil no ha autorizado la colocación de video-cámaras en los postes de teléfonos sitios en las parcelas anteriormente referenciadas (…)”. Junto a la reclamación aporta (Anexo I) prueba documental que acredita la instalación de las cámaras en los postes mencionados. SEGUNDO: La Subdirección General de Inspección de Datos procedió a la realización de actuaciones previas de investigación para el esclarecimiento de los hechos objeto de la reclamación, teniendo conocimiento de los siguientes extremos: -Se presenta Denuncia ante la Comandancia de la Guardia Civil a raíz de una situación de acopio de residuos de restos de construcción entre dos parcelas colindantes y la instalación de una serie de cámaras de video-vigilancia. -Consta acreditado como principal responsable de la instalación Don B.B.B., siendo el lugar de los hechos ***DIRECCION.1. -Las cámaras instaladas según manifestación del denunciado bajo promesa de verdad no están operativas, cumpliendo una mera función disuasoria. FUNDAMENTOS DE DERECHO I De acuerdo con los poderes de investigación y correctivos que el artículo 58 del Reglamento (UE) 2016/679 (Reglamento general de protección de datos, en adelante RGPD) otorga a cada autoridad de control, y según lo dispuesto en el artículo 47 de la Ley Orgánica 3/2018, de 5 de diciembre, de Protección de Datos Personales y garan- C/ Jorge Juan, 6 www.aepd.es 28001 – Madrid sedeagpd.gob.es 2/3 tía de los derechos digitales (en lo sucesivo LOPDGDD), es competente para resolver estas actuaciones de investigación la Directora de la Agencia Española de Protección de Datos. II En el presente caso, se procede a examinar la reclamación de fecha 20/01/19 por medio de la cual se traslada la instalación de un sistema de cámaras de video- vigilancia fuera de los supuestos permitidos. En fecha 26/12/19 se recibe en este organismo contestación del denunciado, manifestando que las cámaras son “disuasorias” que no graban imagen al"
e-02358-2020,2020,https://www.aepd.es/documento/e-02358-2020.pdf,https://web.archive.org/web/20240626121528id_/https://www.aepd.es/documento/e-02358-2020.pdf,"1/4  Procedimiento Nº: E/02358/2020 940-0419 RESOLUCIÓN DE ARCHIVO DE ACTUACIONES De las actuaciones practicadas por la Agencia Española de Protección de Datos y teniendo como base los siguientes HECHOS PRIMERO: La reclamación interpuesta por Don A.A.A. (en adelante, el reclamante) tiene entrada con fecha 4 de octubre de 2019 en la Agencia Española de Protección de Datos.  La reclamación se dirige contra ASOCIACIÓN CULTURAL ATLANTICACONF, con NIF G70592662 (*en adelante, el reclamado). Los motivos en que basa la reclamación son de manera sucinta los siguientes: “se anuncia la celebración del congreso informático AtlánticaConf en la Facultad de Informática de La Coruña. En dicho proceso de inscripción se pide al usuario una serie de datos, de los cuales los siguientes son obligatorias para poder completar la inscripción (nombre, apellidos, estudias o trabajas, cuanta experiencia tienes?). Considero que se produce una infracción de la normativa de protección de datos al exigir al usuario estos datos para poder realizar la inscripción en el congreso, de manera que quien no quiera facilitar su situación laboral no puede inscribirse” (folio nº 1). Junto a la reclamación aporta copia de captura de pantalla (s) nº 1, 2 y 3 para respaldar su versión de los hechos ante esta Agencia. SEGUNDO: En fecha 27/1/19 se procede a TRASLADAR la reclamación a la entidad denunciada para que manifestara lo que en Derecho estimara oportuno, sin que contestación alguna se haya recibido a día de la fecha. TERCERO: La Subdirección General de Inspección de Datos procedió a la realización de actuaciones previas de investigación para el esclarecimiento de los hechos objeto de la reclamación, teniendo conocimiento de los siguientes extremos: -Consta identificada como responsable del tratamiento de los datos la entidad: Asociación Cultural Atlantica Coonf. -Los datos fueron recabados con motivo de la celebración del Congreso que se celebró los días 4-5 octubre 2019 en Galicia (FACULTAD INFORMÁTICA UDC), siendo el mismo punto de reunión anual entre universidades, empresas y comunidades tecnológicas.  C/ Jorge Juan, 6 www.aepd.es 28001 – Madrid sedeagpd.gob.es 2/4 FUNDAMENTOS DE DERECHO I De acuerdo con los poderes de investigación y correctivos que el artículo 58 del Reglamento (UE) 2016/679 (Reglamento general de protección de datos, en adelante RGPD) otorga a cada autoridad de control, y según lo dispuesto en el artículo 47 de la Ley Orgánica 3/2018, de 5 de diciembre, de Protección de Datos Personales y garantía de los derechos digitales (en lo sucesivo LOPDGDD), es competente para resolver estas actuaciones de investigación la Directora de la Agencia Española de Protección de Datos. II En el presente caso, se procede a examinar la reclamación de fecha 04/10/19 por medio de la cual el denunciante traslada a esta Agencia el hecho de considerar desproporcionada la información que se le solicita para poder inscribirse en el Congreso Informático a celebrar en la facultad de Info"
e-02414-2020,2020,https://www.aepd.es/es/documento/e-02414-2020.pdf,https://web.archive.org/web/20200709165849id_/https://www.aepd.es/es/documento/e-02414-2020.pdf,"1/5  Procedimiento Nº: E/02414/2020 940-0419 RESOLUCIÓN DE ARCHIVO DE ACTUACIONES De las actuaciones practicadas por la Agencia Española de Protección de Datos y teniendo como base los siguientes HECHOS PRIMERO: Con fechas 3, 4 y 9/07/2020,  se reciben cuatro reclamaciones de RECLAMANTES 1 a 4, tal como consta en el ANEXO GENERAL. Manifiestan que al ir a tomar posesión de su cargo de Concejales en el AYUNTAMIENTO DE CASARRUBUELOS (reclamado)  presentaron el modelo de declaración de bienes a la citada entidad en distintas fechas de junio 2019, y el reclamado ha publicado tal cual los mismos impresos, conteniendo datos personales no necesarios ni precisos como figuraban en el modelo. Aportan copia impresa de las declaraciones, comprobando que en el modelo figuran los campos de domicilio, dirección de correo electrónico, DNI, número de teléfono. Aportan copia de la página web (pantallazo) de la reclamada en la que se ve en sede electrónica, “Declaraciones de bienes”,  los archivos en los que figura en cada uno el título “declaración de bienes de” , con el nombre de cada reclamante.  Manifiestan que aportan impresión de los documentos publicados, y aportan copia de los modelos sellados por el Ayuntamiento, ejemplares presentados en registro y cumplimentados manualmente a bolígrafo. SEGUNDO: A la vista de los hechos y de los documentos aportados, se envía el 16/08/2019 al reclamado copia de las reclamaciones, que al no recibir respuesta se reitera el 2/09/2019 con el mismo resultado. TERCERO: Con fecha 21/01/2020, por la directora de la AEPD se  admitieron a trámite las reclamaciones.  CUARTO: Con fecha 27/02/2020 se accede en GOOGLE a sede electrónica de la reclamada ***URL.1, se clica en el portal de transparencia, institucional, altos cargos, y se aprecia como en la pestaña denominada “Declaraciones de bienes” no figura número alguno,  pinchando para ver su contenido  no figura ninguno. C/ Jorge Juan, 6 www.aepd.es 28001 – Madrid sedeagpd.gob.es 2/5 FUNDAMENTOS DE DERECHO  I De acuerdo con los poderes de investigación y correctivos que el artículo 58 del Reglamento (UE) 2016/679 (Reglamento general de protección de datos, en adelante RGPD) otorga a cada autoridad de control, y según lo dispuesto en el artículo 47 de la Ley Orgánica 3/2018, de 5 de diciembre, de Protección de Datos Personales y garantía de los derechos digitales (en lo sucesivo LOPDGDD), es competente para resolver estas actuaciones de investigación la Directora de la Agencia Española de Protección de Datos. II El RGPD define en su artículo 4: 1) «datos personales»: toda información sobre una persona física identificada o identificable («el interesado»); se considerará persona física identificable toda persona cuya identidad pueda determinarse, directa o indirectamente, en particular mediante un identificador, como por ejemplo un nombre, un número de identificación, datos de localización, un identificador en línea o uno o varios elementos propios de la identidad física, fisiológica"
e-02460-2020,2020,https://www.aepd.es/documento/e-02460-2020.pdf,https://web.archive.org/web/20240615230428id_/https://www.aepd.es/documento/e-02460-2020.pdf,"1/9  Procedimiento Nº: E/02460/2020 RESOLUCIÓN DE ARCHIVO DE ACTUACIONES De las actuaciones practicadas por la Agencia Española de Protección de Datos y teniendo como base los siguientes: HECHOS PRIMERO: Las actuaciones de inspección se inician por la recepción de un escrito de notificación de brecha de seguridad de datos personales remitido por DECATHLON ESPAÑA, S.A.U. en el que informan a la Agencia Española de Protección de Datos (en adelante, AEPD) que, con fecha 16/02/2020 recibió un e-mail a través de su Delegado de Protección de Datos, solicitando contacto con el CISO (Chief Information Security Officer - director de seguridad de la información) por parte de research@vpnmentor.com, sin datos, de la existencia de un puerto suyo abierto. Documentación aportada: No adjuntó documentación alguna con la notificación de brecha de seguridad de datos personales. SEGUNDO: En fecha 10 de marzo de 2020, la Directora de la Agencia Española de Protección de Datos ordena a la Subdirección General de Inspección de Datos que valore la necesidad de realizar las oportunas investigaciones previas con el fin de determinar una posible vulneración de la normativa de protección de datos, teniendo conocimiento de los siguientes extremos:  Fecha de notificación de la brecha de seguridad de datos personales: 28 de febrero de 2020. ENTIDADES INVESTIGADAS Durante las presentes actuaciones se han investigado las siguientes entidades: DECATHLON ESPAÑA, S.A.U. (en adelante, la investigada), con NIF A79935607 y domicilio en c/ Salvador de Madariaga (Dehesa Vieja), 28702, San Sebastián de los Reyes, Madrid. RESULTADO DE LAS ACTUACIONES DE INVESTIGACIÓN Con fecha 01/06/2020 se solicitó información a la investigada sobre los hechos manifestados en su notificación de brecha a esta AEPD. De la respuesta recibida el 15/06/2020 se desprende lo siguiente: Respecto de la cronología de los hechos:   Todo según manifestaciones de la investigada: o 17/02/2020 (09:21 h): su DPD (delegado de protección de datos) recibe un correo electrónico con origen en la entidad vpnMentor [aporta C/ Jorge Juan, 6 www.aepd.es 28001 – Madrid sedeagpd.gob.es 2/9 evidencia] en el que se informa de haber detectado un puerto (interfaz de datos) de la entidad abierto sin medidas de seguridad. En ese momento, se da traslado de la cuestión al CISO, quien confirma que los cambios producidos en el security group de Amazon (AWS), que contiene la máquina de Graylog, dejan expuesto el puerto 9200 de Elasticsearch. Este puerto contiene los logs de las aplicaciones, que, en principio, no contiene datos de carácter personal, a excepción de los logs de la herramienta de Eplanning. Por ello, se procede de inmediato al cierre del puerto 9200, eliminando el acceso desde la propia máquina. A las 12:30 h, se convoca reunión del Comité de Seguridad y Privacidad de la investigada para evaluar el incidente de seguridad detectado y su impacto. Participan en la reunión el DPD, el CISO y uno de sus técnicos, acordándose:  Re"
e-02666-2020,2020,https://www.aepd.es/documento/e-02666-2020.pdf,https://web.archive.org/web/20240627082019id_/https://www.aepd.es/documento/e-02666-2020.pdf,"1/8  Procedimiento Nº: E/02666/2020 RESOLUCIÓN DE ARCHIVO DE ACTUACIONES De las actuaciones practicadas por la Agencia Española de Protección de Datos y teniendo como base los siguientes HECHOS PRIMERO: La reclamación interpuesta por A.A.A. (en adelante, el reclamante) tiene entrada con fecha 8 de octubre de 2019 en la Agencia Española de Protección de Datos. La reclamación se dirige contra AYUNTAMIENTO DE FUENLABRADA, con NIF P2805800F (en adelante, el reclamado). Los motivos en que basa la reclamación son  “Se ha iniciado en Fuenlabrada (Madrid) labores de vigilancia y control del tráfico en distintas zonas de la localidad utilizando un Dron de la sección de vigilancia aérea. Dichas zonas han sido señalizadas de manera incorrecta al no indicarse ni responsable del tratamiento ni donde pueden ejercerse los derechos. La información ha sido publicada en la red social Twitter con un video en donde se aprecia la citada señalización defectuosa. También se hace mención explicite en un tweet a la señalación viéndose claramente que no cumple con el RGPD. […]” Junto a la reclamación aporta un documento haciendo referencia a los tweets señalados en la reclamación. SEGUNDO: De conformidad con el artículo 65.4 de la Ley Orgánica 3/2018, de 5 de diciembre, de Protección de Datos Personales y garantía de los derechos digitales (en adelante LOPDGDD), con número de referencia E/10122/2019, se dio traslado de dicha reclamación al reclamado, para que procediese a su análisis e informase a esta Agencia en el plazo de un mes, de las acciones llevadas a cabo para adecuarse a los requisitos previstos en la normativa de protección de datos. Con fecha de 2 de diciembre de 2019 se recibe en esta Agencia escrito de contestación en el que se manifiesta que el responsable del tratamiento es la Policía Local del Ayuntamiento de Fuenlabrada, ya que según la Ley Orgánica 4/1997, de 4 de agosto, que regula la utilización de videocámaras por las Fuerzas y Cuerpos de Seguridad en lugares públicos, la instalación y uso de estos dispositivos se efectuará por la autoridad encargada de la regulación del tráfico. El Real Decreto Legislativo 6/2015, de 30 de octubre, que aprueba la Ley sobre Tráfico, Circulación de Vehículos a Motor y Seguridad Vial, contempla las competencias de los Municipios en materia de tráfico y el Real Decreto 596/1999, que desarrolla la Ley Orgánica 4/1997, señala en el punto 4 de la Disposición Adicional Única que la utilización de medios móviles de captación y reproducción de imágenes (como el caso de los drones) no requerirá resolución de la Administración Municipal. C/ Jorge Juan, 6 www.aepd.es 28001 – Madrid sedeagpd.gob.es 2/8 Señala asimismo que la información sobre el tratamiento de datos a través de drones se facilita a través de medios electrónicos, a través de las redes sociales de la Policía Local, mediante carteles en las zonas de influencia de los drones (uno adecuado al Real Decreto 596/1999 que se publica en redes sociales y otro adecuado a la"
e-02670-2020,2020,https://www.aepd.es/documento/e-02670-2020.pdf,https://web.archive.org/web/20231014053303id_/https://www.aepd.es/documento/e-02670-2020.pdf,"1/5  Procedimiento Nº: E/02670/2020 IMI Reference: A56ID 107954 RESOLUCIÓN DE CADUCIDAD DE ACTUACIONES De las actuaciones practicadas por la Agencia Española de Protección de Datos y en base a los siguientes HECHOS PRIMERO: A.A.A. (en adelante, la parte reclamante) interpuso reclamación ante la autoridad de protección de datos de Países Bajos. La reclamación se dirige contra BANKINTER, S.A. con NIF A28157360 (en adelante, BANKINTER. Los motivos en que basa la reclamación son los siguientes: La parte reclamante ejercitó su derecho de acceso ante BANKINTER, recibiendo respuesta en fecha 4 de febrero de 2019 indicando que no constaba en sus registros como cliente o excliente. Junto con la reclamación aporta: - Copia de un correo electrónico de la parte reclamante a privacidad@bankinter.com, de fecha 29 de enero de 2019, en el que manifiesta que adjunta su solicitud de acceso a sus datos personales en PDF. - Copia de un documento firmado por la parte reclamante, de fecha 29 de enero de 2019, en el que solicita a BANKINTER el acceso a sus datos personales. - Copia de un correo electrónico desde privacidad@bankinter.com a la parte reclamante, de fecha 31 de enero de 2019, en el que se le informa de que se ha trasladado su petición al departamento correspondiente, desde el que se le dará cumplida respuesta en el plazo y forma establecidos. - Copia de un documento de BANKINTER, de fecha 4 de febrero de 2019, dirigido a la parte reclamante, en el que se le informa que no pueden atender a su solicitud de acceso ya que sus datos no figuran en sus registros como cliente o excliente de la entidad. - Copia de un correo electrónico de la parte reclamante a privacidad@bankinter.com, de fecha 12 de febrero de 2019, en el que informa: “Buenas tardes, Recibida vuestra respuesta por correo en el día de hoy (adjunto), en la que se niega que tenga algún producto contratado con ustedes, indicar que no es cierto, ya que tengo una cuenta abierta con ustedes (***CUENTA.1). Adjunto documento emitido por ustedes en referencia a esta cuenta. Ruego por tanto revisen de nuevo sus registros y procedan con la solicitud. Un saludo.” - Copia de un documento de BANKINTER, de fecha septiembre de 2017, dirigido a la parte reclamante, en el que se le envía la información relativa a sus operaciones con C/ Jorge Juan, 6 www.aepd.es 28001 – Madrid sedeagpd.gob.es 2/5 Bankinter, necesaria para cumplimentar su declaración de impuestos correspondiente al ejercicio de 2016, en el que figura que la parte reclamante es titular de la cuenta número ***CUENTA.1. - Copia de un correo electrónico de privacidad@bankinter.com a la parte reclamante, de fecha 14 de febrero de 2020, en el que se le informa: “Trasladamos su solicitud al departamento correspondiente, desde el que se le dará cumplida respuesta en el plazo y forma establecidos”. SEGUNDO: A través del “Sistema de Información del Mercado Interior” (en lo sucesivo IMI), regulado por el Reglamento (UE) nº 1024/2012, del Parlamento Europeo y de"
co-00176-2020,2020,https://www.aepd.es/documento/co-00176-2020.pdf,https://web.archive.org/web/20251119213809id_/https://www.aepd.es/documento/co-00176-2020.pdf,"1/9  N/Ref.: E/00840/2020 - CO/00176/2020 – A61VM 136368 RESOLUCIÓN DE ARCHIVO De las actuaciones seguidas con motivo de la reclamación presentada en la Agencia Española de Protección de Datos, por presunta vulneración del Reglamento (UE) 2016/679 del Parlamento Europeo y del Consejo de 27 de abril de 2016, relativo a la protección de las personas físicas en lo que respecta al tratamiento de datos personales y a la libre circulación de estos datos (en lo sucesivo, RGPD) y teniendo como base los siguientes HECHOS PRIMERO    :  Con fecha de 31 de diciembre de 2019 y número de registro de entrada 062135/2019, tuvo entrada en esta Agencia una reclamación presentada por A.A.A. (en lo sucesivo, el reclamante) contra el responsable del servicio TWITTER, por una presunta vulneración de los art. 17 del RGPD y 94.2 de la Ley Orgánica 3/2018, de 5 de diciembre, de Protección de Datos Personales y garantía de los derechos digitales (en lo sucesivo, LOPDGDD). Los motivos en que se basa la reclamación son:  Ante la publicación de datos personales del reclamante (nombre, apellidos, nacionalidad, domicilio y fecha de nacimiento) en la red social TWITTER sin su consentimiento, el afectado solicitó su supresión al responsable. Sin embargo, éste rechazó la petición, al estimar que la publicación no incumplía su Política de Información Privada. Se acompaña captura de pantalla del “tuit” en cuestión, así como de la petición de supresión del afectado, remitida a TWITTER el 27 de noviembre de 2019, y la respuesta desestimatoria obtenida del prestador del servicio en fecha 12 de diciembre 2019.    SEGUNDO    :  Según la política de privacidad accesible en la mencionada plataforma de red social, su responsable para los tratamientos de datos personales de residentes europeos es la empresa TWITTER INTERNATIONAL COMPANY, registrada en Irlanda.   TERCERO: Al afectar el tratamiento de manera sustancial únicamente a interesados en España, teniendo en cuenta lo dispuesto en el artículo 56.2 del RGPD y en consonancia con el mecanismo previsto en el artículo 65.4 de la Ley Orgánica 3/2018, de 5 de diciembre, de Protección de Datos Personales y garantía de los derechos digitales (en lo sucesivo, LOPDGDD), la citada reclamación se trasladó con fecha 5 de febrero de 2020 a TWITTER SPAIN S.L., en calidad de establecimiento en España del prestador del servicio, para que procediera a su análisis y diera respuesta a esta Agencia en el plazo de un mes. Asimismo, se le solicitó información sobre la recepción de la solicitud, decisión adoptada y acreditación de la respuesta facilitada al reclamante, en su caso. C/ Jorge Juan, 6 www.aepd.es 28001 – Madrid sedeagpd.gob.es 2/9 CUARTO    :  No se recibió en la Agencia ninguna respuesta al traslado de la reclamación.  Dado que no fue otorgado el derecho ejercido por el peticionario, continuó la tramitación de la reclamación de conformidad con el procedimiento de cooperación regulado en el art. 60 del RGPD. Con fecha de 10 de julio de 2020 se "
co-00183-2020,2020,https://www.aepd.es/documento/co-00183-2020.pdf,https://web.archive.org/web/20251119152317id_/https://www.aepd.es/documento/co-00183-2020.pdf,"1/7  N/Ref.: E/00215/2020 - CO/00183/2020 RESOLUCIÓN DE ARCHIVO DE ACTUACIONES De las actuaciones seguidas con motivo de la reclamación presentada en la Agencia Española de Protección de Datos, por presunta vulneración del Reglamento (UE) 2016/679 del Parlamento Europeo y del Consejo de 27 de abril de 2016, relativo a la protección de las personas físicas en lo que respecta al tratamiento de datos personales y a la libre circulación de estos datos (en lo sucesivo, RGPD) y teniendo como base los siguientes HECHOS PRIMERO: Con fecha 21 de noviembre de 2019 y con número de registro de entrada 055261/2019, tuvo entrada en esta Agencia una reclamación, relacionada con un tratamiento de carácter transfronterizo de datos personales realizado por GOOGLE IRELAND LIMITED en calidad de responsable del tratamiento de la plataforma ***PLATAFORMA.1, presentada por A.A.A. (en adelante, la parte reclamante) por una presunta vulneración del Artículo 94.2 de la LOPDGDD y Artículo 17 del RGPD. Los motivos en que la parte reclamante basa la reclamación son los siguientes: Negativa del responsable a retirar un contenido publicado en ***URL.1, en la franja de tiempo entre los minutos 10:12 a 15:36 donde aparece la voz de la parte reclamante sin su consentimiento, tras ejercer el derecho de supresión ante el primero. Junto a la reclamación se aportan las comunicaciones con el responsable que incluyen la solicitud de supresión así como la negativa de ***PLATAFORMA.1 a eliminar el contenido. SEGUNDO: GOOGLE IRELAND LIMITED, como responsable del tratamiento de la plataforma ***PLATAFORMA.1 según sus políticas de privacidad, tiene su establecimiento principal o único en Irlanda. TERCERO: Teniendo en cuenta lo dispuesto en el artículo 56.2 del RGPD, con fecha 4 de febrero de 2020 la citada reclamación se trasladó a GOOGLE SPAIN, S.L. en calidad de establecimiento en España del responsable, para que procediera a su análisis y diera respuesta a esta Agencia en el plazo de un mes. Asimismo, se solicitó a GOOGLE SPAIN, S.L., información sobre la recepción de la solicitud, decisión adoptada y acreditación de la respuesta facilitada al reclamante, en su caso. Con fecha 25 de marzo de 2020 se recibió respuesta al traslado de la reclamación en la cual se desestimaba el derecho ejercido. CUARTO: Teniendo en cuenta el carácter transfronterizo de la reclamación, con fecha 10 de junio de 2020 se procedió a la remisión de la reclamación a la autoridad de control de Irlanda − Data Protection Commission (DPC)− por ser la competente para C/ Jorge Juan, 6 www.aepd.es 28001 – Madrid sedeagpd.gob.es 2/7 actuar como autoridad de control principal, a tenor de lo dispuesto en el artículo 56.1 del RGPD.  QUINTO: Esta remisión se realizó, a través del “Sistema de Información del Mercado Interior” (IMI).  Tras un intercambio de comunicaciones por parte de la DPC con esta Agencia en la que se solicitaba información adicional referente al caso, con fecha 15 de julio de 2020 se acordó el archivo prov"
co-00187-2020,2020,https://www.aepd.es/documento/co-00187-2020.pdf,https://web.archive.org/web/20240626160859id_/https://www.aepd.es/documento/co-00187-2020.pdf,"1/5  N/Ref.: E/06228/2019 - CO/00187/2020 RESOLUCIÓN DE ARCHIVO DE ACTUACIONES De las actuaciones practicadas con motivo de la reclamación presentada en la Agencia Española de Protección de Datos y teniendo como base los siguientes HECHOS PRIMERO: Con fecha 20 de mayo de 2019 y con número de registro de entrada 025284/2019, tuvo entrada en esta Agencia una reclamación presentada contra OATH EMEA LIMITED, por una presunta vulneración del Artículo 13 del Reglamento (UE) 2016/679 del Parlamento Europeo y del Consejo de 27 de abril de 2016, relativo a la protección de las personas físicas en lo que respecta al tratamiento de datos personales y a la libre circulación de estos datos (en lo sucesivo, RGPD). Los motivos en que el reclamante basa la reclamación son la imposibilidad de administrar, por parte del usuario y a través de las opciones de privacidad, el modo en el que el responsable utiliza la información facilitada en la navegación. Manifiesta el reclamante que, el flujo de pantallas a través de las opciones, hacen navegar al usuario por un bucle que no permite realizar dicho control de privacidad. SEGUNDO: OATH EMEA LIMITED tiene su establecimiento principal en Irlanda. TERCERO: La citada reclamación se trasladó, a través del “Sistema de Información del Mercado Interior” (IMI), a la autoridad de control de Irlanda -Data Protection Commission (DPC)- por ser la competente para actuar como autoridad de control principal, a tenor de lo dispuesto en el artículo 56.1 del RGPD. CUARTO: Siguiendo sus procedimientos internos, la autoridad de control de Irlanda se puso en contacto con el reclamante por medio de una misiva enviada a través de esta Agencia informando de que estaban llevando a cabo contactos con el responsable con el objetivo de investigar elementos sobre el cumplimiento de éste con el RGPD. Así mismo, y en esta misma comunicación, se solicitaba al interesado que proporcionase determinada información referente a la reclamación en caso de que quisiera que fuera considerada como una reclamación individual. Concretamente: 1. Confirmación de que es actualmente usuario de OATH y de ser así, confirmación de la dirección de correo electrónico asociada a su cuenta de OATH. 2. Información sobre cómo considera que OATH ha tratado sus datos de forma que vulnere sus derechos sobre Protección de Datos. 3. Confirmación de los contactos mantenidos con OATH en relación con este asunto. De ser así, aportación de las copias de toda la correspondencia que haya tenido con el responsable que sea relevante para el caso. C/ Jorge Juan, 6 www.aepd.es 28001 – Madrid sedeagpd.gob.es 2/5 En esta misma misiva se informaba al interesado que en el caso de que la carta no fuera respondida en el plazo de dos meses desde la recepción de la misma, la DPC consideraría la reclamación retirada y revisada para su cierre. QUINTO: Esta Agencia envió al reclamante esta comunicación mediante el Servicio de Notificaciones Electrónicas, método elegido por el reclamante para las not"
co-00188-2020,2020,https://www.aepd.es/documento/co-00188-2020.pdf,https://web.archive.org/web/20240627051733id_/https://www.aepd.es/documento/co-00188-2020.pdf,"1/5  N/Ref.: E/06225/2019 RESOLUCIÓN DE ARCHIVO DE ACTUACIONES De las actuaciones practicadas con motivo de la reclamación presentada en la Agencia Española de Protección de Datos y teniendo como base los siguientes HECHOS PRIMERO: Con fecha 07/05/2019 y con número de registro de entrada 023307/2019, tuvo entrada en esta Agencia una reclamación presentada contra OATH EMEA LIMITED, por una presunta vulneración del Artículo 7 del Reglamento (UE) 2016/679 del Parlamento Europeo y del Consejo de 27 de abril de 2016, relativo a la protección de las personas físicas en lo que respecta al tratamiento de datos personales y a la libre circulación de estos datos (en lo sucesivo, RGPD). Los motivos en que la reclamante basa la reclamación son la imposibilidad de oponerse al tratamiento de sus datos personales por terceros con fines publicitarios, de mercadotecnia e incluso de localización ya que las políticas del servicio no proporcionan un medio sencillo, claro y tangible para ello. Manifiesta la reclamante que intentó oponerse al tratamiento a través de un formulario, pero para poder enviarlo habían de aceptarse sus términos y condiciones y permitir el uso de sus datos para los fines a los que quería oponerse. Como evidencia la reclamante aporta una captura del formulario en cuestión SEGUNDO: OATH EMEA LIMITED tiene su establecimiento principal en Irlanda. TERCERO: La citada reclamación se trasladó, a través del “Sistema de Información del Mercado Interior” (IMI), a la autoridad de control de Irlanda -Data Protection Commission (DPC)- por ser la competente para actuar como autoridad de control principal, a tenor de lo dispuesto en el artículo 56.1 del RGPD. CUARTO: Siguiendo sus procedimientos internos, la autoridad de control de Irlanda se puso en contacto con la reclamante por medio de una misiva enviada a través de esta Agencia informando que estaban en contacto con el responsable a propósito de sus políticas y prácticas en materia de protección de datos entre las que se incluía el caso presentado por la interesada. Así mismo, y en esta misma comunicación, se solicitaba a la interesada que proporcionase determinada información referente a su reclamación en caso de que quisiera que su reclamación fuera considerada como una reclamación individual. En esta misma misiva se informaba a la interesada que en el caso de que la carta no fuera respondida en el plazo de dos meses desde la recepción de la misma, la DPC consideraría la reclamación retirada y revisada para su cierre. QUINTO: Esta Agencia notificó a la reclamante esta comunicación facilitada por la DPC el 2 de septiembre de 2019 sin que se recibiera respuesta a la misma. C/ Jorge Juan, 6 www.aepd.es 28001 – Madrid sedeagpd.gob.es 2/5 SEXTO: No obstante lo anterior, estos hechos están siendo objeto de una investigación llevada a cabo por la DPC dentro de las competencias que tiene atribuidas como autoridad principal. FUNDAMENTOS DE DERECHO I - Competencia De acuerdo con lo dispuesto en el artículo 60"
co-00198-2020,2020,https://www.aepd.es/es/documento/co-00198-2020.pdf,https://web.archive.org/web/20211118163340id_/https://www.aepd.es/es/documento/co-00198-2020.pdf,"1/6  N/Ref.: E/00647/2019 - CO/00198/2020 RESOLUCIÓN DE ARCHIVO DE ACTUACIONES De las actuaciones seguidas con motivo de la reclamación presentada en la Agencia Española de Protección de Datos, por presunta vulneración del Reglamento (UE) 2016/679 del Parlamento Europeo y del Consejo de 27 de abril de 2016, relativo a la protección de las personas físicas en lo que respecta al tratamiento de datos personales y a la libre circulación de estos datos (en lo sucesivo, RGPD) y teniendo como base los siguientes HECHOS PRIMERO: Con fecha 26 de diciembre de 2018 y con número de registro de entrada 212801/2018, tuvo entrada en esta Agencia una reclamación, relacionada con un tratamiento de carácter transfronterizo de datos personales realizado por FACEBOOK IRELAND LIMITED, presentada por FACUA - ASOCIACIÓN DE CONSUMIDORES Y USUARIOS EN ACCIÓN (en adelante, el reclamante) por una presunta vulneración del Artículo 6.1 del RGPD. Los motivos en que el reclamante basa la reclamación están relacionados con el hecho de que la red social Facebook podría haber compartido los datos de sus usuarios con más de 150 compañías sin el consentimiento de los usuarios, según se recogía en varios artículos de prensa.  Junto a la reclamación se aportan las urls de varios artículos recogidos en la prensa española en los que se informa sobre el asunto y copia de dichos artículos. ***URL.1 ***URL.2 ***URL.3 SEGUNDO: FACEBOOK IRELAND LIMITED tiene su establecimiento principal o único en Irlanda. TERCERO: Teniendo en cuenta el carácter transfronterizo de la reclamación, con fecha 22 de febrero de 2019 se procedió a la remisión de la reclamación a la autoridad de control de Irlanda por ser la competente para actuar como autoridad de control principal, a tenor de lo dispuesto en el artículo 56.1 del RGPD, acordándose el archivo provisional del procedimiento. CUARTO: Esta remisión se realizó, a través del “Sistema de Información del Mercado Interior” (IMI). C/ Jorge Juan, 6 www.aepd.es 28001 – Madrid sedeagpd.gob.es 2/6 Sin embargo, la autoridad de control de Irlanda rechazó el caso, por provenir de una asociación sin un mandato individual.  Según explica la autoridad de control irlandesa, la ley nacional que completa el RGPD en Irlanda (la “Irish Data Protection Act 2018”) no ha implementado su art. 80.2, y, por tanto, esta autoridad no puede gestionar una reclamación interpuesta por una entidad, organización o asociación sin ánimo de lucro que haya sido correctamente constituida con arreglo al Derecho de un Estado miembro, cuyos objetivos estatutarios sean de interés público y que actúe en el ámbito de la protección de los derechos y libertades de los interesados en materia de protección de sus datos personales, con independencia del mandato de un interesado. QUINTO: No obstante lo anterior, estos hechos están siendo objeto de una investigación llevada a cabo por la DPC dentro de las competencias que tiene atribuidas como autoridad principal. FUNDAMENTOS DE DERECHO I: Competencia "
e-01434-2020,2020,https://www.aepd.es/documento/e-01434-2020.pdf,https://web.archive.org/web/20250703191625id_/https://www.aepd.es/documento/e-01434-2020.pdf,"1/17  Procedimiento Nº: E/01434/2020 RESOLUCIÓN DE ARCHIVO DE ACTUACIONES De las actuaciones practicadas por la Agencia Española de Protección de Datos y teniendo como base los siguientes HECHOS PRIMERO: La reclamación interpuesta por A.A.A. (en adelante, la reclamante) tiene entrada con fecha 11/07/2019 en la Agencia Española de Protección de Datos y se dirige contra BANCO SANTANDER, S.A., con NIF A39000013 (en adelante, el reclamado), siendo los motivos: “En diciembre de 2018, el Banco Popular (ahora absorbido por el Banco Santander), solicitó mi nómina y los datos económicos indicando que los tenían desactualizados o in- completos y que si no los completaba me iban a bloquear las cuentas por la ley de preven- ción del blanqueo de capitales. Para facilitar mis datos económicos me envió un formulario ""Autorización de Registro y tratamiento de los Datos de carácter Personal"" (documento 1) en el que, además de cierta información personal, incluía todas las cláusulas relativas a la auto- rización del tratamiento de mis datos sin que en el formulario existiese opción alguna a opo- nerme ni total ni parcialmente. Les solicité un documento que me permitiese facilitar mis da- tos personales sin tener que cederlos para su uso comercial e incluso para la cesión a terce- ros, y me dijeron telefónicamente el 02/01/2019 que la única opción era ceder mis datos y después revocar la autorización.” La remitieron a la oficina de privacidad de Banco Santander, que la contestó el 28/03/2019 indicando que tomaban nota de mi oposición al tratamiento de mis datos, pero tenía que seguir firmando el documento 1 para registrar mis datos económicos y por tanto, ceder mis datos. Así se lo expliqué y me solicitaron ese documento para analizarlo. Tras analizar el documento, le respondieron con carta del 09/07/2019 en la que indican: ""Le informamos que este documento tiene como objeto exclusivamente recoger sus datos personales [...] y ofrecerle información sobre los posibles tratamientos de sus datos[...]. Ello quiere decir que será en otro documento posterior donde tendrá la oportunidad de dar o no su consentimiento a los tratamientos de sus datos que lo requieran y de conocer más espe- cíficamente aquellos otros tratamientos a los que, de no estar de acuerdo podrá oponerse. Por tanto el documento que se somete a su firma es de recogida de datos que Vd. reconoce entregar y de carácter informativo, no recogiendo obligación alguna ni, por tanto, la de ceder datos"". C/ Jorge Juan, 6 www.aepd.es 28001 – Madrid sedeagpd.gob.es 2/17 “Lamentablemente, por más que releo el documento, lo único que puedo entender es que al firmarlo, estoy autorizando ese tratamiento de datos, y desde luego, la oficina de privacidad del Banco Santander no me facilitó ese ""otro documento posterior"" en el que podré dar -o no- mi consentimiento. Por este motivo, como último intento, les expliqué el mismo día 9 que en el documento 1, en todas y cada una de las hojas, tanto en el encabezado como en el pi"
e-01556-2020,2020,https://www.aepd.es/es/documento/e-01556-2020.pdf,https://web.archive.org/web/20220215092822id_/https://www.aepd.es/es/documento/e-01556-2020.pdf,"1/5  Procedimiento Nº: E/01556/2020 RESOLUCIÓN DE ARCHIVO DE ACTUACIONES De las actuaciones practicadas por la Agencia Española de Protección de Datos y teniendo como base los siguientes: HECHOS PRIMERO: Las actuaciones de inspección se inician por la recepción de un escrito de notificación de brecha de seguridad de los datos personales remitido por HH EE CRISTIANAS DE LA SALLE ***LOCALIDAD.1 (en adelante LA SALLE) en el que informan a la Agencia Española de Protección de Datos que, con fecha estimada de 13 de noviembre de 2019, un estudiante ha robado, mediante observación visual, el código de usuario y la contraseña de un tutor del Centro y ha tenido acceso a los exámenes y todos los módulos del tutor. El alumno ha comunicado las credenciales a terceros. Se encuentran afectados los datos personales, incluyendo datos de salud y de perfil, de aproximadamente 100 estudiantes. SEGUNDO: En fecha 17 de febrero de 2020, la Directora de la Agencia Española de Protección de Datos ordena a la Subdirección General de Inspección de Datos que valore la necesidad de realizar las oportunas investigaciones previas con el fin de determinar una posible vulneración de la normativa de protección de datos, teniendo conocimiento de los siguientes extremos:  Fecha de notificación de la brecha de seguridad de datos personales: 11 de febrero de 2020. ENTIDAD INVESTIGADA: HH EE CRISTIANAS DE LA SALLE ***LOCALIDAD.1 con CIF R0300266D y con domicilio en Barranc del Sint, 1, 03803, ***LOCALIDAD.1- Alicante. RESULTADO DE LAS ACTUACIONES DE INVESTIGACIÓN: 1.- Con fechas 12 de junio y 8 de julio de 2020 se remitió requerimiento de información a LA SALLE mediante Notific@ y por diversas circunstancias no fueron recogidos, por lo que, con fecha 26 de agosto, se procedió a un nuevo envío a la entidad y al correo electrónico al Delegado de Protección de Datos, el cual ha remitido la documentación solicitada el día 28 de agosto, mediante correo electrónico. Todos los documentos se han registrado en SIGRID como objetos asociados.  De dicha documentación se desprende: Respecto del Sistema de Información   LA SALLE utiliza un sistema de Información denominado ***SISTEMA.1, cuya estructura interna está basada en ***HERRAMIENTA.1 (herramienta de gestión de aprendizaje que permite a los docentes crear comunidades de aprendizaje en línea). Los servidores se encuentran gestionados por la C/ Jorge Juan, 6 www.aepd.es 28001 – Madrid sedeagpd.gob.es 2/5 sede central de la Organización en Madrid y cada Centro tiene su propia dirección (***URL.1). La plataforma ***SISTEMA.1 contiene dos tipos de información: pública de acceso libre, y organizativa y de gestión a la que pueden acceder los miem- bros de la comunidad educativa previamente identificados con usuario y contraseña.  Los usuarios en la plataforma se les asigna un perfil en función de su rol dentro del centro. El perfil de estudiante permite el acceso a sus datos personales y el perfil de tutor tiene acceso a datos personales propios"
e-01659-2020,2020,https://www.aepd.es/es/documento/e-01659-2020.pdf,https://web.archive.org/web/20220302145239id_/https://www.aepd.es/es/documento/e-01659-2020.pdf,"1/8  N/Ref.: E/01659/2020 RESOLUCIÓN DE ARCHIVO DE ACTUACIONES De las actuaciones practicadas por la Agencia Española de Protección de Datos ante la entidad RIDE HIVE OPERATIONS S.L y teniendo como base los siguientes: HECHOS PRIMERO: El día 14 de enero de 2020, se recibió un escrito de notificación de brecha de seguridad de los datos personales remitido por RIDE HIVE OPERATIONS, S.L. (en adelante, HIVE), en el que informaba a la Agencia Española de Protección de Datos que, con fecha 9 de enero de 2020, la empresa ***EMPRESA.1 les había notificado que (…) había sido publicada en internet. (…).  Los datos a los que se podían tener acceso correspondían a datos básicos y de contacto de aproximadamente 65.0000 clientes (195.000 registros afectados) y, aunque la notificación se había realizado ante la Agencia Española de Protección de Datos, podía haber usuarios de Austria, Grecia, Italia, Polonia y Portugal.  HIVE manifestaba que no se iba a comunicar la brecha a los interesados por bajo riesgo.  Asimismo, manifestaba que se había intentado la notificación a la Agencia el día 12 de enero, pero al presentar problemas técnicos se remitió la notificación a la dirección incidencias@aepd.es. SEGUNDO: Con fecha 17 de febrero de 2020, la Directora de la Agencia Española de Protección de Datos ordenó a la subdirección General de Inspección de Datos realizar las oportunas investigaciones previas con el fin de determinar una posible vulneración de la normativa de protección de datos. A través del “Sistema de Información del Mercado Interior” (en lo sucesivo IMI), regulado por el Reglamento (UE) nº 1024/2012, del Parlamento Europeo y del Consejo, de 25 de octubre de 2012 (Reglamento IMI), cuyo objetivo es favorecer la cooperación administrativa transfronteriza, la asistencia mutua entre los Estados miembros y el intercambio de información, con fecha 27 de febrero de 2020 esta Agencia se declaró Autoridad principal en el presente asunto.  Según las informaciones incorporadas al Sistema IMI, de conformidad con lo establecido en el artículo 60 del Reglamento (UE) 2016/679, del Parlamento Europeo y del Consejo, de 27/04/2016, relativo a la Protección de las Personas Físicas en lo que respecta al Tratamiento de Datos Personales y a la Libre Circulación de estos Datos (en adelante, RGPD), actúan en calidad de “autoridad de control interesada” la autoridad de control de Austria, la autoridad alemana de Hamburgo, la autoridad de control de Italia y la de Portugal. C/ Jorge Juan, 6 www.aepd.es 28001 – Madrid sedeagpd.gob.es 2/8 TERCERO: A la vista de los hechos expuestos, la Subdirección General de Inspección de Datos procedió a realizar actuaciones para su esclarecimiento, al amparo de los poderes de investigación otorgados a las autoridades de control en el artículo 57.1 del RGPD, constatando lo siguiente: Tal y como consta en el Registro Mercantil, la empresa RIDE HIVE OPERATIONS SL tiene por objeto social “el desarrollo, la facilitación y la comercialización de ser"
e-01688-2020,2020,https://www.aepd.es/es/documento/e-01688-2020.pdf,https://web.archive.org/web/20220308011212id_/https://www.aepd.es/es/documento/e-01688-2020.pdf,"1/5  Procedimiento Nº: E/00133/2020 - E/01688/2020 RESOLUCIÓN DE ARCHIVO DE ACTUACIONES De las actuaciones practicadas por la Agencia Española de Protección de Datos ante las entidades FUNDACIÓN AMIGOS DEL MUSEO DEL PRADO (en adelante la Fundación) y FALUA MEMORÁVEL, UNIPESSOAL, LDA y teniendo como base los siguientes HECHOS PRIMERO: Con fecha 28/10/2019 y con número de registro de entrada 051233/2019 se recibió en esta Agencia una reclamación dirigida contra FALUA MEMORÁVEL, UNIPESSOAL, LDA (en adelante, el reclamado) y en fecha 6/11/2019 y con número de registro de entrada 052642/2019 se recibió otra reclamación dirigida contra el mismo responsable por hechos similares. Los motivos en que se basan las reclamaciones son los siguientes:  Realización de un cargo supuestamente fraudulento por parte del reclamado en las cuentas corrientes de varios miembros de la Fundación a la que representa una de las reclamantes.  Además, estos cargos también se estarían realizando a personas no vinculadas con la Fundación como así manifiesta el segundo reclamante.   Se pone de manifiesto que existen precedentes de hechos similares realizados con anterioridad por empresas ubicadas en  ***PAÍS.1. SEGUNDO: FALUA MEMORÁVEL, UNIPESSOAL, LDA tiene su establecimiento principal en ***PAÍS.1. TERCERO: Con fecha 21 de febrero de 2020, la Directora de la Agencia Española de Protección de Datos acordó admitir a trámite la reclamación presentada por el reclamante. CUARTO: Con esa misma fecha, se traslada a la Autoridad de Protección de Datos portuguesa (CNPD - Comissão Nacional de Protecção de Dados) una solicitud de asistencia. En esa asistencia se pide a la CNPD que lleve a cabo un requerimiento de información a la citada compañía.  QUINTO: Simultáneamente, el mismo día 21 de febrero de 2020, se solicita a la Fundación, a través de un requerimiento de información, que aporte la información relacionada con los datos de las empresas que realizan labores de encargado del tratamiento de datos personales para la Fundación, la documentación acreditativa de la relación contractual con dichas empresas así como cualquier otra cuestión que considerase relevante. C/ Jorge Juan, 6 www.aepd.es 28001 – Madrid sedeagpd.gob.es 2/5 SEXTO: Con fecha 2/09/2020 se recibió comunicación de la autoridad portuguesa en respuesta a la solicitud de asistencia formulada el 21 de febrero de 2020. SÉPTIMO: Con fecha 16/09/2020 y con número de registro de entrada ***REGISTRO.1, se recibe escrito de respuesta al requerimiento de información solicitado por esta Agencia a la FUNDACIÓN AMIGOS DEL MUSEO DEL PRADO.  FUNDAMENTOS DE DERECHO I De acuerdo con los poderes de investigación y correctivos que el artículo 58 del Reglamento (UE) 2016/679 (Reglamento general de protección de datos, en adelante RGPD) otorga a cada autoridad de control, y según lo dispuesto en el artículo 47 de la Ley Orgánica 3/2018, de 5 de diciembre, de Protección de Datos Personales y garantía de los derechos digitales (en lo suce"
e-01892-2020,2020,https://www.aepd.es/es/documento/e-01892-2020.pdf,https://web.archive.org/web/20210317111316id_/https://www.aepd.es/es/documento/e-01892-2020.pdf,"1/5  Procedimiento Nº: E/01892/2020 RESOLUCIÓN DE ARCHIVO DE ACTUACIONES De las actuaciones practicadas por la Agencia Española de Protección de Datos y teniendo como base los siguientes HECHOS PRIMERO: La reclamación interpuesta por el COLEGIO ***COLEGIO.1 (en adelante, el reclamante) tiene entrada con fecha 26 de febrero de 2020 en la Agencia Española de Protección de Datos.  La reclamación se dirige contra el Titular de la cuenta de Instagram ***CUENTA.1 porque había sido detectada una cuenta de Instagram, pretendidamente de un alumno, que se dedicaba a poner fotografías de otro alumno sin su consentimiento, añadiendo comentarios obscenos y denigrantes hacia su persona. Solicita el centro educativo la desaparición de la cuenta y poder conocer quien ha sido el autor. Aporta la documentación siguiente: - Capturas de pantalla del contenido del perfil reclamado. SEGUNDO: La Subdirección General de Inspección de Datos procedió a la realización de actuaciones previas de investigación para el esclarecimiento de los hechos objeto de la reclamación, teniendo conocimiento de los siguientes extremos: - Con fecha de 2 de marzo de 2020 se notifica a FACEBOOK SPAIN S.L., medida cautelar de retirada del contenido reclamado, dirigida a FACEBOOK IRELAND LIMITED. - Con fecha 4 de marzo de 2020 se recibe en esta Agencia escrito de alegaciones remitido por FACEBOOK IRELAND LIMITED manifestando que el nombre de usuario de la cuenta reclamada ha sido modificado a ***CUENTA.2 y que este nuevo perfil no tiene ninguna publicación habiendo sido eliminadas las fotografías y comentarios publicados anteriormente, por lo que no estarían en condiciones de eliminar esta cuenta. Finalizan indicando que FACEBOOK IRL ha realizado una copia de la información y publicaciones de cuenta reclamada que se conservará durante 90 días. - Con fecha de 25 de marzo de 2020, se requiere a FACEBOOK IRELAND LIMITED, identificación de la titularidad de la cuenta reclamada y la dirección IP de sesión de creación de esta cuenta. - Con fecha de 17 de junio de 2020 se recibe escrito remitido por FACEBOOK IRELAND LIMITED indicando que en la solicitud no se indicaba como se había cumplido los requisitos legales señalados en el artículo 52.3 de la Ley Orgánica 3/2018, de 5 de diciembre, de Protección de Datos Personales y garantía de los derechos digitales, necesarios para legitimar la cesión de datos personales desde su entidad. En concreto, solicita que se confirmen los siguientes aspectos: C/ Jorge Juan, 6 www.aepd.es 28001 – Madrid sedeagpd.gob.es 2/5 “1. El artículo 52.3 de la LOPDGDD exige que los afectados hayan presentado una denuncia ante la AEPD. Sin embargo, en la Solicitud no se explica cómo se ha cumplido ese requisito en el presente caso.   2. No se ha confirmado el hecho de que “no haya podido realizarla identificación [de los sujetos correspondientes] por otros medios” de una manera distinta a la Solicitud, como exige el artículo 52.3 de la LOPDGDD.” - Con fecha, se contestó a FACEBO"
e-02729-2020,2020,https://www.aepd.es/documento/e-02729-2020.pdf,https://web.archive.org/web/20240510214312id_/https://www.aepd.es/documento/e-02729-2020.pdf,"1/18  Procedimiento Nº: E/02729/2020 940-0419 RESOLUCIÓN DE ARCHIVO DE ACTUACIONES De las actuaciones practicadas por la Agencia Española de Protección de Da- tos y teniendo como base los siguientes: HECHOS PRIMERO: Con fecha de 16 de marzo de 2020, la Directora de la Agencia Española de Protección de Datos acuerda iniciar las presentes actuaciones de investigación en relación a la puesta en marcha de la web www.coronavirusstop.org. SEGUNDO: La Subdirección General de Inspección de Datos procedió a la realización de actuaciones previas de investigación para el esclarecimiento de los hechos objeto de la reclamación, teniendo conocimiento de los siguientes extremos: Con fecha 17 de marzo de 2020, la Subdirección General de Inspección emite un infor- me en el que concluye que: 1. Se ha accedido a la citada página web comprobando la existencia de un formu- lario que se contesta marcando respuestas alternativas prefijadas, siendo los únicos campos libres para rellenar los referentes a la edad y el código postal del entrevistado. No se solicitan datos identificativos tales como nombre, telé- fono, email, dirección completa o DNI/NIF, etc. 1. Se ha constatado que el sábado día 14/03/2020 se pedía el nombre de la calle (especificando “sin nº”) y el código postal. Se indicaba que está en desarrollo y que algunas funciones no están disponibles. El lunes día 16/03/2020 solo se pide el código postal. 2. El resto de los datos solicitados son relativos a síntomas, contactos con perso- nas afectadas, estancias en zonas de riesgo y patologías preexistentes. El for- mulario indica al finalizar la encuesta si “podrías tener los síntomas” o no. En caso afirmativo muestra el teléfono de emergencias de la Comunidad corres- pondiente (900 102 112 en el caso de la Comunidad de Madrid). 3. En  https://www.adslzone.net/noticias/internet/coronavirus-web-nuevos-focos/ se publica una noticia indicando que es una iniciativa altruista “…desarrollada en 24 horas y cuenta con un formulario anónimo de preguntas que ayuda a la ciudadanía a entender en tiempo real la sintomatología que padece y evita el colapso de los servicios sanitarios. Con ello, la persona sabe si debe o no po- nerse en contacto con estos teléfonos de atención que están totalmente colap- sados. La web sirve como primer filtro para ver si se padecen síntomas propios de la enfermedad”. “… Además, cada consulta que se realiza es anónima y se registra únicamente la dirección simple del usuario (nombre de la calle/avenida/vía, sin número o piso). Esto se utiliza para crear un mapa en tiempo real para descubrir nuevos focos de infección. El resto de la información se destruye completamente al fi- C/ Jorge Juan, 6 www.aepd.es 28001 – Madrid sedeagpd.gob.es 2/18 nalizar la consulta, cumpliendo con la LOPD y RGPD. Gracias a esto, es impo- sible identificar al usuario”. 4. También, se evidencia el 16/03/2020 por la mañana que no se puede acceder a la opción de “volver a evaluarme”, indicándose igualmente que la web est"
e-03180-2020,2020,https://www.aepd.es/es/documento/e-03180-2020.pdf,https://web.archive.org/web/20200709165846id_/https://www.aepd.es/es/documento/e-03180-2020.pdf,"1/7  Procedimiento Nº: E/03180/2020 907-141019 RESOLUCIÓN ARCHIVO DE ACTUACIONES De las actuaciones practicadas por la Agencia Española de Protección de Datos y teniendo como base los siguientes, HECHOS PRIMERO: Con fecha 21/10/19, se reciben en esta Agencia escrito de D. A.A.A., (en adelante, “el reclamante”), comunicando una posible infracción en relación con el tratamiento de los datos de carácter personal, cometida por el CLUB DEPORTIVO AVANCE, con CIF.: G78970183, (en adelante “la entidad reclamada”), indicando entre otras, lo siguiente: “El Club deportivo Avance desde la entrada en vigor del nuevo Reglamento UE 2016/79, así como su adaptación de la Ley Orgánica 3/2018, viene incumpliendo la norma en todos sus ámbitos de aplicación, siendo una de sus actividades principales el tratamiento a gran escala de datos sensibles o la observación habitual y sistemática de un número elevado de interesados, como de menores (datos relativos a reconocimientos médicos, menores, datos financieros). Entre las irregularidades incumplimiento de los artículos 5, 6, 7, 12, 13, 14, 15, 16, 17, 18, 20, 22 de la Ley Orgánica 3/2018. No asignación de Responsable, Encargado y Delegado Protección de Datos (presumiblemente necesario por la naturaleza de los datos recogidos en sus actividades principales) según artículos 28, 32, 33, 34. Así mismo la no inclusión en la página web del club de los derechos de los usuarios”. Con fecha 23/10/19, el reclamante envía un segundo escrito a esta Agencia, en el cual se indica: Tras la anterior reclamación, el Club Deportivo Avance, ha puesto en su web un supuesto bloqueador de cookies para adaptarse a la normativa, dicho bloqueador es simplemente un ""anzuelo"", ya que según el bloqueador de cookies Ghosthery (recomendado por la Oficina de Seguridad del Internauta perteneciente al Incibe) no bloquea ninguna cookie, al mismo tiempo han subido fotos de menores de 14 años a la web sin los consentimientos pertinentes, y no disponiendo en su página web de política de privacidad, de cookies, ni datos de representante, encargado y delegado de datos a los que dirigirse (datos que no pueden tener ya que no hay designadas ni formadas dichas personas) . Pudiendo también verse en sus redes sociales ***URL.1 fotografías de menores en las cuales se les puede identificar al llevar su nombre, como fotografías de menores en vestuarios. Igualmente siguen incumpliendo todo lo expuesto a continuación referente a la anterior reclamación”. SEGUNDO: A la vista de los hechos expuestos en la reclamación y de los documentos aportados por el reclamante, la Subdirección General de Inspección de Datos procedió a realizar actuaciones para su esclarecimiento, al amparo de los poderes de investigación otorgados a las autoridades de control en el artículo 57.1 del Reglamento (UE) 2016/679 (Reglamento General de Protección de Datos, en adelante RGPD). Así, con fecha 04/12/19, se dirige requerimiento informativo a la entidad reclamada. C/ Jorge Juan, 6 www.aepd.es "
e-03346-2020,2020,https://www.aepd.es/documento/e-03346-2020.pdf,https://web.archive.org/web/20240808214930id_/https://www.aepd.es/documento/e-03346-2020.pdf,"1/35  Procedimiento Nº: E/03346/2020  RESOLUCIÓN DE ARCHIVO DE ACTUACIONES De las actuaciones practicadas por la Agencia Española de Protección de Datos y teniendo como base los siguientes HECHOS PRIMERO:  Con fecha de 30 de marzo de 2020 la Directora de la Agencia Española de Protección de Datos acuerda iniciar las presentes actuaciones de investigación al haber tenido conocimiento del desarrollo y puesta en marcha de varias webs/apps en relación al COVID-19 con tratamientos de datos personales, con el fin de determinar una posible vulneración de la normativa de protección de datos. SEGUNDO: La Subdirección General de Inspección de Datos procedió a la realización de actuaciones previas de investigación para el esclarecimiento de los hechos, teniendo conocimiento de los siguientes extremos: El día 28/03/2020 se publicó en el BOE la Orden SND/297/2020, de 27 de marzo por la que se encomienda a la Secretaría de Estado de Digitalización e Inteligencia Artificial (en adelante SEDIA), del Ministerio de Asuntos Económicos y Transformación Digital, el desarrollo de una aplicación informática para el apoyo en la gestión sanitaria ocasionada por el COVID-19, el desarrollo de un asistente conversacional/chatbot para proporcionar información oficial ante las preguntas de la ciudadanía y un estudio de la movilidad de las personas en los días previos y durante el confinamiento.   1. Sobre la APP “ASISTENCIACOVID19”. De las actuaciones realizadas en relación con el examen del cumplimiento de los principios de protección de datos recogidos  en el RGPD, de las tipologías de datos tratados y de su período de conservación, de las finalidades concretas y de las bases jurídicas del tratamiento de datos, del convenio celebrado con Telefónica para el desarrollo de la aplicación, de la política de privacidad de la aplicación y la evaluación de impacto sobre la protección de datos, han resultado los siguientes hechos:  - Responsable y finalidad del tratamiento. La mencionada Orden SND/297/2020 resuelve encomendar a la SEDIA el desarrollo urgente y operación de una aplicación informática para el apoyo en la gestión de la crisis sanitaria ocasionada por el COVID-19. Se dispone que dicha aplicación permitirá, al menos:  realizar al usuario la autoevaluación en base a los síntomas médicos que comunique, acerca de la probabilidad de que esté infectado por el COVID-19,   ofrecer información al usuario sobre el COVID-19 y  C/ Jorge Juan, 6 www.aepd.es 28001 – Madrid sedeagpd.gob.es 2/35  proporcionar al usuario consejos prácticos y recomendaciones de acciones a seguir según la evaluación. En la Orden se señala que “el responsable del tratamiento será el Ministerio de Sanidad y el encargado del tratamiento y titular de la aplicación será la Secretaría General de Administración Digital. El Ministerio de Sanidad, como responsable del tratamiento, autoriza a la Secretaría General de Administración Digital a recurrir a otros encargados en la ejecución de lo previsto en este apa"
e-03375-2020,2020,https://www.aepd.es/documento/e-03375-2020.pdf,https://web.archive.org/web/20251113182257id_/https://www.aepd.es/documento/e-03375-2020.pdf,"1/5  Procedimiento Nº: E/03375/2020 940-0419 RESOLUCIÓN DE ARCHIVO DE ACTUACIONES De las actuaciones practicadas por la Agencia Española de Protección de Datos y teniendo como base los siguientes: HECHOS PRIMERO: La reclamación interpuesta por D. A.A.A. (en adelante, el reclamante) tiene entrada con fecha 12 de febrero de 2020 en la Agencia Española de Protección de Datos. La reclamación se dirige contra Línea Llamante ***TELÉFONO.1, (en adelante la reclamada). Los motivos en que se basa su reclamación son que recibe una llamada del teléfono ***TELÉFONO.1 el 05 de febrero de 2020 a las 15:58 que atiende durante 5 minutos y 14 segundos. Se trata de una llamada automática, sin intervención humana, en la que se promociona un producto. El teléfono del reclamante está dado de alta en la lista Robinson y no ha dado autorización para recibir esta llamada. Y, entre otra, aporta la siguiente documentación: Captura de pantalla del registro de llamadas Captura de pantalla alta en Lista Robinson Fragmento locución telefónica SEGUNDO: De conformidad con el artículo 65.4 de la Ley Orgánica 3/2018, de 5 de diciembre, de Protección de Datos Personales y garantía de los derechos digitales (en adelante LOPDGDD), con número de referencia E/02662/2020, se dio traslado de dicha reclamación a la parte reclamada, para que procediese a su análisis e informase a esta Agencia en el plazo de un mes, de las acciones llevadas a cabo para adecuarse a los requisitos previstos en la normativa de protección de datos. TERCERO: Con fecha 30 de marzo de 2020, la Directora de la Agencia Española de Protección de Datos acordó admitir a trámite la reclamación presentada por el reclamante. CUARTO: La Subdirección General de Inspección de Datos procedió a la realización de actuaciones previas de investigación para el esclarecimiento de los hechos objeto de la reclamación, teniendo conocimiento de los siguientes extremos: 1.- Se comprueba en el portal web de la Comisión Nacional de los Mercados y la Competencia que el número reclamado está asignado a la operadora Voxbone S.A. 2.- El 23 de abril de este año la citada compañía informó que el número de teléfono citado estaba asignado al siguiente cliente corporativo: C/ Jorge Juan, 6 www.aepd.es 28001 – Madrid sedeagpd.gob.es 2/5 Global Group Limited BP 303, Suite 1156, Mutsamudu, Anjouan  ***PAÍS.1 Representada por B.B.B., ciudadano de ***PAÍS.2 y con residencia en el ***DIRECCIÓN.1, ***PAÍS.2 3.- Añaden que este número está actualmente suspendido debido a que este abonado no ha podido proporcionar detalles válidos de acuerdo con los requisitos establecidos por Voxbone para números geográficos en España. FUNDAMENTOS DE DERECHO I De conformidad con lo establecido en el artículo 84.3) de la Ley 9/2014, de 9 de mayo, General de Telecomunicaciones (en lo sucesivo, LGT), la competencia para resolver el presente Procedimiento corresponde a la Directora de la Agencia Española de Protección de Datos. II En el presente caso, se ha recibido en esta"
e-03583-2020,2020,https://www.aepd.es/documento/e-03583-2020.pdf,https://web.archive.org/web/20251113173730id_/https://www.aepd.es/documento/e-03583-2020.pdf,"1/5  Procedimiento Nº: E/03583/2020 RESOLUCIÓN DE ARCHIVO DE ACTUACIONES De las actuaciones practicadas por la Agencia Española de Protección de Datos y teniendo como base los siguientes HECHOS PRIMERO: La reclamación interpuesta por A.A.A. (en adelante, el reclamante) tiene entrada con fecha 28 de octubre de 2019 en la Agencia Española de Protección de Datos. La reclamación se dirige contra AD735 DATA MEDIA ADVERTISING S.L., ORANGE ESPAGNE, S.A.U., XFERA MÓVILES, S.A., en adelante, los reclamados.  Los motivos en que basa la reclamación son la recepción de mensajes de texto en su teléfono móvil y llamadas comerciales no consentidas, en concreto:  El 18 de junio y el 14 de octubre de 2019, recibió publicidad por SMS de JAZZTEL, sin haber tenido relación previa.  el 4 de julio y el 15 de septiembre de 2019, recibió publicidad por SMS de MÁSMÓVIL  el 11 y 12 de noviembre de 2019, recibe llamadas comerciales desde las líneas ***TELÉFONO.1 y ***TELÉFONO.2 SEGUNDO: De conformidad con el artículo 65.4 de la Ley Orgánica 3/2018, de 5 de diciembre, de Protección de Datos Personales y garantía de los derechos digitales (en adelante LOPDGDD), con número de referencia E/11695/2019, se dio traslado de dicha reclamación al reclamado, para que procediese a su análisis e informase a esta Agencia en el plazo de un mes, de las acciones llevadas a cabo para adecuarse a los requisitos previstos en la normativa de protección de datos.  ORANGE ESPAGNE, S.A.U., contesta el 13 de enero de 2020 en relación al SMS objeto de la reclamación que tan pronto han tenido noticia de la oposición de la reclamante han incluido su número de teléfono móvil en su Lista Robinson interna, lo cual acreditan aportando pantallazo de su base de datos.  Respecto llamadas de líneas ***TELÉFONO.1 y ***TELÉFONO.2, manifiestan que no pertenecen a ninguna plataforma de televenta de la compañía.  Señalan además que cumplen con la normativa vigente en materia de protección de datos, y lo acreditan remitiendo documento con protocolo de actuación en el ejercicio de los derechos ARCO, y se constata que incluyen en cada comunicación comercial enlace de baja.  C/ Jorge Juan, 6 www.aepd.es 28001 – Madrid sedeagpd.gob.es 2/5  XFERA MÓVILES, S.A., contesta al requerimiento de esta Agencia el 17 de enero de 2020, en relación con los SMS remitidos, y manifiestan que tienen firmado contrato de colaboración con AD735 DATA MEDIA ADVERTISING S.L., (aportan copia), en el que se previene la sumisión a la normativa de protección de datos.  Se han puesto en contacto con AD735 DATA MEDIA ADVERTISING S.L., para que adoptara las medidas oportunas para remediar la incidencia.   AD735 DATA MEDIA ADVERTISING S.L., contesta al requerimiento de información de la Agencia Española de Protección de Datos el 5 de marzo de 2020, afirmando que no tienen datos de la reclamante desde el momento que solicitó su baja en la página sitio web ***URL.1, y por tanto no han podido informar a la reclamante porque no tienen datos suy"
e-03663-2020,2020,https://www.aepd.es/documento/e-03663-2020.pdf,https://web.archive.org/web/20240627045256id_/https://www.aepd.es/documento/e-03663-2020.pdf,"1/5  Procedimiento Nº: E/03663/2020 RESOLUCIÓN DE ARCHIVO DE ACTUACIONES De las actuaciones practicadas por la Agencia Española de Protección de Datos y teniendo como base los siguientes HECHOS PRIMERO: La reclamación interpuesta por A.A.A. (en adelante la reclamante) tiene entrada con fecha 14 de abril de 2020 en la Agencia Española de Protección de Datos. La reclamación se dirige contra ***URL.1, indicando que aparecen publicados vídeos en la dirección de internet ***URL.2, en la que se utiliza de forma completa su nombre y apellidos, relacionándola con actos de contenido sexual, en los cuales en ningún momento ha participado. Que según el denunciante tuvieron lugar a fecha de: desde principios de abril. Y, entre otra, anexa la siguiente documentación:  Documento con captura de pantalla del resultado del motor de búsqueda Google al introducir su nombre y apellidos y captura de pantalla del contenido de la dirección de internet especificada en la reclamación.  Con fecha de 22 de marzo de 2020 se recibe nueva reclamación presentada por la misma reclamante indicando que en el buscador GOOGLE, al realizar una búsqueda con su nombre y apellidos, en la sección “Videos”, aparecen resultados del sitio web de contenido pornográfico ***URL.1. Y anexa la siguiente documentación:  Documento con la captura de pantalla de los resultados del buscador. SEGUNDO: La Subdirección General de Inspección de Datos procedió a la realización de actuaciones previas de investigación para el esclarecimiento de los hechos objeto de la reclamación, teniendo conocimiento de los siguientes extremos: - Se comprueba que el tratamiento que realiza es sitio web reclamado es muy singular. Realmente, el nombre de la reclamada no está almacenado o grabado en ninguna página web, sino que toma la parte contigua a la dirección ***URL.3 y lo muestra en una página web de videos eróticos aleatoria asociando estos a lo que se haya puesto a continuación de esa dirección. Es decir, si se dirigiera el navegador a ***URL.3 aparecería en la página de videos eróticos “***PÁGINA.1”.  - Se comprueba mediante la herramienta de Internet WHOIS que el titular del registro del dominio “***URL.1” es DANESCO TRADING LTD (en adelante, DANESCO) con domicilio en ***LOCALIDAD.1, (***PAÍS.1). - Con fecha de 12 de mayo de 2020, se envía a la dirección anonimizada de correo electrónico de contacto indicada en el registro WHOIS, proporcionada por DANESCO como la del titular del sitio web, una solicitud de cese del tratamiento de los datos C/ Jorge Juan, 6 www.aepd.es 28001 – Madrid sedeagpd.gob.es 2/5 personales de la reclamante. No se ha obtenido escrito ni correo electrónico de contestación remitido por el titular del sitio web reclamado. - Realizada solicitud de información a DANESCO, registrador del dominio correspondiente al sitio web reclamado, por correo electrónico a la dirección ***EMAIL.1 y mediante notificación certificada internacional, con fecha de 20 de julio de 2020 se recibe por correo electró"
e-03686-2020,2020,https://www.aepd.es/documento/e-03686-2020.pdf,https://web.archive.org/web/20221005061805id_/https://www.aepd.es/documento/e-03686-2020.pdf,"1/28  Procedimiento Nº: E/03686/2020  RESOLUCIÓN DE ARCHIVO DE ACTUACIONES De las actuaciones practicadas por la Agencia Española de Protección de Datos y teniendo como base los siguientes HECHOS PRIMERO:  Con fecha 21 de abril de 2020 la Directora de la Agencia Española de Protección de Datos acuerda iniciar las presentes actuaciones de investigación al haber tenido conocimiento del desarrollo y puesta en marcha de la Web/app “CORONAMADRID”, de la que es responsable la Consejería de Sanidad de la Comunidad de Madrid, con el fin de determinar si de tales hechos se desprendieran indicios de infracción en el ámbito competencial de la Agencia Española de Protección de Datos. SEGUNDO: La Subdirección General de Inspección de Datos procedió a la realización de actuaciones previas de investigación para el esclarecimiento de los hechos, requiriendo a la Consejería de Sanidad de la Comunidad de Madrid información y documentación sobre la web/app “CORONAMADRID”. De las actuaciones realizadas en relación con el examen del cumplimiento de los principios de protección de datos recogidos en el RGPD, de las tipologías de datos tratados y de su período de conservación, de las finalidades concretas y de las bases jurídicas del tratamiento de datos, del convenio celebrado con una entidad privada para   el desarrollo de la aplicación, de la política de privacidad de la aplicación y la evaluación de impacto sobre la protección de datos se ha tenido conocimiento de los siguientes extremos: -Se recibe respuesta del Comité Delegado de Protección de datos, del Servicio Madrileño de Salud, de la Consejería de Sanidad, en los siguientes términos: “Con carácter previo procede realizar una breve alusión al contexto que motivó el desarrollo de la citada aplicación que viene marcado por la emergencia sanitaria causada por el coronavirus COVID-19 a escala internacional, circunstancia que determinó que la Organización Mundial de la Salud declarara la situación de pandemia internacional con fecha 11 de marzo de 2020.  Ante la magnitud de la citada crisis sanitaria, el elevado número de afectados y el extraordinario riesgo para la salud pública, el Consejo de Ministros aprobó el Real Decreto 463/2020, de 14 de marzo, por el que se declara el estado de alarma para la gestión de la situación de crisis sanitaria ocasionada por el COVID-19.  Cabe recordar que con anterioridad a dicha declaración, en la reunión del Consejo Interterritorial del Sistema Nacional de Salud de 25 de febrero de 2020, tanto el Ministerio de Sanidad como las Comunidades Autónomas, acordaron potenciar los C/ Jorge Juan, 6 www.aepd.es 28001 – Madrid sedeagpd.gob.es 2/28 servicios de atención telefónica para realizar cribados previos en posibles casos de coronavirus COVID-19. En el ámbito de la Comunidad de Madrid, ante las numerosas solicitudes de información que se recibían en torno al coronavirus y con el objeto de permitir una mejor gestión de los recursos de urgencia y emergencia, se habilitó un número gr"
e-03783-2020,2020,https://www.aepd.es/documento/e-03783-2020.pdf,https://web.archive.org/web/20240630215136id_/https://www.aepd.es/documento/e-03783-2020.pdf,"1/10  Procedimiento Nº: E/03783/2020  940-0419 RESOLUCIÓN DE ARCHIVO DE ACTUACIONES De las actuaciones practicadas por la Agencia Española de Protección de Datos y teniendo como base los siguientes HECHOS PRIMERO:  Con fecha de 30 de abril de 2020 la Directora de la Agencia Española de Protección de Datos acuerda iniciar las presentes actuaciones de investigación en relación con la Orden del Ministerio del Interior ***ORDEN.1, de ***FECHA.1, que establece en el apartado Cuarto punto 8, 2º párrafo que, por parte de los Cuerpos policiales actuantes y los centros competentes de la Secretaría de Estado de Seguridad, se impartirán directrices para prevenir y minimizar los efectos de la desinformación, extremándose la vigilancia y monitorización de las redes y páginas web en las que se difundan mensajes e informaciones falsas orientadas a incrementar el estrés social, e instando en su caso las medidas de intervención previstas en la legislación aplicable, y a las noticias aparecidas en diversos medios de comunicación sobre la elaboración de un informe dedicado a la identificación, estudio y seguimiento, en relación con la situación creada por el COVID-19 de campañas de desinformación, así como publicaciones desmintiendo bulos y fake news susceptibles de generación de estrés social y desafección a instituciones del Gobierno, indicadas en la Orden de Servicio ***ORDEN.2 (ECHO-ALFA) de la Dirección General de la Guardia Civil. SEGUNDO: La Subdirección General de Inspección de Datos procedió a la realización de actuaciones previas de investigación para el esclarecimiento de los hechos, teniendo conocimiento de los siguientes extremos: Con fecha 30 de abril de 2020 se requiere a la Secretaría de Estado de Seguridad del Ministerio del Interior (en adelante SES) información en relación con la Orden ***ORDEN.1 de ***FECHA.1 y con la Orden de Servicio ***ORDEN.2 (ECHO-ALFA) de la Dirección General de la Guardia Civil, específicamente se solicita información sobre cuáles son las finalidades concretas de los tratamientos de datos personales realizados en las citadas actuaciones tanto por la Dirección General de la Policía como por la Guardia Civil, la tipología de datos recabados en estos tratamientos y periodo de conservación previsto por dichos tratamientos, el número de afectados de dichos tratamientos y qué autoridades se han contemplado como destinatarios de los datos. Con fecha 14 de mayo de 2020 tiene entrada en la Agencia Española de Protección de Datos (en adelante AEPD) un escrito remitido por el Delegado de Protección de Datos del Ministerio del Interior en el que manifiesta que tras recabar los informes oportunos de la Dirección General de la Policía y de la Dirección General de la Guardia Civil, trasladan las siguientes consideraciones:  C/ Jorge Juan, 6 www.aepd.es 28001 – Madrid sedeagpd.gob.es 2/10 “En cuanto a la obtención de información en fuentes abiertas del denominado Ciberespacio (redes y páginas Web) indican que la Estrategia de Seguridad "
e-03832-2020,2020,https://www.aepd.es/documento/e-03832-2020.pdf,https://web.archive.org/web/20240627050444id_/https://www.aepd.es/documento/e-03832-2020.pdf,"1/19  Procedimiento Nº: E/03832/2020 (anteriormente E/3346/2020) 940-0419 RESOLUCIÓN DE ARCHIVO DE ACTUACIONES De las actuaciones practicadas por la Agencia Española de Protección de Datos y teniendo como base los siguientes HECHOS PRIMERO:  Con fecha de 30 de marzo de 2020 la Directora de la Agencia Española de Protección de Datos acuerda iniciar las presentes actuaciones de investigación al haber tenido conocimiento del desarrollo y puesta en marcha de varias webs/apps en relación al COVID-19 con tratamientos de datos personales, con el fin de determinar una posible vulneración de la normativa de protección de datos SEGUNDO: La Subdirección General de Inspección de Datos procedió a la realización de actuaciones previas de investigación para el esclarecimiento de los hechos, teniendo conocimiento de los siguientes extremos: 1. Con fecha de 01/04/2020 se requiere a la Consejería de Sanidad Universal y Salud Pública de la Generalitat de Valencia información y documentación sobre las apps desarrolladas con relación al COVID-19. Se obtiene respuesta de la Delegación de Protección de Datos de la Generalitat Valenciana en los siguientes términos: “1.- Esta Delegación actúa conforme a lo establecido en el artículo 19.1 d) y e) del Decreto 195/2018, de 31 de octubre, del Consell, por el que aprobó el Reglamento Orgánico y Funcional de la Conselleria de Transparencia, Responsabilidad Social, Participación y Cooperación y de acuerdo con la regulación que establece el artículo 39.1 d) del Reglamento General de Protección de Datos (RGPD) y el artículo 36.1 de la Ley Orgánica 3/2018, de 5 de diciembre, de Protección de Datos Personales y garantía de los derechos digitales (en adelante, LOPDGDD). 2.- Durante el periodo del 1 al 6 de abril esta Delegación llevó a cabo un análisis de la aplicación móvil GVA Coronavirus en cuanto a su adecuación y cumplimiento de la normativa vigente en el ámbito de la protección de datos, tanto en el desarrollo de la misma como en sus finalidades, actuando así conforme a lo establecido en el artículo 19.1.a), b) y g) del Decreto 195/2018, de 31 de octubre, del Consell. 3.- La aplicación móvil GVA Coronavirus (en adelante app) es una aplicación oficial de la Conselleria de Sanitat Universal i Salut Pública, desarrollada con la finalidad de poder solicitar cita en el centro de salud en caso de presentar síntomas clínicos compatibles con infección por COVID19. A través de la app también se puede acceder a una amplia información sobre la infección C/ Jorge Juan, 6 www.aepd.es 28001 – Madrid sedeagpd.gob.es 2/19 causada por coronavirus COVID-19. Por tanto, supone un sistema de citas dirigido a los casos posibles de infección por el citado virus. El funcionamiento de la aplicación es el siguiente: una vez se identifica la persona interesada, ésta puede realizar una solicitud de cita. En el plazo máximo de 24 horas desde la confirmación de la creación de la cita, recibirá una llamada de un profesional sanitario de su centro de salud "
e-03882-2020,2020,https://www.aepd.es/documento/e-03882-2020.pdf,https://web.archive.org/web/20240531010947id_/https://www.aepd.es/documento/e-03882-2020.pdf,"1/18  Procedimiento Nº: E/03882/2020 RESOLUCIÓN DE ARCHIVO DE ACTUACIONES De las actuaciones practicadas por la Agencia Española de Protección de Datos y teniendo como base los siguientes HECHOS PRIMERO: Con fecha de 14 de mayo de 2020, la Directora de la Agencia Española de Protección de Datos (AEPD) instó a la Subdirección General de Inspección de Datos (SGID) a iniciar las actuaciones previas de investigación a las que se refiere el artículo 67 de la Ley Orgánica 3/2018, de 5 de diciembre, de Protección de Datos Personales y garantía de los derechos digitales (LOPDGDD) dado que, según ha trascendido a través de los medios de comunicación, EL CORTE INGLÉS, S.A. (en adelante, ECI), con CIF A28017895, habría iniciado actuaciones destinadas a la instalación de cámaras termográficas a la entrada de sus establecimientos para medir la temperatura de los clientes. SEGUNDO: La Subdirección General de Inspección de Datos procedió a la realización de actuaciones previas de investigación para el esclarecimiento de los hechos anteriormente descritos, teniendo conocimiento de los siguientes extremos, según se desprende del escrito presentado por ECI, con número de entrada 017706/2020, en respuesta a requerimiento de esta Agencia : Sobre el contexto Según ECI señala, como parte de su escrito número 017837/2020, “ha venido diseñando planes de contingencia [ver anexo 2] ante el COVID-19 desde la perspectiva de su personal, así como de terceros que deben tener relación con nosotros: clientes, proveedores y personal de otras empresas que nos prestan servicios”. El anexo 2 de su escrito 017837/2020, titulado “PLAN DE CONTIGENCIA PARA LA REAPERTURA DE TIENDAS”, fechado el 27 de abril de 2020 y calificado como “DOCUMENTO DE USO INTERNO”, incluye, según el mismo indica, “las medidas preventivas en el reinicio de la actividad de las tiendas después de su suspensión a causa del estado de pandemia por exposición al virus COVID19”. Añade que “este plan se adaptará en cada momento a las indicaciones que establezca el Ministerio de la Sanidad u otras autoridades competentes y también a la disponibilidad en el mercado de medios preventivos, tanto sanitarios como técnicos”. Según señala, “el objetivo último del plan es que, en el momento de la reapertura, sea completa o escalonada, nuestras tiendas sean y se perciban por empleados y clientes como las más seguras y mejor preparadas”.  C/ Jorge Juan, 6 www.aepd.es 28001 – Madrid sedeagpd.gob.es 2/18 Las medidas incluidas en el plan se subdividen en cuatro apartados: “SEGURIDAD Y SALUD DE LOS EMPLEADOS”; “MEDIDAS ORGANIZATIVAS”; “INSTALACIONES Y ESPACIOS COMUNES”; e “INFORMACIÓN Y COMUNICACIÓN”.  En el apartado relativo a la seguridad y salud de los empleados, se citan medidas de higiene y usos sociales, medidas respecto de los trabajadores especialmente sensibles y trabajadores sintomáticos, se contempla la realización de tests rápidos de anticuerpos, medidas de flexibilización laboral, de formación COVID, transporte de empl"
e-03884-2020,2020,https://www.aepd.es/documento/e-03884-2020.pdf,https://web.archive.org/web/20240531021254id_/https://www.aepd.es/documento/e-03884-2020.pdf,"1/17  Procedimiento Nº: E/03884/2020 RESOLUCIÓN DE ARCHIVO DE ACTUACIONES De las actuaciones practicadas por la Agencia Española de Protección de Datos y teniendo como base los siguientes HECHOS PRIMERO: Con fecha de 18 de mayo de 2020, la Directora de la Agencia Española de Protección de Datos (AEPD) instó a la Subdirección General de Inspección de Datos (SGID) a iniciar las actuaciones previas de investigación a las que se refiere el artículo 67 de la Ley Orgánica 3/2018, de 5 de diciembre, de Protección de Datos Personales y garantía de los derechos digitales (LOPDGDD) dado que, según ha trascendido a través de los medios de comunicación, METRO BILBAO, S.A. (en adelante, MB), con NIF A48541957, habría iniciado actuaciones destinadas a medir la temperatura de los pasajeros del suburbano. SEGUNDO: La Subdirección General de Inspección de Datos procedió a la realización de actuaciones previas de investigación para el esclarecimiento de los hechos anteriormente descritos, teniendo conocimiento de los siguientes extremos, según se desprende del escrito presentado por MB, con número de entrada 018048/2020, en respuesta a requerimiento de esta Agencia: Sobre el contexto Según MB señala como parte del escrito 018048/2020, “en fecha 11 de mayo de 2020, el MB decide poner en marcha en sus instalaciones un control de temperatura de los usuarios del metropolitano, en atención a la situación de emergencia causada por la enfermedad por coronavirus iniciada en 2019 (COVID-19), y con el objetivo de ofrecer a las personas una protección adicional “esperable” por parte de la entidad”. Añade además que “el motivo principal por la que se ha decidido implementar este sistema es la de “contribuir en la salvaguarda de la debida seguridad física de las personas y de sus intereses vitales, en la situación actual de emergencia por la enfermedad de coronavirus iniciada en 2019 (Covid-19)”, tanto de trabajadores como de los usuarios ya que, cuando se trata de defender vidas, no es posible, éticamente, esta diferenciación”. Sobre el proceso Según describe MB en el escrito 018048/2020, el proceso de control de temperatura consiste en: “Se instalará una cámara termográfica sin reconocimiento y sin grabación (emitiendo, por lo tanto, en tiempo real) en un espacio habilitado específicamente en determinadas estaciones del metropolitano. Para hacernos una mejor idea, lo único que captarán las cámaras será un mapa de calor de una persona/animal/cosa que C/ Jorge Juan, 6 www.aepd.es 28001 – Madrid sedeagpd.gob.es 2/17 permitirá conocer la medición de temperatura sin identificación, sin grabación y sin registro de datos de las personas al no requerirse su identificación ni mediante documento oficial, ni por vía verbal. (…)” “En ningún momento se almacenará ni grabará ningún tipo de dato personal, ni de imagen, ni de temperatura, ni nombre y apellidos, ni cualquier otro dato relativo a una persona física identificada o identificable. De hecho, no se almacenará ninguna información,"
e-03925-2020,2020,https://www.aepd.es/documento/e-03925-2020.pdf,https://web.archive.org/web/20240220063429id_/https://www.aepd.es/documento/e-03925-2020.pdf,"1/12  Procedimiento Nº: E/03925/2020 940-0419 RESOLUCIÓN DE ARCHIVO DE ACTUACIONES De las actuaciones practicadas por la Agencia Española de Protección de Da- tos y teniendo como base los siguientes HECHOS PRIMERO: La reclamación interpuesta por Doña A.A.A., en nombre de la Sección Sin- dical Estatal CGT-ATOS IT (en adelante, la reclamante) tiene entrada con fecha 24 de octubre de 2019 en la Agencia Española de Protección de Datos. La reclamación se dirige contra ATOS IT SOLUTIONS AND SERVICES IBERIA, S.L., con NIF B85908093 (en adelante, el reclamado).  Los motivos en que basa la reclamación son que la entidad reclamada recaba datos biométricos sensibles de sus trabajadores sin cumplir la normativa de protección de datos. En concreto, no recaba el consentimiento explícito de sus trabajadores, no ha efectuado la evaluación de impacto ni el Registro de Actividades de tratamiento. Fundamenta su reclamación en lo establecido en el artículo 9 del RGPD. Junto a la reclamación aporta numerosos correos electrónicos que se han intercambiado entre el sindicato y la entidad reclamada, en los cuales se indica, entre otras cosas, que el sistema al recoger la huella, por primera vez, crea un template/hash mediante un algoritmo y eso es lo que se almacena en la base de datos de la entidad con todas las medidas de seguridad adecuadas. Señalando que a partir de ese Template/Hash no es posible reconstruir la huella dactilar ni ningún otro dato biométrico. SEGUNDO: De conformidad con el artículo 65.4 de la Ley Orgánica 3/2018, de 5 de diciembre, de Protección de Datos Personales y garantía de los derechos digitales (en adelante LOPDGDD), con número de referencia E/11347/2019, se dio traslado de di- cha reclamación al reclamado, para que procediese a su análisis e informase a esta Agencia en el plazo de un mes, de las acciones llevadas a cabo para adecuarse a los requisitos previstos en la normativa de protección de datos. La reclamada informó, en relación con la reclamación, en el sentido siguiente: “Evaluación de Impacto realizada: Se aportan dos análisis de necesidad de realización de una evaluación de impacto y dos evaluaciones de impacto correspon- dientes al sistema de control de acceso y al sistema de registro de jornada (documen- tos 1, 2, 3 y 4). La evaluación de impacto se denomina DPIA (Data Privacy Impact Asessment) en Atos. Para mayor entendimiento, el documento 13 “Contexto y alega- ciones” citado en el apartado “cualquier otra que considere relevante”, especifica la co- nexión entre ambos tratamientos.  1.- DPIA_Evaluación_necesidad DPIA_Facilities_Dorlet_controldeaccesos.V3 2.- DPIA_Evaluación_necesidad DPIA_RRLL-controljornada.V2.  C/ Jorge Juan, 6 www.aepd.es 28001 – Madrid sedeagpd.gob.es 2/12 3.- DPIA-DORLET_controldeacceso.V3  4.- DPIA-Registro_Jornada_V2  Información facilitada a los trabajadores: se adjuntan las cláusulas informa- tivas publicadas a través de diferentes canales y medios corporativos (intranet, correo electrónico, red social "
e-04251-2020,2020,https://www.aepd.es/documento/e-04251-2020.pdf,https://web.archive.org/web/20240706144403id_/https://www.aepd.es/documento/e-04251-2020.pdf,"1/6  Procedimiento Nº: E/04251/2020 RESOLUCIÓN DE ARCHIVO DE ACTUACIONES De las actuaciones practicadas por la Agencia Española de Protección de Datos y teniendo como base los siguientes: HECHOS PRIMERO: La reclamación interpuesta por Dña. A.A.A. (en adelante, la reclamante) tiene entrada con fecha 8 de noviembre de 2019 en la Agencia Española de Protección de Datos. La reclamación se dirige contra BANCO SANTANDER, S.A., con NIF A39000013 (en adelante, el reclamado).  La reclamante manifiesta, que el reclamado le ha abierto una cuenta bancaría la denominada 123 sin su conocimiento ni autorización. Que sus datos los ha obtenido de otra cuenta que tiene en la misma entidad bancaria.  Añade, que el número de cuenta bancaria que han abierto sin su autorización es la ***CUENTA.1 y el número de tarjeta debito asociada a esta cuenta es la ***TARJETA.1, y que desde el mes de julio está sufriendo, entre otros, problemas como bloqueo del dinero, movimientos de dinero de su tarjeta de crédito a su cuenta con la consiguiente generación de comisiones. Señala, que ha interpuesto varias reclamaciones, aún sin resolver.  Aporta copia de documento con logotipo del reclamado del 10 de septiembre de 2019 con los números de sus cuentas personales y tarjetas de débito a nombre de la reclamante donde constan, entre otras, la cuenta 123 y tarjeta asociada abiertas sin su autorización.  SEGUNDO: La Subdirección General de Inspección de Datos procedió a la realización de actuaciones previas de investigación para el esclarecimiento de los hechos objeto de la reclamación, teniendo conocimiento de los siguientes extremos: El 13 de enero de 2020, el reclamado manifiesta: 1.Que no tienen constancia de haberse formulado reclamación alguna por la reclamante. 2.Que se suscribió un contrato de cuenta corriente y tarjeta de débito oro 1,2,3 a nombre de la reclamante con fecha 28 de julio de 2019 a las 15:54h desde el canal internet. Aporta copia de correo electrónico de dicha contratación:  “La contratación se realizó el domingo 28 de julio de 2019 a las 15:54 horas desde el canal internet”  C/ Jorge Juan, 6 www.aepd.es 28001 – Madrid sedeagpd.gob.es 2/6 Aporta copia de contrato nº ***CONTRATO.1 por la cuenta 1 2 3 y tarjeta débito oro 123 a nombre del reclamante fechado a 28 de julio de 2019. 3.Que no consta que la reclamante haya formulado denuncia alguna ante la autoridad competente poniendo de manifiesto la sustracción de sus claves de banca electrónica. 4.Que, si como señala la reclamante, ella no ha dado su consentimiento a ese contrato, ello solo puede ser consecuencia de que alguien haya accedido con sus claves de la banca electrónica, cuya custodia es de su responsabilidad. 5.Que en relación con los movimientos que manifiesta la reclamante se han producido en sus cuentas sin su consentimiento, el reclamado es igualmente ajeno a los mismos y resultan de una operativa de la reclamante o quien actúe por ella. Que recibió comunicación de una entidad financiera donde esta ent"
e-04688-2020,2020,https://www.aepd.es/es/documento/e-04688-2020.pdf,https://web.archive.org/web/20210608151437id_/https://www.aepd.es/es/documento/e-04688-2020.pdf,"1/4  Procedimiento Nº: E/04688/2020 RESOLUCIÓN DE ARCHIVO DE ACTUACIONES De las actuaciones practicadas por la Agencia Española de Protección de Datos y teniendo como base los siguientes HECHOS PRIMERO: La reclamación interpuesta por Doña A.A.A. (en adelante, la parte reclamante) tiene entrada con fecha 24 de abril de 2020 en la Agencia Española de Protección de Datos. La reclamación se dirige contra INSTITUTO DE ENSEÑANZA SECUNDARIA ***INSTITUTO.1, con CIF S4111001F (en adelante, la parte reclamada).  Los motivos en que basa la reclamación son los siguientes: Difusión de imágenes de su hija obtenidas de redes sociales en un grupo de WhatsApp del resto de compañeros, acompañadas siempre con insultos y contenido sexual. Indica que ya ha hablado con el tutor de su hija y que no es la primera vez que sucede, ni tampoco únicamente con su hija. Y, entre otra, anexa la siguiente documentación: - Captura de pantalla del grupo de WhatsApp con una foto de su hija y comentario inapropiado. SEGUNDO: Con fecha 2 de junio de 2020, la Directora de la Agencia Española de Protección de Datos acordó admitir a trámite la reclamación presentada por el reclamante. TERCERO: La Subdirección General de Inspección de Datos procedió a la realización de actuaciones previas de investigación para el esclarecimiento de los hechos objeto de la reclamación, teniendo conocimiento de los siguientes extremos: ~Solicitada información sobre los hechos reclamados al INSTITUTO, con fecha de 12 de junio de 2020, se recibe en esta Agencia escrito remitido por el INSTITUTO, que por lo que aquí interesa, expone lo siguiente: El mismo día que la parte reclamante dio a conocer los hechos al tutor de la clase, éste se puso en contacto mediante chat y conversación telefónica con el alumno que había publicado las fotos de la hija de la reclamante, reconociendo este que se había equivocado y que no tenía derecho a reenviar nada sin autorización de la otra persona y mucho menos a comentar. El alumno refirió que no iba a volver a repetirlo. C/ Jorge Juan, 6 www.aepd.es 28001 – Madrid sedeagpd.gob.es 2/4 Añaden que la parte reclamante no volvió a comentar nada más sobre el asunto, por lo que el tutor entendió que no se habían vuelto a repetir los hechos reclamados, que había sido algo totalmente esporádico y que estaba todo solucionado. De hecho, el pasado 6 de mayo, el tutor y la reclamante estuvieron hablando sobre los criterios de calificación del centro y la parte reclamante no comentó nada en absoluto sobre que se hubieran repetido estos hechos. ~ En fecha 8 de abril de 2021, se solicita al INSTITUTO que informe de si los hechos reclamados se han repetido, y en su caso, que identificara al autor y a sus padres o tutores legales. Con fecha de 27 de abril de 2021 se recibe en esta Agencia escrito de respuesta remitido por la CONSEJERÍA DE EDUCACIÓN Y DEPORTE de la Junta de ***JUNTA.1 informando de que no les consta que se haya vuelto a producir un hecho similar con la menor. FUNDAMENTOS DE DE"
e-04740-2020,2020,https://www.aepd.es/es/documento/e-04740-2020.pdf,https://web.archive.org/web/20210422165829id_/https://www.aepd.es/es/documento/e-04740-2020.pdf,"1/9  Procedimiento N.º: E/04740/2020 RESOLUCIÓN DE ARCHIVO DE ACTUACIONES De las actuaciones practicadas por la Agencia Española de Protección de Datos y teniendo como base los siguientes HECHOS PRIMERO: Las actuaciones de inspección se inician por la recepción de un escrito de notificación de brecha de seguridad de datos personales remitido por el responsable del tratamiento de HITACHI EUROPE, S.A., en el que informa a la Agencia Española de Protección de Datos que, con fecha ***FECHA.1, se detectó un ataque a través de dos Pc de escritorio en la oficina de HITACHI EUROPE LIMITED en ***PAÍS.1 que permitió el acceso al Directorio activo que contenía datos personales de los empleados y podría haber sido copiado y exportado fuera de la organización. Se han visto afectados datos básicos (nombre y apellidos) y de contacto (número de teléfono y dirección de correo corporativo) de unos 12 empleados. Han notificado a Alemania, Gran Bretaña, Francia e Italia.  SEGUNDO: En fecha 2 de junio de 2020, la Directora de la Agencia Española de Protección de Datos ordena a la Subdirección General de Inspección de Datos que valore la necesidad de realizar las oportunas investigaciones previas con el fin de determinar una posible vulneración de la normativa de protección de datos, teniendo conocimiento de los siguientes extremos:  Fecha de notificación de la brecha de seguridad de datos personales: ***FECHA.2. ENTIDAD INVESTIGADA   HITACHI EUROPE, S.A. con CIF A08653834 con domicilio en C/ ***DIRECCIÓN.1 (Barcelona). RESULTADO DE LAS ACTUACIONES DE INVESTIGACIÓN: 1.- Con fecha 23 de julio de 2021 se procedió a la apertura de un artículo 56 (Identification of LSA and CSA) con número 133083 a través del sistema IMI sobre la brecha de seguridad sufrida por HITACHI EUROPE LIMITED (en adelante HEU) y HITACHI EUROPE SA (en adelante HE España) donde se proponía como autoridad líder a ***PAÍS.1 y como autoridad interesada a España. El caso fue cerrado el 23/09/2020.  No consta ninguna autoridad como LSA ya que ***PAÍS.1 ha contestado que es interesada y solo es principal en lo que respecta al encargado del tratamiento C/ Jorge Juan, 6 www.aepd.es 28001 – Madrid sedeagpd.gob.es 2/9 Se han declarado interesadas: Alemania (Hesse, Berlín, Lower Saxony, Bavaria), Suecia, Bélgica, Italia, Francia, Estonia, Noruega, Países Bajos, Austria, Dinamarca, Luxemburgo, Irlanda, Polonia y Finlandia.   HE España ha aportado documento en el que consta que la Oficina de Información del Comisariado de ***PAÍS.1 (""UK Information Commissioners Office"" - ICO) ha llegado a la conclusión de que no corresponde tomar ninguna acción formal o seguir investigando el incidente (Anexo VII)  1.- Con fechas 16 de diciembre de 2020 y 19 de enero de 2021 se solicitó información a HE España. De la respuesta recibida se desprende lo siguiente: Respecto de la empresa.   Hitachi Europa es una organización dedicada a la innovación en tecnologías operativas y de la información y engloba a más de 130 empresas que"
e-04753-2020,2020,https://www.aepd.es/es/documento/e-04753-2020.pdf,https://web.archive.org/web/20201210090945id_/https://www.aepd.es/es/documento/e-04753-2020.pdf,"1/19  Procedimiento Nº: E/04753/2020 RESOLUCIÓN DE ARCHIVO DE ACTUACIONES De las actuaciones practicadas por la Agencia Española de Protección de Datos y teniendo como base los siguientes HECHOS PRIMERO: La reclamación interpuesta por A.A.A. (en adelante, el reclamante) tiene entrada con fecha 13 de noviembre de 2019 en la Agencia Española de Protección de Datos.  La reclamación se dirige contra CONSEJERÍA DE EDUCACIÓN Y CULTURA DE LA COMUNIDAD AUTÓNOMA DE LA REGIÓN DE MURCIA, y la entidad TOKAPP ONLINE, S.L., (en adelante, el reclamado).  Los motivos en que basa la reclamación son que el centro escolar al que asiste su hija menor, ha cedido sin su consentimiento los datos personales suyos y de su hija a una empresa, propietaria de la aplicación ""TOPAPP SCHOOL"", para realizar a través de la misma las comunicaciones con el centro, que ellos entienden como obligatorias.  Se manifiesta que esta cesión de datos ha sido impuesta de forma obligada y que ha sido puesto en conocimiento de la Consejería de Educación y Cultura de Murcia. El reclamante señala además que esta aplicación solicita para su instalación permisos de geolocalización, acceso a contactos y trata la dirección IP de los usuarios, incumpliendo el principio de minimización de datos establecido en el RGPD, ya que a través del tratamiento de la IP se puede conocer el nombre del operador de internet y su geolocalización y este hecho no se recoge en la política de privacidad de la entidad reclamada. Y, entre otra, anexa la siguiente documentación: • Comunicación en la que consta el logotipo de TOKAPP y el escudo de ISABEL BELL- VIS y donde consta exclusivamente el texto:  “Estimadas familias Hoy en día cuidar la privacidad en la comunicación es una necesidad. Por ello, para mantener un contacto eficaz y respetando las leyes y regulaciones de pro- tección de datos, a partir de ahora enviaremos todas nuestras comunicaciones a través de TokApp School. De esta forma recibiréis toda la información habitual y los avisos importantes en vuestro móvil al instante, además de responder a los mensajes cuando lo solici- temos. Para ello, debéis descargar la app de TokApp School. ¿Cómo? 1. Entrar en la App Store o Play Store. 2. Buscar TokApp School y descargar. Es gratuito. C/ Jorge Juan, 6 www.aepd.es 28001 – Madrid sedeagpd.gob.es 2/19 3. Seguir los pasos para crear usuario, usando el mismo mail o teléfono que nos habéis facilitado al centro. 4. Desplazar el icono de la app a la pantalla principal de vuestro móvil. 5. Esperar a recibir nuestros mensajes. Para cualquier duda o consulta, el departamento de Soporte Técnico de ToakA- pp está disponible para ayudar a través de soporte@TokApp.com y soporte.to- kapp.com Un saludo. El Equipo Directivo. Más información en https://www.tokapp.com ” • Captura de pantalla de los permisos de la aplicación móvil donde consta entre otros “consultar contactos”, “ubicación”, y el texto “Puedes inhabilitar el acceso a estos per- misos en Ajustes.” • Copia de la política"
e-04880-2020,2020,https://www.aepd.es/documento/e-04880-2020.pdf,https://web.archive.org/web/20240706174435id_/https://www.aepd.es/documento/e-04880-2020.pdf,"1/4  Procedimiento Nº: E/04880/2020 RESOLUCIÓN DE ARCHIVO DE ACTUACIONES De las actuaciones practicadas por la Agencia Española de Protección de Datos y teniendo como base los siguientes: HECHOS PRIMERO: La reclamación interpuesta por Dña. A.A.A. (en adelante, la reclamante) tiene entrada con fecha 23 de abril de 2020 en la Agencia Española de Protección de Datos. La reclamación se dirige contra INVEST ESPAÑA, (en adelante, el reclamado).  Por los siguientes hechos según manifestaciones del reclamante:  Que solicitó información sobre un crédito al reclamado cuyo teléfono es ***TELÉFONO.1 y su email ***EMAIL.1. Que rellenó un formulario con su nombre y apellidos y al cabo de unas horas le enviaron una solicitud donde puso su dirección, teléfono y la cantidad.  Posteriormente, le contestaron pidiéndole fotografía del DNI.  Pues bien, no ha vuelto a tener respuesta y no le informaron sobre qué iban a hacer con esa información. Y, entre otra, anexa la siguiente documentación:  Copia de correo electrónico remitido por ***EMAIL.1 a la dirección de correo electrónico de la reclamante con fecha 22 de abril de 2020 cuyo contenido es un formulario a rellenar con los datos de nombre completo, país, ciudad, alquiler mensual, género, estado civil, edad, dirección, teléfono, ocupación, número de móvil, monto del préstamo y duración del préstamo.  Copia de correo electrónico enviado a la dirección “contactar” con la copia del DNI de la denunciante. SEGUNDO: La Subdirección General de Inspección de Datos procedió a la realización de actuaciones previas de investigación para el esclarecimiento de los hechos objeto de la reclamación, teniendo conocimiento de los siguientes extremos: Con fecha 10 de junio de 2020, se comprueba respecto a la web ***URL.1 que: 1. Consta el correo electrónico ***EMAIL.1 2. Consta el teléfono ***TELÉFONO.1 3. Consta la dirección postal ***DIRECCIÓN.1 4. Consta un formulario de contacto con los campos apellido, correo electrónico, asunto, mensaje. 5. No consta una política de privacidad ni la identidad del responsable de la web. C/ Jorge Juan, 6 www.aepd.es 28001 – Madrid sedeagpd.gob.es 2/4 Con fecha 24 de junio de 2020, ORANGE ESPAÑA, S.A. remite a esta Agencia la siguiente información y manifestaciones: 1. Que el titular del número de teléfono ***TELÉFONO.1 es B.B.B. 2. Que al ser una numeración de prepago no es posible adjuntar facturas ni una dirección de facturación. Con fecha 27 de enero de 2021, la Agencia Tributaria Servicio de Planificación y Relaciones Institucionales. remite a esta Agencia la siguiente información y manifestaciones tras solicitar datos de B.B.B. 1. Que no se han podido obtener datos. El 17 de mayo de 2021 se comprueba que al intentar acceder a la dirección ***URL.1 en el navegador, no devuelve ningún resultado. FUNDAMENTOS DE DERECHO I De acuerdo con los poderes de investigación y correctivos que el artículo 58 del Reglamento (UE) 2016/679 (Reglamento general de protección de datos, en adelante RGPD) otor"
e-04957-2020,2020,https://www.aepd.es/documento/e-04957-2020.pdf,https://web.archive.org/web/20251124211049id_/https://www.aepd.es/documento/e-04957-2020.pdf,"1/8  Procedimiento Nº: E/04957/2020 940-0419 RESOLUCIÓN DE ARCHIVO DE ACTUACIONES De las actuaciones practicadas por la Agencia Española de Protección de Datos y teniendo como base los siguientes: HECHOS PRIMERO: La reclamación interpuesta por D. A.A.A., Dña. B.B.B. y D. C.C.C. (en adelante, los reclamantes) tiene entrada con fecha 29 de abril de 2019 en la Agencia Española de Protección de Datos. La reclamación se dirige contra Asnef-Equifax, Servicios de Información sobre Solvencia y Crédito, S.L. con NIF B82064833, Bankia, S.A. con NIF A14010342 (en adelante, los reclamados). Los motivos en que basan la reclamación son en la inclusión de los datos personales de los reclamantes en Asnef Equifax, a consecuencia de una deuda informada por Bankia, S.A, por importe de XXX euros el 30 de abril de 2018 sin la notificación previa de la deuda y sin el requerimiento previo necesario. Los reclamantes manifiestan que Asnef Equifax incumplió la obligación de notificar a los deudores en el plazo máximo de treinta días de dicha inclusión. Asimismo, señalan la falta de comunicación por el acreedor al fichero de solvencia del pago de la deuda con carácter inmediato al objeto de la cancelación de los datos.  Añaden, que el 11 de junio de 2018 abonaron la totalidad de la deuda, sin embargo a pesar de ello, continuaban los datos de los reclamantes dados de alta el día 18 del mismo mes y año. Y, entre otra, aportan la siguiente documentación:  Copia de escritura notarial en relación a la compraventa con subrogación, ampliación y novación de préstamo con garantía hipotecaria fechado a 10 de junio de 2010.  Copia de justificante de Asnef-Equifax donde consta a fecha 11/06/2018 para el deudor D. C.C.C. un saldo actualmente impagado de XXX  Copia de justificante de Asnef-Equifax donde consta a fecha 18/06/2018 para Dña. B.B.B. un saldo actualmente impagado de XXX con fecha de alta 30/04/2018 y siendo la entidad informante BANKIA, S.A. Que en el fichero ASNEF EMPRESAS para esta misma persona no constan saldos impagados a fecha 18/06/2018.  Copia de justificante de Asnef-Equifax donde consta a fecha 18/06/2018 para D. A.A.A. un saldo actualmente impagado de XXX con fecha de alta 30/04/2018 y siendo la entidad informante BANKIA, S.A. C/ Jorge Juan, 6 www.aepd.es 28001 – Madrid sedeagpd.gob.es 2/8  Copia de 6 recibos de préstamo nº: ***CONTRATO.1 con logotipo de BANKIA y fechados a 11/06/2018 donde constan en el campo de “Tit:” Dª. D.D.D. y en el campo “Total cargado” las cantidades y periodos de liquidación siguientes: o Periodo de liquidación 5.04.2018 al 5.05.2018 y cantidad de XXX o Periodo de liquidación 5.03.2018 al 5.04.2018 y cantidad de XXX o Periodo de liquidación 5.02.2018 al 5.03.2018 y cantidad de XXX o Periodo de liquidación 5.01.2018 al 5.02.2018 y cantidad de XXX o Periodo de liquidación 5.12.2017 al 5.01.2018 y cantidad de XXX o Periodo de liquidación 5.05.2018 al 5.06.2018 y cantidad de XXX Con fecha 4 de junio de 2019, se da traslado de la denunci"
e-04967-2020,2020,http://www.aepd.es/documento/e-04967-2020.pdf,https://web.archive.org/web/20260122081946id_/http://www.aepd.es/documento/e-04967-2020.pdf,"1/6  Procedimiento Nº: E/04967/2020 RESOLUCIÓN DE ARCHIVO DE ACTUACIONES De las actuaciones practicadas por la Agencia Española de Protección de Datos y teniendo como base los siguientes HECHOS PRIMERO: La reclamación interpuesta por A.A.A. (en adelante, el reclamante) tiene entrada con fecha 20/11/2019 en la Agencia Española de Protección de Datos. La reclamación se dirige contra GERENCIA REGIONAL DE SALUD DE COMUNIDAD.1, con CIF Q4700608E (en adelante, el reclamado). Los motivos en que basa la reclamación son que “hace unos días”, al solicitar cita telefónica para atención para su médico de cabecera, se solicita en las opciones dar la fecha de nacimiento, pasando a dar una lista de nombres de personas “hasta que dice tu nombre, le confirmas y te da la cita”, considerando que se facilitan datos personales de terceros.  SEGUNDO: De conformidad con el artículo 65.4 de la Ley Orgánica 3/2018, de 5/12 de Protección de Datos Personales y garantía de los derechos digitales (en adelante LOPDGDD), con número de referencia E/00102/2020, se dio traslado  en   escrito   de 13/01/2020 de la reclamación al reclamado, para que procediese a su análisis e informase a esta Agencia en el plazo de un mes. Recibido el 16/01/2020, con fecha 14/02/2020 respondió: -Indican que la implantación del sistema obedece entre otros motivos a la necesidad de la implantación de un sistema de cita previa en una población con gran dispersión geográfica y alto grado de envejecimiento con no fácil acceso a internet.   “Desde el 13/11/2019 está implantado en el sistema de cita previa telefónica para cualquier centro de salud dependiente de la Gerencia Regional de Salud de COMUNIDAD.1 un módu- lo de reconocimiento de voz que permite prescindir de la enumeración de pacientes que mo- tivó la reclamación. Gracias a ese módulo de reconocimiento de voz, la locución del sistema de cita previa ya no enumerará a otros pacientes adscritos al mismo centro de salud en nin- gún caso. “ TERCERO: Con fecha de 9/06/2020, la reclamación es admitida a trámite. CUARTO: Con fecha 31/08/2020 se requiere a reclamada: “1. Base de legitimación del tratamiento del dato de voz. 2. Información que se facilita a los afectados cuando obtienen su voz. 3. Indicar si se ha realizado análisis de riesgos o evalua- ción de impacto de este tratamiento, y en su caso, documentación acreditativa.” En fecha 22/09/2020 se recibe contestación, manifestando: -El tratamiento está basado en el interés público: la gestión de un sistema que da un soporte imprescindible a la prestación de asistencia sanitaria, en los términos de los artículos 6.1.e) y 9.2.h) del RGPD.  C/ Jorge Juan, 6 www.aepd.es 28001 – Madrid sedeagpd.gob.es 2/6 -En el proceso de solicitud de cita, han añadido una la locución informando de que si el inte- resado desea obtener información sobre el responsable, finalidad y legitimación podrá acce- der a ella diciendo “datos” o pulsando el número “9”, y señalando, además, que para ejercer los derechos del intere"
e-04969-2020,2020,https://www.aepd.es/documento/e-04969-2020.pdf,https://web.archive.org/web/20240616143308id_/https://www.aepd.es/documento/e-04969-2020.pdf,"1/4  Procedimiento Nº: E/04969/2020 RESOLUCIÓN DE ARCHIVO DE ACTUACIONES De las actuaciones practicadas por la Agencia Española de Protección de Datos y teniendo como base los siguientes: HECHOS PRIMERO: La reclamación interpuesta por D. A.A.A. (en adelante, el reclamante) tiene entrada con fecha 9 de enero de 2020 en la Agencia Española de Protección de Datos. La reclamación se dirige contra el Ayuntamiento de ***LOCALIDAD.1, con CIF P4105500E (en adelante, el reclamado o Ayuntamiento).  Hechos según manifestaciones del reclamante:  Se reclama que en el perfil de Facebook ""AMIGOS XXXXXXXX DE ***LOCALIDAD.1"" se publican fotografías con la imagen de menores de edad tomadas en un evento de la policía local de ***LOCALIDAD.1. Se reclama el tratamiento de los datos personales de los menores sin habilitación legal. Fecha en la que tuvieron lugar los hechos reclamados: en el momento de la reclamación. Documentación relevante aportada por el reclamante: - Cuatro fotografías del evento en el que se distinguen rostros de menores. SEGUNDO: La Subdirección General de Inspección de Datos procedió a la realización de actuaciones previas de investigación para el esclarecimiento de los hechos objeto de la reclamación, teniendo conocimiento de los siguientes extremos: Notificado el traslado de la reclamación al Ayuntamiento, con fecha de 17 de febrero de 2020 se recibe en esta Agencia, con número de registro 007256/2020, escrito de contestación remitido por el alcalde de ese Ayuntamiento manifestando que dicho perfil de Facebook no es un medio de comunicación oficial del Ayuntamiento de ***LOCALIDAD.1, desconociéndose la identidad de los administradores de dicho perfil de Facebook. Que, como consecuencia de lo anterior, no se ha procedido a realizar ninguna actuación por parte del Ayuntamiento al respecto, al tratarse de un perfil ajeno a esa institución. Con fecha de 17 de septiembre de 2020 se comprueba, sin haberse realizado actuación adicional por parte de esta Agencia, que en este perfil los rostros de los menores de las fotografías de lo que parece ser una jornada de puertas abiertas o la visita de un colegio, han sido enmascaradas resultando imposible la identificación de ninguno de ellos. 48-150221 C/ Jorge Juan, 6 www.aepd.es 28001 – Madrid sedeagpd.gob.es 2/4 Finalmente, se comprueba que el perfil reclamado ha sido eliminado de la red social Facebook. FUNDAMENTOS DE DERECHO I De acuerdo con los poderes de investigación y correctivos que el artículo 58 del Reglamento (UE) 2016/679 (Reglamento general de protección de datos, en adelante RGPD) otorga a cada autoridad de control, y según lo dispuesto en el artículo 47 de la Ley Orgánica 3/2018, de 5 de diciembre, de Protección de Datos Personales y garan- tía de los derechos digitales (en lo sucesivo LOPDGDD), es competente para resolver estas actuaciones de investigación la Directora de la Agencia Española de Protección de Datos. II En la presente reclamación se manifiesta que en el perfil de Facebook ""A"
e-05175-2020,2020,https://www.aepd.es/es/documento/e-05175-2020.pdf,https://web.archive.org/web/20210506193932id_/https://www.aepd.es/es/documento/e-05175-2020.pdf,"1/13  Procedimiento Nº: E/05175/2020 RESOLUCIÓN DE ARCHIVO DE ACTUACIONES De las actuaciones practicadas por la Agencia Española de Protección de Datos y teniendo como base los siguientes HECHOS PRIMERO: Como consecuencia de notificación a la Unidad de Evaluación y Estudios Tecnológicos de una brecha de seguridad de datos personales por parte de la entidad responsable del tratamiento WIZINK BANK, S.A.U, con número de registro de entrada ***REGISTRO.1, la Directora ordenó el 12/06/2020 a la Inspección de Datos que valorase la necesidad de realizar las oportunas investigaciones previas con el fin de determinar una posible vulneración de la normativa de protección de datos. SEGUNDO: A la vista de la citada notificación de quiebra de seguridad de los datos personales, la Subdirección General de Inspección de Datos procedió a la realización de actuaciones previas de investigación, teniendo conocimiento de los siguientes extremos:  INTERVINIENTES INVESTIGADOS Durante las presentes actuaciones se han investigado a los siguientes intervinientes (entidad jurídica y persona física, respectivamente): WIZINK BANK, S.A.U. (en adelante, la investigada #1), con CIF A81831067.  RESULTADO DE LAS ACTUACIONES DE INVESTIGACIÓN Respecto de los intervinientes   La investigada #1 se identifica como la responsable del tratamiento de los datos personales en que se ha producido la brecha de seguridad. Asimismo, la investigada #1 se presenta como la realizadora del mantenimiento de los sistemas informáticos involucrados en la brecha de seguridad.   La investigada #1 cuenta, como encargada de dicho tratamiento, con IBERALBIÓN, A.I.E. (con CIF G84226224), que es una entidad filial suya, para la que trabajaba la empleada en el momento en que se produjo la presente brecha de seguridad de datos personales.  La investigada #1 aporta contrato, firmado en fecha 28/12/2019, con su encargada del tratamiento para la prestación de servicios auxiliares a la actividad económica de la responsable del tratamiento, el cual incluye en su Anexo I cuestiones relativas a la protección de datos, al encargo del tratamiento y a las medidas de seguridad.   La investigada #1 identifica a la empleada como quien remitió datos personales de clientes de su entidad a terceros sin base legal provocando esta brecha de seguridad.  C/ Jorge Juan, 6 www.aepd.es 28001 – Madrid sedeagpd.gob.es 2/13  La investigada #1 dispone de una delegada de protección de datos y así consta reflejado en la Agencia Española de Protección de Datos (en adelante, AEPD).  Respecto de la cronología de los hechos  Todo según manifestaciones de la investigadas #1 y la empleada:   02/06/2020: se produjo el envío de un documento que contenía datos de clientes de la investigada #1, a través del buzón genérico de la Sección Sindical de ***SECCIÓN.1 (***EMAIL.1) a un tercero (***EMAIL.2) que carecía de todo tipo de relación contractual con la investigada #1 ni con su encargada del tratamiento. Este archivo contenía 743 registros de"
e-05239-2020,2020,https://www.aepd.es/documento/e-05239-2020.pdf,https://web.archive.org/web/20240626171554id_/https://www.aepd.es/documento/e-05239-2020.pdf,"1/9  Procedimiento Nº: E/05239/2020 940-0419 RESOLUCIÓN DE ARCHIVO DE ACTUACIONES De las actuaciones practicadas por la Agencia Española de Protección de Datos y teniendo como base los siguientes HECHOS PRIMERO: Con fecha 8 de noviembre de 2019, se recibe un escrito de la ASOCIACIÓN ESPAÑOLA DE VÍCTIMAS DE LOS TESTIGOS DE JEHOVÁ, en la Agencia Española de Protección de Datos. El escrito se refiere a la actuación de TESTIGOS CRISTIANOS DE JEHOVÁ, con NIF R2800029G en relación con los consentimientos de los antiguos miembros que han dejado la organización y los que lo han hecho más recientemente.  Los motivos de la presentación del escrito es pedir aclaraciones sobre la forma de actuar de Testigos Cristianos de Jehová (en lo sucesivo TCJ) cuando alguna persona solicita la eliminación de sus datos de los archivos de TCJ. En algunos casos deniega la solicitud al continuar siendo miembro de TCJ, y en otros mantiene estos datos: nombre, sexo, fecha de bautismo, fecha de expulsión o desasociación y moralidad de la persona; esto es algo que, a su criterio, prohíbe la normativa de protección de datos. La persona que presenta el escrito, indica que fue testigo de Jehová durante 45 años, dejándolo en 2003, pero sigue al corriente de lo que sucede. Continúa exponiendo que, hasta hace relativamente pocos años, no empezó a hablarse de la normativa de protección de datos y no se pedía el consentimiento a los miembros para pertenecer a TCJ. El conocimiento de los datos de las personas que formaban parte de TCJ se facilitaban por terceros, mediante conversaciones sociales en los que se comentaba donde vivían, si estaban casados, la edad, etc, no se pedía ni el DNI. Cuando se bautizaba a un grupo de unas 30 personas, se pedía la edad del mayor y del más joven bautizado, a efectos estadísticos. Así que hay dos grupos de personas, los que están en TCJ desde antes de la normativa de protección de datos, cuyos datos están en fichas de los ancianos y no se les pidió consentimiento; y los que accedieron a TCJ con la normativa ya en vigor y si se les pide consentimiento. Si no lo dan se les excluye de predicar, discursar o conferenciar, e incluso del wi-fi de los locales. La actualización de los datos y el consentimiento de los miembros del primer grupo que se han desasociado o han sido expulsados son imposibles porque el dejar la organización supone la muerte social.   Quieren ejercer su derecho a apostatar, lo cual es imposible para los ex miembros del primer grupo. Expone que no es lícito que TCJ disponga de datos de una persona que nunca consintió en darlos y fueron recogidos de terceros. Incumple el artículo 5 y 6 del C/ Jorge Juan, 6 www.aepd.es 28001 – Madrid sedeagpd.gob.es 2/9 Reglamento General de Protección de Datos. Además, cuando responden indicando los datos que mantienen, acompañan una cita bíblica como motivo de la expulsión. Acudiendo a la lectura de la cita, se sabe el motivo: homosexualidad, adulterio, robo, desobediencia a los ancianos, apostasía… En"
e-05310-2020,2020,https://www.aepd.es/documento/e-05310-2020.pdf,https://web.archive.org/web/20240701173512id_/https://www.aepd.es/documento/e-05310-2020.pdf,"1/16  Procedimiento Nº: E/05310/2020 940-0419 RESOLUCIÓN DE ARCHIVO DE ACTUACIONES De las actuaciones practicadas por la Agencia Española de Protección de Datos y teniendo como base los siguientes HECHOS PRIMERO: La reclamación interpuesta por A.A.A. (en adelante, la reclamante) tiene entrada en la Agencia Española de Protección de Datos el 18/12/2019 y se dirige contra la ASOCIACIÓN DEL COLEGIO ALEMAN DE BILBAO, con NIF G48064836 (en adelante, la reclamada).  La reclamante manifiesta que en el Colegio que dirige la reclamada en Bilbao se ha implantado el sistema de la huella dactilar como método de fichaje horario a la entrada y salida para los empleados (añade que no se aplica a todas las categorías de empleados).  Considera que son datos desproporcionados, no necesarios para el cumplimiento de la obligación, indicando que fallan las medidas de seguridad dando lugar a la identificación de otro trabajador, si bien no aporta acreditación, y desproporcionados pues existen medidas menos intrusivas como la implantación de una tarjeta.  Finaliza indicando que dos empleados han sido sancionados por negarse a fichar con este sistema y uno de ellos lo ha llevado a sede social. Aporta un artículo que habla sobre la legalidad del sistema de registro digital de huella. No se contiene fecha de referencia del escrito, y ofrece sus sistemas de relojes especiales, constando “JPG RELOJERIA INDUSTRIAL”.  En el artículo, se informa que “no utilizan Imágenes de huellas sino descripciones de puntos denominados minucias. Aporta como ejemplo dos huellas- distintas para explicar que: “Cuando se registra una persona en un reloj de fichar lo que se realiza desde la detección de ciertas características del dibujo de la huella, conocidas como minucias, y qué pueden ser de varios tipos: bifurcaciones terminaciones, bucles, etcétera.” Continúa informando que: “En la base de datos del sistema no se guarda la imagen original de la huella, sino un patrón que contiene la posición y tipo de las minucias. Cuando se registra una persona en un reloj de fichar, lo que se realiza es la detección de ciertas características del dibujo de la huella conocidas como minucias y que pueden ser de varios tipos: bifurcaciones, terminaciones bucles, etcétera “. En la imagen del ejemplo con dibujos de huellas, “se muestran los patrones con algunas de las minucias detectadas en cada huella, y el sistema no guarda la imagen original de la huella sino un patrón que contiene la posición y tipo de las minucias. Se observa que es imposible reconstruir el dibujo original de las huellas a partir de las minucias y que las personas podrían llegar a tener el mismo patrón aunque la probabilidad es baja.” C/ Jorge Juan, 6 www.aepd.es 28001 – Madrid sedeagpd.gob.es 2/16  Indica que “los datos están codificados en formato no estándar y que es imposible su utilización fuera del ámbito de los sistemas de control horario”. SEGUNDO: De conformidad con el artículo 65.4 de la Ley Orgánica 3/2018, de 5/12, de Pro- t"
e-05386-2020,2020,https://www.aepd.es/documento/e-05386-2020.pdf,https://web.archive.org/web/20240705075439id_/https://www.aepd.es/documento/e-05386-2020.pdf,"1/20  Procedimiento Nº: E/05386/2020 RESOLUCIÓN DE ARCHIVO DE ACTUACIONES De las actuaciones practicadas por la Agencia Española de Protección de Datos y teniendo como base los siguientes HECHOS PRIMERO: Con fecha 07/12/2018, tuvo entrada en esta Agencia una reclamación presentada por la entidad ALTERNATIVA SINDICAL DE TRABAJADORES (en lo sucesivo AST o la reclamante), contra las entidades Telefónica de España, S.A.U. (en lo sucesivo TdE), Telefónica Móviles España, S.A.U. (en lo sucesivo TME) y Telefónica Soluciones de Informática y Comunicaciones España, S.A.U (en lo sucesivo TSICE). La reclamación se formula en relación con las siguientes operaciones de tratamiento de datos personales de los empleados y de terceros (familiares de los empleados) que llevan a cabo las entidades reclamadas, algunas de las cuales se mencionan en el documento denominado “Anexo de protección de datos al contrato laboral/nombramiento” (en lo sucesivo el “Anexo”), que fue remitido por el Departamento de RRHH de TdE a sus trabajadores mediante correo electrónico de 17/07/2018, en el que figura como asunto el texto “Incorporación del nuevo RGPD a tu relación laboral con Telefónica de España”. Aunque la reclamación se dirige contras las tres entidades antes indicadas, en este documento se señala a TdE como responsable del tratamiento.  Los tratamientos de datos personales que son objeto de la reclamación son los siguientes: 1. Incorporación de los datos personales de los trabajadores a plataformas informáticas externas, accesibles desde el extranjero. (…) Las finalidades que se refieren en este párrafo se describen como “fines relacionados con el desarrollo, formación y promoción de los empleados, la administración, organización y gestión global de la relación laboral”.   2. Recogida de información en Internet sobre la vida privada y personal de los trabajadores, que se utiliza sin justificación. (…) 3. Cesión de los datos de los trabajadores a otras empresas y países. (…) 4. Por parte de la reclamante se cuestiona la actuación de TdE en relación con las bajas por Incapacidad Temporal (IT) de trabajadores y permisos retribuidos por enfermedad de familiares, que detalla como sigue: a) Baja médica por IT: TdE ha elaborado un “Procedimiento para comunicar ausencias al trabajo por causas médicas” en el que dispone la obligación del trabajador de realizar una llamada telefónica y facilitar sus datos personales relativos a DNI, fecha de la baja, tipo de proceso y teléfono privado de contacto, sin que haya opción a no facilitar dicho número de C/ Jorge Juan, 6 www.aepd.es 28001 – Madrid sedeagpd.gob.es 2/20 teléfono y sin facilitar información sobre la finalidad del uso de estos datos, su cesión a terceros, responsable del fichero o ejercicio de derechos.  Posteriormente, el Servicio Médico de la empresa contacta con el trabajador a través del número de línea telefónica facilitado para recoger datos sobre el motivo de la baja. La reclamante indica que el trabajador no tiene la"
e-05431-2020,2020,https://www.aepd.es/documento/e-05431-2020.pdf,https://web.archive.org/web/20240627061947id_/https://www.aepd.es/documento/e-05431-2020.pdf,"1/7  Procedimiento Nº: E/05431/2020 RESOLUCIÓN DE ARCHIVO DE ACTUACIONES De las actuaciones practicadas por la Agencia Española de Protección de Datos y teniendo como base los siguientes: HECHOS PRIMERO: La reclamación interpuesta por D. A.A.A. (en adelante, el reclamante) tiene entrada con fecha 31 de enero de 2020 en la Agencia Española de Protección de Datos. La reclamación se dirige contra EOS SPAIN, S.L., con NIF B64102072 (en adelante, la reclamada). Los motivos en que basa la reclamación son que la reclamada ha incluido sus datos personales en el fichero ASNEF sin comunicación previa y por una deuda que no reconoce. Que tras consultar el Banco de España y al fichero ASNEF la deuda no coincide con el importe que, según EOS SPAIN, S.L. asciende a ***CANTIDAD.1€ desde el año 2015 y según el informe consultado del Banco de España, en el mismo constan 3 préstamos los cuales están al día de pago y están reconocidos (BBVA ***CANTIDAD.2€) (Caixabank ***CANTIDAD.3€). Que solicita a EOS SPAIN, S.L. una copia del contrato firmada por él a la que ellos se niegan a mostrar. Y adjunta la siguiente documentación:  Informe del Banco de España obtenido a 28/01/2020 con título “Información financiera y central de riesgos” donde consta el DNI del denunciante y las operaciones siguientes a fecha de noviembre de 2019: o Para la Entidad Banco Bilbao Vizcaya Argentaria, S.A. en la columna de “Riesgo Dispuesto”/”Dispuesto actual TOTAL” consta la cantidad de ***CANTIDAD.2€, del que importes vencidos consta 0. o Para la Entidad Caixabank, S.A. en la columna de “Riesgo Dispuesto”/”Dispuesto actual TOTAL” consta la cantidad de ***CANTIDAD.3€, del que importes vencidos consta 0. o En la fila “TOTAL EN EL SISTEMA” consta en la columna “Riesgo Dispuesto”/”Dispuesto actual TOTAL” la cantidad de ***CANTIDAD.4€ del que importes vencidos consta 0.  Informe de EQUIFAX obtenido a 29/01/2020 con título “operaciones en el fichero ASNEF” donde consta el DNI del denunciante y las operaciones siguientes: o Para la entidad informante EOS SPAIN, S.L. con fecha de alta 11/11/2019, en la columna “Saldo Act. Impagado” consta ***CANTIDAD.1. o Consta la dirección ***DIRECCION.1 C/ Jorge Juan, 6 www.aepd.es 28001 – Madrid sedeagpd.gob.es 2/7 SEGUNDO: La Subdirección General de Inspección de Datos procedió a la realización de actuaciones previas de investigación para el esclarecimiento de los hechos objeto de la reclamación, teniendo conocimiento de los siguientes extremos: Con fecha 6 de marzo de 2020, se da traslado de la denuncia a EOS SPAIN, S.L., en las actuaciones con referencia E/02051/2020. La notificación se realiza electrónicamente a través de notific@.  Con fecha 10 de junio de 2020, EOS SPAIN, S.L. remite a esta Agencia la siguiente información y manifestaciones: 1. Que EOS SPAIN, S.L. adquirió una relación de operaciones crediticias a BANKIA S.A. en fecha 14 de junio de 2017. Entre dichos créditos se encuentra el préstamo para la adquisición de un vehículo plasmado en contr"
e-05432-2020,2020,https://www.aepd.es/es/documento/e-05432-2020.pdf,https://web.archive.org/web/20210819055405id_/https://www.aepd.es/es/documento/e-05432-2020.pdf,"1/5  Expediente Nº: E/05432/2020 RESOLUCIÓN DE CADUCIDAD DE ACTUACIONES De las actuaciones practicadas por la Agencia Española de Protección de Datos ante la FUNDACIÓN CITIZENGO, en virtud de la reclamación presentada por A.A.A., y teniendo como base los siguientes HECHOS PRIMERO: La reclamación interpuesta por A.A.A. (en adelante, el reclamante) tiene entrada con fecha 8 de abril de 2020 en la Agencia Española de Protección de Datos, a través del “Sistema de Información del Mercado Interior” (en lo sucesivo IMI), regulado por el Reglamento (UE) nº 1024/2012, del Parlamento Europeo y del Consejo, de 25 de octubre de 2012 (Reglamento IMI), cuyo objetivo es favorecer la cooperación administrativa transfronteriza, la asistencia mutua entre los Estados miembros y el intercambio de información. La reclamación se dirige contra FUNDACIÓN CITIZENGO, con CIF G86736998 (en adelante, el reclamado).  Los motivos en que basa la reclamación son los siguientes: - El reclamante, residente en ***PAÍS.1, ha recibido en su buzón de e-mail privado un correo electrónico procedente de la plataforma CITIZENGO, sin haber dado su consentimiento. - En dicho correo se le anima a votar en la segunda ronda de las elecciones presidenciales de su país, y a participar en las campañas que se lanzan a través de la plataforma en cuestión. SEGUNDO: Con fecha 25 de junio de 2020, la Directora de la Agencia Española de Protección de Datos acordó admitir a trámite la reclamación presentada por el reclamante. TERCERO: La Subdirección General de Inspección de Datos procedió a la realización de actuaciones previas de investigación para el esclarecimiento de los hechos objeto de la reclamación, teniendo conocimiento de los siguientes extremos: Según informan los representantes de FUNDACIÓN CITIZENGO, los datos del titular de la cuenta ***EMAIL.1 se incorporaron a su base de datos después de que se firmara con esa dirección de email una alerta de Fundación CitizenGO en ***PAÍS.1 el 30/12/2019 en la dirección ***URL.1. Aportan captura de pantalla del programa de email marketing reflejando la firma de la citada campaña.     Como prueba del consentimiento del reclamante a recibir información sobre otras campañas de Fundación CitizenGO, adjuntan captura de pantalla del programa de email marketing en la que figuran los datos que el firmante introdujo en el formulario de firma:      Nombre: ***NOMBRE.1 C/ Jorge Juan, 6 www.aepd.es 28001 – Madrid sedeagpd.gob.es 2/5  Apellidos: ***APELLIDO.1  Email: ***EMAIL.1   País: ***PAÍS.1   Código Postal: XXXX   Según indican los representantes de la entidad en la captura de pantalla figura la IP de la persona que rellenó el formulario de firma no obstante en la documentación aportada no se observa este dato.  En cuanto al procedimiento seguido para recabar el consentimiento para la recepción de correos relativos a otras campañas distintas a aquella que se está firmando, los representantes de la entidad manifiestan que es necesario realizar la acción "
e-05619-2020,2020,https://www.aepd.es/es/documento/e-05619-2020.pdf,https://web.archive.org/web/20230802122914id_/https://www.aepd.es/es/documento/e-05619-2020.pdf,"1/7  Procedimiento Nº: E/05619/2020 940-0419 RESOLUCIÓN DE ARCHIVO DE ACTUACIONES De las actuaciones practicadas por la Agencia Española de Protección de Datos y teniendo como base los siguientes HECHOS PRIMERO: La reclamación interpuesta por Doña A.A.A. (en adelante, la reclamante) tiene entrada con fecha 24 de septiembre de 2019 en la Agencia Española de Protección de Datos. La reclamación se dirige contra el SERVICIO ANDALUZ DE SALUD, con NIF Q9150013B (en adelante, el reclamado).  Los motivos en que basa la reclamación son, en síntesis, los siguientes: La reclamante solicita la cancelación de sus datos que constan en el Hospital Regional Universitario de Málaga; en concreto, solicita que se suprima lo referente al tratamiento psicológico, hormonal y quirúrgico debido a la reasignación de género, que se efectuó en el Hospital Carlos Haya de Málaga, entre los años 2007 y 2012, y todo lo relativo a su anterior género que persiste en los archivos de la Seguridad Social y en el Hospital Regional. Ya solicitó la cancelación al Servicio Andaluz de Salud, que se lo denegó. Efectuó la misma solicitud al Hospital Puerta del Mar de Cádiz, sin que haya recibido respuesta. Se ha sometido a una reasignación de sexo que se resolvió en el registro civil, en fecha 5 de mayo de 2010. Por ello, ha venido solicitando la cancelación de todos los datos de la historia clínica derivados de ese proceso.  Se ha denegado su solicitud aduciendo que los datos no son inexactos; pero su mantenimiento vulnera su honor, conforme la Ley Orgánica 1/1982. De acuerdo con el RGPD, en su artículo 17 se recoge ese derecho a suprimir sus datos cuando ya no son necesarios para las finalidades para las que se recogieron; el interesado retire el consentimiento; o se oponga al tratamiento y no haya otros motivos legítimos para tratarlos. Ya solicitó en la Agencia Española de Protección de Datos la cancelación de los datos que ahora reitera y se inadmitió su reclamación. Acudió a la Audiencia Nacional que estimó parcialmente su reclamación señalando que no había transcurrido el tiempo establecido en la Ley de Autonomía del Paciente para proceder a su cancelación. Ahora que ya han transcurrido los 5 años establecidos en la Ley, solicita nuevamente la cancelación. SEGUNDO: De conformidad con el artículo 65.4 de la Ley Orgánica 3/2018, de 5 de diciembre, de Protección de Datos Personales y garantía de los derechos digitales (en C/ Jorge Juan, 6 www.aepd.es 28001 – Madrid sedeagpd.gob.es 2/7 adelante LOPDGDD), con número de referencia E/09702/2019, se dio traslado de dicha reclamación al reclamado, para que procediese a su análisis e informase a esta Agencia en el plazo de un mes, de las acciones llevadas a cabo para adecuarse a los requisitos previstos en la normativa de protección de datos. El Servicio Andaluz de Salud presentó alegaciones señalando que el Hospital Universitario Puerta del Mar ha recibido recomendación para modificar los datos en los informes médicos posteriores a la fech"
e-05948-2020,2020,https://www.aepd.es/es/documento/e-05948-2020.pdf,https://web.archive.org/web/20210219121707id_/https://www.aepd.es/es/documento/e-05948-2020.pdf,"1/5  Procedimiento Nº: E/05948/2020 RESOLUCIÓN DE ARCHIVO DE ACTUACIONES De las actuaciones practicadas por la Agencia Española de Protección de Datos y teniendo como base los siguientes HECHOS PRIMERO:  La reclamación interpuesta por  FACUA - ASOCIACIÓN DE CONSUMIDORES Y USUARIOS EN ACCIÓN (en adelante, el reclamante) tiene entrada con fecha 25 de mayo de 2020 en la Agencia Española de Protección de Datos. La reclamación se dirige contra A.A.A. (TIENDAPATRIA.ES), con NIF ***NIF.1 (en adelante, el reclamado).  Los motivos en que basan la reclamación los representantes de FACUA son que han comprobado que en la página web ***URL.1  resulta imposible identificar a la entidad titular de la misma, dado que no se indica el nombre de la mercantil, ni domicilio social alguno y tampoco se informa sobre los datos correspondientes a la inscripción en el registro mercantil de esta entidad.  Igualmente, nada se menciona en relación a los datos personales que pudieran obtener de los usuarios que adquiriesen algún producto de los anunciados en esta plataforma web, ni cuáles serán los fines que darán a estos datos ni cómo ejercer sus derechos sobre el tratamiento de los mismos, ni si existe algún responsable designado para esta clase de menesteres. SEGUNDO: La Subdirección General de Inspección de Datos procedió a la realización de actuaciones previas de investigación para el esclarecimiento de los hechos objeto de la reclamación, teniendo conocimiento de los siguientes extremos: Tras requerir al responsable de la gestión de la web ***URL.1 información relativa a: • Razón social, domicilio social y número de CIF de la entidad responsable de la web ***URL.1 • Lugar de la web o del contrato de compra en que se informa a los clientes y usuarios de la web de los términos indicados en el artículo 13 del RGPD, concretamente: 1. la identidad y los datos de contacto del responsable y, en su caso, de su representante;  2. los datos de contacto del delegado de protección de datos, en su caso;  3. los fines del tratamiento a que se destinan los datos personales y la base jurídica del tratamiento;  4. los intereses legítimos del responsable o de un tercero, en su caso  C/ Jorge Juan, 6 www.aepd.es 28001 – Madrid sedeagpd.gob.es 2/5 5. los destinatarios o las categorías de destinatarios de los datos personales, en su caso;  6. en su caso, la intención de transferir datos personales a un tercer país u organización internacional y la existencia o ausencia de una decisión de adecuación de la Comisión  7. el plazo durante el cual se conservarán los datos personales o, cuando no sea posible, los criterios utilizados para determinar este plazo;  8. la existencia del derecho a solicitar el acceso a los datos personales relativos al interesado, y su rectificación o supresión, o la limitación de su tratamiento, o a oponerse al tratamiento, así como el derecho a la portabilidad de los datos;  9. la existencia del derecho a retirar el consentimiento en cualquier momento  10. el derech"
e-06094-2020,2020,https://www.aepd.es/documento/e-06094-2020.pdf,https://web.archive.org/web/20240529063314id_/https://www.aepd.es/documento/e-06094-2020.pdf,"1/4  Procedimiento Nº: E/06094/2020 940-0419 RESOLUCIÓN DE ARCHIVO DE ACTUACIONES De las actuaciones practicadas por la Agencia Española de Protección de Datos y teniendo como base los siguientes HECHOS PRIMERO: Como consecuencia de la notificación a la Unidad de Evaluación y Estudios Tecnológicos de esta Agencia de una brecha de seguridad de datos personales por parte del Responsable del Tratamiento EDP ENERGÍA S.A.U. (en adelante EDP), con número de registro de entrada 017326/2020, relativa a publicación en Internet sin medidas que pudieran garantizar la confidencialidad una base de datos con datos personales de 185.500 personas físicas, la Directora de la Agencia Española de Protección de Datos dictó una orden para que en el plazo de 30 días el responsable del tratamiento comunicara la brecha de seguridad de datos personales a los afectados. La orden fue notificada al responsable con fecha 26 de mayo de 2020 y número de registro de salida 041914/2020. Transcurrido el plazo no se ha recibido confirmación de haber ejecutado esta. Con fecha de 16 de julio de 2020 la Directora de la Agencia Española de Protección de Datos ordena a la Subdirección General de Inspección de Datos que valore la necesidad de realizar las oportunas investigaciones previas con el fin de determinar una posible vulneración de la normativa de protección de datos. SEGUNDO: La Subdirección General de Inspección de Datos procedió a la realización de actuaciones previas de investigación para el esclarecimiento de los hechos objeto de la reclamación, teniendo conocimiento de los siguientes extremos: ENTIDADES INVESTIGADAS EDP ENERGÍA, S.A.U., con NIF A33543547 y con domicilio en Plaza del Fresno 2, 33007 OVIEDO (ASTURIAS). RESULTADO DE LAS ACTUACIONES DE INVESTIGACIÓN 1. Mediante escrito de fecha 26 de mayo de 2020 la Directora de la Agencia Española de Protección de Datos ordenó al responsable EDP, lo siguiente: “Se lleve a cabo la comunicación de la mencionada brecha de seguridad a los interesados, sin dilación indebida, para que, una vez tengan conocimiento de esta, puedan adoptar las medidas que consideren oportunas para evitar aquellos riesgos que pudieran afectar a su persona. La comunicación a los interesados se realizará siguiendo lo previsto en el artículo 34 del RGPD, en particular en su apartado segundo, debiendo describir en lenguaje claro y sencillo la naturaleza de la violación de seguridad de los datos personales y las posibles medidas que pudieran ser tomadas por los interesados C/ Jorge Juan, 6 www.aepd.es 28001 – Madrid sedeagpd.gob.es 2/4 en función de los riesgos que, en cada caso, pudieran ser identificados por los afectados. El cumplimiento de lo ordenado se exige a tenor de lo previsto en los artículos 34.4 del RGPD como consecuencia de haberse visto publicada en Internet sin medidas que pudieran garantizar la confidencialidad una base de datos con datos personales de 24.000 personas físicas siendo la severidad de las consecuencias para los individuos muy"
e-06177-2020,2020,https://www.aepd.es/es/documento/e-06177-2020.pdf,https://web.archive.org/web/20201218082035id_/https://www.aepd.es/es/documento/e-06177-2020.pdf,"1/4 Procedimiento Nº: E/06177/2020  RESOLUCIÓN DE ARCHIVO DE ACTUACIONES De las actuaciones practicadas por la Agencia Española de Protección de Datos y teniendo como base los siguientes HECHOS PRIMERO: Como consecuencia de la notificación a la Unidad de Evaluación y Estudios Tecnológicos de esta Agencia de una brecha de seguridad de datos personales por parte del Responsable del Tratamiento INFOSYS LIMITED S.E.E., con número de registro de entrada 017048/2020, relativa a datos que se han visto afectados, entre otros, datos relativos a credenciales de acceso, datos económicos o financieros, datos de contacto e información laboral de empleados y exempleados a través de la herramienta de compartición de ficheros del responsable con la que se podía acceder a la información de cualquier empleado y exempleado, la Directora de la Agencia Española de Protección de Datos dicta una orden para que en el plazo de 30 días el responsable del tratamiento comunicara la brecha de seguridad de datos personales a los afectados. La orden fue notificada al responsable en fecha 29 de mayo de 2020. Transcurrido el plazo no se ha recibido confirmación de haber ejecutado esta. En fecha de 15 de julio de 2020 la Directora de la Agencia Española de Protección de Datos ordena a la Subdirección General de Inspección de Datos que valore la necesidad de realizar las oportunas investigaciones previas con el fin de determinar una posible vulneración de la normativa de protección de datos. SEGUNDO: La Subdirección General de Inspección de Datos procede a la realización de actuaciones previas de investigación para el esclarecimiento de los hechos objeto de la reclamación, teniendo conocimiento de los siguientes extremos: ENTIDADES INVESTIGADAS INFOSYS LIMITED S.E.E. con NIF W6641017F y con domicilio en Paseo de la Castellana 7,7, 28046 Madrid (MADRID). C/ Jorge Juan, 6 www.aepd.es 28001 – Madrid sedeagpd.gob.es 2/4 RESULTADO DE LAS ACTUACIONES DE INVESTIGACIÓN 1. Mediante escrito de fecha 8 de junio de 2020 la Directora de la Agencia Española de Protección de Datos ordenó al responsable INFOSYS LIMITED S.E.E. lo siguiente:  “Se lleve a cabo la comunicación de la mencionada brecha de seguridad a los interesados, sin dilación indebida, para que, una vez tengan conocimiento de esta, puedan adoptar las medidas que consideren oportunas para evitar aquellos riesgos que pudieran afectar a su persona.  La comunicación a los interesados se realizará siguiendo lo previsto en el artículo 34 del RGPD, en particular en su apartado segundo, debiendo describir en lenguaje claro y sencillo la naturaleza de la violación de seguridad de los datos personales y las posibles medidas que pudieran ser tomadas por los interesados en función de los riesgos que, en cada caso, pudieran ser identificados por los afectados.  El cumplimiento de lo ordenado se exige a tenor de lo previsto en los artículos 34.4 del RGPD como consecuencia de que en la notificación de brecha de seguridad de los datos personales "
e-06209-2020,2020,https://www.aepd.es/documento/e-06209-2020.pdf,https://web.archive.org/web/20240619112801id_/https://www.aepd.es/documento/e-06209-2020.pdf,"1/4  Procedimiento Nº: E/06209/2020 RESOLUCIÓN DE ARCHIVO DE ACTUACIONES De las actuaciones practicadas por la Agencia Española de Protección de Datos y te- niendo como base los siguientes HECHOS PRIMERO Con fecha de 29 de mayo de 2019 la Directora de la Agencia Española de Protección de Datos acuerda lo siguiente: “Como consecuencia de las numerosas noticias aparecidas en la prensa relativas a la difusión de un vídeo de una trabajadora de la empresa IVECO a terceros, y al objeto de determinar si se ha podido infringir lo establecido en el Reglamento General de Protección de Datos, se insta a la Subdirección General de Inspección de Datos a que inicie de oficio Actuaciones Previas de Investigaciones tendentes a acreditar estos hechos”. Las iniciales de nombre y apellidos de la trabajadora son A.A.A.. SEGUNDO: La Subdirección General de Inspección de Datos procedió a la realización de actuaciones previas de investigación para el esclarecimiento de los hechos objeto de la reclamación, teniendo conocimiento de los siguientes extremos: Los representantes de IVECO manifiestan que para esclarecer las circunstancias en las que se ha difundo el vídeo se ha solicitado la colaboración de un despacho de abo- gados externo que ha realizado una instrucción detallada. Para ello ha mantenido nu- merosas entrevistas con los grupos sindicales y con aproximadamente 17 trabajadores próximos a la persona afectada por la difusión del vídeo. En relación a las conclusiones finales de la instrucción externa, los representes de la entidad indican que objeto del informe realizado por la instructora externa era el de es- clarecer los hechos acaecidos en los días previos al fallecimiento de A.A.A., dentro del marco del entorno laboral de ésta. Las conclusiones finales de la instructora son las si- guientes:   ""Se desconoce quién pudo reenviar o difundir el vídeo íntimo de A.A.A."". Esta afirmación se reitera en varias ocasiones a lo largo del informe.  ""Resulta transcendente el dato de que a día de hoy no consta probado quién fue la persona que inició la difusión del video íntimo de A.A.A."". De las anteriores manifestaciones se puede extraer que la instructora no cuenta con información y/o documentación que permita determinar o identificar a la persona o per- sonas que pudieron haber difundido el vídeo dentro del entorno laboral de la trabajado- ra. No existe, por tanto, documentación en el expediente aportado por IVECO que per- mita determinar a las personas responsables de la difusión del video. En el informe también se deja constancia de que:  Los operarios de producción de Iveco no tienen teléfonos móviles (smartphone) de empresa.  En la planta de Iveco en ***LOCALIDAD.1 hay carteles en los que se prohíbe C/ Jorge Juan, 6 www.aepd.es 28001 – Madrid sedeagpd.gob.es 2/4 expresamente hacer fotos o grabar vídeos. Desde el día inmediatamente siguiente a haber conocido la existencia del vídeo íntimo de la trabajadora, IVECO adoptó medidas, en coordinación con los Sindicatos"
e-06220-2020,2020,https://www.aepd.es/documento/e-06220-2020.pdf,https://web.archive.org/web/20240706150529id_/https://www.aepd.es/documento/e-06220-2020.pdf,"1/4  Procedimiento Nº: E/06220/2020 940-0419 RESOLUCIÓN DE ARCHIVO DE ACTUACIONES De las actuaciones practicadas por la Agencia Española de Protección de Datos y teniendo como base los siguientes, HECHOS PRIMERO: Con fecha 02/08/19, tuvo entrada en esta Agencia escrito, presentado por D. A.A.A. y D. B.B.B., (en adelante, “los reclamantes”), en el que indicaban, entre otras, lo siguiente:  “Nuestro padre, el cual falleció el 19 de abril de 1999 en Zaragoza, vivía en ***LOCALIDAD.1 (Zaragoza) y era cliente de Banesto, once días antes de su fallecimiento hizo testamento en el que nos nombraba únicos herederos a sus dos hijos. En el mismo testamento nombra contador partidor a C.C.C., hermano solo por parte de madre de nuestro padre y también le nombra administrador de nuestros bienes durante nuestra minoría de edad. Cuando nuestra madre acudió a firmar en nuestro nombre la aceptación de herencia, el contador partidor y administrador de nuestros bienes plasmó un caudal hereditario, sin embargo en la liquidación de impuesto de sucesiones liquidó por importe de 24.694,38 euros cada uno de los herederos, existiendo un diferencial de 38.000 euros de descuadre, que el administrador no nos da explicaciones de donde proceden, ni nos entrega la documentación que nos pertenece. En próximas fechas vamos a interponer procedimiento judicial contra él reclamando lo que nos pertenece.  Debido a la investigación que llevamos haciendo durante más de 3 años de los bienes que nos dejó nuestro padre y existiendo ese diferencial, empezamos a investigar si podía proceder de la herencia que hubiera podido percibir de nuestro abuelo,  Lo primero que hicimos fue acudir al Registro Civil de Santo Tomé, de donde eran naturales tanto nuestro padre como nuestro abuelo.  Pero en la partida de nacimiento de nuestro abuelo no aparecía ninguna nota marginal donde se viera la fecha de su fallecimiento. Hemos tenido que tramitar nosotros todas las inscripciones marginales de los dos matrimonios y el fallecimiento.   Nuestro abuelo no hizo testamento. A través del Registro de la Propiedad de ***LOCALIDAD.1 solicitamos un certificado literal de la vivienda sita en Soberanía Nacional 2 lº de ***LOCALIDAD.1, por lo que venía en la partida de defunción, de la cual nuestro abuelo poseía el 50% de propiedad, para poder saber cuál era el número de protocolo de la escritura de aceptación de herencia. Una vez conseguimos dicho documento solicitamos a la Notaría de ***LOCALIDAD.1, la escritura de aceptación de herencia y la declaración de herederos.  Donde incluso los propios trabajadores de la Notaría se sorprendieron diciendo que nuestro padre no aparecía como heredero, pero ellos tenían toda la documentación que nosotros les habíamos enviado demostrando nuestra legitimidad.  Cuando recibimos la escritura de aceptación de C/ Jorge Juan, 6 www.aepd.es 28001 – Madrid sedeagpd.gob.es 2/4 herencia vimos que nuestro abuelo tenía una cuenta en Banesto en la oficina que tenían en ***LOCALIDAD.1. Ya "
e-06233-2020,2020,https://www.aepd.es/es/documento/e-06233-2020.pdf,https://web.archive.org/web/20200907195114id_/https://www.aepd.es/es/documento/e-06233-2020.pdf,"1/5  Procedimiento Nº: E/06233/2020 940-0419 RESOLUCIÓN DE ARCHIVO DE ACTUACIONES De las actuaciones practicadas por la Agencia Española de Protección de Datos y teniendo como base los siguientes: HECHOS PRIMERO: La reclamación interpuesta por Doña A.A.A. (en adelante, la reclamante) tiene entrada con fecha 4 de mayo de 2020 en la Agencia Española de Protección de Datos. La reclamación se dirige contra Don B.B.B., con NIF ***NIF.1 (en adelante, el reclamado). Los motivos en que basa la reclamación son los siguientes: El reclamado es un vecino responsable de la instalación, que ha instalado en la fachada de un inmueble, cámaras de videovigilancia, que son susceptibles de captar la vía pública y viviendas colindantes. Aporta imágenes en las que se aprecian, al menos, dos cámaras en la fachada de un inmueble, que, por su ubicación, pudieran captar zonas de tránsito público. SEGUNDO: De conformidad con el artículo 65.4 de la Ley Orgánica 3/2018, de 5 de diciembre, de Protección de Datos Personales y garantía de los derechos digitales (en adelante LOPDGDD), con número de referencia E/03846/2020, se dio traslado de dicha reclamación al reclamado, para que procediese a su análisis e informase a esta Agencia en el plazo de un mes, de las acciones llevadas a cabo para adecuarse a los requisitos previstos en la normativa de protección de datos. El reclamado manifiesta que las cámaras fueron puestas por orden judicial, habiéndose archivado el PS/00415/2010 realizado en esta Agencia. No aporta ni cartel, ni imágenes captadas, solo la inscripción del fichero de videovigilancia en el año 2010. Se procede a solicitar nuevamente al denunciado la situación de la cámara en fecha 16/6/2020. El denunciado informa que las cámaras no son ficticias y que captaban puerta del local, garaje, etc. Añade que no están operativas en la actualidad. Aporta sentencias del año 2007 y auto del año 2009 de los problemas con sus vecinos y copia del PS anteriormente mencionado. TERCERO: Con fecha 6 de julio de 2020, la Directora de la Agencia Española de Protección de Datos acordó admitir a trámite la reclamación presentada por el reclamante. C/ Jorge Juan, 6 www.aepd.es 28001 – Madrid sedeagpd.gob.es 2/5 FUNDAMENTOS DE DERECHO I De acuerdo con los poderes de investigación y correctivos que el artículo 58 del Reglamento (UE) 2016/679 (Reglamento general de protección de datos, en adelante RGPD) otorga a cada autoridad de control, y según lo dispuesto en el artículo 47 de la Ley Orgánica 3/2018, de 5 de diciembre, de Protección de Datos Personales y garantía de los derechos digitales (en lo sucesivo LOPDGDD), es competente para resolver estas actuaciones de investigación la Directora de la Agencia Española de Protección de Datos. II En el presente caso, se procede a examinar la reclamación, de fecha 4 de mayo de 2020, por medio de la cual se reclama por la instalación en la fachada de un inmueble de cámaras de videovigilancia, que son susceptibles de captar la vía pública y viviendas"
e-06406-2020,2020,https://www.aepd.es/documento/e-06406-2020.pdf,https://web.archive.org/web/20240808234317id_/https://www.aepd.es/documento/e-06406-2020.pdf,"1/19  Procedimiento N.º E/06406/2020 RESOLUCIÓN DE ARCHIVO DE ACTUACIONES De las actuaciones practicadas por la Agencia Española de Protección de Datos  (en lo sucesivo, AEPD) y teniendo como base los siguientes HECHOS PRIMERO: Con fecha 30 de julio de 2020, la directora de la AEPD, tiene constancia de que en fecha ***FECHA.1, se publica en el sitio de internet de la Comunidad de Madrid (en adelante, CAM) una nota de prensa (***URL.1) en la que se anuncia el establecimiento de nuevas medidas para frenar la expansión del coronavirus. Entre tales medidas se hacía referencia a la siguiente: ""Será obligatorio que los locales de restauración y ocio nocturno lleven un re- gistro para permitir a los clientes aportar datos de contacto con la finalidad de localizarles si, con posterioridad, se confirma un caso positivo en uno de estos establecimientos"". En el Boletín Oficial de la Comunidad de Madrid (BOCM) del día ***FECHA.2 (***URL.2) se publica la ""Orden ***ORDEN.1, de ***FECHA.1, de la Consejería de Sanidad, por la que se modifica la Orden ***ORDEN.2, de ***FECHA.3, por la que se establecen medidas preventivas para hacer frente a la crisis sanitaria ocasionada por el COVID-19, una vez finalizada la prórroga del estado de alarma establecida por el Real Decreto 555/2020, de 5 de junio"". En la citada Orden se cita como sujetos obligados y definición del tratamiento: los salo- nes de banquetes, las discotecas y los establecimientos de ocio nocturno deben llevar un registro de ""clientes"" (salones de banquetes) y ""personas que accedan a los mis- mos"" (discotecas y establecimientos de ocio nocturno). Como finalidad del tratamiento: ""posibilitar el seguimiento y localización de posibles contactos en los casos de descubrimiento posterior de presencia de casos positivos, probables o posibles de COVID-19"". Como Base jurídica del tratamiento: el consentimiento del interesado ""sin perjuicio de condicionar el derecho de admisión, por razones de salud pública en caso de no poder contar con el mismo”. Al objeto de aclarar este tratamiento, la directora de la AEPD insta a la Subdirección General de Inspección de Datos (en adelante, SGID), a iniciar las actuaciones previas de investigación a las que se refiere el artículo 67 de la Ley Orgánica 3/2018, de 6 de diciembre, de Protección de Datos Personales y Garantía de los Derechos Digitales, por si de tales hechos se desprendieran indicios de infracción en el ámbito competencial de la AEPD. C/ Jorge Juan, 6 www.aepd.es 28001 – Madrid sedeagpd.gob.es 2/19 SEGUNDO: A la vista de estos hechos descritos, la SGID procede a la realización de actuaciones previas de investigación para su esclarecimiento, en virtud de los poderes de investigación otorgados a las autoridades de control en el artículo 57.1 del Reglamento (UE) 2016/679 del Parlamento Europeo y del Consejo, de 27 de abril de 2016, relativo a la protección de las personas físicas en lo que respecta al tratamiento de datos personales y a la libre circulación de estos"
e-06481-2020,2020,https://www.aepd.es/es/documento/e-06481-2020.pdf,https://web.archive.org/web/20210223171251id_/https://www.aepd.es/es/documento/e-06481-2020.pdf,"1/5  Procedimiento Nº: E/06481/2020 RESOLUCIÓN DE ARCHIVO DE ACTUACIONES De las actuaciones practicadas por la Agencia Española de Protección de Datos y teniendo como base los siguientes HECHOS PRIMERO: La reclamación interpuesta por Doña A.A.A. (en adelante, el reclamante) tiene entrada con fecha 31 de julio de 2020 en la Agencia Española de Protección de Datos.  La reclamación se dirige contra la dirección ***URL.1 (en adelante, sitio web reclamado o el sitio web). Los motivos en que basa la reclamación son la publicación en el sitio web reclamado de su teléfono de contacto y otros datos personales de la reclamante, incluyendo fotografía. Los hechos se han producido en el momento de presentar la reclamación. Junto a la reclamación aporta lo siguiente: - Denuncia ante la Dirección General de Policía (Cuerpo Policía Nacional) - Impresión de pantalla de sus datos personales publicados en el sitio web reclamado SEGUNDO: La Subdirección General de Inspección de Datos procedió a la realización de actuaciones previas de investigación para el esclarecimiento de los hechos objeto de la reclamación, teniendo conocimiento de los siguientes extremos: ~ Mediante la herramienta de internet WHOIS se comprueba que se ha registrado, como titular del registro del dominio del sitio web reclamado, la sociedad “Domains by Proxy, LLC”, con sede en ***LOCALIDAD.1 (***PAÍS.1). En este registro, aparece una dirección de correo electrónico anonimizada del titular final del dominio. ~ Con fecha de 11 de agosto de 2020, se traslada la reclamación recibida en esta Agencia al titular del dominio reclamado. Con fecha de 21 de agosto de 2020, se recibe escrito de contestación, en el que expone que los datos personales indicados se obtuvieron de forma totalmente automática mediante buscadores en la red Internet, al igual que el resto de contenido su sitio web, a excepción de los posibles comentarios de usuarios, que, en el caso de la página web reclamada, no existen. Añaden, que, en el caso concreto relativo a esta reclamación, los datos se obtuvieron de un anuncio público en Internet del sitio “pasion.com”. Concretamente, en la dirección:  ***URL.2 Finalizan señalando que el contenido ha sido eliminado de su sitio web y que han solicitado a Google su desindexación. ~ Realizada solicitud de información a MUBA ONLINE, S.L., (en adelante, MUBA), propietaria del sitio web de contactos “***URL.3”,  sobre el origen de la publicación referida por el titular del sitio web “***URL.4” y otros posibles anuncios con el mismo C/ Jorge Juan, 6 www.aepd.es 28001 – Madrid sedeagpd.gob.es 2/5 número de teléfono, se recibe en esta Agencia escrito de contestación informando de que el único dato necesario para publicar anuncios en su sitio web es el correo electrónico, siendo el teléfono opcional, por lo que solo disponen de estos datos de contacto del usuario que publicó el anuncio. No obstante, facilitan además, la dirección IP de sesión desde donde se cargó el contenido del anuncio. Añaden q"
e-06746-2020,2020,https://www.aepd.es/documento/e-06746-2020.pdf,https://web.archive.org/web/20240706211008id_/https://www.aepd.es/documento/e-06746-2020.pdf,"1/12  Procedimiento Nº: E/06746/2020 RESOLUCIÓN DE ARCHIVO DE ACTUACIONES De las actuaciones practicadas por la Agencia Española de Protección de Datos y teniendo como base los siguientes: HECHOS PRIMERO: Las actuaciones de inspección se inician por la recepción de una reclamación sobre una brecha de seguridad de los datos personales con las siguientes características: Fecha de entrada de la reclamación: 27 de febrero de 2020. Reclamante: A.A.A. (en adelante, el reclamante) Reclamada: LEROY MERLIN ESPAÑA, S.L., con NIF B84818442 y domicilio en Avda. de la Vega, 2 - 28108 Alcobendas (Madrid). Hechos según manifestaciones del reclamante:  - Al disponerse a crear una cuenta de usuario para dos compañeros de trabajo suyos (con su autorización) en el portal web de LEROY MERLIN ESPAÑA S.L., de URL ***URL.1, el reclamante descubre con sorpresa que el portal ya disponía de sus datos personales (nombre, apellidos, dirección postal y número de teléfono), los cuales no han sido introducidos en el proceso de registro. - El alta en la aplicación web requiere introducir una dirección de correo electrónico y un DNI. Únicamente conociendo este último, es suficiente para acceder al área privada de su titular y consultar sus datos personales asociados. - El reclamante sospecha que los datos personales proceden del sistema de fidelización de clientes que tiene la empresa mediante tarjeta, la cual es gratuita de realizar y para cuya tramitación hay que cumplimentar un boletín con datos de carácter personal. - El reclamante solicita que se investiguen los extremos indicados, al estar vigente el problema a fecha 21/02/2020, y se desconoce el número de afectados y el tiempo que lleva ocurriendo esta situación. Documentación aportada:  -DVD con 2 vídeos de pruebas realizados el 21/02/2020 por el reclamante a las 19:00 aproximadamente, donde se comprueba como al realizar el registro con DNI y correo electrónico, tras confirmar el mismo, aparecen datos de carácter personal, sin haber introducido ninguno de ellos durante el proceso. Los antecedentes que constan en los sistemas de información son los siguientes:  Con fecha 03/07/2020 en los registros de entrada 023303/2020 y 023306/2020, asociado a la Admisión de Trámite E/03360/2020, la Agencia Española de Protección de Datos (en adelante, AEPD) obtuvo respuesta del Delegado de Protección de Datos de LEROY MERLIN después del oportuno traslado de la reclamación. Tras ello, se C/ Jorge Juan, 6 www.aepd.es 28001 – Madrid sedeagpd.gob.es 2/12 propuso para la investigación como una brecha de seguridad y fue aceptada por los siguientes motivos: - Potencial ocurrencia de brecha de seguridad del tipo acceso no autorizado a datos personales de usuarios de la web de LEROY MERLIN. - Existencia de evidencias para el requerimiento de cierto análisis de seguridad del tratamiento y del principio de confidencialidad en el procedimiento de alta de usuarios en la web de LEROY MERLIN - Necesidad de aclaración sobre el proceso de cesión de d"
