id,year,url_live,url_wayback,texto
co-00026-2021,2021,https://www.aepd.es/documento/co-00026-2021.pdf,https://web.archive.org/web/20251121070824id_/https://www.aepd.es/documento/co-00026-2021.pdf,"1/7  N/Ref.: E/08048/2020 - CO/00026/2021 – A61VM 177678 RESOLUCIÓN DE ARCHIVO De las actuaciones seguidas con motivo de la reclamación presentada en la Agencia Española de Protección de Datos, por presunta vulneración del Reglamento (UE) 2016/679 del Parlamento Europeo y del Consejo de 27 de abril de 2016, relativo a la protección de las personas físicas en lo que respecta al tratamiento de datos personales y a la libre circulación de estos datos (en lo sucesivo, RGPD) y teniendo como base los siguientes HECHOS PRIMERO    :  Con fecha de 18 de septiembre de 2020 y número de registro de entrada e2000002297, tuvo entrada en esta Agencia una reclamación presentada por A.A.A. (en lo sucesivo, el reclamante) contra el responsable del servicio FACEBOOK, por una presunta vulneración de los art. 17 del RGPD y 94.2 de la Ley Orgánica 3/2018, de 5 de diciembre, de Protección de Datos Personales y garantía de los derechos digitales (en lo sucesivo, LOPDGDD). Los motivos en que se basa la reclamación son:  En un grupo de Facebook se están publicando fotografías y datos personales de miembros de las Fuerzas Armadas españolas, sin su consentimiento. Dicho material va acompañado de información falsa y que atenta contra el honor de las personas que aparecen.   El reclamante, que es uno de los afectados, ha solicitado al responsable de la red social en cuestión la supresión de una publicación, pero su petición ha sido rechazada por no estar amparada en ninguno de los supuestos que permite el art. 17.1 RGPD.  Se aporta copia de la respuesta denegatoria que ofreció el prestador del servicio, con fecha 8 de julio de 2020. SEGUNDO    :  Según la política de privacidad accesible en la mencionada plataforma de red social, su responsable para los tratamientos de datos personales de residentes europeos era, a fecha de interposición de la reclamación, la empresa FACEBOOK IRELAND LTD, registrada en Irlanda.   TERCERO: Al afectar el tratamiento de manera sustancial únicamente a interesados en España, teniendo en cuenta lo dispuesto en el artículo 56.2 del RGPD y en consonancia con el mecanismo previsto en el artículo 65.4 de la Ley Orgánica 3/2018, de 5 de diciembre, de Protección de Datos Personales y garantía de los derechos digitales (en lo sucesivo, LOPDGDD), la citada reclamación se trasladó con fecha 25 de junio de 2020 a FACEBOOK SPAIN S.L., en calidad de establecimiento en España del responsable, para que procediera a su análisis y diera respuesta a esta Agencia en el plazo de un mes. Asimismo, se le solicitó información sobre la recepción de la C/ Jorge Juan, 6 www.aepd.es 28001 – Madrid sedeagpd.gob.es 2/7 solicitud, decisión adoptada y acreditación de la respuesta facilitada al reclamante, en su caso. CUARTO    :  En respuesta a dicho requerimiento, con fecha 17 de noviembre de 2020 se recibió en esta Agencia escrito de FACEBOOK IRELAND LTD., por el cual la entidad volvía a desestimar razonadamente la solicitud del afectado, alegando que la petición del afect"
co-00027-2021,2021,https://www.aepd.es/es/documento/co-00027-2021.pdf,https://web.archive.org/web/20220307210646id_/https://www.aepd.es/es/documento/co-00027-2021.pdf,"1/6  N/Ref.: E/00662/2021 - CO/00027/2021 – A61VM 178009 RESOLUCIÓN DE ARCHIVO De las actuaciones seguidas con motivo de la reclamación presentada en la Agencia Española de Protección de Datos, por presunta vulneración del Reglamento (UE) 2016/679 del Parlamento Europeo y del Consejo de 27 de abril de 2016, relativo a la protección de las personas físicas en lo que respecta al tratamiento de datos personales y a la libre circulación de estos datos (en lo sucesivo, RGPD) y teniendo como base los siguientes HECHOS PRIMERO    :  Con fecha de 9 de diciembre de 2020 y número de registro de entrada e2000013980, tuvo entrada en esta Agencia una reclamación presentada por A.A.A. (en lo sucesivo, la reclamante) contra el responsable del servicio TINDER, por una presunta vulneración de los arts. 6, 12 y 17 del RGPD. Los motivos en que se basa la reclamación son:  Se están mostrando datos personales de la reclamante (incluyendo nombre y fotografías) en un perfil de la mencionada red social, los cuales no han sido proporcionados por ella. De hecho, la reclamante no es usuaria de la aplicación ni tiene un perfil privado en la misma. Ha tenido conocimiento de este hecho a través de un amigo, que sí que dispone de una cuenta.  La reclamante se ha puesto en contacto con el responsable del servicio hasta en tres ocasiones (en fechas 12 y 15 de noviembre de 2020, y finalmente el 6 de diciembre), sin éxito. En las dos primeras ocasiones lo ha hecho a través del formulario de la página web, que siempre generaba una respuesta automática pero no remitía copia de la petición cursada, y en la última, ha contestado directamente a la dirección de e-mail desde la que se originaron los mencionados acuses automáticos. La reclamante acompañó tres capturas de pantalla de fotografías suyas publicadas en TINDER, el nombre y edad asociados a ellas (“XXX” y XX años, respectivamente), así como la distancia que la separaba del usuario que las ha incorporado en su perfil. También se incluyen capturas de las respuestas automatizadas del prestador del servicio a las dos primeras solicitudes, y copia del tercer e-mail que la reclamante dirigió a la red social (a la dirección de e-mail ***EMAIL.1). SEGUNDO    :  Según la política de privacidad del servicio en cuestión, su responsable es la empresa MTCH TECHNOLOGY SERVICES LTD (en adelante, MTCH), establecida en Irlanda. TERCERO: Teniendo en cuenta el carácter transfronterizo de la reclamación, con fecha 4 de febrero de 2021 se acordó el archivo provisional del procedimiento y la C/ Jorge Juan, 6 www.aepd.es 28001 – Madrid sedeagpd.gob.es 2/6 remisión de la reclamación a la autoridad de control de Irlanda, la Data Protection Commission (DPC), por ser la competente para actuar como autoridad de control principal, a tenor de lo dispuesto en el artículo 56.1 del RGPD. Esta remisión se realizó, a través del “Sistema de Información del Mercado Interior” (IMI). La autoridad de control de Irlanda aceptó actuar en el procedimiento en calidad d"
co-00187-2021,2021,https://www.aepd.es/documento/co-00187-2021.pdf,https://web.archive.org/web/20251119213909id_/https://www.aepd.es/documento/co-00187-2021.pdf,"1/7  N/Ref.: E/03759/2020 - CO/00187/2021 RESOLUCIÓN DE ARCHIVO DE ACTUACIONES De las actuaciones seguidas con motivo de la reclamación presentada en la Agencia Española de Protección de Datos, por presunta vulneración del Reglamento (UE) 2016/679 del Parlamento Europeo y del Consejo de 27 de abril de 2016, relativo a la protección de las personas físicas en lo que respecta al tratamiento de datos personales y a la libre circulación de estos datos (en lo sucesivo, RGPD) y teniendo como base los siguientes HECHOS PRIMERO: Con fecha 31 de marzo de 2020 y con número de registro de entrada 013677/2020, tuvo entrada en esta Agencia una reclamación, relacionada con un tratamiento de carácter transfronterizo de datos personales realizado por FACEBOOK IRELAND LIMITED ahora META PLATFORMS IRELAND LIMITED por una presunta vulneración del Artículo 15 del RGPD, Artículo 17 del RGPD y Artículo 16 del RGPD. Los motivos en que la parte reclamante basa la reclamación son los siguientes: Imposibilidad de acceder a su cuenta de Facebook debido a la pérdida de credenciales de la cuenta de correo electrónico que le daba acceso a su perfil. Tras contactar con el soporte técnico de Facebook para gestionar de nuevo el acceso, le solicitan una imagen de su DNI donde se aprecie claramente el nombre, la fotografía, la fecha de nacimiento y el país de expedición del documento. Una vez enviado, le responden que no pueden confirmar su identidad por alguna de estas razones:    - La foto está muy borrosa   - Es demasiado oscura o se ha tomado en un lugar poco iluminado.   - Falta información obligatoria o se ha tapado Según la documentación aportada por la parte reclamante, en la copia del documento que envía a Facebook se ven claramente su nombre, su fotografía, la fecha de nacimiento y el país de expedición, por lo que no entiende que no le permitan acceder a su cuenta. SEGUNDO: META PLATFORMS IRELAND LIMITED tiene su establecimiento principal o único en Irlanda. TERCERO: Teniendo en cuenta el carácter transfronterizo de la reclamación y dado que META PLATFORMS IRELAND LIMITED tiene su establecimiento principal o único en Irlanda, corresponde a la autoridad de protección de datos de ese Estado −Data Protection Commission (DPC)− actuar como autoridad de control principal, a tenor de lo dispuesto en el artículo 56.1 del RGPD. C/ Jorge Juan, 6 www.aepd.es 28001 – Madrid sedeagpd.gob.es 2/7 Sin embargo, al afectar el tratamiento de manera sustancial únicamente a interesados en España, a tenor de lo dispuesto en el artículo 56.2 del RGPD, con fecha 16 de junio de 2020 la citada reclamación se trasladó a FACEBOOK SPAIN, S.L. en calidad de establecimiento en España del responsable, para que procediera a su análisis y diera respuesta a esta Agencia en el plazo de un mes. Asimismo, se solicitó a FACEBOOK SPAIN, S.L., información sobre la recepción de la solicitud, decisión adoptada y acreditación de la respuesta facilitada al reclamante, en su caso.  Con fecha 13 de julio de 2020, s"
e-00036-2021,2021,https://www.aepd.es/documento/e-00036-2021.pdf,https://web.archive.org/web/20230921182602id_/https://www.aepd.es/documento/e-00036-2021.pdf,"1/8  Expediente Nº: E/00036/2021 RESOLUCIÓN DE ARCHIVO DE ACTUACIONES De las actuaciones practicadas por la Agencia Española de Protección de Datos y teniendo como base los siguientes HECHOS PRIMERO: La reclamación interpuesta por D. A.A.A. (en lo sucesivo, la parte reclamante) tiene entrada en fecha 2 de octubre de 2020 en la Agencia Española de Protección de Datos. La reclamación se dirige contra VODAFONE ESPAÑA, S.A.U. (en adelante, la parte reclamada).  Los motivos en que basa su reclamación son la recepción de llamadas y mensajes de texto (SMS) comerciales no deseados, en nombre de la parte reclamada, en su número de teléfono ***TELEFONO.1.  Indica que es cliente de la parte reclamada. Señala que el número de teléfono, ***TELEFONO.1, se encuentra inscrito en el sistema de exclusión publicitaria de Adigital (Lista Robinson).  Manifiesta haber solicitado a la parte reclamada que no le realice nuevas llamadas comerciales.  Refiere una llamada recibida el día 2 de octubre de 2020 a las 21:16 horas, desde el número de teléfono ***TELEFONO.2.  Refiere los siguientes mensajes de texto (SMS) recibidos: El día 9 de octubre de 2020 a las 19:11, con el contenido siguiente:  “VF Info: Si puedes, colabora con el Plan Cruz Roja RESPONDE frente al COVID-19. Envia [sic] CRE al 28052 y el importe integro [sic] (1,20€) ira [sic] destinado a Cruz Roja” El día 3 de noviembre de 2020 a las 16:04, con el contenido siguiente: “VF Info: Te informamos de que RadarCOVID, app oficial del Gobierno de España para ayudar a evitar a la propagacion [sic] del coronavirus (COVID-19) no consume los datos de tu tarifa. Si aun [sic] no la tienes descargala [sic] aqui [sic]: go.vodafone.es/radarcovid-android” El día 9 de noviembre de 2020 a las 20:31, con el contenido siguiente:  “VF Info: ¿Quieres seguir usando la App Mi Vodafone? ¡Necesitas descargarte la ultima   [sic]   version   [sic]!   Hazlo   antes   del   13/11: https://miapply.onelink.me/2402208041/cdee0a45” El día 26 de noviembre de 2020 a las 18:46, con el contenido siguiente:  “VF Info: ¿Quieres seguir usando tu App Mi Vodafone? ¡Necesitas descargarte la ultima [sic] version [sic]! Hazlo antes del 30/11: http://bit.ly/VF-app” El día 4 de diciembre de 2020 a las 20:44, con el contenido siguiente:  “VF Info: El frio, otra amenaza para los refugiados. Ayuda a suministrar mantas y calentadores enviando ACNUR al 28052 y el importe integro [sic] (1,20€) ira [sic] destinado a ACNUR” Documentación relevante aportada por el reclamante: Certificado emitido por Adigital que hace constar, a día 7 de febrero de 2019, que el número de teléfono ***TELEFONO.1 asociado al reclamante se encuentra incluido en C/ Jorge Juan, 6 www.aepd.es 28001 – Madrid sedeagpd.gob.es 2/8 el Servicio de Lista Robinson (canal de llamadas telefónicas y SMS/MMS) desde el día 22 de julio de 2013.    Copia de un correo electrónico dirigido por derechosprotecciondatos@vodafone.es a la parte reclamante, de fecha de 2 de mayo de 2019, en el que, en respuesta"
e-00037-2021,2021,https://www.aepd.es/es/documento/e-00037-2021.pdf,https://web.archive.org/web/20220307210548id_/https://www.aepd.es/es/documento/e-00037-2021.pdf,"1/14  Expediente Nº: E/00037/2021 - RESOLUCIÓN DE ARCHIVO DE ACTUACIONES De las actuaciones practicadas por la Agencia Española de Protección de Datos ante VODAFONE ESPAÑA, S.A.U. (en adelante reclamada)en virtud de denuncia presentada por A.A.A. (en adelante reclamante) y teniendo como base los siguientes, HECHOS PRIMERO: Con fecha 5/10/2020, tuvo entrada en esta Agencia escrito del reclamante contra el reclamado en el que manifiesta lo siguiente: 1) Haber sido cliente del reclamado en el pasado. 2) La recepción de correos electrónicos (desde la dirección de correo electrónico ***EMAIL.1) y llamadas comerciales no deseadas en nombre del reclamado en su número de teléfono, ***TELEFONO.1, 3) La línea llamada del reclamante se encuentra inscrita en la lista Robinson de Adigital desde 10/10/2010. 4) El reclamante refiere llamadas procedentes de múltiples números de teléfono sin concretar fechas y horas de las llamadas, entre las cuales apunta seis llamadas desde el número de teléfono ***TELEFONO.2 el día 2 de octubre de 2020.  5) Con posterioridad el reclamante especifica la recepción de las siguientes llamadas:  - El día 5 de febrero de 2021 a las 14:38 desde el número ***TELEFONO.3. - El día 9 de febrero de 2021 a las 15:24 desde el número ***TELEFONO.4.  Documentación relevante aportada por el reclamante: - Impresión de pantalla en la que se lista un conjunto de números de teléfono “bloqueados”.    - Copia de un correo electrónico recibido por el reclamante con fecha de 11 de junio de 2020 desde la dirección ***EMAIL.1 en el que se le traslada una oferta de servicios de telecomunicaciones. - Copia de un correo electrónico dirigido por el reclamante a ***EMAIL.2con fecha de 26 de agosto de 2010 en el que solicita “[…]la eliminación total de mis datos personales guardados por la compañía Vodafone y que paren de llamarme”. C/ Jorge Juan, 6 www.aepd.es 28001 – Madrid sedeagpd.gob.es 2/14 - Copia de una factura de fecha 31 de agosto de 2020 de PEPEMOBILE, S.L a nombre del reclamante en la que consta, entre otros, el número de teléfono ***TELEFONO.1 en el que se habrían recibido las llamadas objeto de reclamación. - Copia de un correo electrónico recibido por el reclamante con fecha de 3 de octubre de 2020 desde la dirección ***EMAIL.3 en el que se le traslada una oferta de servicios de telecomunicaciones. SEGUNDO: Tras la recepción de la denuncia, la Subdirección General de Inspección de Datos procedió a la realización de actuaciones previas de investigación para el esclarecimiento de los hechos denunciados, teniendo conocimiento de los siguientes extremos: ANTECEDENTES Fecha de entrada de la reclamación: 5 de octubre de 2020  Reclamado: VODAFONE ESPAÑA, S.A.U. (en adelante, el reclamado) Los antecedentes que constan en los sistemas de información son los siguientes:  En el marco del procedimiento E/08776/2020 la AEPD, en virtud del artículo 65.4 de la Ley Orgánica 3/2018, de 5 de diciembre, de Protección de Datos Personales y garantía de los derecho"
e-00038-2021,2021,https://www.aepd.es/es/documento/e-00038-2021.pdf,https://web.archive.org/web/20211220233819id_/https://www.aepd.es/es/documento/e-00038-2021.pdf,"1/5  Expediente Nº: E/00038/2021 RESOLUCIÓN DE ARCHIVO DE ACTUACIONES De las actuaciones practicadas por la Agencia Española de Protección de Datos y te- niendo como base los siguientes HECHOS PRIMERO: A.A.A.(*en adelante, la parte reclamante 1), con fecha 2 de octubre de 2020, interpuso reclamación ante la Agencia Española de Protección de Datos. La reclamación se dirige contra B.B.B. con NIF ***NIF.1 (en adelante, la parte reclamada). Los motivos en que basa la reclamación son los siguientes: En mi condición de notario, me requirieron para dejar constancia de que, en la Plaza del Ayuntamiento de ***LOCALIDAD.1 (***PROVINCIA.1), calle ***DIRECCIÓN.1, hay una cámara semi escondida que enfoca a la plaza del ayuntamiento. Al parecer, según manifiesta el requirente (C.C.C.), esa cámara la ha instalado el señor alcalde de ***LOCALIDAD.1 porque él es arrendatario de ese inmueble (que tiene subarrendado). No consta ningún aviso público, o yo no lo vi, que avise de la existencia de esa cámara. Como creo posible una infracción de la normativa de protección de datos, lo pongo en su conocimiento a los efectos oportunos. Documentación relevante aportada por el reclamante: - Documento copia simple de ACTA DE PRESENCIA número cuatrocientos treinta y nueve y DILIGENCIA ÚNICA de fecha 17/09/2020 manifestando los hechos firmados por el notario A.A.A. - Fotografías de la cámara y su ubicación. SEGUNDO: C.C.C., D.D.D., E.E.E., F.F.F., G.G.G., denuncian la cámara de videovigilancia situada en Plaza del Ayuntamiento de  ***LOCALIDAD.1 (***PROVINCIA.1), calle ***DIRECCIÓN.1, que enfoca a la plaza del ayuntamiento. Documentación relevante aportada por estos reclamantes: - Documento copia simple de ACTA DE PRESENCIA número cuatrocientos treinta y nueve y DILIGENCIA ÚNICA de fecha 17/09/2020 manifestando los hechos firmados por el notario A.A.A. - Fotografías de la cámara y su ubicación. TERCERO: De conformidad con el artículo 65.4 de la Ley Orgánica 3/2018, de 5 de di- ciembre, de Protección de Datos Personales y garantía de los derechos digitales (en adelante LOPDGDD), se dio traslado de dicha reclamación a la parte reclamada en fe- cha 23/10/20, para que procediese a su análisis e informase a esta Agencia en el pla- zo de un mes, de las acciones llevadas a cabo para adecuarse a los requisitos previs- tos en la normativa de protección de datos. C/ Jorge Juan, 6 www.aepd.es 28001 – Madrid sedeagpd.gob.es 2/5 No se recibió contestación al efecto. CUARTO: Con fecha 5 de enero de 2021 la Directora de la Agencia Española de Pro- tección de Datos acordó admitir a trámite la reclamación presentada por la parte recla- mante. QUINTO: La Subdirección General de Inspección de Datos procedió a la realización de actuaciones previas de investigación para el esclarecimiento de los hechos en cuestión, en virtud de los poderes de investigación otorgados a las autoridades de control en el artículo 57.1 del Reglamento (UE) 2016/679 (Reglamento General de Protección de Datos, en adelant"
e-00190-2021,2021,https://www.aepd.es/documento/e-00190-2021.pdf,https://web.archive.org/web/20240707105628id_/https://www.aepd.es/documento/e-00190-2021.pdf,"1/6  Expediente Nº: E/00190/2021 RESOLUCIÓN DE ARCHIVO DE ACTUACIONES De las actuaciones practicadas por la Agencia Española de Protección de Datos y teniendo como base los siguientes HECHOS PRIMERO: La reclamación interpuesta por D. A.A.A. (en lo sucesivo, el reclamante) tiene entrada en fecha 23 de octubre de 2020 en la Agencia Española de Protección de Datos. La reclamación se dirige contra VODAFONE ESPAÑA, S.A.U. (en adelante, la reclamada). Los motivos en que basa su reclamación son la recepción de llamadas comerciales de VODAFONE en su línea móvil. Manifiesta que la línea receptora (***TELEFONO.1) está inscrita en la Lista Robinson. Aporta un listado integrado por las siguientes llamadas recibidas entre el 1/09/20 y el 23/09/20: ***TELEFONO.2 el 1/9/2020 a las 12: 48 horas. ***TELEFONO.3 el 1/9/2020 a las 17: 37 horas y el 23/09/2020 a las 13:51 horas. ***TELEFONO.4 el 2/9/2020 a las 13: 57 horas. ***TELEFONO.5 el 2/9/2020 a las 16: 37 horas. SEGUNDO: Con fecha 25/11/2020 se traslada a VODAFONE ESPAÑA, S.A.U. notificación de la reclamación presentada por el reclamante, de conformidad con el artículo 65.4 de la Ley Orgánica 3/2018, de 5 de diciembre, de Protección de Datos Personales y garantía de los derechos digitales (LOPDGDD), para que procediese a su análisis y diera respuesta a esta Agencia en el plazo de un mes. En fecha 7 de enero de 2021 se recibe contestación de la entidad reclamada, alegando: “La reclamación ha tenido lugar porque parece ser que el reclamante recibió llamadas comerciales presuntamente en nombre de Vodafone en su línea ***TELEFONO.1. En este sentido, mi representada ha verificado que, efectivamente, la línea telefónica del reclamante consta inscrita en la Lista Robinson oficial de ADigital desde el 21 de octubre de 2019 y en la Lista Robinson interna de Vodafone desde el 16 de mayo de 2019, todo ello previamente a la recepción del presente requerimiento de información. ……. Vodafone ha comprobado si los números llamantes, que el reclamante indica en su denuncia, constan en su base de datos de números telefónicos que usan sus colaboradores para realizar llamadas de captación y ha verificado que ninguna de estas numeraciones se encuentra asociadas a colaboradores de Vodafone.” Con fecha 14 de enero de 2021, en el procedimiento E/09640/2020, la Agencia Española de Protección de Datos procede a notificar a la reclamada la admisión a trámite de la reclamación y llevar a cabo las actuaciones de investigación correspondientes. A raíz de las investigaciones realizadas se ha obtenido la siguiente información: C/ Jorge Juan, 6 www.aepd.es 28001 – Madrid sedeagpd.gob.es 2/6 Según respuesta de Adigital a requerimiento de información, se confirma que el número del reclamante, ***TELEFONO.1, está inscrito en el canal de llamadas telefónicas desde el 21 de octubre de 2019. Mediante información obtenida del registro de numeración de operadores de telecomunicaciones, en la página web de la CNMC, se verifica que a fecha de investiga"
e-00213-2021,2021,https://www.aepd.es/es/documento/e-00213-2021.pdf,https://web.archive.org/web/20211214074823id_/https://www.aepd.es/es/documento/e-00213-2021.pdf,"1/6  Expediente Nº: E/00213/2021 RESOLUCIÓN DE ARCHIVO DE ACTUACIONES De las actuaciones practicadas por la Agencia Española de Protección de Datos y teniendo como base los siguientes HECHOS PRIMERO: Con fecha 13 de enero de 2021, las actuaciones de inspección se inician como consecuencia del análisis de un escrito de notificación de brecha de seguridad de los datos personales remitido por parte del responsable del tratamiento SIGLA S.A.U, con CIF A28308484 (en adelante, SIGLA) en el que informa a la Agencia Española de Protección de Datos de lo siguiente: La sustracción de dos ordenadores portátiles y un teléfono móvil corporativo de dos empleados de la compañía FOOD SERVICE PROJECT, S.L. (encargada de tratamiento  de SIGLA, en adelante FOOD SERVICE), que contenían almacenados datos personales accesibles. Ambas pertenecen al mismo grupo empresarial denominado “ALSEA EUROPA”. (…) SEGUNDO: La Subdirección General de Inspección de Datos procedió a la realización de actuaciones previas de investigación para el esclarecimiento de los hechos en cuestión, en virtud de los poderes de investigación otorgados a las autoridades de control en el artículo 57.1 del Reglamento (UE) 2016/679 (Reglamento General de Protección de Datos, en adelante RGPD), y de conformidad con lo establecido en el Título VII, Capítulo I, Sección segunda, de la LOPDGDD, teniendo conocimiento de los siguientes extremos: El principal motivo por el que se pudo llevar a cabo esta sustracción de (…). Ante la pandemia de COVID-19, el departamento de riesgos laborales determinó que:  (…).  (…). (…). Las categorías de datos afectados por la brecha (…). Con carácter previo al incidente SIGLA contaba con las siguientes medidas de seguridad implantadas: C/ Jorge Juan, 6 www.aepd.es 28001 – Madrid sedeagpd.gob.es 2/6  (…).  (…).  (…).  (…).  (…).  (…). (…). En relación con las medidas de seguridad implantadas tras el incidente, constan las siguientes:  (…).  (…). FUNDAMENTOS DE DERECHO I Competencia En virtud de los poderes que el artículo 58.2 del Reglamento (UE) 2016/679 del Parlamento Europeo y del Consejo de 27 de abril de 2016 relativo a la protección de las personas físicas en lo que respecta al tratamiento de datos personales y a la libre circulación de estos datos (RGPD) reconoce a cada autoridad de control, y según lo establecido en los artículos 47 y 48 de la LOPDGDD, la Directora de la Agencia Española de Protección de Datos es competente para iniciar y resolver este procedimiento. II Cuestiones previas En el presente caso, de acuerdo con lo establecido en el artículo 4.1 del RGPD, consta la realización de un tratamiento de datos personales, toda vez que FOOD SERVICE realiza, entre otros tratamientos, la recogida, conservación, consulta y utilización de los siguientes datos personales de los clientes de la compañía, tales como: nombre y apellidos, identificación, número de teléfono, dirección de correo electrónico…etc.  SIGLA realiza esta actividad en su condición de resp"
e-00468-2021,2021,https://www.aepd.es/documento/e-00468-2021.pdf,https://web.archive.org/web/20210504171014id_/https://www.aepd.es/documento/e-00468-2021.pdf,"1/4  Procedimiento Nº: E/00468/2021 RESOLUCIÓN DE ARCHIVO DE ACTUACIONES De las actuaciones practicadas por la Agencia Española de Protección de Datos y teniendo como base los siguientes, HECHOS PRIMERO: La reclamación interpuesta por A.A.A. (en adelante, el reclamante) tiene entrada con fecha 30 de septiembre de 2020 en la Agencia Española de Protección de Datos. La reclamación se dirige contra EASY VENDING, S.L. (en adelante, el reclamado).  Los motivos en que basa la reclamación son: el reclamante manifiesta que le han identificado indebidamente como el conductor de un vehículo que ha cometido una infracción de tráfico. Junto a la reclamación aporta la notificación de la iniciación del procedimiento sancionador.  SEGUNDO: Con fecha 22 de enero de 2021, la Directora de la Agencia Española de Protección de Datos acordó admitir a trámite la reclamación presentada por el reclamante. TERCERO: La Subdirección General de Inspección de Datos procedió a la realización de actuaciones previas de investigación para el esclarecimiento de los hechos objeto de la reclamación, teniendo conocimiento de los siguientes extremos: ~ La entidad reclamada ha atendido la solicitud de información en los siguientes términos:  El reclamante, fue trabajador de la sociedad limitada EASY VENDING, SL en su delegación de ***LOCALIDAD.1 desde el día 01 de marzo de 2019 hasta el día 31-03- 2020 bajo el cargo de Viajante para cumplir funciones como rutero. El día 25 de febrero de 2020 a las 10:19 horas, momento en el cual el Servei Territorial de Trànsit de ***LOCALIDAD.2 identifica al hoy reclamante como conductor de la furgoneta identificada con matrícula ***MATRÍCULA.1, el mismo se encontraba cubriendo la ruta de trabajo que comenzó a las 4:20 horas en la Calle XXX de ***LOCALIDAD.3 y que finalizó a las 14:27 horas en Carrer de YYY, calle aledaña al domicilio del hoy reclamante. En este mismo orden de ideas y con la finalidad de confirmar la conducción por parte del reclamante de la furgoneta anteriormente descrita; EASY VENDING, SL pone a disposición de esta Agencia tabla de Excel donde se relacionan los cambios de furgoneta que hayan podido sufrir los conductores por razón de averías o mantenimientos. En el caso que nos ocupa, el reclamante, quien usualmente es conductor de la furgoneta identificada con la matrícula ***MATRÍCULA.2, se encontraba de posesión de la furgoneta identificada bajo la matrícula ***MATRÍCULA.1 desde el día 23 de febrero de 2020 y hasta el día 05 de marzo de 2020, siendo que la primera de los vehículos identificados se encontraba en taller por contar con una puerta lateral bloqueada. Así las cosas, en fecha 25 de febrero de C/ Jorge Juan, 6 www.aepd.es 28001 – Madrid sedeagpd.gob.es 2/4 2020, fecha en la que se registró la infracción de tránsito, el reclamante se encontraba al volante de la furgoneta con matrícula ***MATRÍCULA.1. Finalmente, y en aras de fortalecer nuestro sistema de cambios de furgonetas entre los conductores por razones de revisi"
e-00550-2021,2021,https://www.aepd.es/documento/e-00550-2021.pdf,https://web.archive.org/web/20240626044654id_/https://www.aepd.es/documento/e-00550-2021.pdf,"1/8  Expediente Nº: E/00550/2021 RESOLUCIÓN DE ARCHIVO DE ACTUACIONES De las actuaciones practicadas por la Agencia Española de Protección de Datos y te- niendo como base los siguientes: HECHOS PRIMERO: Doña A.A.A. (en adelante, la parte reclamante), con fecha 21 de septiembre de 2020 interpuso reclamación ante la Agencia Española de Protección de Datos.  La reclamación se dirige contra BARRET FILMS SOCIEDAD COOPERATIVA y contra la EMPRESA MUNICIPAL DE TRANSPORTES DE VALENCIA S.A.U. (en adelante EMTV) Los motivos en que basa la reclamación son los siguientes: La parte reclamante es miembro del Consejo de Administración de Empresa Municipal de Transporte de Valencia, S.A.U., y concejal del Grupo Municipal Popular en el Ayuntamiento de Valencia. Los concejales, asesores, militantes y simpatizantes del Partido Popular convocaron, en fecha 29 de febrero de 2020, una campaña de recogida de firmas en contra de la modificación de líneas de la EMTV. Según manifiesta, la EMTV contrató a BARRET FILMS para que grabara las imágenes y el sonido de las personas que firmaban la petición del PP de paralización de la modificación de líneas. Los convocantes y las personas firmantes no autorizaron ni la captación de su imagen ni la grabación de audio de la conversación privada que mantenían en relación con la propuesta. Pese a ello, la productora continuó grabando e informó a los responsables del acto que tenían que entregarle a la empresa pública los brutos de imágenes y audios, aunque ellos desconocían qué utilidad iban a darles. La parte reclamante considera que se ha vulnerado la normativa de protección de datos al grabar conversaciones privadas sin el consentimiento de las personas que intervienen, más si cabe cuando en ellas se recogen opiniones políticas. El 12 de mayo y el 4 de septiembre de 2020, solicitaron a la EMTV por burofax ""Copia de todas las imágenes y sonido (brutos) que fueron grabadas durante la jorna- da del 29 de febrero de 2020 en la plaza de los Pinazos, así como los trabajos que se han entregado a EMT"". El 10 de septiembre de 2020, el Gerente comunica a los recla- mantes que ""no dispone de grabaciones en la plaza doctor Pinazo. Preguntado sobre esta particular, la productora BARRET FILMS ha informado que no formarán parte del bruto final ni del propio documental al no aportar ningún valor"". El contrato menor firmado entre la EMTV y la productora BARRET FILMS esti- pula con claridad, que la titularidad y propiedad de la obra se comparte entre EMTV y la Productora, así como que la productora entregará los brutos. La EMTV mantiene que se contrató a la productora para elaborar un documen- C/ Jorge Juan, 6 www.aepd.es 28001 – Madrid sedeagpd.gob.es 2/8 tal que tiene interés periodístico. Documentación relevante aportada por el reclamante: - Contrato de producción suscrito entre la Empresa Municipal de Transportes de Valen- cia y BARRET FILMS SOCIEDAD COOPERATIVA. - Fotografías en las que consta que se está grabando las conversaciones con un mic"
e-00551-2021,2021,https://www.aepd.es/documento/e-00551-2021.pdf,https://web.archive.org/web/20240703170701id_/https://www.aepd.es/documento/e-00551-2021.pdf,"1/9  Expediente Nº: E/00551/2021 RESOLUCIÓN DE ARCHIVO DE ACTUACIONES De las actuaciones practicadas por la Agencia Española de Protección de Datos y te- niendo como base los siguientes HECHOS PRIMERO: El Colegio Oficial de Licenciados de Educación Física y Ciencias de la Actividad Física y el Deporte de la Comunidad de Madrid (en adelante COPLEF, COPLEF MADRID y la parte reclamante) con fecha 21 de julio de 2020 interpuso reclamación ante la Agencia Española de Protección de Datos. La reclamación se dirige contra el CONSEJO GENERAL DE LA EDUCACIÓN FÍSICA Y DEPORTIVA DE ESPAÑA, con NIF Q2878048D (en adelante, la parte reclamada o CONSEJO COLEF). Los motivos en que basa la reclamación son los siguientes: El Consejo General de Colegios de Licenciados en Ciencias de la Actividad Física y del Deporte (CONSEJO COLEF) facilitó a aquellos Colegios que así lo estimaran adecuado, y desde fecha anterior a 28/06/2019, el servicio de plataforma telemática de gestión de la actividad colegial a través de la plataforma de la empresa PLAY OFF.  Qué CONSEJO COLEF contrató una nueva plataforma en la que realizó copia sin autorización previa de todos los datos de personas colegiadas en COPLEF MADRID. Que la prestación de este servicio en la nueva plataforma (plataforma integral) requiere el tratamiento de datos personales de los colegiados de COPLEF MADRID, pero únicamente de aquellos tasados en el artículo 10, numeral 2, de la Ley 2/1974, de 13 de febrero, sobre Colegios Profesionales. Que la relación de ambas organizaciones es de encargo del tratamiento de los datos de implicados, de COPLEF MADRID a CONSEJO COLEF. Pero exclusivamente de aquellos citados en la legislación de colegios profesionales. Con fecha 03/07/2019 se le notifica a CONSEJO COLEF la decisión de COPLEF MADRID de desvincularse de forma total de la nueva plataforma integral. COPLEF MADRID comienza a pagar las cuotas del servicio al proveedor anterior (PLAY OFF). COPLEF MADRID solicitó, el 03/03/2020, mediante un correo electrónico remitido al DPD del CONSEJO COLEF, que se suprimiesen los datos relativos al domicilio profesional de sus asociados, ya que en muchos casos coincidía con su domicilio personal. CONSEJO COLEF ha comunicado a COPLEF MADRID que debe conservar los datos relativos al domicilio de los asociados de conformidad a lo establecido en el art. 10.4 de la Ley de Colegios Profesionales. Junto a la reclamación se aportan los correos intercambiados entre las partes. Documentación relevante aportada por el reclamante: - Copia de correo electrónico de fecha 03/03/2020 remitido por mdp.dpo@perse- veragrupo.com (DPD de COPLEF MADRID) enviado a i.aguayo@dataprev.es (DPD C/ Jorge Juan, 6 www.aepd.es 28001 – Madrid sedeagpd.gob.es 2/9 de CONSEJO COLEF) donde consta: “[…] Los datos que COPLEF Madrid cede a Consejo COLEF, cuya base jurídica es la obli- gación legal por Io dispuesto en el artículo 2 de la Ley 2/1974, de 13 de febrero, sobre Colegios Profesionales son:  Nombre y Apellidos de los p"
e-00694-2021,2021,https://www.aepd.es/documento/e-00694-2021.pdf,https://web.archive.org/web/20210504170951id_/https://www.aepd.es/documento/e-00694-2021.pdf,"1/3  Procedimiento Nº: E/00694/2021 RESOLUCIÓN DE ARCHIVO DE ACTUACIONES De las actuaciones practicadas por la Agencia Española de Protección de Datos y teniendo como base los siguientes HECHOS PRIMERO: La reclamación interpuesta por Don A.A.A. (en adelante, el reclamante) tiene entrada con fecha 23 de octubre de 2020 en la Agencia Española de Protección de Datos.  La reclamación, enviada por la Oficina Municipal de Información al Consumidor, del Ayuntamiento de Santa Cruz de Tenerife, se dirige contra XMMT FINANCING DAC. Los motivos en que basa la reclamación son que quiere asegurarse de que las entidades que le reclaman son los verdaderos acreedores y que las cantidades son las que debe, ya que le han reclamado y enviado cartas distintas entidades. Explica que hace unos años solicitó una tarjeta a Alcampo y que al perder su trabajo no pudo cumplir los pagos y la deuda fue aumentando con los intereses. La financiera era Accordfin España, pero luego la fue vendiendo a otras financieras. En una de las llamadas que me hicieron, reconocí la deuda y empecé a pagar 100 euros al mes. Al llegar al mes de enero de 2020, me intento poner en contacto con ellos y los teléfonos no existen, por lo que le entraron dudas y dejo de pagar lo convenido. Al dejar de pagar, se pusieron en contacto con él y les pidió que le enviaran lo que debía y los pagos efectuados. Se lo envían y le informan que pague 1100 euros para finalizar la deuda. Se puso en contacto con las oficinas de la OMIC y le recomendaron no pagar. Quiere estar seguro de lo que debe y que se lo paga a la entidad a la que debe. Junto a la reclamación aporta:     - Escrito, de fecha 18 de enero de 2019, de notificación de cesión de créditos de Oney Servicios Financieros, E.F.C., S.A.U., a XMMT FINANCING DAC, entre los cuales se encuentra su deuda de 2539,84 euros; informándole de la cuenta donde realizar los pagos, de la posibilidad de incluir sus datos en ficheros de solvencia patrimonial y crédito si no abona lo debido, y la información establecida sobre el tratamiento de datos. Le informan, por último, que la entidad encargada de la gestión del cobro es Savia Asset Management, S.L. - Certificado de saldo deudor emitido por XMMT FINANCING DAC, de fecha 20 de febrero de 2020, de 1466,15 euros. - Acuerdo de pago firmado entre el reclamante y XMMT FINANCING DAC, de fecha 20 de febrero de 2020. - Detalle de todas las transferencias enviadas por el reclamante a la reclamada para el abono de lo adeudado. C/ Jorge Juan, 6 www.aepd.es 28001 – Madrid sedeagpd.gob.es 2/3 - Escrito remitido por Savia Asset Management, S.L.,de contestación al traslado de la reclamación por parte de la OMIC, en el que informa que se ha reclamado la deuda al reclamante, que nunca ha negado su existencia, en la cantidad que se comprometió a abonar en el mes de febrero de 2020 y que, a finales de julio de 2020, no ha abonado. FUNDAMENTOS DE DERECHO I En virtud de los poderes que el artículo 58.2 del Reglamento (UE) 2016/679 (Regla-"
e-00734-2021,2021,https://www.aepd.es/documento/e-00734-2021.pdf,https://web.archive.org/web/20240627052330id_/https://www.aepd.es/documento/e-00734-2021.pdf,"1/7  Procedimiento Nº: E/00734/2021 RESOLUCIÓN DE ARCHIVO DE ACTUACIONES De las actuaciones practicadas por la Agencia Española de Protección de Datos y teniendo como base los siguientes HECHOS PRIMERO: Como consecuencia de la notificación a la División de Innovación Tecnológica de esta Agencia de una brecha de seguridad de datos personales por parte del Responsable del Tratamiento SOYMOMO S.L. con número de registro de entrada O00007128e2100002158 relativa a XX, se ordena a la Subdirección General de Inspección de Datos que valore la necesidad de realizar las oportunas investigaciones previas con el fin de determinar una posible vulneración de la normativa de protección de datos. SEGUNDO: La Subdirección General de Inspección de Datos procedió a la realización de actuaciones previas de investigación para el esclarecimiento de los hechos objeto de la reclamación, teniendo conocimiento de los siguientes extremos: Resumen de la notificación: ENTIDADES INVESTIGADAS Durante las presentes actuaciones se ha investigado las siguientes entidades: SOYMOMO S.L con CIF B67227173 con domicilio en c/ Pau Claris 100 - piso 5 - 08010 BARCELONA (BARCELONA) RESULTADO DE LAS ACTUACIONES DE INVESTIGACIÓN 1- Con fechas 1 de febrero y 9 de marzo de 2021 se solicitó información a SOYMOMO S.L. (en adelante SoyMomo). De la respuesta recibida se desprende lo siguiente:  Respecto de la empresa.   SoyMomo es una empresa chilena que desde 2016 vende productos tecnológicos diseñados para niños. La sede principal de la empresa se encuentra en Chile.  En la actualidad, SoyMomo vende Relojes, Tablets, Audífonos y BabyMonitors a través de su sitio web en Chile, México, Uruguay, España y Alemania. SoyMomo tiene una web en España (.es) y otra en Alemania (.de). En la Política de Privacidad de ambas consta SOYMOMO SL como responsable.   Los relojes y tablets utilizan una arquitectura informática junto a aplicaciones móviles. Respecto de la brecha C/ Jorge Juan, 6 www.aepd.es 28001 – Madrid sedeagpd.gob.es 2/7  Los tratamientos donde se ha producido la brecha son: Respecto de la cronología de los hechos. Acciones tomadas con objeto de minimizar los efectos adversos y medidas adoptadas para su resolución final  El 18 de enero de 2021   El 19 de enero de 2021   El 23 de enero   El día 27 de enero   El 5 de febrero  SoyMomo ha aportado  Respecto de las causas que hicieron posible la brecha  En SoyMomo,   Respecto de los datos afectados.  El número de usuarios afectados por esta brecha en Europa son:   Los datos más sensibles substraídos son:   En las siguientes cuatro horas de tener conocimiento de la brecha, se procedió a notificar a todos los usuarios afectados sobre la vulnerabilidad acontecida vía correo electrónico.  Asimismo, el departamento de Atención al Cliente de SoyMomo estuvo atento durante toda la semana a responder las consultas necesarias que los usuarios afectados pudieran tener, indicando las razones del suceso y dando la tranquilidad de que el buen funcio"
e-00736-2021,2021,https://www.aepd.es/documento/e-00736-2021.pdf,https://web.archive.org/web/20230108185500id_/https://www.aepd.es/documento/e-00736-2021.pdf,"1/7  Expediente Nº: E/00736/2021 RESOLUCIÓN DE ARCHIVO DE ACTUACIONES De las actuaciones practicadas por la Agencia Española de Protección de Datos ante la entidad MUNDO READER, S.L., y teniendo como base los siguientes: HECHOS PRIMERO    :  A través del “Sistema de Información del Mercado Interior” (en lo sucesivo IMI), regulado por el Reglamento (UE) nº 1024/2012, del Parlamento Europeo y del Consejo, de 25 de octubre de 2012 (Reglamento IMI), cuyo objetivo es favorecer la cooperación administrativa transfronteriza, la asistencia mutua entre los Estados miembros y el intercambio de información, se recibió en esta Agencia Española de Protección de Datos (AEPD) una reclamación, formulada ante la autoridad de protección de datos de la Región alemana de Hesse en la que indica lo siguiente: Don A.A.A. presentó una solicitud de acceso que no fue respondida, a pesar de que la persona que la planteó estuvo en contacto telefónico con el departamento legal de la empresa matriz a la que iba dirigida la solicitud, MUNDO READER S.L., y consta que ésta recibió la petición a través de correo electrónico a una dirección de e- mail indicada por ésta como dato de contacto. Al facilitar la reclamación la autoridad de protección de datos de la Región alemana de Hesse, se comprobó que la reclamación incluía, además del ejercicio del derecho de acceso, los siguientes asuntos: - Transferencia de datos personales a EEUU de forma ilegal, a pesar de la sentencia del TJUE sobre el caso Schrems II (parece ser que el motivo de esta acusación es la utilización de servicios de almacenamiento en la nube de Google). Ausencia de información clara sobre dicha transferencia internacional de datos.   - Tratamiento de datos personales supuestamente basado en consentimiento, pero sin llegar a recabarlo.   - Conservación de datos personales por 8 años después de la finalización del contrato. Falta de criterios claros para calcular dicho periodo de conservación.  - Posibilidad de exigir una posible contraprestación (""siempre de forma justificada"") para cumplir con una solicitud de acceso.   - Exigencia de copia de documento identificativo, en todo caso (no solo cuando existan dudas sobre la identidad del solicitante), para cumplir con el ejercicio de derechos de acceso, rectificación, supresión y portabilidad.   - El reclamante tiene dudas de que la empresa elimine realmente los datos, debido a la redacción equívoca de la política de privacidad.   Se comprobó que la web del responsable (www.bq.com) había sido desmantelada y solo muestra un mensaje remitiendo a la dirección postal de la C/ Jorge Juan, 6 www.aepd.es 28001 – Madrid sedeagpd.gob.es 2/7 empresa, así como un enlace únicamente para descargas relacionadas con los productos que comercializa. La URL de Google donde estaba almacenada la política de   privacidad (https://storage.googleapis.com/webstatic.bq.com/Datenschutzrichtlinie_DE.pdf) muestra un XML con el error ""NoSuchBucket"" (""bucket"" inexistente) El traslado de esta recl"
e-00739-2021,2021,https://www.aepd.es/es/documento/e-00739-2021.pdf,https://web.archive.org/web/20210429144539id_/https://www.aepd.es/es/documento/e-00739-2021.pdf,"1/10  Procedimiento Nº: E/00739/2021 RESOLUCIÓN DE ARCHIVO DE ACTUACIONES De las actuaciones practicadas por la Agencia Española de Protección de Datos y teniendo como base los siguientes HECHOS PRIMERO: La reclamación interpuesta por A.A.A. (en adelante, el reclamante) tiene entrada con fecha 20 de noviembre de 2019 en la Agencia Española de Protección de Datos.  La reclamación se dirige contra la UNIVERSIDAD MIGUEL HERNÁNDEZ DE ELCHE (UMH), con NIF Q5350015C (en adelante, el reclamado).  Los motivos en que basa la reclamación son los siguientes: Que dirigió varios escritos al reclamado, hacía 6 meses, relacionados con cuestiones referidas a protección de datos. Se le indicó que precisaban un tiempo, pero aún no le han contestado. Acompaña la solicitud efectuada al reclamado en el que pregunta: ¿Qué datos tienen del reclamante?, ¿Dónde se guardan? ¿Quién tiene acceso a los datos?, ¿Se guarda algún documento gráfico?,¿En que ubicación y con que medidas de seguridad?. Como fueron sancionados con anterioridad, quiere conocer qué medidas se tomaron para evitar nuevas infracciones. Solicita. Datos, gráficos, títulos, cursos, accesos efectuados a expedientes con sus datos, y empleados relacionados. SEGUNDO: Con fecha 2 de diciembre de 2019, el reclamante presenta los escritos de contestación del reclamado. En fecha 5 de noviembre de 2019, el reclamado le comunica lo siguiente: - Como responsables del tratamiento, que ha de facilitarle toda la información establecida en el artículo 13 y 14 del Reglamento Europeo de Protección de Datos. Que al ser la Universidad un ente complejo en materia de gestión de datos personales, y dado que el reclamante ha sido empleado, empleado con expediente disciplinario, estudiante de grado, estudiante de master, asistente en cursos, interesado en procedimientos administrativos, participante en procesos selectivos, parte litigante, contraria, etc…, es difícil atender el ejercicio del derecho de acceso. Que conforme lo establecido en el artículo 13.2 de la LOPDGDD solicitan que sea más concreto en su solicitud, especifique el tratamiento al que desea acceder, para proceder a facilitar el acceso. - El reclamante contesta solicitando exactamente lo mismo que ya solicitó. - En base a lo dispuesto en el artículo 12.5 del RGPD rechazan la solicitud por excesiva. C/ Jorge Juan, 6 www.aepd.es 28001 – Madrid sedeagpd.gob.es 2/10 TERCERO: De conformidad con el artículo 65.4 de la Ley Orgánica 3/2018, de 5 de diciembre, de Protección de Datos Personales y garantía de los derechos digitales (en adelante LOPDGDD), con número de referencia E/00952/2020, se dio traslado de dicha reclamación al reclamado, para que procediese a su análisis e informase a esta Agencia en el plazo de un mes, de las acciones llevadas a cabo para adecuarse a los requisitos previstos en la normativa de protección de datos. El reclamado contestó la solicitud de información señalando que ya contestaron al reclamante que concretase su solicitud, ya que tienen más "
e-01071-2021,2021,https://www.aepd.es/documento/e-01071-2021.pdf,https://web.archive.org/web/20250814205833id_/https://www.aepd.es/documento/e-01071-2021.pdf,"1/4  Procedimiento Nº: E/01071/2021 RESOLUCIÓN DE ARCHIVO DE ACTUACIONES De las actuaciones practicadas por la Agencia Española de Protección de Datos y teniendo como base los siguientes: HECHOS PRIMERO: La reclamación interpuesta por D. A.A.A. (en adelante, el reclamante) tiene entrada con fecha 5 de septiembre de 2019 en la Agencia Española de Protección de Datos. La reclamación se dirige contra FORMACIÓN ESTATAL CONTINUA (en adelante, la reclamada).  El reclamante manifiesta que el 31 de agosto de 2019 recibe un correo electrónico de la parte reclamada sin haber tenido relación con esta entidad y que probablemente hayan obtenido su correo de su página web profesional.  SEGUNDO: De conformidad con el artículo 65.4 de la Ley Orgánica 3/2018, de 5 de diciembre, de Protección de Datos Personales y garantía de los derechos digitales (en adelante LOPDGDD), con número de referencia E/10005/2019, se dio traslado de dicha reclamación al reclamado, para que procediese a su análisis e informase a esta Agencia en el plazo de un mes, de las acciones llevadas a cabo para adecuarse a los requisitos previstos en la normativa de protección de datos. El escrito se notificó a la reclamada por vía postal siendo la fecha de devolución por el servicio de correos del 13 de noviembre de 2019. TERCERO: Con fecha 8 de junio de 2020, la Directora de la Agencia Española de Protección de Datos acordó admitir a trámite la reclamación presentada por el reclamante. FUNDAMENTOS DE DERECHO I Es competente para resolver la Directora de la Agencia Española de Protección de Datos, conforme a lo establecido en el artículo 43.1 de la Ley 34/2002, de 11 de Julio, de servicios de la sociedad de la información y de comercio electrónico (en adelante LSSI). II El artículo 21 de la LSSI señala lo siguiente: “1. Queda prohibido el envío de comunicaciones publicitarias o promocionales por correo electrónico u otro medio de comunicación electrónica equivalente que previamente no hubieran sido solicitadas o expresamente autorizadas por los C/ Jorge Juan, 6 www.aepd.es 28001 – Madrid sedeagpd.gob.es 2/4 destinatarios de las mismas. 2. Lo dispuesto en el apartado anterior no será de aplicación cuando exista una relación contractual previa, siempre que el prestador hubiera obtenido de forma lícita los datos de contacto del destinatario y los empleara para el envío de comunicaciones comerciales referentes a productos o servicios de su propia empresa que sean similares a los que inicialmente fueron objeto de contratación con el cliente. En todo caso, el prestador deberá ofrecer al destinatario la posibilidad de oponerse al tratamiento de sus datos con fines promocionales mediante un procedimiento sencillo y gratuito, tanto en el momento de recogida de los datos como en cada una de las comunicaciones comerciales que le dirija. Cuando las comunicaciones hubieran sido remitidas por correo electrónico, dicho medio deberá consistir necesariamente en la inclusión de una dirección de correo electrónico"
e-01072-2021,2021,https://www.aepd.es/es/documento/e-01072-2021.pdf,https://web.archive.org/web/20211214074821id_/https://www.aepd.es/es/documento/e-01072-2021.pdf,"1/4  Expediente Nº: E/01072/2021 RESOLUCIÓN DE ARCHIVO DE ACTUACIONES De las actuaciones practicadas por la Agencia Española de Protección de Datos y teniendo como base los siguientes: HECHOS PRIMERO: Doña A.A.A.(en adelante, la parte reclamante), con fecha 3 de febrero de 2021, interpuso reclamación ante la Agencia Española de Protección de Datos. Los motivos en que basa la reclamación son los siguientes: “El domingo 31 de enero un amigo suyo encuentra en la web ***URL.1 dos vídeos de la parte reclamante con contenido sexual donde se ve su cara perfectamente y se la identifica, los cuales no ha autorizado a nadie para que se difundan. El usuario que los sube y del que desconoce la identidad se hace llamar ***USUARIO.1. Esa misma noche interpone una denuncia en la Comisaría de Policía Nacional de ***LOCALIDAD.1 con número de atestado 1315/21 incorporando capturas de pantalla de los videos y la conversación de WhatsApp con quien le avisó de los videos. Los enlaces a dichos vídeos son: ***URL.2 ***URL.3 Los vídeos se publicaron a mediados de diciembre de 2020 y eran totalmente explícitos. La madrugada del 1 de febrero informa a la web de que ha interpuesto una denuncia y en la mañana del día 1 le informan de que los han retirado”.  Documentación relevante aportada por el reclamante: - Denuncia presentada en la Comisaría de Policía Nacional de ***LOCALIDAD.1 con fecha desconocida (incompleta). - Captura de pantalla de un fotograma de uno de los videos reclamados. SEGUNDO: Con fecha 5 de febrero de 2021, se admitió a trámite la reclamación presentada por la parte reclamante, al amparo de lo establecido en el artículo 65.5 de la LOPDGDD. TERCERO: La Subdirección General de Inspección de Datos procedió a la realización de actuaciones previas de investigación para el esclarecimiento de los hechos en cuestión, en virtud de los poderes de investigación otorgados a las autoridades de control en el artículo 57.1 del Reglamento (UE) 2016/679 (Reglamento General de Protección de Datos, en adelante RGPD), y de conformidad con lo establecido en el Título VII, Capítulo I, Sección segunda, de la LOPDGDD, teniendo conocimiento de los siguientes extremos: Solicitada a la reclamante, con fecha de notificación de 8 de febrero de 2020, que presentara la denuncia completa con objeto de intentar hallar algún otro indicio sobre C/ Jorge Juan, 6 www.aepd.es 28001 – Madrid sedeagpd.gob.es 2/4 el que investigar, pese a practicarse la notificación, no se ha recibido la información solicitada. Solicitada información a la plataforma de videos ***PLATAFORMA.1, con fecha de notificación de 27 de abril de 2021, sobre los datos que pudieran obrar en sus sistemas del usuario que publicó los videos reclamados, no se ha recibido contestación. Se comprueba que los videos indicados por la reclamante fueron eliminados con fecha de 4 de febrero de 2021 y no se han vuelto a encontrar en el transcurso de estas actuaciones de investigación en los sitios web reclamados, ni en ningún otro si"
e-01090-2021,2021,https://www.aepd.es/documento/e-01090-2021.pdf,https://web.archive.org/web/20240706025108id_/https://www.aepd.es/documento/e-01090-2021.pdf,"1/5  Procedimiento Nº: E/01090/2021 RESOLUCIÓN DE ARCHIVO DE ACTUACIONES De las actuaciones practicadas por la Agencia Española de Protección de Datos y teniendo como base los siguientes HECHOS PRIMERO: A.A.A. (en adelante, el reclamante) con fecha 4 de julio de 2020 interpuso reclamación ante la Agencia Española de Protección de Datos. La reclamación se dirige contra WALLNER EUROPA, S.L. con NIF B63809560 (en adelante, la reclamada). Los motivos en que basa la reclamación son que la empresa WALLNER EUROPA SL o el despacho de abogados que les representa SINDREU ABOGADOS ha facilitado a la empresa ADGEST MANAGER S.L. un documento de  auto de desestimación de medidas cautelares instado por el reclamante en un despido contra WALLNER EUROPA S.L. Tiene entablado un pleito laboral contra ADGEST MANAGER S.L. y ha tenido conocimiento de que el auto de desestimación de medidas cautelares se ha aportado en el procedimiento que tiene contra dicha empresa.  Junto a la reclamación aporta -Copia de escrito de ADGEST, representado por FMI ABOGADOS Y ECONOMISTAS dirigido a Juzgado de lo Social núm. 7 de ***LOCALIDAD.1, de 15 de junio del 2020, procedimiento de reclamación cantidad ***PROCEDIMIENTO.1, y diligencia de incorporación al procedimiento judicial firmada por el Letrado de la administración de Justicia de 18 de junio de 2020. El escrito  explica que  “impugna la solicitud de medidas cautelares y embargo preventivo de bienes por entender que no se dan los requisitos”. Señala que no existe relación laboral con el reclamante  y “no existe indicio alguno de insolvencia de los codemandados que impidiera la ejecución de una eventual sentencia condenatoria…”Es ilustrativo a estos efectos, suscribiendo la tesis de esta , se aporta como documento 1, Auto en pieza de medidas cautelares, en procedimiento del propio actor… en reclamación de despido, contra otra entidad financiera Wallner Europa SL   seguida ante el Juzgado de lo Social 4 de esta ciudad, en autos de despido ***AUTOS.1.”    El citado auto que adjuntó  lleva fecha del 5 de febrero del 2020 con el reclamante como demandante contra Wallner Europa S.L,“en demanda de despido con solicitud de medida cautelar de embargo preventivo de bienes de la demandada, indicando que dado que formaba parte de un Grupo empresarial con un solo socio, podrían transmitirse los bienes o derechos y desviarse fondos de la entidad a otras empresas del grupo frustrando las posibilidades de cobro de las cantidades solicitadas.” En el razonamiento, el auto analiza la documentación aportada por WALLNER: balance de situación y cuenta de explotación provisional del ejercicio de 2019, cuentas anuales C/ Jorge Juan, 6 www.aepd.es 28001 – Madrid sedeagpd.gob.es 2/5 del ejercicio 2018, así como certificados de estar al corriente de obligaciones de Seguridad Social o al corriente de obligaciones tributarias a efectos de contratos con el sector público.  El auto desestima la solicitud de medidas cautelares presentadas por el reclamante, in"
e-01091-2021,2021,https://www.aepd.es/es/documento/e-01091-2021.pdf,https://web.archive.org/web/20220307211413id_/https://www.aepd.es/es/documento/e-01091-2021.pdf,"1/4  Procedimiento Nº: E/01091/2021 RESOLUCIÓN DE ARCHIVO DE ACTUACIONES De las actuaciones practicadas por la Agencia Española de Protección de Datos y teniendo como base los siguientes HECHOS PRIMERO: Por la GUARDIA CIVIL - PUESTO DE ***LOCALIDAD.1 (en adelante, el reclamante) tiene entrada con fecha 10/08/2020 en la Agencia Española de Protección de Datos acta-denuncia por la comisión de supuesta infracción a la normativa sobre protección de datos. El escrito se dirige contra MICROSER ELECTRONICS S.L., con NIF B28338366 (en adelante, el reclamado). Los motivos en que basa la reclamación son, en síntesis, el abandono de documentación en una nave industrial que había sido ocupado por la empresa hasta el año 2017; documentación que contiene datos de carácter personal permitiendo la posibilidad de acceso por parte de terceros a los mismos, vulnerando la normativa en materia de protección de datos.  SEGUNDO: Tras la recepción de la reclamación, la Subdirección General de Inspección de Datos procedió a realizar las siguientes actuaciones: El 28/09/2020, fue trasladada al reclamado la reclamación presentada para su análisis y de la decisión adoptada al respecto. Igualmente, se le requería para que en el plazo de un mes remitiera a la Agencia determinada información: - Copia de las comunicaciones, de la decisión adoptada que haya remitido al reclamante a propósito del traslado de esta reclamación, y acreditación de que el reclamante ha recibido la comunicación de esa decisión. - Informe sobre las causas que han motivado la incidencia que ha originado la reclamación. - Informe sobre las medidas adoptadas para evitar que se produzcan incidencias similares. - Cualquier otra que considere relevante. No consta respuesta del reclamado al requerimiento de la AEPD. TERCERO: El 09/12/2020, de conformidad con el artículo 65 de la LOPDGDD, la Directora de la Agencia Española de Protección de Datos acordó admitir a trámite la reclamación presentada FUNDAMENTOS DE DERECHO I De acuerdo con los poderes de investigación y correctivos que el artículo 58 del Reglamento (UE) 2016/679 (Reglamento general de protección de datos, en adelante RGPD) otorga a cada autoridad de control, y según lo dispuesto en el artículo 47 de la Ley Orgánica 3/2018, de 5 de diciembre, de Protección de Datos Personales y C/ Jorge Juan, 6 www.aepd.es 28001 – Madrid sedeagpd.gob.es 2/4 garantía de los derechos digitales (en lo sucesivo LOPDGDD), es competente para resolver estas actuaciones de investigación la Directora de la Agencia Española de Protección de Datos. II La aplicación de las medidas de seguridad adecuadas y del principio de confidencialidad de los datos de carácter personal por parte de las empresas que tratan los mismos es una obligación que les incumbe. Aún en el caso de que una empresa se traslade o cese en su actividad, debe decidir que hace con los documentos generados que contienen los datos personales, pudiendo bloquearlos (conservarlos) o destruirlos en función de que co"
e-01092-2021,2021,https://www.aepd.es/es/documento/e-01092-2021.pdf,https://web.archive.org/web/20220120112442id_/https://www.aepd.es/es/documento/e-01092-2021.pdf,"1/7  Expediente Nº: E/01092/2021 RESOLUCIÓN DE ARCHIVO DE ACTUACIONES De las actuaciones practicadas por la Agencia Española de Protección de Datos y teniendo como base los siguientes: HECHOS PRIMERO: La reclamante 1 (los datos personales constan en el Anexo 1), con fecha 24 de enero de 2021, interpuso reclamación ante la Agencia Española de Protección de Datos. Desconoce el autor de los hechos objeto de reclamación. Los motivos en que basa la reclamación son los siguientes: - Creación de un perfil falso (***URL.1) en la red social Instagram suplantando la identidad de la reclamante. En dicho perfil se publicita, a través de un enlace, otro perfil en un portal web falso con la apariencia de otra conocida red social, Only Fans ***URL.2. - En ambos perfiles se incluyen fotografías y datos personales de la reclamante, y en el segundo, también vídeos de carácter sexual donde aparecen otras personas. - La reclamante ha puesto los hechos en conocimiento de la Guardia Civil. -La reclamante ha denunciado el perfil en Instagram y ha mandado un correo a la página web admireme.vip. SEGUNDO: La reclamante 2 (los datos personales constan en el Anexo 2), con fecha 25 de febrero de 2021 interpuso reclamación ante la Agencia Española de Protección de Datos. Desconoce el autor de los hechos objeto de reclamación. Los motivos en que basa la reclamación son los siguientes: - Creación de un perfil falso en la red social Instagram ***URL.3 suplantando la identidad de la reclamante. En dicho perfil se publicita, a través de un enlace, otro perfil en un portal web falso con la apariencia de otra conocida red social, Only Fans. - Su cuenta real de Instagram es: ***CUENTA.1 y la cuenta suplantada: ***CUENTA.2. La cuenta de onlyfans es: ***CUENTA.1 y la pagina asociada: ***URL.4 . Ya he presentado denuncia a la Guardia civil, a la que le he adjuntado todas las capturas que tenía. - En ambos perfiles se incluyen fotografías y datos personales de la reclamante, y en el segundo, también vídeos de carácter sexual donde aparecen otras personas. - La reclamante ha puesto los hechos en conocimiento de la Guardia Civil. C/ Jorge Juan, 6 www.aepd.es 28001 – Madrid sedeagpd.gob.es 2/7 TERCERO: Con fechas 5 de febrero y 9 de marzo de 2021, se admitieron a trámite las reclamaciones presentadas, al amparo de lo establecido en el artículo 65.5 de la LOPDGDD. CUARTO: La Subdirección General de Inspección de Datos procedió a la realización de actuaciones previas de investigación para el esclarecimiento de los hechos en cuestión, en virtud de los poderes de investigación otorgados a las autoridades de control en el artículo 57.1 del Reglamento (UE) 2016/679 (Reglamento General de Protección de Datos, en adelante RGPD), y de conformidad con lo establecido en el Título VII, Capítulo I, Sección segunda, de la LOPDGDD, teniendo conocimiento de los siguientes extremos: Con fecha 25 de enero de 2021 se comprueba que el perfil ***URL.1 no se encuentra disponible. Con fecha 25 de enero de 2021 s"
e-01093-2021,2021,https://www.aepd.es/es/documento/e-01093-2021.pdf,https://web.archive.org/web/20210405163627id_/https://www.aepd.es/es/documento/e-01093-2021.pdf,"1/4  Procedimiento Nº: E/01093/2021 RESOLUCIÓN DE ARCHIVO DE ACTUACIONES De las actuaciones practicadas por la Agencia Española de Protección de Datos y teniendo como base los siguientes HECHOS PRIMERO: La reclamación interpuesta por Doña A.A.A. (en adelante, la reclamante) tiene entrada con fecha 30 de octubre de 2019 en la Agencia Española de Protección de Datos.  La reclamación se dirige contra Don B.B.B., (en adelante, el reclamado).  La reclamación indica lo siguiente: “Les escribo porque un youtuber llamado Don B.B.B., con DNI ***NIF.1 me grabó en varias ocasiones, yo soy una persona mayor con problemas de salud mental, para escribir esto me ayudan mis hijos. Este sr. al grabarme me pidió permiso para ponerme en youtube, yo en ese momento le dije que sí, sin saber que era youtube. En los comentarios por culpa de las medicaciones y mi enfermedad mental hago declaraciones que incitan al odio, amenazo con clavar un cuchillo a políticos, de exterminar a un grupo político, hago comentarios ANTISEMITAS. Además, en las redes sociales me han hecho burlas y mofas además de proferirme insultos, este sr me ha puesto en riesgo físico ya que he sufrido amenazas por las cosas que dije. El día 21 y 22 de Julio mi familia se puso en contacto por las redes sociales en privado con el responsable, que en ese momento descocíamos su nombre, y que regenta la página ***WEB.1, para pedirle que eliminase los videos y fotos míos, él no se dio por enterado, aunque leyó alguno de los mensajes en los que se lo pedíamos ya que aparece como leído. Mi hijo C.C.C. le pidió públicamente en prensa (…) que eliminase los vídeos. Este señor ha hecho oídos sordos a mi petición, no hay manera de que conteste, no da un teléfono de contacto ni correo al que pedirle que de de baja esos videos en los que yo aparezco. A continuación, y como no obteníamos respuesta denuncié los videos a las diferentes plataformas, facebook, youtube, dándome respuestas negativas en todos los casos, diciéndome que no infringían ninguna norma los videos. No tengo otra solución que acudir a la AGPD para pedirles que el SR. B.B.B., CON DNI ***NIF.1 elimine mi imagen de todas las plataformas donde haya colgado sus videos, ya que es mi imagen y por tanto un dato personal mío, teniendo derecho de revocación de cualquier permiso que yo le hubiera podido otorgar en su momento de forma inconsciente para publicación en cualquier plataforma de internet. Este Sr infringe claramente la ley de protección de datos. Este sr obtiene un beneficio económico de los videos publicados, ya que cobra por las visitas y la publicidad, por lo que le afecta la Ley. Se anexarán: capturas de pantalla en la que se le pide a B.B.B. por las redes que quite los videos. Se anexará una contestación de él en la que amenaza con denunciar a mi nuera por pedírselo, y en la que se observa que mi hijo le pide que los quite, y en C/ Jorge Juan, 6 www.aepd.es 28001 – Madrid sedeagpd.gob.es 2/4 esa conversación se le pide el tf y no lo da. Se anex"
e-01125-2021,2021,https://www.aepd.es/es/documento/e-01125-2021.pdf,https://web.archive.org/web/20220307211256id_/https://www.aepd.es/es/documento/e-01125-2021.pdf,"1/5  Expediente Nº: E/01125/2021 RESOLUCIÓN DE ARCHIVO DE ACTUACIONES De las actuaciones practicadas por la Agencia Española de Protección de Datos y teniendo como base los siguientes HECHOS PRIMERO: A.A.A. (en adelante, el reclamante) con fecha 26 de octubre de 2020 interpuso reclamación ante la Agencia Española de Protección de Datos. La reclamación se dirige contra VODAFONE ESPAÑA, S.A.U. con NIF A80907397 (en adelante, reclamado).  Los motivos en que basa la reclamación son los siguientes: Se han realizado varios duplicados de tarjeta SIM sin consentimiento del reclamante. Junto a la notificación se aporta escrito en el que se indica que se han producido varios duplicados de SIM para su línea:  - Figura en el registro del reclamado orden de duplicado de SIM el 03/09/2020 realizado mediante llamada al servicio de atención al cliente.  - El 04/09/2020 el reclamante realiza duplicidad de SIM en tienda al estar bloqueada la línea y haberse realizado operaciones bancarias fraudulentas.  - El mismo día se produce una nueva duplicidad de SIM en tienda volviendo a quedar la línea bloqueada al reclamante.  - El reclamante vuelve a realizar un duplicado de SIM dos horas más tarde para recuperar la línea.  - Declara que ha sufrido disposiciones de su cuenta bancaria a consecuencia de los hechos. SEGUNDO: De conformidad con el artículo 65.4 de la Ley Orgánica 3/2018, de 5 de diciembre, de Protección de Datos Personales y garantía de los derechos digitales (en adelante LOPDGDD), se dio traslado de dicha reclamación al reclamado, para que procediese a su análisis e informase a esta Agencia en el plazo de un mes, de las acciones llevadas a cabo para adecuarse a los requisitos previstos en la normativa de protección de datos. Con fecha 27 de noviembre de 2020, se practicó el traslado de dicha reclamación a VODAFONE, que fue recogido en fecha 30 de noviembre de 2020 como consta en el acuse de recibo que obra en el expediente. Se recibe en esta Agencia escrito de respuesta el 10 de enero de 2021. TERCERO: Con fecha 8 de febrero de 2021, de conformidad con el artículo 65 de la LOPDGDD, se admitió a trámite la reclamación presentada por la parte reclamante. C/ Jorge Juan, 6 www.aepd.es 28001 – Madrid sedeagpd.gob.es 2/5 CUARTO: La Subdirección General de Inspección de Datos procedió a la realización de actuaciones previas de investigación para el esclarecimiento de los hechos en cuestión, en virtud de los poderes de investigación otorgados a las autoridades de control en el artículo 57.1 del Reglamento (UE) 2016/679 (Reglamento General de Protección de Datos, en adelante RGPD), y de conformidad con lo establecido en el Título VII, Capítulo I, Sección segunda, de la LOPDGDD, teniendo conocimiento de los siguientes extremos: Sobre el duplicado de SIM realizado vía telefónica: Requerida grabación de la llamada correspondiente al duplicado de SIM realizado el 03/09/2020, VODAFONE no la aporta, indicando sus representantes que “no dispone de las grabaciones de las l"
e-01277-2021,2021,https://www.aepd.es/es/documento/e-01277-2021.pdf,https://web.archive.org/web/20220302145430id_/https://www.aepd.es/es/documento/e-01277-2021.pdf,"1/5  Procedimiento Nº: E/01277/2021 RESOLUCIÓN DE ARCHIVO DE ACTUACIONES De las actuaciones practicadas por la Agencia Española de Protección de Datos y teniendo como base los siguientes: HECHOS PRIMERO: La reclamación interpuesta por D. A.A.A. (en adelante, el reclamante) tiene entrada con fecha 24 de noviembre de 2019 en la Agencia Española de Protección de Datos. La reclamación se dirige contra  CURENERGIA COMERCIALIZADOR DE ULTIMO RECURSO S.A., con NIF A95554630 (en adelante, el reclamado). Los motivos en que basa la reclamación son: “El pasado 20 de noviembre recibí en mi cuenta de correo electrónico personal una factura de la empresa CURENERGÍA COMERCIALIZADOR DE ÚLTIMO RECURSO S.A.U. No soy cliente de dicha empresa, por lo que la factura no corresponde a una propiedad mía. Llamé al número de atención al cliente a fin de pedir explicaciones. Era evidente que era un error, pero la cuestión es más grave: ¿por qué tenían mi correo electrónico si no soy cliente de dicha empresa? Después de unos minutos realizando consultas, el operario me dice que no puede hacer nada, que me dirija a una oficina de atención al público. Le digo que no tengo obligación de realizar dicha gestión, que es error suyo. No me dan respuesta. Por tanto, les ruego que realicen las gestiones correspondientes para que dicha entidad borre mi correo electrónico”.   SEGUNDO: De conformidad con el artículo 65.4 de la Ley Orgánica 3/2018, de 5 de diciembre, de Protección de Datos Personales y garantía de los derechos digitales (en adelante LOPDGDD), con número de referencia E/00234/2020, se dio traslado de dicha reclamación al reclamado, para que procediese a su análisis e informase a esta Agencia en el plazo de un mes, de las acciones llevadas a cabo para adecuarse a los requisitos previstos en la normativa de protección de datos. TERCERO: El reclamado, con fecha 20 de marzo de 2020, manifiesta: “que tras analizar la reclamación interpuesta por el reclamante, en la que básicamente alega que, ha recibido en su cuenta de correo electrónico una factura de CURENERGÍA no siendo cliente de dicha empresa, hemos podido averiguar que dicha dirección de correo electrónico fue facilitada por una persona que presuntamente fue su inquilino y a nombre del cual estuvo de alta el contrato de suministro desde 2009 a 2016, por lo que si dicha persona como titular del contrato, aportó una dirección de correo electrónico como propia, es algo que IBERCLI no puede cuestionar, debiendo dar la misma por buena.  Cuando dicho cliente se cambia de domicilio y da de alta un nuevo contrato para otro punto de suministro, el correo electrónico que facilitó en su día, quedó vinculado a este cliente, procediendo el mismo a activar la factura electrónica a finales de 2019. C/ Jorge Juan, 6 www.aepd.es 28001 – Madrid sedeagpd.gob.es 2/5 Éste es el motivo por el que el reclamante ha recibido un aviso, que como se ha dicho anteriormente, fue el que proporcionó el titular del contrato como si fuera suyo propio.  Q"
e-01546-2021,2021,https://www.aepd.es/es/documento/e-01546-2021.pdf,https://web.archive.org/web/20220204150131id_/https://www.aepd.es/es/documento/e-01546-2021.pdf,"1/6  Expediente Nº: E/01546/2021 RESOLUCIÓN DE ARCHIVO DE ACTUACIONES De las actuaciones practicadas por la Agencia Española de Protección de Datos y teniendo como base los siguientes: HECHOS PRIMERO: Don A.A.A. (en adelante, reclamante 1, cuyos datos figuran en el Anexo 1), con fecha 13 de enero de 2021, interpuso reclamación ante la Agencia Española de Protección de Datos. Los motivos en que basa la reclamación son los siguientes:  El reclamante 1 ha visto como alguien creó un perfil falso en Instagram en el que se enlazaba con un sitio web montado sobre WIX.COM que simulaba ser un perfil de ADMIREME.VIP, utilizando las fotos de su perfil de IG legítimo Perfil falso en ***URL.1. La web a la que dirige ese perfil es: ***URL.2 tiene sus fotos. SEGUNDO: B.B.B. (en adelante, reclamante 2, cuyos datos figuran en el Anexo 2), con fecha 3 de febrero de 2021, interpuso reclamación ante la Agencia Española de Protección de Datos. Los motivos en que basa la reclamación son los siguientes:  El reclamante 2 ha visto como alguien creó un perfil falso en Instagram en el que se enlazaba con un sitio web montado sobre WIX.COM que simulaba ser un perfil de ADMIREME.VIP, utilizando las fotos de su perfil de IG legítimo Que eliminen la página siguiente ya que están usando su imagen: ***URL.2 TERCERO: Con fechas 12 de febrero y 10 de marzo de 2021, se admitieron a trámite las reclamaciones presentadas por los reclamantes, al amparo de lo establecido en el artículo 65.5 de la LOPDGDD. CUARTO: La Subdirección General de Inspección de Datos procedió a la realización de actuaciones previas de investigación para el esclarecimiento de los hechos en cuestión, en virtud de los poderes de investigación otorgados a las autoridades de control en el artículo 57.1 del Reglamento (UE) 2016/679 (Reglamento General de Protección de Datos, en adelante RGPD), y de conformidad con lo establecido en el Título VII, Capítulo I, Sección segunda, de la LOPDGDD, teniendo conocimiento de los siguientes extremos: Con fecha 15 de febrero de 2021 se comprueba por la Subdirección General de Inspección que el perfil ***URL.1 no está disponible. C/ Jorge Juan, 6 www.aepd.es 28001 – Madrid sedeagpd.gob.es 2/6 Con fecha 15 de septiembre de 2021 se comprueba que las urls siguientes no devuelven ningún resultado: ***URL.2 ***URL.2 Con fecha 19 de noviembre de 2021 se envía requerimiento de información a WIX ONLINE PLATFORMS LIMITED. La notificación consta entregada con fecha 30/11/2021. No se recibe contestación. Con fecha 10 de enero de 2022, META PLATFORMS IRELAND LIMITED, tras solicitarle información sobre los perfiles falsos creados en Instagram, remite a esta Agencia al siguiente información y manifestaciones: Que el propietario del perfil de Instagram parece estar localizado fuera de la región europea. Por ello es META PLATFORMS INC. la entidad adecuada a la que dirigir la solicitud de información. Se envía notificación a META PLATFORMS INC, solicitando información sobre los hechos objeto de "
e-01549-2021,2021,https://www.aepd.es/documento/e-01549-2021.pdf,https://web.archive.org/web/20251126053146id_/https://www.aepd.es/documento/e-01549-2021.pdf,"1/3  Procedimiento Nº: E/01549/2021 RESOLUCIÓN DE ARCHIVO DE ACTUACIONES De las actuaciones practicadas por la Agencia Española de Protección de Datos y teniendo como base los siguientes: HECHOS PRIMERO: Se recibió una reclamación anónima en la Agencia Española de Protección de Datos. La reclamación se dirige contra el CENTRO MÉDICO PLAZA LAS CORTES LEONESAS, S.L., con CIF B24730160 (en adelante, el reclamado).  Los motivos en que basa la reclamación son que la entidad CENTRO DE RECONOCIMIENTOS COLEGIO OFICIAL DE MEDICOS DE LEON S.L. ha vendido su base de datos de los clientes de su centro de reconocimientos a la empresa CENTRO MEDICO PLAZA LAS CORTES LEONESAS S.L.  Se denuncia la posible cesión ilícita de datos personales.  SEGUNDO: De conformidad con el artículo 65.4 de la Ley Orgánica 3/2018, de 5 de diciembre, de Protección de Datos Personales y garantía de los derechos digitales (en adelante LOPDGDD), con número de referencia E/11241/2019, se dio traslado de dicha reclamación al reclamado, para que procediese a su análisis e informase a esta Agencia en el plazo de un mes, de las acciones llevadas a cabo para adecuarse a los requisitos previstos en la normativa de protección de datos. Se recibió contestación al traslado, señalando lo siguiente: Que el reclamado está ejerciendo la misma actividad que el CENTRO DE RECONOCIMIENTOS COLEGIO OFICIAL DE MÉDICOS DE LEÓN, S.L., en el mismo local y con los medios materiales de esta última. En este sentido, de conformidad con lo establecido en el artículo 21 de la Ley Orgánica 3/2018, de 5 de diciembre, de Protección de Datos de Carácter Personal y Garantía de los Derechos Digitales, se presumirán lícitos los tratamientos de datos, incluida su comunicación con carácter previo, que pudieran derivarse del desarrollo de cualquier operación de modificación estructural de sociedades o la aportación o transmisión de negocio o de rama de actividad empresarial, siempre que los tratamientos fueran necesarios para el buen fin de la operación y garanticen, cuando proceda, la continuidad en la prestación de los servicios.  Que, a raíz de la reclamación, y habiendo actuado de buena fe en todo momento, se envía a todos los interesados, un comunicado solicitando su consentimiento para continuar con el tratamiento de sus datos de carácter personal.  Que, esta entidad dispone de todos los medios necesarios para dar cumplimiento a la normativa vigente en materia de protección de datos TERCERO: Con fecha 19 de junio de 2020, la Directora de la Agencia Española de Protección de Datos acordó admitir a trámite la reclamación presentada. C/ Jorge Juan, 6 www.aepd.es 28001 – Madrid sedeagpd.gob.es 2/3 FUNDAMENTOS DE DERECHO I De acuerdo con los poderes de investigación y correctivos que el artículo 58 del Reglamento (UE) 2016/679 (Reglamento general de protección de datos, en adelante RGPD) otorga a cada autoridad de control, y según lo dispuesto en el artículo 47 de la Ley Orgánica 3/2018, de 5 de diciembre, de Protección de"
e-02065-2021,2021,https://www.aepd.es/documento/e-02065-2021.pdf,https://web.archive.org/web/20251113161848id_/https://www.aepd.es/documento/e-02065-2021.pdf,"1/5  Expediente Nº: E/02065/2021 RESOLUCIÓN DE CADUCIDAD DE ACTUACIONES De las actuaciones practicadas por la Agencia Española de Protección de Datos ante MUXERS CONCEPT, S.L., en virtud de la reclamación presentada por Doña A.A.A. y por la COMISARÍA GENERAL DE POLICÍA JUDICIAL, y teniendo como base los siguientes: HECHOS PRIMERO: La Policía Nacional remite reclamación, con fecha 16 de noviembre de 2020, contra los responsables de un restaurante dado que trabajadoras de dicho restaurante denunciaron ante la Policía la existencia de micrófonos ocultos en falso techo del cuarto de baño de las empleadas, así como sistema de videovigilancia, sin conocimiento de estas. Los hechos fueron comprobados por la Policía Nacional en Acta que adjuntan. La reclamación se dirige contra MUXERS CONCEPT, S.L., con NIF B87345369 (en adelante, el reclamado).  Con fecha 20 de abril de 2021, se recibe reclamación de Doña A.A.A. que manifiesta que en las instalaciones de la entidad reclamada se han instalado cámaras de videovigilancia y grabación de audio en zonas de vestuario y aseo de los trabajadores de dicha entidad.  SEGUNDO: De conformidad con el artículo 65.4 de la Ley Orgánica 3/2018, de 5 de diciembre, de Protección de Datos Personales y garantía de los derechos digitales (en adelante LOPDGDD), con número de referencia E/05259/2021, se dio traslado de dicha reclamación al reclamado, para que procediese a su análisis e informase a esta Agencia en el plazo de un mes, de las acciones llevadas a cabo para adecuarse a los requisitos previstos en la normativa de protección de datos. La entidad reclamada manifiesta: - Que en la instalación hay 22 cámaras dentro del local, 2 cámaras exteriores en fachada, 1 equipo de grabación y cuatro micrófonos de audio preamplificados. Que en el vestuario y en los baños no había ni micrófonos, ni cámaras. -Existe contrato con la compañía Stop Alarma puesto que la instalación corresponde al sistema de videovigilancia. Se adjunta contrato y certificado de conexión a central de alarmas y certificado de video verificación con esa compañía. -Se adjunta plano de las cámaras, micrófonos donde consta donde están y su número. 22 cámaras interiores 2 cámaras exteriores 1 equipo de grabación 4 micrófonos de audio preamplificados C/ Jorge Juan, 6 www.aepd.es 28001 – Madrid sedeagpd.gob.es 2/5 -La finalidad de la instalación de equipos de videovigilancia es el control de acceso de personas, mercancías... seguridad de los bienes y las personas. -No hay micrófonos en los vestuarios, ni en los baños En cumplimiento de la normativa de aplicación se realizó comunicación escrita a los trabajadores desde la apertura y constan las cartas firmadas y conforme de cada trabajador sobre la colocación, el carácter de las mismas, su ubicación y la conformidad. Adjuntamos las cartas firmadas de cada trabajador desde la apertura del centro. -. Lo que da motivo a la denuncia es la mala relación laboral. La dirección de la empresa de reducir jornada de los trabaj"
e-02429-2021,2021,https://www.aepd.es/es/documento/e-02429-2021.pdf,https://web.archive.org/web/20210820183816id_/https://www.aepd.es/es/documento/e-02429-2021.pdf,"1/5  Procedimiento Nº: E/02429/2021 RESOLUCIÓN DE ARCHIVO DE ACTUACIONES De las actuaciones practicadas por la Agencia Española de Protección de Datos y teniendo como base los siguientes: HECHOS PRIMERO: La reclamación interpuesta por Don A.A.A. (en adelante, el reclamante) tiene entrada con fecha 3 de agosto de 2020 en la Agencia Española de Protección de Datos.  La reclamación se dirige contra PORTICATO MEDIA, LTD., (en adelante, el reclamado).  Los motivos en que basa la reclamación son, en síntesis, los siguientes:  El reclamante ha dirigido una solicitud de acceso a datos personales y posterior supresión a la dirección de correo electrónico que figura en la política de privacidad del portal web de citas TENDER MEETS (URL https://www.tendermeets.com/), pero no ha obtenido respuesta. El motivo de remitir la solicitud han sido las sospechas de que el responsable del tratamiento aún guarda datos personales del reclamante, que fue usuario del portal, a pesar de haber cancelado su cuenta hace más de un año. El reclamante ha descubierto que sus datos personales están siendo tratados en el portal ruso Kamspace, y culpa al portal web de dicha cesión realizada sin contar con su consentimiento. En la solicitud que dirigió al responsable, incluyó certificado de empadronamiento, toda vez que el responsable exige la presentación de un recibo de agua, luz o gas para verificar la dirección y él aún vive con sus padres, con lo que las facturas de sus suministros no están a su nombre. Junto a la reclamación acompaña la documentación siguiente: - Impresión de pantalla de la solicitud de acceso y supresión remitida a la dirección support@tendermeets.com con fecha 20 de junio de 2020 (según declara él en la reclamación, ya que no se visualiza la fecha en el pantallazo). En él se adjuntó copia del DNI y copia del volante de empadronamiento. - Impresión de pantalla de dos recibos automáticos generados al remitir el correo electrónico, con fecha 20 de junio de 2020. En uno de ellos, se ofrece un código de incidencia, VUE-55865-795, prometiendo que contestarán pronto; si es posible, en el plazo de 48 horas. - Volante acreditando el empadronamiento del reclamante en el Concello de Cangas (Pontevedra). C/ Jorge Juan, 6 www.aepd.es 28001 – Madrid sedeagpd.gob.es 2/5 SEGUNDO: Se propone el impulso a través del “Sistema de Información del Mercado Interior” (en lo sucesivo IMI), regulado por el Reglamento (UE) nº 1024/2012, del Parlamento Europeo y del Consejo, de 25 de octubre de 2012 (Reglamento IMI), cuyo objetivo es favorecer la cooperación administrativa transfronteriza, la asistencia mutua entre los Estados miembros y el intercambio de información, ya que la entidad responsable se encuentra en Reino Unido.  Con fecha 1 de octubre de 2020, se incluye el caso en IMI, con código 153848. Se da 1 mes a las autoridades, para que se interesen en el caso.  La autoridad de control de protección de datos de Reino Unido, ICO, no llegó a aceptar el caso. TERCERO: Con fecha 19 "
e-02430-2021,2021,https://www.aepd.es/es/documento/e-02430-2021.pdf,https://web.archive.org/web/20210714080050id_/https://www.aepd.es/es/documento/e-02430-2021.pdf,"1/5  Procedimiento Nº: E/02430/2021 RESOLUCIÓN DE ARCHIVO DE ACTUACIONES De las actuaciones practicadas por la Agencia Española de Protección de Datos y teniendo como base los siguientes HECHOS PRIMERO: La reclamación interpuesta por Don A.A.A. (en adelante, el reclamante) tiene entrada con fecha 30 de julio de 2020 en la Agencia Española de Protección de Datos. La reclamación se dirige contra BADOO TRADING LIMITED (en adelante, el reclamado).  Los motivos en que basa la reclamación son, en síntesis, los siguientes: Tras darse de alta en el portal web del reclamado, el reclamante decidió eliminar su cuenta, al no estar conforme con el tipo de servicio ofrecido. Ha dirigido varios correos electrónicos al responsable del tratamiento solicitando la supresión. A pesar de haber seguido sus indicaciones y proporcionar copia de su DNI, su información y fotografías siguen publicados, con el consiguiente perjuicio para su imagen profesional y personal. Detalles de la documentación aportada (pantallazos): - E-mail enviado, en fecha 20 de abril de 2020, al correo ***EMAIL.1, solicitando la supresión de sus datos y proporcionando su nombre y fecha de nacimiento (no adjunta ningún documento). - Nuevo e-mail enviado en la misma fecha a la misma dirección, donde proporciona su sexo, edad, localidad y URL del perfil a suprimir. - Respuesta del portal, donde le piden acreditación de la identidad. Esta se puede certificar de tres formas: rellenar un formulario accesible dentro del área privada y seguir los pasos que se indican en un e-mail que le va a llegar a su buzón; aportar información de su perfil (dan 3 opciones para escoger 2: fecha de registro, fecha y cantidad de última transacción, y última vez que accedió a su cuenta); por último, si ninguna de las dos formas anteriores es posible, proporcionar un documento de identidad con fotografía (pasaporte, DNI, carnet).  - Nuevo correo enviado por el reclamante al responsable, aportando copia de su DNI. - Nuevo correo enviado por el reclamante al responsable, recordando que los datos siguen publicados y reiterando su solicitud de supresión.  - Nuevo correo enviado por el reclamante, en fecha 22 de abril de 2020, con una fotografía suya y reiterando su petición de supresión. C/ Jorge Juan, 6 www.aepd.es 28001 – Madrid sedeagpd.gob.es 2/5 - Contestación automatizada del portal web, con fecha 22 de abril de 2020, diciendo que creen haber resuelto su consulta, han cerrado la cadena de mensajes, y que, si el destinatario tiene algo más que añadir, instan a hacerlo dentro de un plazo de 48 horas. - Nuevo correo del reclamante, con fecha 29 de abril de 2020, comunicando que no se ha resuelto su situación, y proporcionando pantallazo de su perfil. - Nuevo correo del portal, con fecha 4 de junio de 2020, volviendo a enumerar las 3 formas de acreditar la identidad y seguir adelante con la supresión. SEGUNDO:  Tras constatar que el perfil se publica en ***URL.1 y, a día 2 de octubre de 2020, la información sigue accesible "
e-02433-2021,2021,https://www.aepd.es/documento/e-02433-2021.pdf,https://web.archive.org/web/20240626170041id_/https://www.aepd.es/documento/e-02433-2021.pdf,"1/4  Expediente Nº: E/02433/2021 RESOLUCIÓN DE ARCHIVO DE ACTUACIONES De las actuaciones practicadas por la Agencia Española de Protección de Datos y teniendo como base los siguientes: HECHOS PRIMERO: A.A.A. (en adelante, la parte reclamante) con fecha 16 de enero de 2021 interpuso reclamación ante la Agencia Española de Protección de Datos. La reclamación se dirige contra ESBOLSOS.ONLINE (en adelante, la parte reclamada).  Los motivos en que basa la reclamación son los siguientes: La parte reclamante, realizó un pedido a través del portal web ESBOLSOS.ONLINE; solicitó la cancelación de la operación y la supresión de sus datos personales identificativos y bancarios a través de la dirección de correo electrónico desde la que se gestionó el cobro, así como desde el formulario en línea habilitado en el portal web. Sin embargo, a pesar de haber realizado la petición en dos ocasiones, en fechas 30 de noviembre y 28 de diciembre de 2020, no ha recibido respuesta. Documentación relevante aportada por el reclamante: - Captura de pantalla de la solicitud de anulación del pedido, datos personales y bancarios mediante formulario online. - Impresión de los correos electrónicos solicitando la anulación del pedido, y supresión de datos personales y bancarios. SEGUNDO: Con fecha 2 de marzo de 2021, la Directora de la Agencia Española de Protección de Datos acordó admitir a trámite la reclamación presentada por la parte reclamante. TERCERO: La Subdirección General de Inspección de Datos procedió a la realización de actuaciones previas de investigación para el esclarecimiento de los hechos en cuestión, en virtud de los poderes de investigación otorgados a las autoridades de control en el artículo 57.1 del Reglamento (UE) 2016/679 (Reglamento General de Protección de Datos, en adelante RGPD), y de conformidad con lo establecido en el Título VII, Capítulo I, Sección segunda, de la LOPDGDD, teniendo conocimiento de los siguientes extremos: El correo electrónico que aparecía en el sitio web, y al que la parte reclamante dirigió sus peticiones de anulación de pedido y supresión de datos personales, está vinculado a numerosos sitios web fraudulentos dedicados al comercio electrónico de marcas de moda. Contactados con el registrador del dominio “esbolsos.online” y la entidad que proporciona el servicio de alojamiento del sitio web reclamado (Turquía), no se han podido obtener los datos de la titularidad del sitio web. C/ Jorge Juan, 6 www.aepd.es 28001 – Madrid sedeagpd.gob.es 2/4 Se comprueba que desde el 8 de marzo de 2021 no se puede acceder al sitio web referido en la reclamación. FUNDAMENTOS DE DERECHO I De acuerdo con los poderes de investigación y correctivos que el artículo 58 del Reglamento (UE) 2016/679 (Reglamento general de protección de datos, en adelante RGPD) otorga a cada autoridad de control, y según lo dispuesto en el artículo 47 de la Ley Orgánica 3/2018, de 5 de diciembre, de Protección de Datos Personales y garantía de los derechos digitales (en lo"
e-02490-2021,2021,https://www.aepd.es/es/documento/e-02490-2021.pdf,https://web.archive.org/web/20210805082014id_/https://www.aepd.es/es/documento/e-02490-2021.pdf,"1/19  Procedimiento Nº: E/02490/2021 RESOLUCIÓN DE ARCHIVO DE ACTUACIONES De las actuaciones practicadas por la Agencia Española de Protección de Datos y teniendo como base los siguientes HECHOS PRIMERO: La reclamación interpuesta por la FEDERACIÓN VALENCIANA DE ALTERNATIVA SINDICAL DE TRABAJADORES DE SEGURIDAD PRIVADA (en adelante, la parte reclamante) tiene entrada con fecha 6 de mayo de 2020 en la Agencia Española de Protección de Datos. La reclamación se dirige contra ILUNION SEGURIDAD, S.A. Los motivos en que basa la reclamación son los siguientes: ""La empresa ILUNION ha establecido una orden general en los centros de trabajo de CARREFOUR en la Comunidad Valenciana, para que los vigilantes tomen la temperatura a trabajadores del centro y usuarios lo que supone una injerencia particularmente intensa en los derechos de los afectados y que se está realizando sin el criterio previo de las autoridades sanitarias"". Documentación relevante aportada: - Escrito con título “Procedimiento Toma de temperatura empleados” donde no consta quien lo escribe ni fecha ni firma alguna. En dicho escrito se manifiesta que: a. “Dentro del plan de medidas de protección que Carrefour ha implementado para garantizar la seguridad y salud de sus trabajadores frente al Covid-19, se establece como medida adicional la toma de temperatura corporal a sus empleados. previo al inicio de su jornada. para establecer las medidas preventivas/operatlvas oportunas que eviten riesgos para el colectivo.” b. Asimismo, consta un apartado sobre “¿Cómo se toma la temperatura?”, y otro apartado de dónde tomar la temperatura en el que se manifiesta, “[…]En horarios previos al acceso de clientes- (antes de las 9:00) tas tomas de temperatura se harán en el acceso a tienda, en horarios de apertura a clientes se tomara en el hall de oficinas 1ª planta” c. “No, no se registrará la temperatura, será lectura directa en el momento de la toma.” d. “Para tomar la temperatura, el mando de carrefour, vigilante o Responsable colocará el termómetro a aprox.3-5 cm de la frente despejada de pelo del trabajador. sin contacto. Tanto trabajador como tomador de temperatura deben estar dotados de los epis correspondientes.” e. “Si la temperatura del colaborador es igual o superior a 37,5ºC, se le dirá al colaborador que espere durante 15 minutos tiempo establecido para que vuelva a realizar una segunda toma. Si en la segunda toma la temperatura sigue siendo igual o superior a 37,5ºC se le recomendará al colaborador que C/ Jorge Juan, 6 www.aepd.es 28001 – Madrid sedeagpd.gob.es 2/19 debe volver a su domicilio, controlarse la temperatura y ponerse en contacto con su centro de salud que le darán las instrucciones adecuadas.” f. “Si el colaborador se niega a tomarse la temperatura. se informará a RRHH y DIRECTOR y firmará la hoja de renuncia establecida en el protocolo y entrará a trabajar.” SEGUNDO: De conformidad con el artículo 65.4 de la Ley Orgánica 3/2018, de 5 de diciembre, de Protección de Datos Personal"
e-02748-2021,2021,https://www.aepd.es/documento/e-02748-2021.pdf,https://web.archive.org/web/20251125041817id_/https://www.aepd.es/documento/e-02748-2021.pdf,"1/7  Expediente Nº: E/02748/2021 RESOLUCIÓN DE ARCHIVO DE ACTUACIONES De las actuaciones practicadas por la Agencia Española de Protección de Datos y teniendo como base los siguientes HECHOS PRIMERO: D. A.A.A. (en adelante, la parte reclamante) con fecha 20 de noviembre de 2020 interpuso reclamación ante la Agencia Española de Protección de Datos. La reclamación se dirige contra Vodafone España, S.A.U. con NIF A80907397 (en adelante, la parte reclamada o Vodafone).  Los motivos en que basa la reclamación son por la recepción de llamadas comerciales de Vodafone, en su línea de teléfono fijo ***TELÉFONO.1.  Añade que el operador que le presta los servicios de telecomunicaciones es Masmovil, y que dichas llamadas a veces son automáticas y otras veces, cuando solicita la oposición, le cortan la comunicación. Asimismo, manifiesta que está inscrito en la Lista Robinson. Y, aporta la siguiente documentación: Listado de las llamadas recibidas: ***TELÉFONO.2 20/11/2020 17:12 ***TELÉFONO.3 19/11/2020 20:18 ***TELÉFONO.4 18/11/2020 11:09 ***TELÉFONO.5 17/11/2020 20:04 - Contrato con MASMOVIL donde consta su línea telefónica. - Justificante de estar inscrito en Lista Robinson en la línea receptora de la llamada. No consta fecha de alta. SEGUNDO: De conformidad con el artículo 65.4 de la Ley Orgánica 3/2018, de 5 de diciembre, de Protección de Datos Personales y garantía de los derechos digitales (en adelante LOPDGDD), se dio traslado de dicha reclamación a la parte reclamada, para que procediese a su análisis e informase a esta Agencia en el plazo de un mes, de las acciones llevadas a cabo para adecuarse a los requisitos previstos en la normativa de protección de datos. Con fecha 3 de marzo de 2021 se recibe en esta Agencia escrito de respuesta. C/ Jorge Juan, 6 www.aepd.es 28001 – Madrid sedeagpd.gob.es 2/7 TERCERO: Con fecha 4 de marzo de 2021 la Directora de la Agencia Española de Protección de Datos acordó admitir a trámite la reclamación presentada por la parte reclamante. CUARTO: La Subdirección General de Inspección de Datos procedió a la realización de actuaciones previas de investigación para el esclarecimiento de los hechos en cuestión, en virtud de los poderes de investigación otorgados a las autoridades de control en el artículo 57.1 del Reglamento (UE) 2016/679 (Reglamento General de Protección de Datos, en adelante RGPD), y de conformidad con lo establecido en el Título VII, Capítulo I, Sección segunda, de la LOPDGDD, teniendo conocimiento de los siguientes extremos: Con fecha 3 de marzo de 2021 Vodafone remite a esta Agencia la siguiente información y manifestaciones: 1. Que las líneas indicadas no constan en su base de datos de números asociados a sus colaboradores que realizan llamadas de captación en nombre de Vodafone. 2. Que la línea receptora de la llamada consta inscrita en Lista Robinson de ADigital desde el 11 de noviembre de 2010 y en Lista Robinson interna de Vodafone desde el 24 de enero de 2019. 3. Que en las llamadas de captació"
e-02751-2021,2021,https://www.aepd.es/es/documento/e-02751-2021.pdf,https://web.archive.org/web/20210714075546id_/https://www.aepd.es/es/documento/e-02751-2021.pdf,"1/7  Procedimiento Nº: E/02751/2021 RESOLUCIÓN DE ARCHIVO DE ACTUACIONES De las actuaciones practicadas por la Agencia Española de Protección de Datos y teniendo como base los siguientes HECHOS PRIMERO: La reclamación interpuesta por Don A.A.A. (en adelante, el reclamante) tiene entrada con fecha 28 de junio de 2020 en la Agencia Española de Protección de Datos. La reclamación se dirige contra TAKE TWO INTERACTIVES SOFTWARE EUROPE LIMITED (en adelante, el reclamado).  Los motivos en que basa la reclamación son, en síntesis: Para cumplir con una solicitud de supresión de datos en relación con el juego Social Club, se exige al peticionario que remita su solicitud desde el buzón de e-mail con el que se abrió la cuenta. El reclamante eliminó en el pasado dicha dirección, y, por tanto, no tiene acceso a la misma. Aunque llegó a desvincular su cuenta de Social Club de dicha dirección, ahora se encuentra con que no tiene forma de eliminarla. El responsable le insta a contactar con su proveedor de correo electrónico para recuperar su acceso a su buzón de e-mail. Detalles de la documentación:  Se aporta copia de dos conversaciones mantenidas con el Soporte Técnico del responsable, copia de una solicitud de supresión formal enviada por e-mail a la dirección ***EMAIL.1 y una conversación por chat con la matriz estadounidense.  Observaciones:  En la política de privacidad de reclamado, expresamente se dice, respecto al ejercicio de derechos por parte de los usuarios de XXXXXX:  ""If you are unable to log in to your Social Club account, or you do not have access to your Social Club account, and wish to delete your Social Club account, please email ***EMAIL.2  from the same email account you used to join Social Club, include your Social Club nickname in the message, and include ""Delete Account"" in the subject line."" SEGUNDO:  Se propone el impulso a través del “Sistema de Información del Mercado Interior” (en lo sucesivo IMI), regulado por el Reglamento (UE) nº 1024/2012, del Parlamento Europeo y del Consejo, de 25 de octubre de 2012 (Reglamento IMI), cuyo objetivo es favorecer la cooperación administrativa transfronteriza, la asistencia mutua entre los Estados miembros y el intercambio de información, ya que la entidad responsable se encuentra en ***PAÍS.1.  C/ Jorge Juan, 6 www.aepd.es 28001 – Madrid sedeagpd.gob.es 2/7 Con fecha 3 de septiembre de 2020 se incluye el caso en IMI, con código ***CÓDIGO.1. Se da 1 mes a las autoridades, para que se interesen en el caso. El caso no ha llegado a ser ni siquiera asumido por la autoridad de control británica de protección de datos, antes de producirse el Brexit. Con fecha 4 de diciembre de 2020, la autoridad de control de protección de datos de ***PAÍS.1, ICO, acepta el caso, aunque, debido a lo restringido del tiempo antes de consumarse el Brexit, van a revisar la naturaleza de la reclamación y determinar posibles pasos a seguir. Proporcionarán actualización antes de la ""transición"", pase lo que pase. Con fecha 23"
e-03299-2021,2021,https://www.aepd.es/es/documento/e-03299-2021.pdf,https://web.archive.org/web/20220307211238id_/https://www.aepd.es/es/documento/e-03299-2021.pdf,"1/7  Expediente Nº: E/03299/2021 RESOLUCIÓN DE ARCHIVO DE ACTUACIONES De las actuaciones practicadas por la Agencia Española de Protección de Datos y teniendo como base los siguientes HECHOS PRIMERO: El A.A.A. (en adelante, la parte reclamante) con fecha 23 de febrero de 2021 interpuso reclamación ante la Agencia Española de Protección de Datos. La reclamación se dirige contra TELCOM BUSINESS SOLUTIONS S.L. con CIF B92563626 (en adelante, la parte reclamada). Los motivos en que basa la reclamación son los siguientes:  La parte reclamante manifiesta que ha sido puesta en venta, en un foro de la Internet oscura, información que puede comprometer la privacidad de clientes de la parte reclamada. El número de afectados según la reclamación asciende a 9.000. Junto a la reclamación aporta:  Dos documentos Word con pantallazos del mencionado foro, donde el usuario ***USUARIO.1 publica mensajes en ruso y en uno de ellos, incluye una captura de pantalla de una hoja Excel, con datos personales de los afectados.  SEGUNDO: De conformidad con el artículo 65.4 de la Ley Orgánica 3/2018, de 5 de diciembre, de Protección de Datos Personales y garantía de los derechos digitales (en adelante LOPDGDD), se dio traslado de dicha reclamación a la parte reclamada, para que procediese a su análisis e informase a esta Agencia en el plazo de un mes, de las acciones llevadas a cabo para adecuarse a los requisitos previstos en la normativa de protección de datos. Con fecha 25/03/21 se recibe en esta Agencia escrito de respuesta al requerimiento de información solicitado.  TERCERO: Con fecha 12 de marzo de 2021 se admitió a trámite la reclamación presentada por la parte reclamante, al amparo de lo establecido en el artículo 65.5 de la LOPDGDD. CUARTO: La Subdirección General de Inspección de Datos procedió a la realización de actuaciones previas de investigación para el esclarecimiento de los hechos objeto de la reclamación, teniendo conocimiento de los siguientes extremos: C/ Jorge Juan, 6 www.aepd.es 28001 – Madrid sedeagpd.gob.es 2/7 Respecto de la cronología de los hechos. Acciones tomadas con objeto de minimizar los efectos adversos y medidas adoptadas para su resolución final    Respecto de las causas que hicieron posible la brecha (…). Respecto de los datos afectados. (…). Comunicación a los afectados: (…). Respecto de las medidas de seguridad implantadas Con anterioridad a la brecha: (…). Con posterioridad a la brecha: (…). Respecto de la notificación con posterioridad a las 72 horas. La notificación la hace TELCOM BUSINESS SOLUTIONS S.L, después de enterarse por el traslado de la reclamación desde esta Agencia. Información sobre la recurrencia de estos hechos y número de eventos análogos acontecidos en el tiempo. No se tiene información de eventos análogos. FUNDAMENTOS DE DERECHO I De acuerdo con los poderes de investigación y correctivos que el artículo 58 del Reglamento (UE) 2016/679 (Reglamento general de protección de datos, en adelante RGPD) otorga a cada autor"
e-03379-2021,2021,https://www.aepd.es/documento/e-03379-2021.pdf,https://web.archive.org/web/20240626164008id_/https://www.aepd.es/documento/e-03379-2021.pdf,"1/6  Procedimiento Nº: E/03379/2021 RESOLUCIÓN DE ARCHIVO DE ACTUACIONES De las actuaciones practicadas por la Agencia Española de Protección de Datos y teniendo como base los siguientes, HECHOS PRIMERO: Con fecha 02/11/20, tuvo entrada en esta Agencia escrito presentado por D. A.A.A., (en adelante, “el reclamante”), en los que indicaba, entre otras, lo siguiente:  “A fecha de 02 de Noviembre de 2020, al acceder a la web pública del partido político PODEMOS (https://podemos.info/), se descargan cookies de tipo analíticas, sin haber dado consentimiento al respecto. El banner de cookies que aparece al acceder a la web no informa de la existencia de cookies de tipo analíticas ni de la propiedad de es- tas. El banner no permite al usuario la gestión individual del consentimiento por cate- goría de cookie ni rechazarlas todas para continuar navegando sin que se descar- guen”. SEGUNDO: A la vista de los hechos expuestos en la reclamación y de los documentos aportados por el reclamante, la SG de Inspección de Datos procedió a realizar actuaciones para su esclarecimiento, al amparo de los poderes de investigación otorgados a las autoridades de control en el art 57.1 del Reglamento (UE) 2016/679 (RGPD). Así, con fecha 04/12/20, se dirige requerimiento informativo a la formación política, “PODEMOS, PARTIDO POLÍTICO”, (entidad reclamada). TERCERO: A tenor de la información preliminar de la que se dispone y al apreciarse indicios racionales de una posible vulneración de la normativa en materia de protec- ción de datos, con fecha 03/03/21, la Directoria de Agencia Española de Protección de Datos,  de acuerdo con el artículo 65 de la LOPDGDD, acordó admitir a trámite la denuncia presentada por la reclamante. FUNDAMENTOS DE DERECHO I Es competente para resolver este Procedimiento, la Directora de la Agencia Española de Protección de Datos, de conformidad con lo establecido en el art. 43.1, párrafo segundo, de la de la Ley 34/2002, de 11 de julio, de Servicios de la Sociedad de la Información y Comercio Electrónico (LSSI). II El artículo 22.2 de la citada Ley LSSI, establece que: 2. Los prestadores de servicios podrán utilizar dispositivos de almacenamiento y recuperación de datos en equipos terminales de los destinatarios, a condición de que los mismos hayan dado su consentimiento después de que se les haya facilitado información clara y completa sobre su utilización, en particular, sobre los fines del tratamiento de los datos, con arreglo a lo dispuesto en la Ley Orgánica 15/1999, de 13 de diciembre, de Protección de Datos de Carácter Personal. C/ Jorge Juan, 6 www.aepd.es 28001 – Madrid sedeagpd.gob.es 2/6 El artículo 2 de la misma ley establece: 1. Esta Ley será de aplicación a los prestadores de servicios de la sociedad de la información establecidos en España y a los servicios prestados por ellos. El Anexo de la LSSI define: a) «Servicios de la sociedad de la información» o «servicios»: todo servicio prestado normalmente a título oneroso, a distancia, por"
e-03479-2021,2021,https://www.aepd.es/documento/e-03479-2021.pdf,https://web.archive.org/web/20221005052000id_/https://www.aepd.es/documento/e-03479-2021.pdf,"1/15  Expediente Nº: E/03479/2021 RESOLUCIÓN DE ARCHIVO DE ACTUACIONES* De las actuaciones practicadas por la Agencia Española de Protección de Datos y teniendo como base los siguientes HECHOS PRIMERO: El reclamante 1 y el reclamante 2 con fecha 12 de noviembre de 2020 y 28 de enero de 2021 respectivamente interpusieron reclamación ante la Agencia Española de Protección de Datos.  Ambas reclamaciones se dirigen contra CAIXABANK S.A. con CIF A08663619 (en adelante, la parte reclamada).  En relación con el reclamante 1 su reclamación se basa en lo siguiente: Que la app impuesta a sus clientes por Caixabank (Caixabank Now) pretende acceder a datos que exceden de los necesarios para lo que se pretende que es autorizar pagos por internet así como la operativa bancaria habitual.  Que la política de privacidad disponible en Google Play Store no concreta nada. Que el desarrollador no ha seguido los principios de privacidad desde el diseño y por defecto. Junto a su reclamación presenta como documentación relevante: - Copia de las condiciones y licencia de uso y de aplicación de Caixabank con año de referencia 2016 y fecha de extracción 11 de noviembre de 2020 y en la que consta: “[…] 4. Geolocalización. Es posible que la Aplicación esté adaptada o disponga de funciones de geolocalización, con el fin de poder ofrecer los servicios a los que se accede a través de la misma. Por tanto, para la prestación de dichos servicios requerirá que tenga activada la función de geolocalización de su dispositivo móvil. […] POLÍTICA DE PRIVACIDAD Y TRATAMIENTO DE DATOS DE CARÁCTER PERSONAL C/ Jorge Juan, 6 www.aepd.es 28001 – Madrid sedeagpd.gob.es 2/15 Tratamiento de datos de carácter personal en la aplicación CaixaBank […] Usted autoriza que CaixaBank realice una lectura de su huella, a través de la funcionalidad diseñada en esta aplicación a dicho efecto, con el fin de obtener un patrón biométrico a partir de un conjunto de puntos o detalles minuciosos de la misma, que quedará registrada en ficheros titularidad de la Entidad. CaixaBank podrá tratar los datos de carácter personal y el patrón biométrico con las siguientes finalidades: (a) identificar al Usuario en esta aplicación (b) validar y verificar sus datos identificativos cuando usted acceda desde otras aplicaciones o sitios de CaixaBank (c) dar cumplimiento a la relación derivada de la contratación de productos y/o servicios CaixaBank (d) verificar la corrección de la operativa dimanante de dicha contratación (e) aplicar las medidas necesarias para el cumplimiento de lo establecido en la Ley 10/2010, de Prevención del Blanqueo de Capitales y de la Financiación de Terrorismo (f) realizar análisis estadísticos sobre el uso de esta aplicación (g) maximizar la seguridad en el uso de canales o aplicaciones de CaixaBank y/o en las operativas de productos y servicios, analizando posibles fraudes o suplantaciones de su identidad […] Acceso a la función de geolocalización del dispositivo El funcionamiento de esta aplicaci"
e-03624-2021,2021,https://www.aepd.es/documento/e-03624-2021.pdf,https://web.archive.org/web/20240428093447id_/https://www.aepd.es/documento/e-03624-2021.pdf,"1/16  Procedimiento Nº: E/03624/2021 RESOLUCIÓN DE ARCHIVO DE ACTUACIONES De las actuaciones practicadas por la Agencia Española de Protección de Datos y te- niendo como base los siguientes: HECHOS PRIMERO: La denuncia interpuesta por RIGHTS INTERNATIONAL SPAIN (en adelante, la denunciante) tiene entrada con fecha 9 de marzo de 2020 en la Agencia Española de Protección de Datos.  La denunciante reseña problemas asociados al uso de diversas aplicaciones tecnológi- cas como son la extracción de datos personales para su uso sistemático sin el conoci- miento o control del consumidor, la generación de perfiles y categorización de los con- sumidores, la carencia de información proporcionada para la toma de decisiones res- pecto al uso de datos personales en tecnología publicitaria y las bajas posibilidades de detener o controlar la explotación de datos personales por parte del usuario.  La denuncia tiene su origen en un informe publicado por el Consejo de Consumidores Noruego que analiza el lado oculto de la economía de los datos. El análisis se realiza sobre 10 aplicaciones de distinto tipo (desde aplicaciones de citas, de seguimiento de fertilidad o aplicaciones para niños). Entre dichas aplicaciones tecnológicas, la denunciante señala a “Grindr”, a modo de ejemplo, aplicación cuyo responsable del tratamiento de datos es GRINDR LLC, (en lo sucesivo, la denunciada). SEGUNDO: De conformidad con el artículo 65.4 de la Ley Orgánica 3/2018, de 5 de diciembre, de Protección de Datos Personales y garantía de los derechos digitales (en adelante LOPDGDD), con número de referencia E/03244/2020, se dio traslado de di- cha reclamación a la denunciada, para que procediese a su análisis e informase a esta Agencia en el plazo de un mes, de las acciones llevadas a cabo para adecuarse a los requisitos previstos en la normativa de protección de datos. Asimismo, se comprobó, en primer lugar, que en la política de privacidad el prestador de servicios estadounidense hace referencia, en la actualidad, a THE DPR GROUP, con domicilio en Irlanda, como representante en la UE, con domicilio en todos los esta- dos miembros (The DPR group has locations in each of the 28 EU member countries.  A través de un procedimiento de asistencia mutua, regulado en el artículo 61 del RGPD, se indagó si otras autoridades, aparte de la noruega, estaban realizando actua- ciones al respecto. La información obtenida fue la siguiente: - 17 autoridades han contestado diciendo que no han recibido reclamaciones y no han iniciado ningún tipo de investigación: Baden-Wurttemberg, Berlín, Irlanda, Liechtens- tein, Hesse, Thuringia, Portugal, Rumanía, Países Bajos, Austria, Chipre, Hungría, Di- namarca, Eslovaquia, Baviera Sector Privado, Bulgaria e Italia. C/ Jorge Juan, 6 www.aepd.es 28001 – Madrid sedeagpd.gob.es 2/16 - Noruega sí tiene una denuncia y la están investigando. En enero de 2021, noruega avisa de que el objeto de la investigación ha sido la antigua plataforma de gestión del consentimiento,"
e-03857-2021,2021,https://www.aepd.es/es/documento/e-03857-2021.pdf,https://web.archive.org/web/20210917083732id_/https://www.aepd.es/es/documento/e-03857-2021.pdf,"1/7  Expediente Nº: E/03857/2021 RESOLUCIÓN DE ARCHIVO DE ACTUACIONES De las actuaciones practicadas por la Agencia Española de Protección de Datos y teniendo como base los siguientes HECHOS PRIMERO: La reclamación interpuesta por D. A.A.A. (en lo sucesivo, la parte reclamante) tiene entrada en fecha 19 de octubre de 2020 en la Agencia Española de Protección de Datos. La reclamación se dirige contra ACTURUS CAPITAL, S.L. (en adelante, la parte reclamada).  Los motivos en que basa su reclamación son que ganó un sorteo que realizaba la entidad reclamada y el premio era la remisión de unas prendas a su domicilio. Señala que le enviaron las destinadas a otro ganador, por lo que le dijeron que tramitarían el cambio. Al tramitar el cambio, el reclamante recibió un segundo envío con las prendas correctas. En este segundo envío, el reclamante indica que en el paquete aparece como remitente los datos postales del otro ganador. Documentación relevante aportada por el reclamante: Fotografía de la etiqueta de un sobre de un envío, con fecha 30 de septiembre de 2020, en el que el destinatario es el reclamante, y en los datos del remitente aparece un nombre y una dirección de A Coruña y un número de teléfono móvil. SEGUNDO: De conformidad con el artículo 65.4 de la Ley Orgánica 3/2018, de 5 de diciembre, de Protección de Datos Personales y garantía de los derechos digitales (en adelante LOPDGDD), con número de referencia E/09115/2020, en fecha 16 de noviembre de 2020, se dio traslado de dicha reclamación a la parte reclamada, para que procediese a su análisis e informase a esta Agencia en el plazo de un mes, de las acciones llevadas a cabo para adecuarse a los requisitos previstos en la normativa de protección de datos.  Con fecha 14 de diciembre de 2020, se recibe escrito en nombre de la parte reclamada como contestación al traslado de la reclamación presentada, en el cual se indica que se adjunta la respuesta, pero no se presenta ningún documento adjunto al escrito. Con fecha del 2 de febrero de 2021, se envía requerimiento de información, junto con el que se traslada la reclamación a la parte reclamada, constando su recepción el día 3 de febrero de 2021.  TERCERO: Con fecha 6 de abril de 2021, la Directora de la Agencia Española de Protección de Datos acordó admitir a trámite la reclamación presentada por la parte reclamante, al no haber recibido contestación al anterior requerimiento de información, en el procedimiento E/09115/2020. A continuación, la Subdirección General de Inspección de Datos procedió a la realización de actuaciones previas de investigación C/ Jorge Juan, 6 www.aepd.es 28001 – Madrid sedeagpd.gob.es 2/7 para el esclarecimiento de los hechos objeto de la reclamación, teniendo conocimiento de los siguientes extremos: Con fecha del 14 de abril de 2021, se envía un requerimiento de información, junto con el que se traslada la reclamación a la parte reclamada, y se da un plazo de diez días hábiles para contestar, que consta recibido el mismo"
e-03888-2021,2021,https://www.aepd.es/documento/e-03888-2021.pdf,https://web.archive.org/web/20251126075131id_/https://www.aepd.es/documento/e-03888-2021.pdf,"1/5  Expediente Nº: E/03888/2021 RESOLUCIÓN DE ARCHIVO DE ACTUACIONES De las actuaciones practicadas por la Agencia Española de Protección de Datos y teniendo como base los siguientes: HECHOS PRIMERO: A.A.A. (en adelante, la parte reclamante) con fecha 30 de diciembre de 2020 interpuso reclamación ante la Agencia Española de Protección de Datos. La reclamación se dirige contra Vodafone España, S.A.U. con NIF A80907397 (en adelante, la parte reclamada o Vodafone). Los motivos en que basa la reclamación son los siguientes. El reclamante presenta reclamación por recepción de llamadas comerciales en su línea fija. Manifiesta que en ocasiones son llamadas automáticas realizadas por un robot, pero en otras ocasiones se trata de un comercial. Por otra parte, señala que el pasado 29 de diciembre de 2020 a las 14.00 horas recibió una llamada desde la línea llamante ***TELÉFONO.1, que se identificó como ""Área Comercial Vodafone"". Asimismo, manifiesta que la línea receptora es la línea fija ***TELÉFONO.2 y está inscrita en la Lista Robinson ADigital. Documentación relevante aportada por la parte reclamante: - Justificante de estar inscrita en la Lista Robinson la línea receptora de las llamadas.  - Factura del operador que le presta servicios de telecomunicación. SEGUNDO: De conformidad con el artículo 65.4 de la Ley Orgánica 3/2018, de 5 de diciembre, de Protección de Datos Personales y garantía de los derechos digitales (en adelante LOPDGDD), en fecha 2 de febrero de 2021 se dio traslado de dicha reclamación a la parte reclamada, para que procediese a su análisis e informase a esta Agencia en el plazo de un mes, de las acciones llevadas a cabo para adecuarse a los requisitos previstos en la normativa de protección de datos. TERCERO: Con fecha 5 de abril de 2021, se admitió a trámite la reclamación presentada por la parte reclamante, al amparo de lo establecido en el artículo 65.5 de la LOPDGDD. CUARTO: La Subdirección General de Inspección de Datos procedió a la realización de actuaciones previas de investigación para el esclarecimiento de los hechos en cuestión, en virtud de los poderes de investigación otorgados a las autoridades de C/ Jorge Juan, 6 www.aepd.es 28001 – Madrid sedeagpd.gob.es 2/5 control en el artículo 57.1 del Reglamento (UE) 2016/679 (Reglamento General de Protección de Datos, en adelante RGPD), y de conformidad con lo establecido en el Título VII, Capítulo I, Sección segunda, de la LOPDGDD, teniendo conocimiento de los siguientes extremos: Según el Registro de Numeración y Operadores de Telecomunicaciones de la Comisión Nacional del Mercado de la Competencia la línea de teléfono ***TELÉFONO.3 la tiene asignada Sewan Comunicaciones S.L. Con fecha 7 de octubre de 2021 Sewan Comunicaciones S.L. remite a esta Agencia la  siguiente información y manifestaciones: 1. Que la titularidad de la línea ***TELÉFONO.1 es del revendedor DIDWW Ireland Limited. El 13 de octubre de 2021 se incluye en el presente expediente, la documentación de referen"
e-03889-2021,2021,https://www.aepd.es/es/documento/e-03889-2021.pdf,https://web.archive.org/web/20210727041815id_/https://www.aepd.es/es/documento/e-03889-2021.pdf,"1/8  Procedimiento Nº: E/03889/2021 RESOLUCIÓN DE ARCHIVO DE ACTUACIONES De las actuaciones practicadas por la Agencia Española de Protección de Datos y te- niendo como base los siguientes HECHOS PRIMERO: La reclamación interpuesta por FACUA - ASOCIACIÓN DE CONSUMIDO- RES Y USUARIOS EN ACCIÓN (en adelante, la parte reclamante) tiene entrada con fecha 18 de enero de 2019 en la Agencia Española de Protección de Datos.  La reclamación se dirige contra EPIC GAMES INTERNATIONAL, S.à.r.L., (en adelante, el reclamado).  Los motivos en que basa la reclamación son que la prensa se ha referido a una brecha de seguridad en el juego FORTNITE, con lo que se ha podido tener acceso a datos de los jugadores. Acompañan la dirección del diario en e que se hacen eco de la brecha ***URL.1. SEGUNDO: Teniendo en cuenta el carácter transfronterizo de la reclamación y dado que el reclamado tiene su establecimiento principal o único en ***PAÍS.1, correspondería a la autoridad de protección de datos de ese Estado actuar como autoridad de control principal, a tenor de lo dispuesto en el artículo 56.1 del RGPD. A través del “Sistema de Información del Mercado Interior” (en lo sucesivo IMI), regulado por el Reglamento (UE) nº 1024/2012, del Parlamento Europeo y del Consejo, de 25 de octubre de 2012 (Reglamento IMI), cuyo objetivo es favorecer la cooperación administrativa transfronteriza, la asistencia mutua entre los Estados miembros y el intercambio de información, la Agencia Española de Protección de Datos (AEPD), con fecha 29 de agosto de 2019, preguntó a la autoridad de ***PAÍS.1 si habían revisado el caso y si  podían confirmar que son la autoridad competente para tratar con el caso. Contestan, el mismo día, diciendo que aún están deliberando si es ***PAÍS.1 o ***PAÍS.2 la autoridad líder (LSA) que asumirá la reclamación.  Con fecha 25 de febrero de 2020, se vuelve a solicitad información a la autoridad de protección de datos de ***PAÍS.1, respondiendo, el día 4 de marzo de 2020, que continúan debatiendo si le corresponde actuar a esa autoridad o a la de ***PAÍS.2. De conformidad con el artículo 66 de la Ley Orgánica 3/2018, de 5 de diciembre, de Protección de Datos Personales y garantía de los derechos digitales (en lo sucesivo, LOPDGDD), la Directora de la Agencia Española de Protección de Datos acordó remi- tir la reclamación presentada por FACUA a la autoridad de control de ***PAÍS.1, a fin de que por la misma se le diera el curso oportuno, así como proceder al archivo provi- sional del procedimiento, quedando automáticamente suspendidos los plazos de admi- sión a trámite regulados en el artículo 65.5 de la LOPDGDD, de acuerdo con lo dis- C/ Jorge Juan, 6 www.aepd.es 28001 – Madrid sedeagpd.gob.es 2/8 puesto en su artículo 64.4. Sin embargo, con fecha 13 de octubre de 2020, la autoridad alemana comunicó a las demás autoridades de control que, como resultado de una serie de investigaciones e inspecciones llevadas a cabo en el proceso de tramitación de diversos caso"
e-04010-2021,2021,https://www.aepd.es/es/documento/e-04010-2021.pdf,https://web.archive.org/web/20220307211817id_/https://www.aepd.es/es/documento/e-04010-2021.pdf,"1/5  Expediente Nº: E/04010/2021 RESOLUCIÓN DE ARCHIVO DE ACTUACIONES De las actuaciones practicadas por la Agencia Española de Protección de Datos y teniendo como base los siguientes: HECHOS PRIMERO: Dña. A.A.A. (en adelante, la parte reclamante) con fecha 20 de enero de 2021 interpuso reclamación ante la Agencia Española de Protección de Datos. La reclamación se dirige contra VODAFONE ESPAÑA, S.A.U. con NIF A80907397 (en adelante, la parte reclamada o Vodafone). Los motivos en que basa la reclamación son los siguientes. La reclamante presenta nueva reclamación frente a Vodafone porque desde hace cuatro meses recibe llamadas comerciales en su línea fija una media de 4 a 5 diarias.  Por otra parte, indica las siguientes líneas de teléfono llamantes: ***TELEFONO.1, ***TELEFONO.2, ***TELEFONO.3 y ***TELEFONO.4. SEGUNDO: De conformidad con el artículo 65.4 de la Ley Orgánica 3/2018, de 5 de diciembre, de Protección de Datos Personales y garantía de los derechos digitales (en adelante LOPDGDD), en fecha 3 de febrero de 2021 se dio traslado de dicha reclamación a la parte reclamada, para que procediese a su análisis e informase a esta Agencia en el plazo de un mes, de las acciones llevadas a cabo para adecuarse a los requisitos previstos en la normativa de protección de datos. TERCERO: Con fecha 8 de abril de 2021, se admitió a trámite la reclamación presentada por la parte reclamante, al amparo de lo establecido en el artículo 65.5 de la LOPDGDD. CUARTO: La Subdirección General de Inspección de Datos procedió a la realización de actuaciones previas de investigación para el esclarecimiento de los hechos en cuestión, en virtud de los poderes de investigación otorgados a las autoridades de control en el artículo 57.1 del Reglamento (UE) 2016/679 (Reglamento General de Protección de Datos, en adelante RGPD), y de conformidad con lo establecido en el Título VII, Capítulo I, Sección segunda, de la LOPDGDD, teniendo conocimiento de los siguientes extremos: Con fecha de 11 de mayo de 2021 se recibe en esta Agencia, escrito de alegaciones al traslado de la reclamación remitido por la reclamada manifestando que su entidad no es la responsable de estas llamadas y que los números indicados en la reclamación no los identifica con ninguno de los que utilizan sus colaboradores. Realizadas búsquedas de las operadoras de los números de teléfono indicados en la reclamación en el sitio web de la Comisión Nacional de los Mercados y la Competencia (en adelante, CNMC) se averiguan las correspondientes entidades que operan estos números de teléfono. C/ Jorge Juan, 6 www.aepd.es 28001 – Madrid sedeagpd.gob.es 2/5 Solicitadas a las correspondientes operadoras la titularidad de las líneas de teléfono señaladas en la reclamación se obtiene: Sobre el número ***TELEFONO.4. Solicitada información sobre el titular de este número de teléfono en el momento de producirse la llamada señalada en la reclamación a Vodafone España, S.A.U., entidad que opera este número de teléfono, con f"
e-04013-2021,2021,https://www.aepd.es/documento/e-04013-2021.pdf,https://web.archive.org/web/20251124192041id_/https://www.aepd.es/documento/e-04013-2021.pdf,"1/6  Expediente Nº: E/04013/2021 RESOLUCIÓN DE ARCHIVO DE ACTUACIONES De las actuaciones practicadas por la Agencia Española de Protección de Datos ante las entidades COLT TECHNOLOGY SERVICES S.A., LEAST COST ROUTING TELECOM S.L., SOLUCIONES DIGITALES DE TELECOMUNICACION, S.L., XFERA MÓVILES, S.A., en virtud de denuncia presentada por Don A.A.A., y su madre, Doña B.B.B., y teniendo como base los siguientes: HECHOS PRIMERO: Con fecha 17 de agosto de 2020 tuvo entrada en esta Agencia escrito remitido por Don A.A.A., y su madre, Doña B.B.B. (en lo sucesivo la parte denunciante), en el que indica lo siguiente: Quiere reclamar contra MasMóvil por la recepción de llamadas telefónicas comerciales no consentidas en la línea de teléfono número: ***TELÉFONO.1. El reclamante pone de manifiesto que esta línea está inscrita en la Lista Robinson. Se in- dica que recibe múltiples llamadas en nombre de MasMóvil; la primera hace aproxima- damente un año desde la línea número ***TELÉFONO.2 (sin tener certeza de que fue- ra este), desde la que le han llamado en otras ocasiones posteriores. A partir del mo- mento en que dijo no estar interesado, ha estado recibiendo llamadas desde varios te- léfonos. Son llamadas automáticas en las que sale una locución que dice ""good bye"". Alguna de las líneas desde las que recibe las llamadas son: ***TELÉFONO.3, ***TE- LÉFONO.4, ***TELÉFONO.5, ***TELÉFONO.6 y ***TELÉFONO.7. El reclamante manifiesta que, en fechas 11 de junio y 23 de julio de 2020, se puso en contacto con Atención al Cliente, pero no le dieron una solución. También aporta dos solicitudes de oposición dirigidas a MÁSMÓVIL vía e-mail el 31 de julio de 2020 y 6 de agosto de 2020. Recibió contestación el 1 de agosto de 2020, solicitándo- le información adicional. Las llamadas no han cesado. Documentación relevante aportada por el reclamante: - Correos electrónicos dirigidos a MASMOVIL con fechas de 31 de julio y 6 de agosto de 2020 solicitando el cese de las llamadas telefónicas. SEGUNDO: Con carácter previo a la admisión a trámite de esta reclamación, se trasladó al reclamado, de conformidad con lo establecido en el artículo 65.4 la Ley Orgánica 3/2018, de 5 de diciembre, de Protección de Datos Personales y garantía de los derechos digitales (en lo sucesivo, LOPDGDD). Con fecha de 20 de octubre de 2020 se recibe en esta Agencia, escrito de Xfera Móvi- les, S.A., manifestando que de todos los números llamantes que se facilitan en el tras- lado de la reclamación, sólo uno de ellos el ***TELÉFONO.2 es el único que tiene C/ Jorge Juan, 6 www.aepd.es 28001 – Madrid sedeagpd.gob.es 2/6 asignado un colaborador de XFERA, agente externo de telemarketing que se llama C.- C.C. y al que le han solicitado información (aportan comunicación certificada de fecha 19 de octubre de 2020) Aportan copia del contrato con esta empresa como encargado de tratamiento y entre las condiciones de la prestación del servicio de telemarketing se encuentra la del filtrado de las BBDD con Lista Robin"
e-04227-2021,2021,https://www.aepd.es/es/documento/e-04227-2021.pdf,https://web.archive.org/web/20220307211343id_/https://www.aepd.es/es/documento/e-04227-2021.pdf,"1/6  Expediente Nº: E/04227/2021 RESOLUCIÓN DE ARCHIVO DE ACTUACIONES De las actuaciones practicadas por la Agencia Española de Protección de Datos y teniendo como base los siguientes HECHOS PRIMERO: Con fecha 22 de marzo de 2021, la Subdirección General de Inspección de Datos recibió para su valoración un escrito de notificación de brecha de seguridad de los datos personales remitido por STERIS IBERIA S.A.U. con CIF A80587876 (en adelante, STERIS), recibido en fecha 6 de febrero de ese mismo año, en el que informa a la Agencia Española de Protección de Datos de lo siguiente:  El 3 de febrero de 2021, (...) notificó a STERIS que datos que se transferían a través de la aplicación ***APLICACIÓN.1 de (...) podían haberse visto comprometidos por un incidente   de   seguridad   que   afectaba   a   la   aplicación. Han podido verse afectados los datos de 5 empleados.  Posteriormente, se realiza una ampliación de la notificación mencionada donde se indica que el número de afectados han podido ser 13 de los cuales aproximadamente “8 de los interesados identificados o identificables son empleados de la empresa STERIS, cuyas categorías de datos afectadas son el nombre, apellidos y datos profesionales de contacto.  (…). Junto a la notificación se aporta poder de representación para actos legales a favor de Jones Day. SEGUNDO: La Subdirección General de Inspección de Datos procedió a la realización de actuaciones previas de investigación para el esclarecimiento de los hechos en cuestión, en virtud de los poderes de investigación otorgados a las autoridades de control en el artículo 57.1 del Reglamento (UE) 2016/679 (Reglamento General de Protección de Datos, en adelante RGPD), y de conformidad con lo establecido en el Título VII, Capítulo I, Sección segunda, de la LOPDGDD, teniendo conocimiento de los siguientes extremos: Respecto de la cronología de los hechos y las acciones tomadas con objeto de minimizar los efectos adversos y medidas adoptadas para su resolución final:  (...).  Respecto de los datos afectados,  C/ Jorge Juan, 6 www.aepd.es 28001 – Madrid sedeagpd.gob.es 2/6 (…). Respecto de las medidas de seguridad implantadas, (...).   Por último, en cuanto a la Información sobre la recurrencia de estos hechos y número de eventos análogos acontecidos en el tiempo. El responsable manifiesta que no han tenido ningún evento similar que afecte a sus prestadores de servicios externos. FUNDAMENTOS DE DERECHO I Competencia En virtud de los poderes que el artículo 58.2 del Reglamento (UE) 2016/679 del Parlamento Europeo y del Consejo de 27 de abril de 2016 relativo a la protección de las personas físicas en lo que respecta al tratamiento de datos personales y a la libre circulación de estos datos (RGPD) reconoce a cada autoridad de control, y según lo establecido en los artículos 47 y 48 de la LOPDGDD, la Directora de la Agencia Española de Protección de Datos es competente para iniciar y resolver este procedimiento. II Cuestiones previas En el presente caso,"
e-04230-2021,2021,https://www.aepd.es/es/documento/e-04230-2021.pdf,https://web.archive.org/web/20220307211542id_/https://www.aepd.es/es/documento/e-04230-2021.pdf,"1/6  Expediente Nº: E/04230/2021 RESOLUCIÓN DE ARCHIVO DE ACTUACIONES De las actuaciones practicadas por la Agencia Española de Protección de Datos y teniendo como base los siguientes HECHOS PRIMERO: Las actuaciones de inspección se inician como consecuencia del análisis de un escrito de notificación de brecha de seguridad de los datos personales remitido el 24 de febrero de 2021 por el responsable del tratamiento CYBERSEC CULTURE & AWARENESS, S.L.U. con CIF B97987820 (en adelante, CYBERSEC), en el que informa a la Agencia Española de Protección de Datos de lo siguiente: FOLEY & LARDENER LLP (en adelante, FOLEY), encargado del tratamiento, (…). SEGUNDO: La Subdirección General de Inspección de Datos procedió a la realización de actuaciones previas de investigación para el esclarecimiento de los hechos en cuestión, en virtud de los poderes de investigación otorgados a las autoridades de control en el artículo 57.1 del Reglamento (UE) 2016/679 (Reglamento General de Protección de Datos, en adelante RGPD), y de conformidad con lo establecido en el Título VII, Capítulo I, Sección segunda, de la LOPDGDD, teniendo conocimiento de los siguientes extremos: FOLEY (…). Respecto de las causas que hicieron posible la brecha (…). Respecto de los datos afectados. (…). Respecto de las medidas de seguridad implantadas (…). FUNDAMENTOS DE DERECHO I De acuerdo con los poderes de investigación y correctivos que el artículo 58 del Reglamento (UE) 2016/679 (Reglamento general de protección de datos, en adelante RGPD) otorga a cada autoridad de control, y según lo dispuesto en el artículo 47 de la C/ Jorge Juan, 6 www.aepd.es 28001 – Madrid sedeagpd.gob.es 2/6 Ley Orgánica 3/2018, de 5 de diciembre, de Protección de Datos Personales y garantía de los derechos digitales (en lo sucesivo LOPDGDD), es competente para resolver estas actuaciones de investigación la Directora de la Agencia Española de Protección de Datos. II Cuestiones previas En el presente caso, de acuerdo con lo establecido en el artículo 4.1 del RGPD, consta la realización de un tratamiento de datos personales, toda vez que CYBERSEC realiza, entre otros tratamientos, la recogida, utilización, consulta de los siguientes datos personales de empleados de la compañía, tales como: nombre y apellidos, identificación, datos económicos…, etc.  CYBERSEC realiza esta actividad en su condición de responsable del tratamiento, dado que es quien determina los fines y medios de tal actividad, en virtud del citado artículo 4.7 del RGPD. FOLEY realiza esta actividad en su condición de encargado del tratamiento, dado que trata estos datos personales por cuenta de CYBERSEC, que es la responsable de este tratamiento en cuestión, todo ello en virtud del artículo 4.8 del RGPD. El artículo 4 apartado 12 del RGPD define, de un modo amplio, las “violaciones de seguridad de los datos personales” (en adelante brecha de seguridad) como “todas aquellas violaciones de la seguridad que ocasionen la destrucción, pérdida o alteración a"
e-04233-2021,2021,https://www.aepd.es/es/documento/e-04233-2021.pdf,https://web.archive.org/web/20220119133417id_/https://www.aepd.es/es/documento/e-04233-2021.pdf,"1/5  Expediente Nº: E/04233/2021 RESOLUCIÓN DE ARCHIVO DE ACTUACIONES De las actuaciones practicadas por la Agencia Española de Protección de Datos y teniendo como base los siguientes: HECHOS PRIMERO: Dña. A.A.A. (en adelante, la parte reclamante) con fecha 26 de noviembre de 2020 interpuso reclamación ante la Agencia Española de Protección de Datos. La reclamación se dirige contra VODAFONE ESPAÑA, S.A.U. con NIF A80907397 (en adelante, la parte reclamada o Vodafone).  La reclamante manifiesta que le han dado de alta en tres líneas telefónicas móviles ***TELÉFONO.1, ***TELÉFONO.2 y ***TELÉFONO.3, con sus terminales utilizando sus datos sin su consentimiento. Además, añade que le han incluido en el sistema de información crediticia Asnef. Y, aporta entre otra la siguiente documentación: - Impresión de pantalla de su terminal donde se reflejan diversos mensajes y conversaciones mantenidos con el servicio de atención al cliente referidos a la citada reclamación. SEGUNDO: De conformidad con el artículo 65.4 de la Ley Orgánica 3/2018, de 5 de diciembre, de Protección de Datos Personales y garantía de los derechos digitales (en adelante LOPDGDD), en fecha 4 de enero de 2021 se dio traslado de dicha reclamación a la parte reclamada, para que procediese a su análisis e informase a esta Agencia en el plazo de un mes, de las acciones llevadas a cabo para adecuarse a los requisitos previstos en la normativa de protección de datos. TERCERO: Con fecha 13 de abril de 2021, se admitió a trámite la reclamación presentada por la parte reclamante, al amparo de lo establecido en el artículo 65.5 de la LOPDGDD. CUARTO: La Subdirección General de Inspección de Datos procedió a la realización de actuaciones previas de investigación para el esclarecimiento de los hechos en cuestión, en virtud de los poderes de investigación otorgados a las autoridades de control en el artículo 57.1 del Reglamento (UE) 2016/679 (Reglamento General de Protección de Datos, en adelante RGPD), y de conformidad con lo establecido en el Título VII, Capítulo I, Sección segunda, de la LOPDGDD, teniendo conocimiento de los siguientes extremos: C/ Jorge Juan, 6 www.aepd.es 28001 – Madrid sedeagpd.gob.es 2/5 1.- Con fecha 14 de abril de 2021, se solicitó a la reclamante que presentara las últimas facturas de las tres líneas telefónicas indicadas, pese a haber sido practicada la notificación el 14 de abril de 2021, no se ha recibido contestación. 2.- Asimismo, se requirió a Equifax Iberica, S.L. información sobre los datos de la reclamante informados al fichero Asnef. El 21 de abril de 2021 se recibe en esta Agencia escrito remitido por esta entidad manifestando que a dicha fecha no existen datos informados por la reclamada, sino por un saldo impagado procedente de un crédito hipotecario dado de alta el 22 de febrero de 2021. 3.- Solicitada a la parte reclamada la situación de las líneas referidas en la reclamación, el procedimiento de contratación y la documentación de identificación recabada en "
e-04305-2021,2021,https://www.aepd.es/es/documento/e-04305-2021.pdf,https://web.archive.org/web/20220307210416id_/https://www.aepd.es/es/documento/e-04305-2021.pdf,"1/5  Expediente Nº: E/04305/2021 RESOLUCIÓN DE ARCHIVO DE ACTUACIONES De las actuaciones practicadas por la Agencia Española de Protección de Datos y teniendo como base los siguientes: HECHOS PRIMERO: D. A.A.A. (en adelante, la parte reclamante) con fecha 29 de diciembre de 2020 interpuso reclamación ante la Agencia Española de Protección de Datos. La reclamación se dirige contra Vodafone España, S.A.U. con NIF A80907397 (en adelante, la parte reclamada o Vodafone). Los motivos en que basa la reclamación son los siguientes. El reclamante manifiesta que ha recibido, en diferentes fechas, llamadas telefónicas comerciales a nombre de Vodafone en sus líneas de teléfono fijo y móvil: ***TELÉFONO.1 y ***TELÉFONO.2. Destaca una llamada recibida en fecha 29 de diciembre de 2020 procedente del número llamante: ***TELÉFONO.3.  Añade que ambas líneas receptoras están inscritas en la Lista Robinson de ADigital. Y, aporta la siguiente documentación para acreditar los hechos: - Captura de pantalla de una llamada recibida en su línea fija el pasado 29 de  diciembre de 2020 a las 14:21 horas, desde la línea llamante ***TELÉFONO.3. - Correo de verificación de estar inscrito en la Lista Robinson. SEGUNDO: De conformidad con el artículo 65.4 de la Ley Orgánica 3/2018, de 5 de diciembre, de Protección de Datos Personales y garantía de los derechos digitales (en adelante LOPDGDD), en fecha 12 de febrero de 2021 se dio traslado de dicha reclamación a la parte reclamada, para que procediese a su análisis e informase a esta Agencia en el plazo de un mes, de las acciones llevadas a cabo para adecuarse a los requisitos previstos en la normativa de protección de datos. TERCERO: Con fecha 15 de abril de 2021, se admitió a trámite la reclamación presentada por la parte reclamante, al amparo de lo establecido en el artículo 65.5 de la LOPDGDD. CUARTO: La Subdirección General de Inspección de Datos procedió a la realización de actuaciones previas de investigación para el esclarecimiento de los hechos en cuestión, en virtud de los poderes de investigación otorgados a las autoridades de control en el artículo 57.1 del Reglamento (UE) 2016/679 (Reglamento General de Protección de Datos, en adelante RGPD), y de conformidad con lo establecido en el Título VII, Capítulo I, Sección segunda, de la LOPDGDD, teniendo conocimiento de los siguientes extremos: C/ Jorge Juan, 6 www.aepd.es 28001 – Madrid sedeagpd.gob.es 2/5 1.- Con fecha de 10 de mayo de 2021 la parte reclamada manifiesta a esta Agencia lo siguiente: que han comprobado que las líneas receptoras indicadas por el reclamante figuran en la Lista Robinson oficial de ADigital desde el 8 de octubre de 2018. Añaden que tras las oportunas comprobaciones, el número reclamado no consta en su base de datos de números asociados a sus colaboradores que realizan llamadas de captación en nombre de Vodafone.  2.- Se comprueba en el Registro de Numeración y Operadores de Telecomunicaciones de la CNMC que el operador al que está asignada la "
e-04593-2021,2021,https://www.aepd.es/documento/e-04593-2021.pdf,https://web.archive.org/web/20240626171228id_/https://www.aepd.es/documento/e-04593-2021.pdf,"1/7  Expediente Nº: E/04593/2021 RESOLUCIÓN DE ARCHIVO DE ACTUACIONES De las actuaciones practicadas por la Agencia Española de Protección de Datos y te- niendo como base los siguientes: HECHOS PRIMERO: Don A.A.A. (en adelante, la parte reclamante) con fecha 30 de noviembre de 2020 interpuso reclamación ante la Agencia Española de Protección de Datos. La reclamación se dirige contra DESGUACES LA TORRE, S.A., con CIF A78035987 (en adelante, la parte reclamada).  Los motivos en que basa la reclamación son los siguientes: Que a la entrada de las instalaciones de la parte reclamada le han tomado la temperatura con un termómetro láser para poder acceder. Considera que se ha vulnerado su derecho a la intimidad y a la protección de datos. SEGUNDO: De conformidad con el artículo 65.4 de la Ley Orgánica 3/2018, de 5 de diciembre, de Protección de Datos Personales y garantía de los derechos digitales (en adelante LOPDGDD), se dio traslado de dicha reclamación a la parte reclamada, con fecha 12 de febrero de 2021, para que procediese a su análisis e informase a esta Agencia en el plazo de un mes, de las acciones llevadas a cabo para adecuarse a los requisitos previstos en la normativa de protección de datos. Con fecha 3 de marzo de 2021, se recibe en esta Agencia escrito de respuesta indi- cando lo siguiente: - Manifiesta disponer un servicio externalizado de prevención de riesgos laborales con la entidad CUALTIS, S.L.U., que diseñó las medidas necesarias a adoptar y el protoco- lo de actuación para evitar la propagación de la COVID-19 que, entre otras medidas, incluyó la toma de temperatura para el acceso a sus instalaciones mediante un dispo- sitivo de medición de la temperatura corporal sin contacto por infrarrojos.  - Expresa utilizar un dispositivo de toma de temperatura que no registra ningún tipo de dato personal, sino que esta medición se hace simplemente con carácter preventivo y de protección, y que tampoco existe registro adicional que almacene la temperatura obtenida por persona. - Alega amparar la toma de temperatura a la entrada a sus instalaciones en la Ley 31/1995, de 8 de noviembre, de Prevención de Riesgos Laborales y Real Decreto Ley 21/2020, de 9 de junio, de medidas urgentes de prevención, contención y coordinación para hacer frente a la crisis sanitaria ocasionada por COVID-19 y añade que se reali- zaba de la forma menos intrusiva posible y con la finalidad específica de contener la propagación del coronavirus, y garantizar la seguridad y salud de los empleados. - Relata disponer de información a la entrada señalando la necesidad de tomar la tem- C/ Jorge Juan, 6 www.aepd.es 28001 – Madrid sedeagpd.gob.es 2/7 peratura. - Insiste en no realizar tratamiento de datos personales alguno con la toma de tempe- ratura en el acceso a sus instalaciones y muestra voluntad a implantar cualquier medi- da que la AEPD estimase necesaria. TERCERO: Con fecha 21 de abril de 2021 la Directora de la Agencia Española de Pro- tección de Datos acordó admiti"
e-04664-2021,2021,https://www.aepd.es/es/documento/e-04664-2021.pdf,https://web.archive.org/web/20220307210638id_/https://www.aepd.es/es/documento/e-04664-2021.pdf,"1/5  Expediente Nº: E/04664/2021 RESOLUCIÓN DE ARCHIVO DE ACTUACIONES De las actuaciones practicadas por la Agencia Española de Protección de Datos y teniendo como base los siguientes HECHOS PRIMERO: Dª. A.A.A. (en adelante, la parte reclamante) con fecha 17 de diciembre de 2020 interpuso reclamación ante la Agencia Española de Protección de Datos. La reclamación se dirige contra Consejería de Sanidad de la Comunidad de Madrid con NIF S7800001E (en adelante, la Consejería). Los motivos en que basa la reclamación son los siguientes:  La parte reclamante expone que en fecha 15/12/20 acude al servicio de urgencias del Centro de Salud Jaime Vera, de Leganés, donde recibió la pertinente asistencia sanitaria. Si bien, su médico de cabecera no pudo registrar la información en su historial clínico, porque tanto su historial como su perfil como paciente y usuaria de la Atención Primaria no constaba en las bases de datos del sistema informático del Servicio Madrileño de Salud. En consecuencia, declara una brecha de seguridad y duda sobre si se podrá recuperar la información extraviada y que no consta. SEGUNDO: De conformidad con el artículo 65.4 de la Ley Orgánica 3/2018, de 5 de diciembre, de Protección de Datos Personales y garantía de los derechos digitales (en adelante LOPDGDD), se dio traslado de dicha reclamación a la Consejería, para que procediese a su análisis e informase a esta Agencia en el plazo de un mes, de las acciones llevadas a cabo para adecuarse a los requisitos previstos en la normativa de protección de datos, no constando contestación al traslado de la reclamación. TERCERO: Con fecha 22 de abril de 2021 se admitió a trámite la reclamación presentada por la parte reclamante, al amparo de lo establecido en el artículo 65.5 de la LOPDGDD. CUARTO: La Subdirección General de Inspección de Datos procedió a la realización de actuaciones previas de investigación para el esclarecimiento de los hechos objeto de la reclamación, teniendo conocimiento de los siguientes extremos: De conformidad con la información remitida por el Comité Delegado de Protección de Datos (en adelante CDPD) de la Consejería de Sanidad de la Comunidad de Madrid, Dª A.A.A. con DNI: ***NIF.1 con ***DIRECCION.1 y adscrita al Centro de salud Jaime Vera, constaba de alta inicial en la base poblacional el 01/06/1997 y de baja en la base poblacional CIBELES del 03/11/2020 hasta el 12/01/2021. Es de resaltar que el Sistema de Información Poblacional CIBELES se configura como el registro básico de los datos de los usuarios del Sistema Sanitario Público Madrileño y como el instrumento básico de gestión sanitaria de la Comunidad de Madrid, que permite la planificación de recursos humanos, infraestructuras y la inclusión de las C/ Jorge Juan, 6 www.aepd.es 28001 – Madrid sedeagpd.gob.es 2/5 prestaciones sanitarias y los recursos tanto de Atención Primaria como Hospitalaria, favoreciendo una gestión sanitaria eficaz, eficiente e integral. En consecuencia, la Historia Clínica Electrón"
e-04796-2021,2021,https://www.aepd.es/es/documento/e-04796-2021.pdf,https://web.archive.org/web/20220307211551id_/https://www.aepd.es/es/documento/e-04796-2021.pdf,"1/6  Expediente Nº: E/04796/2021 RESOLUCIÓN DE ARCHIVO DE ACTUACIONES De las actuaciones practicadas por la Agencia Española de Protección de Datos y teniendo como base los siguientes, HECHOS PRIMERO: A.A.A. (en lo sucesivo, la parte reclamante) en fecha 24 de febrero de 2020 interpuso reclamación ante la Agencia Española de Protección de Datos. La reclamación se dirige contra VODAFONE ESPAÑA, S.A.U. y VODAFONE ONO, S.A.U. (en adelante, la parte reclamada).  Los motivos en que basa la reclamación son los siguientes: Sigue recibiendo entre 3 y 4 llamadas comerciales diarias de VODAFONE; e indica concretamente la recepción de dos llamadas recibidas en su teléfono ***TELEFONO.1 el día 24 de febrero de 2020 a las 17:16 horas, desde las líneas ***TELEFONO.2 y ***TELEFONO.3.  Documentación relevante aportada por el reclamante: - Aporta la carta recibida por parte de VODAFONE ESPAÑA, S.A.U., con fecha de firma del 13 de mayo de 2019, en respuesta al traslado realizado por la Agencia Española de Protección de Datos en el seno del expediente E/03455/2019, donde VODAFONE le informa de que su número de teléfono está incluido en su propia Lista Robinson desde el 22 de abril de 2019. SEGUNDO: Los antecedentes que constan en los sistemas de información son los siguientes:  Con fecha 27 de abril de 2021, en el procedimiento E/00470/2020 la Agencia Española de Protección de Datos declaró la caducidad de las actuaciones previas de investigación llevadas a cabo en ese procedimiento, y acordó llevar a cabo las presentes actuaciones de investigación en relación con las llamadas comerciales no deseadas recibidas por el reclamante en nombre de VODAFONE. TERCERO: La Subdirección General de Inspección de Datos procedió a la realización de actuaciones previas de investigación para el esclarecimiento de los hechos en cuestión, en virtud de los poderes de investigación otorgados a las autoridades de control en el artículo 57.1 del Reglamento (UE) 2016/679 (Reglamento General de Protección de Datos, en adelante RGPD), y de conformidad con lo establecido en el Título VII, Capítulo I, Sección segunda, de la LOPDGDD, teniendo conocimiento de los siguientes extremos: En contestación a un requerimiento de información de la AEPD, el día 8 de junio de 2020, se registra la entrada en la AEPD del escrito presentado en nombre de la ASOCIACIÓN ESPAÑOLA DE LA ECONOMIA DIGITAL (en adelante, ADIGITAL), en el que se aporta la siguiente información: C/ Jorge Juan, 6 www.aepd.es 28001 – Madrid sedeagpd.gob.es 2/6 Certificación de que la parte reclamante tiene inscrito en el servicio de Lista Robinson el número de teléfono ***TELEFONO.1 desde el día 3 de marzo de 2017. Actuaciones respecto a la llamada denunciada desde el número ***TELEFONO.2 hacia la línea ***TELEFONO.1 el día 24 de febrero de 2020: Contestación en nombre de ORANGE, con entrada en la AEPD el 15 de febrero de 2021, en la que se aporta, entre otra, la siguiente información: - Confirmación de que se recibió una llamada en el "
e-05097-2021,2021,https://www.aepd.es/documento/e-05097-2021.pdf,https://web.archive.org/web/20240305112720id_/https://www.aepd.es/documento/e-05097-2021.pdf,"1/5  Procedimiento Nº: E/05097/2021 RESOLUCIÓN DE ARCHIVO DE ACTUACIONES De las actuaciones practicadas por la Agencia Española de Protección de Datos y teniendo como base los siguientes, HECHOS PRIMERO: Con fecha 03/11/20, Dª A.A.A. remitió a esta Agencia escrito de reclamación indicando, entre otras, lo siguiente: “la página web, www.frabogados.es carece de aviso legal, política de privacidad y política de cookies”. SEGUNDO: Con fecha 16/12/20 y 30/12/20, por parte de esta Agencia se dirigió sendos requerimientos informativos a la entidad reclamada, de conformidad con lo estipulado en el artículo 65.4 de la Ley Orgánica 3/2018, de 5 de diciembre, de protección de datos personales y garantía de los derechos digitales, (LOPDGDD). TERCERO: Con fecha 22/02/21, se recibió en esta Agencia escrito procedente de la entidad reclamada, en el cual, entre otras indicaba lo que: “La página web debería haber estado supervisada y actualizada por la empresa que en su momento fue contratada para los aspectos de protección de datos y aparentemente no le habrían dado el oportuno seguimiento. A la vista de la reclamación hemos procedido a contratar a un despacho profesional en esta materia mediante cuyo asesoramiento se ha procedido a la revisión de cualquier posible incidencia.  Se emite informe con las medidas adoptadas para dar cumplimiento al art. 13 del RGPD en su sitio web www.frabogados.es. Respecto al formulario de acogida de datos, actualmente en el sitio web se ha modificado el formulario de contacto donde se recogen los datos. Para cumplir con el nuevo RGPD y antes de poder pinchar el botón de ENVIAR, queda constancia de que se ha marcado inequívocamente la aceptación de la política de privacidad y aviso legal del sitio Web. Todos los links de aviso legal, política de privacidad y política de cookies están enlazados a sus correspondientes textos. El sitio web no utiliza actualmente ningún tipo de cookies y a tal fin se indica a usuario visitante”. CUARTO: Con fecha 22/04/21, por parte de esta Agencia se realizan las siguientes comprobaciones en la página web, www.frabogados.es: - A).- Sobre el tratamiento de datos personales: 1.- A través del enlace existente en la parte superior de la página principal, <<contacto>>, la web redirige al usuario a una nueva página, http://www.frabogados.es/ES/wp/?page_id=414 , desplegándose un formulario donde se pueden introducir datos personales, como el nombre, el correo electrónico o el número de teléfono, informando de quién es el responsable del tratamiento de los datos y la finalidad a la que se destinarán. Antes de poder enviar el formulario, el usuario debe marcar la casilla de haber leído y aceptado la política de privacidad y el aviso legal. C/ Jorge Juan, 6 www.aepd.es 28001 – Madrid sedeagpd.gob.es 2/5 - B).- Sobre la “Política de Privacidad”: 1.- A través del enlace, <<Política de Privacidad>>, existente en la parte inferior de la página principal y en la página del formulario, la web redirige a una nueva p"
e-05160-2021,2021,https://www.aepd.es/es/documento/e-05160-2021.pdf,https://web.archive.org/web/20220307210444id_/https://www.aepd.es/es/documento/e-05160-2021.pdf,"1/7  Expediente Nº: E/05160/2021 RESOLUCIÓN DE ARCHIVO DE ACTUACIONES De las actuaciones practicadas por la Agencia Española de Protección de Datos y teniendo como base los siguientes: HECHOS PRIMERO: D. A.A.A. (en adelante, la parte reclamante) con fecha 4 de febrero de 2021 interpuso reclamación ante la Agencia Española de Protección de Datos. La reclamación se dirige contra LUMATEL 2030, S.L. con CIF B19614924 (en adelante, la parte reclamada o Lumatel). Los motivos en que basa la reclamación son los siguientes: La parte reclamante manifiesta la recepción de llamadas de tipo comercial no deseadas tanto en su línea fija ***TELÉFONO.1, como en su línea móvil ***TELÉFONO.2. Por otra parte, expone que ambas líneas están inscritas en la lista de exclusión publicitaria de ADigital conocida como Lista Robinson.  Asimismo, indica que ejerció su derecho de acceso ante la entidad Eneluz 2025, S.L. (en adelante Eneluz), que es la que se publicitaba en las llamadas comerciales. Por la parte Eneluz el 27 de agosto de 2020 le manifiesta que no tienen sus datos en sus bases de datos. Ahora bien, le indican que las mencionadas llamadas son realizadas por la parte reclamada que es la empresa que le presta servicios de captación de clientes, no teniendo Eneluz acceso a las bases de datos de Lumatel. El reclamante afirma que no es cliente de la entidad, también pone de manifiesto que ha recibido varias llamadas comerciales desde los números:  ***TELÉFONO.3 (29/12/2020 a las 13:24 h) ***TELÉFONO.4 (29/12/2020 a las 13:14 h) ***TELÉFONO.5 (19/01/2021 a las 09:03 h)  ***TELÉFONO.6 (21/01/2021 a las 12:32 h) Documentación relevante aportada por la parte reclamante: - impresión de pantalla del servicio de Lista Robinson donde se aprecia que ha dado de alta cuatro líneas, entre ellas, las líneas receptoras.  - Escrito contestación de Eneluz fechado y firmado el 27 de agosto de 2020. - Copia de factura Vodafone respecto de las líneas ***TELÉFONO.2 y ***TELÉFONO.1 a nombre de la parte reclamante. C/ Jorge Juan, 6 www.aepd.es 28001 – Madrid sedeagpd.gob.es 2/7 SEGUNDO: De conformidad con el artículo 65.4 de la Ley Orgánica 3/2018, de 5 de diciembre, de Protección de Datos Personales y garantía de los derechos digitales (en adelante LOPDGDD), en fecha 12 de marzo de 2021 se dio traslado de dicha reclamación a la parte reclamada, para que procediese a su análisis e informase a esta Agencia en el plazo de un mes, de las acciones llevadas a cabo para adecuarse a los requisitos previstos en la normativa de protección de datos. TERCERO: Con fecha 29 de abril de 2021, se admitió a trámite la reclamación presentada por la parte reclamante, al amparo de lo establecido en el artículo 65.5 de la LOPDGDD. CUARTO: La Subdirección General de Inspección de Datos procedió a la realización de actuaciones previas de investigación para el esclarecimiento de los hechos en cuestión, en virtud de los poderes de investigación otorgados a las autoridades de control en el artículo 57.1 del Regl"
e-05161-2021,2021,https://www.aepd.es/es/documento/e-05161-2021.pdf,https://web.archive.org/web/20220307211726id_/https://www.aepd.es/es/documento/e-05161-2021.pdf,"1/7  Expediente Nº: E/05161/2021 RESOLUCIÓN DE ARCHIVO DE ACTUACIONES De las actuaciones practicadas por la Agencia Española de Protección de Datos y teniendo como base los siguientes: HECHOS PRIMERO: Dña. A.A.A. (en adelante, la parte reclamante) con fecha 27 de enero de 2021 interpuso reclamación ante la Agencia Española de Protección de Datos. La reclamación se dirige contra VODAFONE ONO, S.A.U.  con CIF A62186556 (en adelante, la parte reclamada o Vodafone Ono).  Los motivos en que basa la reclamación son los siguientes: La reclamante presenta reclamación por recepción de llamadas comerciales de la parte reclamada en su línea de teléfono fijo. A su vez, manifiesta que su línea está inscrita en la Lista Robinson.  Por otro lado, indica que el 27 de noviembre de 2020 ejercitó el derecho de oposición ante la parte reclamada, mediante la remisión de una carta certificada, señalando que no recibió contestación. Y, aporta la siguiente documentación: Listado de llamadas recibidas desde la línea llamante ***TELÉFONO.1: -22/12/2020, a las 14:59 horas. - 23/12/2020, a las 18;17 horas. - 29/12/2021, las 15:42 horas. - 4/01/2021, a las 18:58 horas. - 6/01/2021, a las 15:32 horas. - 8/01/2021, a las 13:32 horas. - 12/01/2021, a las 13:54 horas. - 13/01/2021. Listado de llamadas recibidas desde la línea llamante ***TELÉFONO.2: - 14/01/2021, a las 21:49 horas. Listado de llamadas recibidas desde la línea llamante ***TELÉFONO.3: C/ Jorge Juan, 6 www.aepd.es 28001 – Madrid sedeagpd.gob.es 2/7 -  21/01/2021, a las 15:14 horas. Listado de llamadas recibidas desde la línea llamante ***TELÉFONO.4: - 21/01/2021, a las 20:56 horas. Copia del documento ejerciendo el derecho de oposición. Correo electrónico con fecha de 8 de octubre de 2020 remitido por listarobinson.es de alta del teléfono donde recibe las llamadas. SEGUNDO: De conformidad con el artículo 65.4 de la Ley Orgánica 3/2018, de 5 de diciembre, de Protección de Datos Personales y garantía de los derechos digitales (en adelante LOPDGDD), se dio traslado de dicha reclamación a la parte reclamada, para que procediese a su análisis e informase a esta Agencia en el plazo de un mes, de las acciones llevadas a cabo para adecuarse a los requisitos previstos en la normativa de protección de datos. TERCERO: Con fecha 30 de abril de 2021 la Directora de la Agencia Española de Protección de Datos acordó admitir a trámite la reclamación presentada por la parte reclamante. CUARTO: La Subdirección General de Inspección de Datos procedió a la realización de actuaciones previas de investigación para el esclarecimiento de los hechos en cuestión, en virtud de los poderes de investigación otorgados a las autoridades de control en el artículo 57.1 del Reglamento (UE) 2016/679 (Reglamento General de Protección de Datos, en adelante RGPD), y de conformidad con lo establecido en el Título VII, Capítulo I, Sección segunda, de la LOPDGDD, teniendo conocimiento de los siguientes extremos: 1.- El 15 de mayo de 2021 se recibe en est"
e-05340-2021,2021,https://www.aepd.es/es/documento/e-05340-2021.pdf,https://web.archive.org/web/20220307212238id_/https://www.aepd.es/es/documento/e-05340-2021.pdf,"1/6  Expediente Nº: E/05340/2021 RESOLUCIÓN DE ARCHIVO DE ACTUACIONES De las actuaciones practicadas por la Agencia Española de Protección de Datos y teniendo como base los siguientes HECHOS PRIMERO: Con fecha 30 de abril de 2021, la Subdirección General de Inspección de Datos (SGID) recibió para su valoración un escrito de notificación de brecha de seguridad de los datos personales remitido por VINCLE INTERNACIONAL DE TECNOLOGÍA Y SISTEMAS S.A. con NIF A59880369 (en adelante, VINCLE), recibido en fecha 13 de abril de 2021, en el que informa a la Agencia Española de Protección de Datos de que se han visto afectados por un ataque ransonware al obtener un grupo de ciberdelincuentes las credenciales de usuarios de la empresa.  Junto a la notificación se aporta: (…) SEGUNDO: La Subdirección General de Inspección de Datos procedió a la realización de actuaciones previas de investigación para el esclarecimiento de los hechos en cuestión, en virtud de los poderes de investigación otorgados a las autoridades de control en el artículo 57.1 del Reglamento (UE) 2016/679 (Reglamento General de Protección de Datos, en adelante RGPD), y de conformidad con lo establecido en el Título VII, Capítulo I, Sección segunda, de la LOPDGDD, teniendo conocimiento de los siguientes extremos: Respecto de la cronología de los hechos. Acciones tomadas con objeto de minimizar los efectos adversos y medidas adoptadas para su resolución final.  (…) (…) (…) (…) (…) (…) Respecto del contrato de encargado del tratamiento  (…) - (…) - (…) (…) - (…) C/ Jorge Juan, 6 www.aepd.es 28001 – Madrid sedeagpd.gob.es 2/6 Respecto de las causas que hicieron posible la brecha (…) Respecto de los datos afectados. (…) Respecto de las medidas de seguridad implantadas (…) - (…)  - (…) - (…) - (…) - (…) - (…) (…) (…) - (…) - (…)  - (…) - (…) (…) - (…) - (…) FUNDAMENTOS DE DERECHO I Competencia De acuerdo con las funciones que el artículo 57.1 a), f) y h) del Reglamento (UE) 2016/679 (Reglamento general de protección de datos, en adelante RGPD) confiere a cada autoridad de control y según lo dispuesto en los artículos 47 y 48.1 de la Ley Orgánica 3/2018, de 5 de diciembre, de Protección de Datos Personales y garantía de los derechos digitales (en lo sucesivo LOPDGDD), es competente para resolver estas actuaciones de investigación la Directora de la Agencia Española de Protección de Datos. Asimismo, el artículo 63.2 de la LOPDGDD determina que: “Los procedimientos tramitados por la Agencia Española de Protección de Datos se regirán por lo dispuesto en el Reglamento (UE) 2016/679, en la presente ley orgánica, por las disposiciones reglamentarias dictadas en su desarrollo y, en cuanto no las contradigan, con carácter subsidiario, por las normas generales sobre los procedimientos administrativos.” C/ Jorge Juan, 6 www.aepd.es 28001 – Madrid sedeagpd.gob.es 3/6 II Cuestiones previas En el presente caso, de acuerdo con lo establecido en el artículo 4.1 del RGPD, consta la realización de un tratamiento de"
e-05399-2021,2021,https://www.aepd.es/es/documento/e-05399-2021.pdf,https://web.archive.org/web/20220308215142id_/https://www.aepd.es/es/documento/e-05399-2021.pdf,"1/4  Procedimiento Nº: E/05399/2021 RESOLUCIÓN DE ARCHIVO DE ACTUACIONES De las actuaciones practicadas por la Agencia Española de Protección de Datos y teniendo como base los siguientes: HECHOS PRIMERO: La reclamación interpuesta por Don A.A.A. (en adelante, el reclamante) tiene entrada con fecha 21 de diciembre de 2020 en la Agencia Española de Protección de Datos. La reclamación se dirige contra el AYUNTAMIENTO DE LEÓN, con NIF P2409100A (en adelante, el reclamado).  Los motivos en que basa la reclamación son los siguientes: “El pasado día 25 octubre me vi envuelto en un desagradable incidente con agentes de la Policía local de León en el que por unos hechos me identifiqué como comandante del Cuerpo de la Guardia Civil, con destino en la ***COMANDANCIA.1. Estos agentes utilizaron los datos que obtuvieron como consecuencia de su actuación policial, tales como mi empleo, destino y pertenencia al Cuerpo de la Guardia Civil para remitir una queja a mis superiores por lo que ellos entendieron un comportamiento inadecuado.  Los hechos se desarrollaron cuando yo me encontraba fuera de servicio por lo tanto en el ámbito exclusivo de vida privada.  No fui investigado ni detenido por ningún delito, y si así hubiese sido la obligación sería mía no de ellos. Entiendo que se ha realizado una utilización referente a mis datos personales para hechos ajenos a la función policial y con un interés evidente de perjudicarme. Adjunto copia de la queja presentada ante Jefatura de Policía Local de León para que tengan una mejor comprensión de los hechos” La queja presentada es la siguiente: “El pasado día 25 de octubre tras comer en el Hotel Madrid de León mi pareja D. B.B.B. con DNl ***NIF.1 y domicilio en ***DIRECCIÓN.1 de León, tomamos un café en el establecimiento (…) de la c/ Ancha. Una vez estando ambos en el exterior del establecimiento la encargada se dirigió a nosotros para comentarnos que mi pareja se había dejado su paraguas en el interior' Mi pareja entró a recogerlo y yo me quedé en las inmediaciones de la cafetería. Cuando trataba de salir del establecimiento tres personas que se encontraban en la puerta de acceso al mismo la rodearon e impidieron la salida en varias ocasiones a la vez que se dirigían a ella repitiendo la siguiente expresión en varias ocasiones ""Rubia chúpanos la polla"". C/ Jorge Juan, 6 www.aepd.es 28001 – Madrid sedeagpd.gob.es 2/4 Por la ubicación en la que me encontraba evidentemente presencié la secuencia de los hechos por lo que me acerqué recriminando a estas tres personas su acción a la vez que me dirigía hacia el grupo dos de ellos se acercaron hacia mí, el primero de ellos me propinó una patada en la espinilla y un puñetazo en la cara mientras que el otro me arrojaba una silla a la cabeza golpeándome en la misma.  Estos hechos fueron presenciados por varios testigos que se encontraban en la terraza de la C/ Ancha, asimismo la encargada de la cafetería que en todo momento se puso a nuestra disposición nos comentó que ""se habí"
e-05718-2021,2021,https://www.aepd.es/es/documento/e-05718-2021.pdf,https://web.archive.org/web/20220307210715id_/https://www.aepd.es/es/documento/e-05718-2021.pdf,"1/5  Procedimiento Nº: E/05718/2021 RESOLUCIÓN DE ARCHIVO DE ACTUACIONES De las actuaciones practicadas por la Agencia Española de Protección de Datos y te- niendo como base los siguientes HECHOS PRIMERO: La reclamación interpuesta por A.A.A. (*en adelante, el reclamante) tiene entrada con fecha 27 de enero de 2021 en la Agencia Española de Protección de Datos. La reclamación se dirige contra AUTORIDAD PORTUARIA DE BAHÍA DE CÁDIZ, con NIF Q1167004I (en adelante, el reclamado).  Los motivos en que basa la reclamación son de manera sucinta los siguientes: “los Policías portuarios hemos sido expedientados haciendo uso para ello de las cámaras de video-vigilancia”  “Antes de realizar tratamientos de datos personales para una finalidad distinta de la que fueron recogidos, se debe informar al interesado de esta finalidad y cualquier otra finalidad pertinente (…) pero queremos hacer constar que en ningún momento se nos ha informado ni a los trabajadores, ni a nuestros representantes sindicales (…)  “De la misma forma informamos que a día de la fecha todas las entradas y salidas del recinto de la dársena de Cádiz carecen del obligatorio cartel informativo de Zona Video-vigilada” (folio nº 1). No se aporta prueba documental alguna (con fecha y hora) de los principales accesos al complejo portuario. SEGUNDO: En fecha 01/03/21 se procede al TRASLADO de la reclamación a la parte reclamada para que manifieste en derecho lo que estime oportuno.  TERCERO: En fecha 17/03/21 se recibe escrito de alegaciones de la reclamada manifestando de manera sucinta lo siguiente: “La ubicación Puerto de Cádiz corresponde con una instalación portuaria regulada por la Ley de Puertos del Estado, adscrita al dominio público portuario gestionado por la AUTORIDAD Portuaria de la Bahía de Cádiz (…) En dicha ubicación se dispone de sistema de video-vigilancia para dar cumplimiento a la normativa referenciada concretamente el art. 65 de la citada Ley (…) Se dispone de carteles ubicados en las zonas de control de acceso al dominio público portuario y edificaciones, que avisan de la existencia de una zona video- vigilada (ver Anexo). C/ Jorge Juan, 6 www.aepd.es 28001 – Madrid sedeagpd.gob.es 2/5 El órgano de gobierno de la Autoridad portuaria de la Bahía de Cádiz es su Consejo de Administración, representado por (...) B.B.B.. En relación a la apertura de Expediente disciplinarios a Policía portuarios pertenecientes a la Autoridad Portuaria, estos son conocedores de la existencia del sistema de control de acceso físico y explotación, y existe la excepción legal del consentimiento. La persona designada como Delegada de Protección de Datos, de conformidad con el art. 34 y 37 de la LOPDGDD es C.C.C. (...) (…) El sistema de control de acceso físico y explotación forma parte del Plan Protección del Puerto de al Bahía de Cádiz, aprobado por el Ministerio del Interior con fecha 23/03/15”. FUNDAMENTOS DE DERECHO I De acuerdo con los poderes de investigación y correctivos que el artículo 58 del"
e-05928-2021,2021,https://www.aepd.es/es/documento/e-05928-2021.pdf,https://web.archive.org/web/20220112131013id_/https://www.aepd.es/es/documento/e-05928-2021.pdf,"1/6  Expediente Nº: E/05928/2021 RESOLUCIÓN DE ARCHIVO DE ACTUACIONES De las actuaciones practicadas por la Agencia Española de Protección de Datos y teniendo como base los siguientes HECHOS PRIMERO: Con fecha 19 de mayo de 2021, las actuaciones de inspección se inician como consecuencia del análisis de un escrito de notificación de brecha de seguridad de los datos personales remitido por AGUAYOMUELA, S.L con NIF B76263672 (en adelante, AGUAYO), recibido en fecha 19 de marzo de 2021 en el que informa a la Agencia Española de Protección de Datos de que han sido informados por su encargado de tratamiento que se ha perdido la totalidad de la información debido a un incendio en las instalaciones del proveedor.  SEGUNDO: La Subdirección General de Inspección de Datos procedió a la realización de actuaciones previas de investigación para el esclarecimiento de los hechos en cuestión, en virtud de los poderes de investigación otorgados a las autoridades de control en el artículo 57.1 del Reglamento (UE) 2016/679 (Reglamento General de Protección de Datos, en adelante RGPD), y de conformidad con lo establecido en el Título VII, Capítulo I, Sección segunda, de la LOPDGDD, teniendo conocimiento de los siguientes extremos: Respecto de la cronología de los hechos. Acciones tomadas con objeto de minimizar los efectos adversos y medidas adoptadas para su resolución final  (…) Respecto de los datos afectados. (…) Respecto de las medidas de seguridad implantadas Con anterioridad a la brecha: (…) Con posterioridad a la brecha: (…) Respecto de la notificación con posterioridad a las 72 horas. Con fecha 10 de marzo de 2021 se detecta en la empresa la imposibilidad de acceso a la aplicación de gestión interna (Aplicación de Facturación y gestión de clientes).  Manifiestan que se realizó la notificación de la brecha de seguridad el 19 de marzo de 2021 porque fue cuando se determinó que la posibilidad de no recuperar los datos era real y, por tanto, existía una certeza de que se habían perdido datos de los clientes. C/ Jorge Juan, 6 www.aepd.es 28001 – Madrid sedeagpd.gob.es 2/6 FUNDAMENTOS DE DERECHO I Competencia En virtud de los poderes que el artículo 58.2 del Reglamento (UE) 2016/679 del Parlamento Europeo y del Consejo de 27 de abril de 2016 relativo a la protección de las personas físicas en lo que respecta al tratamiento de datos personales y a la libre circulación de estos datos (RGPD) reconoce a cada autoridad de control, y según lo establecido en los artículos 47 y 48 de la LOPDGDD, la Directora de la Agencia Española de Protección de Datos es competente para iniciar y resolver este procedimiento. II Cuestiones previas En el presente caso, de acuerdo con lo establecido en el artículo 4.1 del RGPD, consta la realización de un tratamiento de datos personales, toda vez que AGUAYO realiza, entre otros tratamientos, la recogida, consulta, acceso de los siguientes datos personales de personas físicas, tales como: nombre y apellidos, datos de contacto…, etc. AGUAY"
e-05930-2021,2021,https://www.aepd.es/documento/e-05930-2021.pdf,https://web.archive.org/web/20231014015657id_/https://www.aepd.es/documento/e-05930-2021.pdf,"1/6  Expediente Nº: E/05930/2021 RESOLUCIÓN DE ARCHIVO DE ACTUACIONES De las actuaciones practicadas por la Agencia Española de Protección de Datos y teniendo como base los siguientes HECHOS PRIMERO: Con fecha 19 de mayo de 2021, las actuaciones de inspección se inician como consecuencia del análisis de un escrito de notificación de brecha de seguridad de los datos personales remitido por DIGITAL ART & DESIGNERS, S.L. con NIF B76062298 (en adelante, DIGITAL ART), recibido en fecha 16 de marzo de 2021, en el que informa a la Agencia Española de Protección de Datos que se ha producido un incendio en las instalaciones del proveedor que ha afectado a la integridad  tanto de los datos almacenados en el servidor informático como al servidor de la copia de seguridad. SEGUNDO: La Subdirección General de Inspección de Datos procedió a la realización de actuaciones previas de investigación para el esclarecimiento de los hechos en cuestión, en virtud de los poderes de investigación otorgados a las autoridades de control en el artículo 57.1 del Reglamento (UE) 2016/679 (Reglamento General de Protección de Datos, en adelante RGPD), y de conformidad con lo establecido en el Título VII, Capítulo I, Sección segunda, de la LOPDGDD, teniendo conocimiento de los siguientes extremos: Respecto de la cronología de los hechos. Acciones tomadas con objeto de minimizar los efectos adversos y medidas adoptadas para su resolución final:  (…). (…). (…). (…). (…). FUNDAMENTOS DE DERECHO I Competencia C/ Jorge Juan, 6 www.aepd.es 28001 – Madrid sedeagpd.gob.es 2/6 En virtud de los poderes que el artículo 58.2 del Reglamento (UE) 2016/679 del Parlamento Europeo y del Consejo de 27 de abril de 2016 relativo a la protección de las personas físicas en lo que respecta al tratamiento de datos personales y a la libre circulación de estos datos (RGPD) reconoce a cada autoridad de control, y según lo establecido en los artículos 47 y 48 de la LOPDGDD, la Directora de la Agencia Española de Protección de Datos es competente para iniciar y resolver este procedimiento. II Cuestiones previas En el presente caso, de acuerdo con lo establecido en el artículo 4.1 del RGPD, consta la realización de un tratamiento de datos personales, toda vez que DIGITAL ART realiza, entre otros tratamientos, la recogida, registro, acceso de los siguientes datos personales de personas físicas, tales como: nombre y apellidos, datos de contacto…, etc.  DIGITAL ART realiza esta actividad en su condición de responsable del tratamiento, dado que es quien determina los fines y medios de tal actividad, en virtud del citado artículo 4.7 del RGPD. El artículo 4 apartado 12 del RGPD define, de un modo amplio, las “violaciones de seguridad de los datos personales” (en adelante brecha de seguridad) como “todas aquellas violaciones de la seguridad que ocasionen la destrucción, pérdida o alteración accidental o ilícita de datos personales transmitidos, conservados o tratados de otra forma, o la comunicación o acceso no au"
e-05932-2021,2021,https://www.aepd.es/es/documento/e-05932-2021.pdf,https://web.archive.org/web/20220307212040id_/https://www.aepd.es/es/documento/e-05932-2021.pdf,"1/6  Expediente Nº: E/05932/2021 RESOLUCIÓN DE ARCHIVO DE ACTUACIONES De las actuaciones practicadas por la Agencia Española de Protección de Datos y teniendo como base los siguientes HECHOS PRIMERO: Con fecha 19 de mayo de 2021, las actuaciones de inspección se inician como consecuencia del análisis de un escrito de notificación de brecha de seguridad de los datos personales remitido por JOSMAR INDA GROUP SL con CIF B14917157 (en adelante, JOSMAR), recibido en fecha 12 de marzo de 2021 en el que informa a la Agencia Española de Protección de Datos de la perdida de datos involuntaria a causa de un incendio en las instalaciones del proveedor. Se han destruido los servidores que prestaban el servicio de correo, así como las cuentas y contenido de estas. SEGUNDO: La Subdirección General de Inspección de Datos procedió a la realización de actuaciones previas de investigación para el esclarecimiento de los hechos en cuestión, en virtud de los poderes de investigación otorgados a las autoridades de control en el artículo 57.1 del Reglamento (UE) 2016/679 (Reglamento General de Protección de Datos, en adelante RGPD), y de conformidad con lo establecido en el Título VII, Capítulo I, Sección segunda, de la LOPDGDD, teniendo conocimiento de los siguientes extremos: Respecto de la cronología de los hechos. Acciones tomadas con objeto de minimizar los efectos adversos y medidas adoptadas para su resolución final manifiestan:               (…). Respecto de los datos afectados manifiestan: Tipo de datos y número de afectados (…). Comunicación a los afectados  (…). Respecto de las medidas de seguridad implantadas manifiestan: Con anterioridad a la brecha:            (…). Con posterioridad a la brecha:            (…). C/ Jorge Juan, 6 www.aepd.es 28001 – Madrid sedeagpd.gob.es 2/6 FUNDAMENTOS DE DERECHO I Competencia En virtud de los poderes que el artículo 58.2 del Reglamento (UE) 2016/679 del Parlamento Europeo y del Consejo de 27 de abril de 2016 relativo a la protección de las personas físicas en lo que respecta al tratamiento de datos personales y a la libre circulación de estos datos (RGPD) reconoce a cada autoridad de control, y según lo establecido en los artículos 47 y 48 de la LOPDGDD, la Directora de la Agencia Española de Protección de Datos es competente para iniciar y resolver este procedimiento. II Cuestiones previas En el presente caso, de acuerdo con lo establecido en el artículo 4.1 del RGPD, consta la realización de un tratamiento de datos personales, toda vez que JOSMAR realiza, entre otros tratamientos, la recogida, consulta, acceso de los siguientes datos personales de personas físicas, tales como: nombre y apellidos, correo electrónico…, etc. JOSMAR realiza esta actividad en su condición de responsable del tratamiento, dado que es quien determina los fines y medios de tal actividad, en virtud del citado artículo 4.7 del RGPD. El artículo 4 apartado 12 del RGPD define, de un modo amplio, las “violaciones de seguridad de los datos personale"
e-01550-2021,2021,https://www.aepd.es/es/documento/e-01550-2021.pdf,https://web.archive.org/web/20210616103706id_/https://www.aepd.es/es/documento/e-01550-2021.pdf,"1/5  Procedimiento Nº: E/01550/2021 RESOLUCIÓN DE ARCHIVO DE ACTUACIONES De las actuaciones practicadas por la Agencia Española de Protección de Datos y te- niendo como base los siguientes HECHOS PRIMERO: La reclamación interpuesta por Don A.A.A. (en adelante, el reclamante) tiene entrada con fecha 21 de septiembre de 2020 en la Agencia Española de Protección de Datos.  La reclamación se dirige contra LES CORTS DIR, S.A., con CIF A61622635 (en adelante, el reclamado).  Los motivos en que basa la reclamación son que para acceder a las instalaciones del club toman obligatoriamente la temperatura corporal. SEGUNDO: De conformidad con el artículo 65.4 de la Ley Orgánica 3/2018, de 5 de diciembre, de Protección de Datos Personales y garantía de los derechos digitales (en adelante LOPDGDD), con número de referencia E/08328/2020, se dio traslado de di- cha reclamación al reclamado, para que procediese a su análisis e informase a esta Agencia en el plazo de un mes, de las acciones llevadas a cabo para adecuarse a los requisitos previstos en la normativa de protección de datos. No se recibió contestación alguna. TERCERO: Con fecha 10 de febrero de 2021, la Directora de la Agencia Española de Protección de Datos acordó admitir a trámite la reclamación presentada por el recla- mante. CUARTO: La Subdirección General de Inspección de Datos procedió a la realización de actuaciones previas de investigación para el esclarecimiento de los hechos objeto de la reclamación, teniendo conocimiento de los siguientes extremos: ~ Solicitado a la reclamada información sobre el método de obtención de temperatura y su posterior tratamiento, con fecha de 5 de mayo de 2021, se recibe en esta Agen- cia, escrito de alegaciones remitido por la reclamada manifestando que el dato de tem- peratura no se registra ni almacena en ningún sistema. Indican que el funcionamiento del sistema consiste en que, si se detecta una temperatura del usuario superior a 37 grados, el sistema impide que el torno de acceso a las instalaciones se abra.  Se desprende de las manifestaciones de la reclamada que el funcionamiento del siste- ma es del tipo “pasa / no pasa” sin quedar registrado el dato y no desarrollándose ulte- rior tratamiento. ~ Solicitado a la reclamada que informe de las medidas adicionales establecidas con motivo de la situación de la pandemia, con fecha de 1 de junio de 2021, se recibe en esta Agencia escrito de respuesta manifestando que además de la toma de temperatu- ra señalada en los párrafos anteriores, se ha establecido un protocolo donde se regu- C/ Jorge Juan, 6 www.aepd.es 28001 – Madrid sedeagpd.gob.es 2/5 lan aspectos como el aforo máximo permitido en los centros, la limpieza y la desinfec- ción de las instalaciones, la toma de temperatura corporal también a empleados, el uso obligatorio de mascarilla por parte de clientes y trabajadores, la reserva previa de plazas en actividades dirigidas, en la piscina, con entrenador personal, en el servicio de fisioterapia y nutrici"
e-01551-2021,2021,https://www.aepd.es/documento/e-01551-2021.pdf,https://web.archive.org/web/20251113163701id_/https://www.aepd.es/documento/e-01551-2021.pdf,"1/6  Procedimiento Nº: E/01551/2021 RESOLUCIÓN DE ARCHIVO DE ACTUACIONES De las actuaciones practicadas por la Agencia Española de Protección de Datos y teniendo como base los siguientes HECHOS PRIMERO: El Juzgado de ***COMPETENCIA.1 de ***LOCALIDAD.1 remitió reclamación, que tiene entrada de 1 de octubre de 2020 en la Agencia Española de Protección de Datos.  Los motivos en que basa la reclamación son los siguientes: El Juzgado indicado inició expediente gubernativo como consecuencia de las imágenes difundidas de menores que están en el ***INSTITUCIÓN.1 con motivo de la festividad (…). Las fotografías fueron realizadas en el Centro a petición de la Viceconsejería del Menor y de la Familia, en el marco de las actuaciones que se estaban llevando de entrega de premios y condecoraciones. Las imágenes se requieren para hacer visible que en esos centros no hay solo aspectos negativos, tratando de potenciar aspectos que hagan cambiar de opinión a la sociedad (…) sobre estos centros. A pesar de la buena intención del Viceconsejero, es necesario que se consulte previamente con el Juzgado antes de proceder a la publicación de las imágenes. Acompaña un escrito del ***INSTITUCIÓN.1 explicando los hechos: el día 30 de julio se recibió un mail en el centro del Viceconsejero solicitando fotografías de la entrega de los premios y de la comida de pascua. El Centro, en cumplimiento de lo solicitado envió algunas fotografías de la entrega de premios y la comida. Posteriormente, tuvieron conocimiento de la difusión de las fotografías en redes sociales y medios de comunicación. Ellos desconocían el uso de las fotografías.  SEGUNDO: De conformidad con el artículo 65.4 de la Ley Orgánica 3/2018, de 5 de diciembre, de Protección de Datos Personales y garantía de los derechos digitales (en adelante LOPDGDD), con número de referencia E/08644/2020, se dio traslado de dicha reclamación al reclamado, para que procediese a su análisis e informase a esta Agencia en el plazo de un mes, de las acciones llevadas a cabo para adecuarse a los requisitos previstos en la normativa de protección de datos. La ***FUNDACIÓN.1, que gestiona el ***INSTITUCIÓN.1, presentó escrito en el que informaba y aportaba la documentación siguiente: “DOCUMENTO Nº 1: Copia del Contrato Administrativo suscrito entre ***FUNDACIÓN.1 y la Dirección General del Menor y la Familia, Consejería de Distritos, Juventud, Participación Ciudadana, Familia y Menor de ***LOCALIDAD.1, en fecha 18/11/2016 y prorrogado hasta el 17/11/2020 para la “Gestión del (…)” (en adelante denominado “***INSTITUCIÓN.1 de ***LOCALIDAD.1”) a fin de acreditar que el tratamiento de los datos personales de los usuarios (…) en el C/ Jorge Juan, 6 www.aepd.es 28001 – Madrid sedeagpd.gob.es 2/6 ***INSTITUCIÓN.1 de ***LOCALIDAD.1 se lleva a cabo: - por parte ***FUNDACIÓN.1 –en calidad de ENCARGADA DEL TRATAMIENTO de dichos datos–, como entidad gestora del centro por resultar necesario para la correcta prestación de los servicios y - por la A"
e-01714-2021,2021,https://www.aepd.es/es/documento/e-01714-2021.pdf,https://web.archive.org/web/20210528161002id_/https://www.aepd.es/es/documento/e-01714-2021.pdf,"1/9  Procedimiento Nº: E/01714/2021 RESOLUCIÓN DE ARCHIVO DE ACTUACIONES De las actuaciones practicadas por la Agencia Española de Protección de Datos y teniendo como base los siguientes HECHOS PRIMERO: Como consecuencia de la notificación a la División de Innovación Tecnológica de esta Agencia de una brecha de seguridad de datos personales por parte del Responsable del Tratamiento URBASER, S.A. (en adelante URBASER) con número de registro de entrada ***REGISTRO.1, relativa a un incidente de seguridad con acceso no autorizado y extorsión para no publicar los datos personales, se ordena a la Subdirección General de Inspección de Datos que valore la necesidad de realizar las oportunas investigaciones previas con el fin de determinar una posible vulneración de la normativa de protección de datos. SEGUNDO A la vista de la citada notificación de quiebra de seguridad de los datos personales, la Subdirección General de Inspección de Datos procedió a la realización de actuaciones previas de investigación, teniendo conocimiento de los siguientes extremos:  Resumen de la notificación: El viernes ***FECHA.1 a las 23:30 se detecta en el Centro de Control de Redes actividad sospechosa y se comprueba que hay un acceso indebido con encriptación de ficheros.  Ante las primeras comprobaciones deducen que los sistemas informáticos corporativos de URBASER han podido ser atacados de forma externa por el Ransomware DopplePaymer y la información se encuentra cifrada, imposibilitando la operativa normal y el acceso.  Indican que constatan que el atacante es el grupo hacker “***GRUPO.1” de origen ruso, activo en el mundo del cibercrimen, solicitando un rescate en bitcoins. Se procede a interponer la correspondiente denuncia ante la Unidad Central de Ciberdelincuencia de la Policía Nacional. Manifiestan que no pueden concretar el número aproximado de datos y afectados por la brecha pero estiman un alto número. En una ampliación de información de la brecha, recibida en esta Agencia el 11/02/2021, se indica que tras la encriptación de la información, la compañía ha sido víctima de una extorsión bajo la amenaza de una posible publicación de información en la Dark Web. Manifiestan que los datos afectados son del tipo: datos básicos, identificativos, de contacto, credenciales de acceso, cuentas bancarias, de afiliación sindical, de salud y biométricos. Los datos son titularidad de clientes, empleados, C/ Jorge Juan, 6 www.aepd.es 28001 – Madrid sedeagpd.gob.es 2/9 usuarios y proveedores, existiendo un total de unos 123.000 afectados y unos 738.000 registros de datos. ENTIDADES INVESTIGADAS Durante las presentes actuaciones se han investigado las siguientes entidades: URBASER, S.A con CIF A79524054 con domicilio en ***DIRECCIÓN.1 (MADRID) RESULTADO DE LAS ACTUACIONES DE INVESTIGACIÓN Solicitada información a URBASER de la respuesta recibida se desprende lo siguiente: Respecto de la empresa.  URBASER es una Sociedad Anónima dedicada básicamente a la gestión medioambiental (lim"
e-01778-2021,2021,https://www.aepd.es/es/documento/e-01778-2021.pdf,https://web.archive.org/web/20211214083049id_/https://www.aepd.es/es/documento/e-01778-2021.pdf,"1/9  Expediente Nº: E/01778/2021 RESOLUCIÓN DE ARCHIVO DE ACTUACIONES De las actuaciones practicadas por la Agencia Española de Protección de Datos y teniendo como base los siguientes HECHOS PRIMERO: A.A.A. (en adelante, la parte reclamante) con fecha 28/10/2020, interpuso reclamación ante la Agencia Española de Protección de Datos (AEPD). La reclamación se dirige contra el SERVICIO PUBLICO DE EMPLEO ESTATAL con CIF Q2819009H (en adelante, SEPE). Los motivos en que basa la reclamación son los siguientes: La parte reclamante tuvo conocimiento de que sus datos de carácter personal estaban visibles para terceros en la página web del SEPE, a partir del 03/08/2020, ya que diferentes personas de toda España contactaron con ella a través de Internet,  porque cuando intentaban realizar gestiones en relación al ERTE en el que estaban incursos, les aparecían los datos personales de la parte reclamante, nombre, dos apellidos, fecha de nacimiento y un nº asignado por la Administración (probablemente el número de la Seguridad Social), en lugar de los suyos propios. Asimismo, manifiesta la parte reclamante que en su cuenta corriente bancaria se le efectuaron diferentes ingresos por valor de 3183´99 euros, que no le correspondían.  SEGUNDO: De conformidad con el artículo 65.4 de la Ley Orgánica 3/2018, de 5 de diciembre, de Protección de Datos Personales y garantía de los derechos digitales (en adelante LOPDGDD), en fecha 27/11/2020 se dio traslado de dicha reclamación a la parte reclamada, para que procediese a su análisis e informase a esta Agencia en el plazo de un mes, de las acciones llevadas a cabo para adecuarse a los requisitos previstos en la normativa de protección de datos. No consta que el reclamado haya dado respuesta al traslado efectuado por la Agencia Española de Protección de Datos. TERCERO: Con fecha 28/01/2021, se admitió a trámite la reclamación presentada por la parte reclamante, al amparo de lo establecido en el artículo 65.5 de la LOPDGDD. CUARTO: La Subdirección General de Inspección de Datos procedió a la realización de actuaciones previas de investigación para el esclarecimiento de los hechos en cuestión, en virtud de los poderes de investigación otorgados a las autoridades de control en el artículo 57.1 del Reglamento (UE) 2016/679 (Reglamento General de Protección de Datos, en adelante RGPD), y de conformidad con lo establecido en el Título VII, Capítulo I, Sección segunda, de la LOPDGDD, teniendo conocimiento de los siguientes extremos: C/ Jorge Juan, 6 www.aepd.es 28001 – Madrid sedeagpd.gob.es 2/9 La reclamante pone de manifiesto los siguientes hechos: - En su escrito del 28 de octubre señala que, desde el 1 de agosto sus datos personales son mostrados a terceros en la sede electrónica del reclamado cuando estos terceros acceden a consultar sus prestaciones. En su escrito del 19 de noviembre refiere el día 3 de agosto como la fecha en la que tuvo conocimiento de que esta situación se estaba produciendo. Asimismo señala que los da"
e-04014-2021,2021,https://www.aepd.es/es/documento/e-04014-2021.pdf,https://web.archive.org/web/20220718190436id_/https://www.aepd.es/es/documento/e-04014-2021.pdf,"1/5  Expediente Nº: E/04014/2021 RESOLUCIÓN DE ARCHIVO DE ACTUACIONES De las actuaciones practicadas por la Agencia Española de Protección de Datos y teniendo como base los siguientes: HECHOS PRIMERO: Doña A.A.A. (en adelante, la reclamante), con fecha 12 de marzo de 2021, interpuso reclamación ante la Agencia Española de Protección de Datos.  Los motivos en que basa la reclamación son los siguientes: - Creación de un perfil en la red social Tinder con la imagen de una menor por parte de un tercero no autorizado, en fecha 22 de febrero de 2021 o anterior. Documentación relevante aportada por el reclamante: - Diligencias de la Policía Local de Algaida donde consta que la reclamante manifiesta que, en fecha 22 de febrero de 2021 sobre las 16:30 horas, fue alertada por una compañera de instituto de que habían creado una cuenta en la red social TINDER con su nombre y que la fotografía del perfil correspondía a la reclamante. Que el nombre del perfil era “***PERFIL.1”. En la diligencia consta captura de pantalla del perfil “***PERFIL.1”. SEGUNDO: Con fecha 26 de marzo de 2021, de conformidad con el artículo 65 de la LOPDGDD, se admitió a trámite la reclamación presentada por la parte reclamante. TERCERO: La Subdirección General de Inspección de Datos procedió a la realización de actuaciones previas de investigación para el esclarecimiento de los hechos en cuestión, en virtud de los poderes de investigación otorgados a las autoridades de control en el artículo 57.1 del Reglamento (UE) 2016/679 (Reglamento General de Protección de Datos, en adelante RGPD), y de conformidad con lo establecido en el Título VII, Capítulo I, Sección segunda, de la LOPDGDD, teniendo conocimiento de los siguientes extremos: - Con fecha 21 de octubre de 2021, y tras solicitud de retirada realizada con fecha 16 de septiembre de 2021, se recibe correo electrónico desde ***EMAIL.1 con el texto: “Saludos: Le escribimos en relación con su consulta para confirmarle que Tinder eliminó en septiembre la cuenta infractora (y la foto en cuestión), tras la denuncia de su Oficina. Tenga en cuenta que enviaremos una carta a su Oficina confirmándolo. También estamos trabajando activamente en la solicitud de su Oficina para obtener pruebas de que se ha retirado la foto. Al mismo tiempo, le proporcionaremos la C/ Jorge Juan, 6 www.aepd.es 28001 – Madrid sedeagpd.gob.es 2/5 información solicitada en relación con la cuenta y la foto en cuestión. Enviaremos esta información a su Oficina pronto. Claud” - Con fecha 3 de noviembre de 2021, MTCH TECHNOLOGY SERVICES LIMITED remite a esta Agencia la siguiente información y manifestaciones: 1. Que no disponen de la IP de subida de la foto, pero sí tienen otras IPs vinculadas con otras acciones en la app TINDER con fecha 22 de febrero de 2021 entre las horas 12:11:14 y 12:30:36 UTC. Que el usuario estaba en estas IPs: ***IP.1 y ***IP.2 - Con fecha 17 de diciembre de 2021 se comprueba que la IP ***IP.1 se encuentra asignada a GOBIERNO DE ***GOBIERNO.1 y "
e-04015-2021,2021,https://www.aepd.es/documento/e-04015-2021.pdf,https://web.archive.org/web/20240518072726id_/https://www.aepd.es/documento/e-04015-2021.pdf,"1/7  Expediente Nº: E/04015/2021 RESOLUCIÓN DE ARCHIVO DE ACTUACIONES De las actuaciones practicadas por la Agencia Española de Protección de Datos y te- niendo como base los siguientes HECHOS PRIMERO: Don A.A.A. (en adelante, la parte reclamante) con fecha 24 de noviembre de 2020 interpuso reclamación ante la Agencia Española de Protección de Datos. La reclamación se dirige contra ESENCIA CARNÍVORA, S.L. con NIF B12961496 (en adelante, la parte reclamada).  Los motivos en que basa la reclamación son los siguientes: En el acceso a las instalaciones del RESTAURANTE INSTINTO CARNÍVORO, propiedad de la parte reclamada, se tomó la temperatura corporal de la parte reclamante (acompañado de su mujer y al que acudió con reserva), realizándose un presunto tratamiento de datos personales sin base que lo legitime. El reclamante ex- presa que, a la vista de la mayoría de los clientes del restaurante, una empleada de éste, sin pedirle permiso, le tomó la temperatura con un termómetro en la frente, resul- tando la medida de 37, 5º C. La parte reclamante informa de que le indicaron que se esperase para volver a tomarle la temperatura pasado un tiempo, lo cual le supuso un bochorno y exposición ante el resto de los clientes como identificado por un dato de salud privado. El reclamante preguntó el límite legal para acceder al restaurante y le respondieron que menos de 37,4 o 37,5 º C, ante lo que decidió marcharse, por no se- guir manteniendo esta situación a la vista de todos. SEGUNDO: De conformidad con el artículo 65.4 de la Ley Orgánica 3/2018, de 5 de diciembre, de Protección de Datos Personales y garantía de los derechos digitales (en adelante LOPDGDD), se dio traslado de dicha reclamación a la parte reclamada, con fecha 11 de enero de 2021, para que procediese a su análisis e informase a esta Agencia en el plazo de un mes, de las acciones llevadas a cabo para adecuarse a los requisitos previstos en la normativa de protección de datos.  Con fecha 26 de enero de 2021, la solicitud fue recibido por la parte reclamada, sin que se haya recibido contestación al efecto.   TERCERO: Con fecha 6 de abril de 2021 la Directora de la Agencia Española de Pro- tección de Datos acordó admitir a trámite la reclamación presentada por la parte recla- mante. CUARTO: La Subdirección General de Inspección de Datos procedió a la realización de actuaciones previas de investigación para el esclarecimiento de los hechos en cuestión, en virtud de los poderes de investigación otorgados a las autoridades de con- trol en el artículo 57.1 del Reglamento (UE) 2016/679 (Reglamento General de Protec- ción de Datos, en adelante RGPD), y de conformidad con lo establecido en el Título VII, Capítulo I, Sección segunda, de la LOPDGDD, teniendo conocimiento de los C/ Jorge Juan, 6 www.aepd.es 28001 – Madrid sedeagpd.gob.es 2/7 siguientes extremos:  La parte reclamada se presenta como la responsable de garantizar la adecua- da seguridad y salud de trabajadores, proveedores, clientes y cualquie"
e-04035-2021,2021,https://www.aepd.es/es/documento/e-04035-2021.pdf,https://web.archive.org/web/20220302145313id_/https://www.aepd.es/es/documento/e-04035-2021.pdf,"1/7  Expediente Nº: E/04035/2021 RESOLUCIÓN DE ARCHIVO DE ACTUACIONES De las actuaciones practicadas por la Agencia Española de Protección de Datos y teniendo como base los siguientes HECHOS PRIMERO: Con fecha 9 de abril de 2021, la Subdirección General de Inspección de Datos (SGID) recibió para su valoración un escrito de notificación de brecha de seguridad de los datos personales remitido por MÁS MADRID con CIF G88309315 (en adelante, MÁS MADRID), recibido en fecha 2 de abril de 2021, en el que informa a la Agencia Española de Protección de Datos de que han accedido al servidor donde se alojan los datos de MÁS MADRID, se han alterado contenidos y enviado correos electrónicos a los inscritos solicitando el cambio de contraseña.  Junto a la notificación se aporta copia de denuncia a la Policía Nacional donde manifiestan que se han alterado dos cuentas bancarias redirigiendo los ingresos de estas a otra cuenta bancaria.  SEGUNDO: La Subdirección General de Inspección de Datos procedió a la realización de actuaciones previas de investigación para el esclarecimiento de los hechos en cuestión, en virtud de los poderes de investigación otorgados a las autoridades de control en el artículo 57.1 del Reglamento (UE) 2016/679 (Reglamento General de Protección de Datos, en adelante RGPD), y de conformidad con lo establecido en el Título VII, Capítulo I, Sección segunda, de la LOPDGDD, teniendo conocimiento de los siguientes extremos: Respecto de la cronología de los hechos. Acciones tomadas con objeto de minimizar los efectos adversos y medidas adoptadas para su resolución final  2 DE ABRIL DE 2021 (…). 3 DE ABRIL DE 2021. (…). Respecto de las causas que hicieron posible la brecha (…). Respecto de los datos afectados. C/ Jorge Juan, 6 www.aepd.es 28001 – Madrid sedeagpd.gob.es 2/7 (…). Consecuencias para los afectados (…). Uso por terceros de los datos afectados (…). Publicación de los datos afectados (…). Información remitida a los afectados (…). Respecto de las medidas de seguridad implantadas Con anterioridad a la brecha. (…). Motivo por el cual las medidas de seguridad implantadas no han impedido el incidente. (…). Con posterioridad a la brecha (…). FUNDAMENTOS DE DERECHO I Competencia De acuerdo con las funciones que el artículo 57.1 a), f) y h) del Reglamento (UE) 2016/679 (Reglamento general de protección de datos, en adelante RGPD) confiere a cada autoridad de control y según lo dispuesto en los artículos 47 y 48.1 de la Ley Orgánica 3/2018, de 5 de diciembre, de Protección de Datos Personales y garantía de los derechos digitales (en lo sucesivo LOPDGDD), es competente para resolver estas actuaciones de investigación la Directora de la Agencia Española de Protección de Datos. Asimismo, el artículo 63.2 de la LOPDGDD determina que: “Los procedimientos tramitados por la Agencia Española de Protección de Datos se regirán por lo dispuesto C/ Jorge Juan, 6 www.aepd.es 28001 – Madrid sedeagpd.gob.es 3/7 en el Reglamento (UE) 2016/679, en la presente ley"
e-04070-2021,2021,https://www.aepd.es/documento/e-04070-2021.pdf,https://web.archive.org/web/20240530143744id_/https://www.aepd.es/documento/e-04070-2021.pdf,"1/6  Procedimiento Nº: E/04070/2021 RESOLUCIÓN DE ARCHIVO DE ACTUACIONES De las actuaciones practicadas por la Agencia Española de Protección de Datos y teniendo como base los siguientes HECHOS PRIMERO: Como consecuencia de la notificación a la División de Innovación Tecnológica de esta Agencia de una brecha de seguridad de datos personales por parte del Responsable del Tratamiento CENTRO MÉDICO JACINTO LÓPEZ, S.L. con número de registro de entrada O00007128e2100015205 relativa a ciberataque, se ordena a la Subdirección General de Inspección de Datos que valore la necesidad de realizar las oportunas investigaciones previas con el fin de determinar una posible vulneración de la normativa de protección de datos SEGUNDO: La Subdirección General de Inspección de Datos procedió a la realización de actuaciones previas de investigación para el esclarecimiento de los hechos objeto de la reclamación, teniendo conocimiento de los siguientes extremos: ENTIDADES INVESTIGADAS  Durante las presentes actuaciones se han investigado las siguientes entidades:  CENTRO MÉDICO JACINTO LÓPEZ, S.L. con NIF B36399970 con domicilio en C/  AGUSTÍN ROMERO, Nº 5, BAJO - 36600 VILAGARCÍA DE AROUSA (PONTEVEDRA) RESULTADO DE LAS ACTUACIONES DE INVESTIGACIÓN  Se ha requerido información y documentación al responsable del tratamiento y de la  respuesta recibida se desprende lo siguiente: Respecto de la empresa Información general de la empresa: según la información obrante en AXESOR, la  entidad CENTRO MÉDICO JACINTO LÓPEZ, S.L. es una PYME (pequeña) con unos  17 empleados y un volumen de ventas de unos 900.000 euros.  Respecto de la cronología de los hechos. Acciones tomadas con objeto de minimizar  los efectos adversos y medidas adoptadas para su resolución final  Sobre la cronología de los hechos los representantes del responsable han manifestado que:  “-El virus se activó el domingo día 4 de Abril de 2021 a las 09:50 de la mañana, encriptando todos los archivos del equipo informático. El ataque fue recibido a través C/ Jorge Juan, 6 www.aepd.es 28001 – Madrid sedeagpd.gob.es 2/6 de un correo electrónico SPAM que simulaba tener procedencia del Organismo Oficial SERGAS (Servicio Galego de Saúde), el cual fue abierto en un portátil HP en la vivienda particular de […]. En ese momento tenía abierta una conexión segura en remoto vía VPN con el servidor de la clínica. Este ataque cifró de este modo tanto el disco duro principal del servidor, así como un disco duro externo en el cual se realizan las copias de seguridad y que estaba conectado en ese momento. -[…la empresa que presta el servicio de informática…] contratada recibe comunicación el lunes 5 de abril a las 08:53h de la mañana por teléfono desde el Centro Médico conforme […] no puede acceder a los sistemas. Acudimos presencial e inmediatamente a las instalaciones del Centro Médico, donde pudimos identificar el virus como MAKOP. Las medidas adoptadas fueron retirar el servidor, sustituir el disco duro del servidor por uno n"
e-05933-2021,2021,https://www.aepd.es/es/documento/e-05933-2021.pdf,https://web.archive.org/web/20220302145322id_/https://www.aepd.es/es/documento/e-05933-2021.pdf,"1/6  Expediente Nº: E/05933/2021 RESOLUCIÓN DE ARCHIVO DE ACTUACIONES De las actuaciones practicadas por la Agencia Española de Protección de Datos y teniendo como base los siguientes HECHOS PRIMERO: Con fecha 19 de mayo de 2021, las actuaciones de inspección se inician como consecuencia del análisis de un escrito de notificación de brecha de seguridad de los datos personales remitido por BIOPATHOCID S.L con CIF B73836066 (en adelante, BIOPATHOCID), recibido en fecha 27 de marzo de 2021 en el que informa a la Agencia Española de Protección de Datos de la perdida de datos involuntaria a causa de un incendio en las instalaciones del proveedor. Se han destruido los servidores donde se encontraba ubicada la web y los archivos del sistema. SEGUNDO: La Subdirección General de Inspección de Datos procedió a la realización de actuaciones previas de investigación para el esclarecimiento de los hechos en cuestión, en virtud de los poderes de investigación otorgados a las autoridades de control en el artículo 57.1 del Reglamento (UE) 2016/679 (Reglamento General de Protección de Datos, en adelante RGPD), y de conformidad con lo establecido en el Título VII, Capítulo I, Sección segunda, de la LOPDGDD, teniendo conocimiento de los siguientes extremos: Respecto de la cronología de los hechos. Acciones tomadas con objeto de minimizar los efectos adversos y medidas adoptadas para su resolución final. (…). Respecto de los datos afectados. (…). Respecto de las medidas de seguridad implantadas Con anterioridad a la brecha (…). Con posterioridad a la brecha (…). Respecto de la notificación con posterioridad a las 72 horas. (…). FUNDAMENTOS DE DERECHO C/ Jorge Juan, 6 www.aepd.es 28001 – Madrid sedeagpd.gob.es 2/6 I Competencia En virtud de los poderes que el artículo 58.2 del Reglamento (UE) 2016/679 del Parlamento Europeo y del Consejo de 27 de abril de 2016 relativo a la protección de las personas físicas en lo que respecta al tratamiento de datos personales y a la libre circulación de estos datos (RGPD) reconoce a cada autoridad de control, y según lo establecido en los artículos 47 y 48 de la LOPDGDD, la Directora de la Agencia Española de Protección de Datos es competente para iniciar y resolver este procedimiento. II Cuestiones previas En el presente caso, de acuerdo con lo establecido en el artículo 4.1 del RGPD, consta la realización de un tratamiento de datos personales, toda vez que BIOPATHOCID realiza, entre otros tratamientos, la recogida, consulta, acceso de los siguientes datos personales de personas físicas, tales como: nombre de usuarios, claves y correos electrónicos de los clientes…, etc.  BIOPATHOCID realiza esta actividad en su condición de responsable del tratamiento, dado que es quien determina los fines y medios de tal actividad, en virtud del citado artículo 4.7 del RGPD. El artículo 4 apartado 12 del RGPD define, de un modo amplio, las “violaciones de seguridad de los datos personales” (en adelante brecha de seguridad) como “todas aquellas "
e-05934-2021,2021,https://www.aepd.es/es/documento/e-05934-2021.pdf,https://web.archive.org/web/20220302150351id_/https://www.aepd.es/es/documento/e-05934-2021.pdf,"1/6  Expediente Nº: E/05934/2021 RESOLUCIÓN DE ARCHIVO DE ACTUACIONES De las actuaciones practicadas por la Agencia Española de Protección de Datos y teniendo como base los siguientes HECHOS PRIMERO: Con fecha 19/05/2021, las actuaciones de inspección se inician como consecuencia del análisis de un escrito de notificación de brecha de seguridad de los datos personales remitido por ASSOCIACION CULTURAU INSTITUT ARANES con NIF G25485806 (en adelante, ASSOCIACION), recibido en fecha 01/04/2021, en el que informa a la Agencia Española de Protección de Datos que se ha producido un incendio en las instalaciones del encargado del tratamiento que ha afectado a la integridad  tanto de los datos almacenados en el servidor informático como al servidor de la copia de seguridad. SEGUNDO: La Subdirección General de Inspección de Datos procedió a la realización de actuaciones previas de investigación para el esclarecimiento de los hechos en cuestión, en virtud de los poderes de investigación otorgados a las autoridades de control en el artículo 57.1 del Reglamento (UE) 2016/679 (Reglamento General de Protección de Datos, en adelante RGPD), y de conformidad con lo establecido en el Título VII, Capítulo I, Sección segunda, de la LOPDGDD, teniendo conocimiento de los siguientes extremos: Respecto de la cronología de los hechos. Acciones tomadas con objeto de minimizar los efectos adversos y medidas adoptadas para su resolución final  • (…) Respecto de las medidas de seguridad implantadas • (…) FUNDAMENTOS DE DERECHO I Competencia En virtud de los poderes que el artículo 58.2 del Reglamento (UE) 2016/679 del Parlamento Europeo y del Consejo de 27 de abril de 2016 relativo a la protección de las personas físicas en lo que respecta al tratamiento de datos personales y a la libre circulación de estos datos (RGPD) reconoce a cada autoridad de control, y según lo establecido en los artículos 47 y 48 de la LOPDGDD, la Directora de la Agencia Española de Protección de Datos es competente para iniciar y resolver este procedimiento. C/ Jorge Juan, 6 www.aepd.es 28001 – Madrid sedeagpd.gob.es 2/6 II Cuestiones previas En el presente caso, de acuerdo con lo establecido en el artículo 4.1 del RGPD, consta la realización de un tratamiento de datos personales, toda vez que ASSOCIACION realiza, entre otros tratamientos, la recogida, registro, acceso de los siguientes datos personales de personas físicas, tales como: nombre y apellidos, fecha de nacimiento, número de DNI y las credenciales de acceso cifradas…, etc.  ASSOCIACION realiza esta actividad en su condición de responsable del tratamiento, dado que es quien determina los fines y medios de tal actividad, en virtud del citado artículo 4.7 del RGPD. El artículo 4 apartado 12 del RGPD define, de un modo amplio, las “violaciones de seguridad de los datos personales” (en adelante brecha de seguridad) como “todas aquellas violaciones de la seguridad que ocasionen la destrucción, pérdida o alteración accidental o ilícita de datos"
e-05937-2021,2021,https://www.aepd.es/es/documento/e-05937-2021.pdf,https://web.archive.org/web/20220211140749id_/https://www.aepd.es/es/documento/e-05937-2021.pdf,"1/7  Expediente Nº: E/05937/2021 RESOLUCIÓN DE ARCHIVO DE ACTUACIONES De las actuaciones practicadas por la Agencia Española de Protección de Datos y teniendo como base los siguientes HECHOS PRIMERO: Con fecha 18 de mayo de 2021, la Subdirección General de Inspección de Datos (SGID) recibió para su valoración un escrito de notificación de brecha de seguridad de los datos personales remitido por AMERICAN EXPRESS EUROPE S.A. con NIF A82628041 (en adelante, AMERICAN EXPRESS), recibido en fecha 6 de mayo de 2021, en el que informa a la Agencia Española de Protección de Datos de que se han producido una serie de ataques (…) en su portal web privado para titulares de tarjetas. Durante estos ataques que se ejecuta mediante una script han conseguido acceder a alguna de estas cuentas. Junto a la notificación se aporta documento de texto titulado “notificación basada en el mecanismo del articulo 56 rgpd-one stop shop mechanism-al considerar a la AEPD como autoridad líder”. El incidente ha afectado a titulares de tarjetas situados en Alemania, España, Francia, Países Bajos y Suecia. SEGUNDO: La Subdirección General de Inspección de Datos procedió a la realización de actuaciones previas de investigación para el esclarecimiento de los hechos en cuestión, en virtud de los poderes de investigación otorgados a las autoridades de control en el artículo 57.1 del Reglamento (UE) 2016/679 (Reglamento General de Protección de Datos, en adelante RGPD), y de conformidad con lo establecido en el Título VII, Capítulo I, Sección segunda, de la LOPDGDD, teniendo conocimiento de los siguientes extremos: Cronología y naturaleza del incidente El investigado describe en el Escrito la siguiente cronología de hechos: (…)   Medidas de reacción al incidente El investigado detalla en el Escrito la siguiente reacción al incidente: (…) Se adjunta al Escrito el reporte extraído de la herramienta utilizada por Amex para el seguimiento y trazabilidad de los incidentes (Documento_1). El reporte incluye, entre otra, la siguiente información (en inglés en el original -traducción realizada por el funcionario firmante-): (…) C/ Jorge Juan, 6 www.aepd.es 28001 – Madrid sedeagpd.gob.es 2/7 Medidas de seguridad implantadas con anterioridad El investigado especifica en el Escrito las siguientes medidas de las que disponía con anterioridad para hacer frente a este tipo de ataques: (…) Número de afectados, categorías de los datos personales expuestos y uso posterior Lista en su Escrito el investigado la siguiente distribución de los afectados de la UE: Alemania (1), España (1), Francia (5), Países Bajos (2), Suecia (1). Además, en relación con la tipología de datos que pueden haberse visto afectados cita los siguientes:  (…) Añade el investigado en relación con las posibles consecuencias para los afectados lo siguiente: (…) Comunicación a los afectados Sobre este particular el investigado manifiesta lo siguiente en el Escrito: (…) Adjunta al Escrito (Documento_2) una copia del correo electrónico "
e-06113-2021,2021,https://www.aepd.es/es/documento/e-06113-2021.pdf,https://web.archive.org/web/20211214074843id_/https://www.aepd.es/es/documento/e-06113-2021.pdf,"1/7  Expediente N.º: E/06113/2021 RESOLUCIÓN DE ARCHIVO DE ACTUACIONES De las actuaciones practicadas por la Agencia Española de Protección de Datos y teniendo como base los siguientes HECHOS PRIMERO: Con fecha 26 de mayo de 2021, las actuaciones de inspección se inician como consecuencia del análisis de un escrito de notificación de brecha de seguridad de los datos personales remitido por CORREOS EXPRESS PAQUETERÍA URGENTE S.A., S.M.E. con CIF A28799120 (en adelante, CORREOS EXPRESS) en el que informa a la Agencia Española de Protección de Datos de lo siguiente: El acceso no autorizado a la cuenta de correo electrónico del empleado de CORREOS EXPRESS, A.A.A., ocurrido el 11 de marzo de 2021 y notificado a la Agencia Española de Protección de Datos el día 12 de marzo de ese mismo año. (…). Posteriormente, en fecha 22 de abril se notifica el acceso no autorizado a la cuenta de correo electrónico del empleado de CORREOS EXPRESS, B.B.B., ocurrido el 21 de abril de 2021. Así, (…). Con fecha 27 de abril, se notifica el acceso no autorizado a la cuenta de correo electrónico de otro empleado de CORREOS EXPRESS, C.C.C. que tiene lugar el día anterior. (…). SEGUNDO: La Subdirección General de Inspección de Datos procedió a la realización de actuaciones previas de investigación para el esclarecimiento de los hechos objeto de la notificación, teniendo conocimiento de los siguientes extremos: (…). FUNDAMENTOS DE DERECHO I Competencia En virtud de los poderes que el artículo 58.2 del Reglamento (UE) 2016/679 del Parlamento Europeo y del Consejo de 27 de abril de 2016 relativo a la protección de las personas físicas en lo que respecta al tratamiento de datos personales y a la libre C/ Jorge Juan, 6 www.aepd.es 28001 – Madrid sedeagpd.gob.es 2/7 circulación de estos datos (RGPD) reconoce a cada autoridad de control, y según lo establecido en los artículos 47 y 48 de la LOPDGDD, la Directora de la Agencia Española de Protección de Datos es competente para iniciar y resolver este procedimiento. II Cuestiones previas En el presente caso, de acuerdo con lo establecido en el artículo 4.1 del RGPD, consta la realización de un tratamiento de datos personales, toda vez que CORREOS EXPRESS realiza, entre otros tratamientos, la recogida, utilización, consulta de los siguientes datos personales de las personas físicas que prestan servicios en la misma, tales como: nombre y apellidos, dirección de correo electrónico…, etc.  CORREOS EXPRESS realiza esta actividad en su condición de responsable del tratamiento, dado que es quien determina los fines y medios de tal actividad, en virtud del citado artículo 4.7 del RGPD. El artículo 4 apartado 12 del RGPD define, de un modo amplio, las “violaciones de seguridad de los datos personales” (en adelante brecha de seguridad) como “todas aquellas violaciones de la seguridad que ocasionen la destrucción, pérdida o alteración accidental o ilícita de datos personales transmitidos, conservados o tratados de otra forma, o la comunicación "
e-06430-2021,2021,https://www.aepd.es/es/documento/e-06430-2021.pdf,https://web.archive.org/web/20220307211710id_/https://www.aepd.es/es/documento/e-06430-2021.pdf,"1/7  Expediente Nº: E/06430/2021 RESOLUCIÓN DE ARCHIVO DE ACTUACIONES De las actuaciones practicadas por la Agencia Española de Protección de Datos y teniendo como base los siguientes HECHOS PRIMERO: D. A.A.A. (en adelante, la parte reclamante) con fecha 25 de febrero de 2021 interpuso reclamación ante la Agencia Española de Protección de Datos. La reclamación se dirige contra Vodafone España, S.A.U. con NIF A80907397 y Vodafone Ono, S.A.U. con NIF A62186556 (en adelante, la parte reclamada o Vodafone). Los motivos en que basa la reclamación son los siguientes. La parte reclamante presenta reclamación por la recepción de llamadas comerciales no deseadas por parte de Vodafone en su línea fija. El 10 de marzo de marzo de 2021 formula una nueva reclamación el reclamante, manifestando que ha recibido tres nuevas llamadas y aporta la grabación de dos de ellas. Con fecha de 4 de mayo de 2021 se traslada desde el Servicio Territorial de Industria, Comercio y Economía de la Junta de Castilla y León denuncia interpuesta por el reclamante ante este organismo. Documentación relevante aportada por la parte reclamante: - Aporta todos los correos intercambiados con la operadora entre el 4 de diciembre de 2020 y el 19 de febrero de 2021, entre los que se incluye la respuesta de la parte reclamada informando que accedían a su solicitud de supresión el 8/12/20 y el 19/02/21, no obstante, las llamadas continuaron. - Listado de llamadas recibidas: ***TELEFONO.1 20 de enero de 2021 a las 14:57 ***TELEFONO.2 20 de enero de 2021 a las 17:00 ***TELEFONO.1 20 de enero de 2021 a las 19:53 ***TELEFONO.3 20 de enero de 2021 a las 13:04 ***TELEFONO.4 21 de enero de 2021 a las 13:56 ***TELEFONO.5 21 de enero de 2021 a las 15:29 ***TELEFONO.6 22 de enero de 2021 a las 13:07 ***TELEFONO.7 22 de enero de 2021 a las 14:22 ***TELEFONO.8 22 de enero de 2021 a las 15:38 ***TELEFONO.9 22 de enero de 2021 a las 16:07 ***TELEFONO.10 22 de enero de 2021 a las 17:06 ***TELEFONO.1 25 de enero de 2021 a las 16:23 ***TELEFONO.1 26 de enero de 2021 a las 15:55 ***TELEFONO.1 27 de enero de 2021 a las 14:48 ***TELEFONO.1 27 de enero de 2021 a las 17:11 C/ Jorge Juan, 6 www.aepd.es 28001 – Madrid sedeagpd.gob.es 2/7 ***TELEFONO.1 28 de enero de 2021 a las 18:54 ***TELEFONO.1 28 de enero de 2021 a las 15:34 ***TELEFONO.4 29 de enero de 2021 a las 15:32 ***TELEFONO.1 29 de enero de 2021 a las 15:45 ***TELEFONO.4 29 de enero de 2021 a las 16:08 ***TELEFONO.1 29 de enero de 2021 a las 20:55 ***TELEFONO.11 03 de febrero de 2021 a las 20:41 ***TELEFONO.10 04 de febrero de 2021 a las 16:13 ***TELEFONO.12 05 de febrero de 2021 a las 19:05 ***TELEFONO.13 10 de febrero de 2021 a las 15:27 ***TELEFONO.14 11 de febrero de 2021 a las 14:00 ***TELEFONO.15 11 de febrero de 2021 a las 21:45 ***TELEFONO.16 15 de febrero de 2021 a las 15:09 ***TELEFONO.17 17 de febrero de 2021 a las 15:33 ***TELEFONO.4 18 de febrero de 2021 a las 14:07 ***TELEFONO.18 18 de febrero de 2021 a las 19:32 ***TELEFONO.19 19 de febre"
e-06540-2021,2021,https://www.aepd.es/documento/e-06540-2021.pdf,https://web.archive.org/web/20240626231527id_/https://www.aepd.es/documento/e-06540-2021.pdf,"1/5  Expediente Nº: E/06540/2021 RESOLUCIÓN DE ARCHIVO DE ACTUACIONES De las actuaciones practicadas por la Agencia Española de Protección de Datos y teniendo como base los siguientes: HECHOS PRIMERO: AGENTE SERVICE TRANSFERS, S.L. (en adelante, la parte reclamante) con fecha 30 de marzo de 2021, interpuso reclamación ante la Agencia Española de Protección de Datos. La reclamación se dirige, entre otros, contra TAXIELPILAR.COM, cuya responsable es Doña A.A.A., y TAXIHORADADA.SIMPLESITE.COM.  Los motivos en que basa la reclamación son el posible incumplimiento de la normativa de protección de datos y de los servicios de la sociedad de la información. SEGUNDO: Con fecha 3 de junio de 2021, se admitió a trámite la reclamación presentada por la parte reclamante, al amparo de lo establecido en el artículo 65.5 de la LOPDGDD. TERCERO: La Subdirección General de Inspección de Datos procedió a la realización de actuaciones previas de investigación para el esclarecimiento de los hechos en cuestión, en virtud de los poderes de investigación otorgados a las autoridades de control en el artículo 57.1 del Reglamento (UE) 2016/679 (Reglamento General de Protección de Datos, en adelante RGPD), y de conformidad con lo establecido en el Título VII, Capítulo I, Sección segunda, de la LOPDGDD, teniendo conocimiento de los siguientes extremos: TAXIELPILAR.COM - Existe política de privacidad en donde consta el responsable del tratamiento y restantes aspectos relativos al tratamiento de datos personales (finalidad, tipos de datos tratados, conservación, legitimación, derechos del interesado y procedimiento del ejercicio, mención a reclamar ante esta Agencia, etc.). El responsable del sitio web también queda identificado en el documento mostrado bajo el enlace Aviso Legal situado a pie de página, siendo este Doña A.A.A.. - Se recaban datos a través del formulario “Obtener Presupuesto” con casilla de aceptación de la política de privacidad (y enlace a ésta), sin que puedan enviarse los datos antes de marcar esta casilla. - Solo instala cookies propias relativas a la configuración aceptación de las cookies. TAXIHORADADA.SIMPLESITE.COM Durante las presentes actuaciones de investigación, se comprueba que el sitio web no  está disponible. C/ Jorge Juan, 6 www.aepd.es 28001 – Madrid sedeagpd.gob.es 2/5 FUNDAMENTOS DE DERECHO I De acuerdo con los poderes de investigación y correctivos que el artículo 58 del Reglamento (UE) 2016/679 (Reglamento general de protección de datos, en adelante RGPD) otorga a cada autoridad de control, y según lo dispuesto en el artículo 47 de la Ley Orgánica 3/2018, de 5 de diciembre, de Protección de Datos Personales y garantía de los derechos digitales (en lo sucesivo LOPDGDD), es competente para resolver estas actuaciones de investigación la Directora de la Agencia Española de Protección de Datos. En relación con las cookies, es competente para iniciar y resolver este Procedimiento Sancionador, la Directora de la Agencia Española de Protección d"
e-06590-2021,2021,https://www.aepd.es/es/documento/e-06590-2021.pdf,https://web.archive.org/web/20210707093904id_/https://www.aepd.es/es/documento/e-06590-2021.pdf,"1/19  Procedimiento Nº: E/06590/2021 RESOLUCIÓN DE ARCHIVO DE ACTUACIONES De las actuaciones practicadas por la Agencia Española de Protección de Datos y teniendo como base los siguientes: HECHOS PRIMERO: La reclamación interpuesta por la CENTRAL SINDICAL INDEPENDIENTE Y DE FUNCIONARIOS (en adelante, el reclamante) tiene entrada, con fecha 15 de febrero de 2021, en la Agencia Española de Protección de Datos. La reclamación se dirige contra la CONSEJERÍA DE SALUD, (en adelante, el reclamado).  Los motivos en que basa la reclamación son los siguientes: “PRIMERO. -Que, con fecha 12 de febrero de 2021, la CONSEJERÍA DE SALUD DE LA REGIÓN DE MURCIA, sita en Avda. Ronda de Levante, 11. 30071, Murcia, ha dado acceso, a varios Diputados de la Asamblea Regional de Murcia, a un listado en el que se recogen los datos personales de los empleados públicos destinatarios de las primeras vacunas puestas frente a la Covid-19 en la Región de Murcia, con el fin de poder conocer qué cargos y trabajadores se han vacunado y si los mismos lo han hecho correctamente según el protocolo establecido al efecto.  SEGUNDO. - Que tal actuación se ha llevado a cabo sin que los trabajadores hayan prestado consentimiento u autorización previa alguna al efecto, sin tener en cuenta que el listado mostrado contiene datos personales sensibles relacionados con su salud, e identificando a los mismos con su nombre y apellidos, que no por el cargo o puesto desempeñado. Datos, todos ellos, protegidos por el Reglamento (UE) 2016/679, de 27 de abril de 2016, relativo a la protección de las personas físicas en lo que respecta al tratamiento de datos personales y a la libre circulación de estos datos (RGPD) y la Ley Orgánica 3/2018, de 5 de diciembre, de Protección de Datos Personales y garantía de los derechos digitales (LOPD).  Es más, el propio presidente de la Región de Murcia, el 24 de enero de 2021, confirmó que ante las serias dudas que generaba dar acceso a la lista de los vacunados, ante una posible vulneración de los derechos de los mismos, la Consejería de Salud iba a pedir a la Agencia Española de Protección de Datos que le autorizara a publicarla. Sin embargo, dicha consulta escrita no tenemos constancia que se haya hecho, al menos no con anterioridad a la comunicación de la lista de los empleados públicos vacunados.  TERCERO. – Que, de este acontecimiento, se han hecho eco distintos medios de comunicación, radio y prensa (por ejemplo: La Verdad de Murcia, La Opinión de Murcia, …), con la consiguiente repercusión. Que, en dichas publicaciones, se indica que los Diputados pudieron tomar notas respecto de los datos obrantes en ese listado. De hecho, con posterioridad, han salido publicados los nombres y apellidos de algunos de los altos cargos vacunados, para luego continuar señalando directamente a los funcionarios, como al Jefe de Servicio de valoración y diagnóstico (funcionario de C/ Jorge Juan, 6 www.aepd.es 28001 – Madrid sedeagpd.gob.es 2/19 Política Social), …, pudiendo se"
e-06660-2021,2021,https://www.aepd.es/es/documento/e-06660-2021.pdf,https://web.archive.org/web/20220308013333id_/https://www.aepd.es/es/documento/e-06660-2021.pdf,"1/8  Expediente Nº: E/06660/2021 RESOLUCIÓN DE ARCHIVO DE ACTUACIONES De las actuaciones practicadas por la Agencia Española de Protección de Datos y teniendo como base los siguientes HECHOS PRIMERO: Con fecha 2 de junio de 2021, la Subdirección General de Inspección de Datos (SGID) recibió para su valoración un escrito de notificación de brecha de seguridad de los datos personales remitido por AYUNTAMIENTO DE VALDEOLMOS- ALALPARDO con NIF P2816200F (en adelante, el AYUNTAMIENTO), recibido en fecha 26 de abril de 2021, en el que informa a la Agencia Española de Protección de Datos de lo siguiente: Se detectó que en la cuenta de correo de una empleada del ayuntamiento (***USUARIO.1@alalpardo.org) existía una regla de redirección, de forma que todos los correos que le llegaban a esta dirección se redirigían a una cuenta externa a la organización (***USUARIO.2@gmail.com), cuya propiedad nos es desconocida. Junto a la notificación no se aportan ni documentos ni otras evidencias relativas a la notificación de la brecha. SEGUNDO: La Subdirección General de Inspección de Datos procedió a la realización de actuaciones previas de investigación para el esclarecimiento de los hechos en cuestión, en virtud de los poderes de investigación otorgados a las autoridades de control en el artículo 57.1 del Reglamento (UE) 2016/679 (Reglamento General de Protección de Datos, en adelante RGPD), y de conformidad con lo establecido en el Título VII, Capítulo I, Sección segunda, de la LOPDGDD, teniendo conocimiento de los siguientes extremos: Cronología y naturaleza del incidente En el Escrito el investigado describe la siguiente cronología de hechos: (…): (…) - (…) - (...) Adjunta al Escrito (Anexo 3) el documento “Contrato de protección de datos personales Encargado del tratamiento” suscrito entre el investigado y CISET. Figura firmada digitalmente por el investigado el día 4 de febrero de 2021 y por CISET con fecha de 9 de febrero de 2021. Número de afectados, categorías de los datos personales expuestos y uso posterior C/ Jorge Juan, 6 www.aepd.es 28001 – Madrid sedeagpd.gob.es 2/8 En relación con los datos personales afectados en el incidente, el investigado en el Escrito manifiesta lo siguiente: (…) (…) Comunicación a los afectados Según lo visto en el apartado de antecedentes, el investigado señaló en la Notificación (registrada de entrada en la AEPD el día 26 de abril de 2021) que la decisión de comunicar a los afectados estaba “Pendiente de decidir”. Posteriormente, con fecha de 5 de mayo de 2021 la AEPD dirigió el Escrito AEPD en el que en relación con esta brecha de seguridad ordenó lo siguiente: “Se lleve a cabo la comunicación de la mencionada brecha de seguridad a los interesados, sin dilación indebida, para que, una vez tengan conocimiento de esta, puedan adoptar las medidas que consideren oportunas para evitar aquellos riesgos que pudieran afectar a su persona. La comunicación a los interesados se realizará siguiendo lo previsto en el artículo 34 del RG"
e-06681-2021,2021,https://www.aepd.es/es/documento/e-06681-2021.pdf,https://web.archive.org/web/20211214074832id_/https://www.aepd.es/es/documento/e-06681-2021.pdf,"1/4  Expediente Nº: E/06681/2021 RESOLUCIÓN DE ARCHIVO DE ACTUACIONES De las actuaciones practicadas por la Agencia Española de Protección de Datos y teniendo como base los siguientes HECHOS PRIMERO: A.A.A. (en adelante, la parte reclamante) con fecha 18 de febrero de 2021 interpuso reclamación ante la AEPD. La reclamación se dirige contra MADANI- FELGUERA PROPERTIES, S.L con NIF B88631403 (en adelante, MADANI- FELGUERA). Los motivos en que basa la reclamación son los siguientes: El reclamante manifiesta que se entregó documentación con sus datos personales (nombre, DNI y dirección) en su lugar de trabajo a personas no autorizadas.  SEGUNDO: De conformidad con el artículo 65.4 de la Ley Orgánica 3/2018, de 5 de diciembre, de Protección de Datos Personales y garantía de los derechos digitales (en adelante LOPDGDD), se dio traslado de dicha reclamación a la parte MADANI- FELGUERA, para que procediese a su análisis e informase a esta Agencia en el plazo de un mes, de las acciones llevadas a cabo para adecuarse a los requisitos previstos en la normativa de protección de datos. El traslado se remitió con fecha 30 de marzo de 2021 a través del Servicio de Notificaciones Electrónicas y Dirección Electrónica Habilitada, siendo notificado el mismo día 30 de marzo de 2021.   En la actualidad, no se ha recibido respuesta a este escrito. TERCERO: Con fecha 18 de mayo de 2021, se admitió a trámite la reclamación presentada por la parte reclamante. CUARTO: La Subdirección General de Inspección de Datos procedió a la realización de actuaciones previas de investigación para el esclarecimiento de los hechos en cuestión, en virtud de los poderes de investigación otorgados a las autoridades de control en el artículo 57.1 del Reglamento (UE) 2016/679 (Reglamento General de Protección de Datos, en adelante RGPD), y de conformidad con lo establecido en el Título VII, Capítulo I, Sección segunda, de la LOPDGDD, teniendo conocimiento de los siguientes extremos: Respecto a la decisión adoptada a propósito de esta reclamación (…) C/ Jorge Juan, 6 www.aepd.es 28001 – Madrid sedeagpd.gob.es 2/4 En el supuesto de ejercicio de los derechos regulados en los artículos 15 a 22 del RGPD, acreditación de la respuesta facilitada al reclamante (…) Informe sobre las causas que han motivado la incidencia que ha originado la reclamación (…): - (…) - (…) - (…) - (…) - (…) - (…) Informe sobre las medidas adoptadas para evitar que se produzcan incidencias similares, fechas de implantación y controles efectuados para comprobar su eficacia (…): - (…). - (…). - (…). Cualquier otra que considere relevante (…). FUNDAMENTOS DE DERECHO I Competencia En virtud de los poderes que el artículo 58.2 del Reglamento (UE) 2016/679 del Parlamento Europeo y del Consejo de 27 de abril de 2016 relativo a la protección de las personas físicas en lo que respecta al tratamiento de datos personales y a la libre circulación de estos datos (RGPD) reconoce a cada autoridad de control, y según lo establecido en lo"
e-06698-2021,2021,https://www.aepd.es/es/documento/e-06698-2021.pdf,https://web.archive.org/web/20211124034946id_/https://www.aepd.es/es/documento/e-06698-2021.pdf,"1/3  Procedimiento Nº: E/06698/2021 RESOLUCIÓN DE ARCHIVO DE ACTUACIONES De las actuaciones practicadas por la Agencia Española de Protección de Datos y teniendo como base los siguientes: HECHOS PRIMERO: La reclamación interpuesta por Don A.A.A. (en adelante, el reclamante) tiene entrada con fecha 8 de junio de 2021 en la Agencia Española de Protección de Datos.  La reclamación se recibe a través del canal prioritario, e indica lo siguiente: “Buenos días, estuve en contacto con una chica e hicimos video llamada. Me están pidiendo dinero, he pedido que quiten el video inmediatamente ya que me están amenazando con hacerlo público por todas las redes; os paso el enlace y la página. Por favor necesito vuestra ayuda. Mi nombre A.A.A./dni. ***NIF.1/ mi tlf. ***TELÉFONO1” Indica que la dirección de internet es: ***URL.1. SEGUNDO: La Subdirección General de Inspección de Datos procedió a la realización de actuaciones previas de investigación para el esclarecimiento de los hechos objeto de la reclamación, teniendo conocimiento de los siguientes extremos: ~ En el momento de recibir la reclamación, se comprueba que en la dirección de internet señalada se encuentra un vídeo, de contenido íntimo, en la página indicada.  ~ Con fecha 28 de junio de 2021, se comprueba que el video reclamado ha sido eliminado del sitio web indicado en la reclamación. Dado que no se ha llegado a realizar ninguna acción desde esta subdirección de inspección para la eliminación del contenido reclamado, se desprende que el reclamante ha ejercido su derecho de supresión ante el responsable del sitio web o directamente a su compañera de vídeo que podría haber sido el autor de la publicación, y éste ha sido atendido. ~ El responsable de la dirección de internet ***URL.2 se encuentra en XXXXXXXX, ***PAÍS.1. FUNDAMENTOS DE DERECHO I En virtud de los poderes que el artículo 58.2 del Reglamento (UE) 2016/679 (Regla- mento General de Protección de Datos, en adelante RGPD), reconoce a cada Autori- dad de Control, y según lo establecido en los artículos 47, 48.1, 64.2 y 68.1 de la Ley Orgánica 3/2018, de 5 de diciembre, de Protección de Datos Personales y garantía de C/ Jorge Juan, 6 www.aepd.es 28001 – Madrid sedeagpd.gob.es 2/3 los derechos digitales (en adelante, LOPDGDD), la Directora de la Agencia Española de Protección de Datos es competente para iniciar y resolver este procedimiento. El artículo 63.2 de la LOPDGDD determina que: “Los procedimientos tramitados por la Agencia Española de Protección de Datos se regirán por lo dispuesto en el Reglamen- to (UE) 2016/679, en la presente ley orgánica, por las disposiciones reglamentarias dictadas en su desarrollo y, en cuanto no las contradigan, con carácter subsidiario, por las normas generales sobre los procedimientos administrativos.” II La imagen física de una persona, a tenor del artículo 4.1 del RGPD, es un dato personal y su protección, por tanto, es objeto de dicho Reglamento.  El artículo 4.2 del RGPD, define «tratamiento» como: “cua"
e-06865-2021,2021,https://www.aepd.es/es/documento/e-06865-2021.pdf,https://web.archive.org/web/20220307210514id_/https://www.aepd.es/es/documento/e-06865-2021.pdf,"1/6  Expediente Nº: E/06865/2021 RESOLUCIÓN DE ARCHIVO DE ACTUACIONES De las actuaciones practicadas por la Agencia Española de Protección de Datos y te- niendo como base los siguientes HECHOS PRIMERO: A.A.A. (en adelante, la parte reclamante) con fecha 15/03/21 interpuso reclamación ante la Agencia Española de Protección de Datos. La reclamación se dirige contra B.B.B. con NIF ***NIF.1 (en adelante, la parte reclamada). Los motivos en que basa la reclamación son los siguientes: “instalación de cámaras de video-vigilancia orientadas hacia zona de la recla- mante que pudiera afectar a su derecho en el tratamiento de sus datos personales” (folio nº 1).  SEGUNDO: En fecha 19/07/21 se recibe escrito de alegaciones de la parte reclamada manifestando lo siguiente: -Confirma la presencia de las cámaras, así como la existencia de diversos con- flictos con la reclamante, algunos judicializados. -Acredita la presencia de cartel (es) en la entrada de la parcela de acceso a la zona de viviendas, aportando prueba documental al respecto. -Manifiesta que la reclamante realiza actividades de carácter sexual (no autori- zadas, ni consentidas) en su vivienda particular.  “La citada ***A.A.A. desarrolla, en la zona que habita de la vivienda una activi- dad profesional (psicológica y sexología), no consentida ni autorizada y continuamente están accediendo personas desconocidas a la finca, que se supone exclusivamente residencial” “Con todos estos antecedentes y por la seguridad de mi familia decidí instalar las cámaras de video-vigilancia que, en ningún momento, captan zona distinta a la de disfrute de mi familia” TERCERO: La Subdirección General de Inspección de Datos procedió a la realización de actuaciones previas de investigación para el esclarecimiento de los hechos en cuestión, en virtud de los poderes de investigación otorgados a las autoridades de con- trol en el artículo 57.1 del Reglamento (UE) 2016/679 (Reglamento General de Protec- ción de Datos, en adelante RGPD), y de conformidad con lo establecido en el Título VII, Capítulo I, Sección segunda, de la LOPDGDD, teniendo conocimiento de los siguientes extremos: C/ Jorge Juan, 6 www.aepd.es 28001 – Madrid sedeagpd.gob.es 2/6  El reclamado aclara que la finca tiene construido un inmueble dividido en dos cuerpos diferenciados en que residen respectivamente él y la reclamante con sus respectivas unidades familiares.  El reclamado manifiesta que en fecha 09/11/2020 contrató con una empresa la instalación de cuatro cámaras de videovigilancia que captan, según su versión, exclusivamente la zona habitada por su familia. El reclamado aporta contrato suscrito con la empresa instaladora del sistema de alarma que incluye las 4 vi- deocámaras y certificado de instalación con factura.  El reclamado aporta copia de fotografías de las cámaras instaladas y de carte- les de alarma (no de zona videovigilada con información) colocados por la em- presa contratista presuntamente a la entrada de la finca.  El reclamado exp"
e-06866-2021,2021,https://www.aepd.es/documento/e-06866-2021.pdf,https://web.archive.org/web/20251113171212id_/https://www.aepd.es/documento/e-06866-2021.pdf,"1/4  Procedimiento Nº: E/06866/2021 RESOLUCIÓN DE ARCHIVO DE ACTUACIONES De las actuaciones practicadas por la Agencia Española de Protección de Datos y te- niendo como base los siguientes HECHOS PRIMERO: La reclamación interpuesta por A.A.A. (en adelante, el reclamante) tiene entrada con fecha 12 de febrero de 2021 en la Agencia Española de Protección de Datos. La reclamación se dirige contra GRUPO DE BLAS RECUPERACIONES S.L., con NIF B79213161 (en adelante, el reclamado). Los motivos en que basa la reclamación son de manera sucinta los siguientes: “instalación de micrófonos en el sistema de cámaras de video-vigilancia por la empresa” (folio nº1). SEGUNDO: En fecha 09/06/21 se recibe nuevo escrito de la reclamante manifestando lo siguiente “parece que la empresa no ha instalado los micrófonos en el puesto de trabajo”. FUNDAMENTOS DE DERECHO I De acuerdo con los poderes de investigación y correctivos que el artículo 58 del Regla- mento (UE) 2016/679 (Reglamento general de protección de datos, en adelante RGPD) otorga a cada autoridad de control, y según lo dispuesto en el artículo 47 de la Ley Orgánica 3/2018, de 5 de diciembre, de Protección de Datos Personales y garan- tía de los derechos digitales (en lo sucesivo LOPDGDD), es competente para resolver estas actuaciones de investigación la Directora de la Agencia Española de Protección de Datos. II En el presente caso, se procede a examinar la reclamación de fecha 12/02/21 por me- dio de la cual se traslada lo siguiente: “instalación de micrófonos en el sistema de cámaras de video-vigilancia por la empresa” (folio nº1). La grabación de sonido en el ámbito laboral suele ser una cuestión controvertida, ya que en ella tienen cabida la protección de varios derechos. Por un lado, derechos re- conocidos en el marco del ET (Estatuto Trabajadores) y por otro lado, también intervie- ne el derecho a la protección de datos.  C/ Jorge Juan, 6 www.aepd.es 28001 – Madrid sedeagpd.gob.es 2/4 El audio, la voz, se encuentra reconocida dentro del Reglamento Europeo de Protec- ción de Datos, como un dato de carácter personal, ya que a través de la misma, se puede identificar a un sujeto. El artículo 4 del RGPD determina que los datos personales son cualquier información de la que pueda derivar la identificación de una persona física. Las empresas pueden instalar sistemas de video-vigilancia con fines de seguri- dad de las instalaciones, material y de las trabajadores (as) de la misma. Respecto a la instalación de cámaras de seguridad en empresas para el control del trabajo, la normativa laboral establece, en el artículo 20 del Estatuto de los Trabajado- res, que “el empresario podrá adoptar las medidas que estime más oportunas de vigi- lancia y control para verificar el cumplimiento por el trabajador de sus obligaciones y deberes laborales, guardando en su adopción y aplicación la consideración debida a su dignidad humana y teniendo en cuenta la capacidad real de los trabajadores dismi- nuidos, en su caso”. Basta"
e-06941-2021,2021,https://www.aepd.es/es/documento/e-06941-2021.pdf,https://web.archive.org/web/20221021141433id_/https://www.aepd.es/es/documento/e-06941-2021.pdf,"1/6  Expediente N.º: E/06941/2021 RESOLUCIÓN DE CADUCIDAD DE ACTUACIONES De las actuaciones practicadas por la Agencia Española de Protección de Datos y en base a los siguientes HECHOS PRIMERO: A.A.A., B.B.B., C.C.C., D.D.D., E.E.E., F.F.F., G.G.G., H.H.H., I.I.I., J.J.J., K.K.K., L.L.L., M.M.M., N.N.N., Ñ.Ñ.Ñ., P.P.P., Q.Q.Q., R.R.R., S.S.S., T.T.T. y U.U.U. (en adelante, la parte reclamante) con fecha 14/06/2021 interpusieron reclamación ante la Agencia Española de Protección de Datos.  La reclamación se dirige contra diversas páginas web de contenido adulto y de descarga de archivos sin que haya sido posible identificar al responsable.  Los motivos en que basa la reclamación son los siguientes: Veintiuna mujeres fueron grabadas con una cámara oculta mientras orinaban en la calle durante el transcurso de una romería popular celebrada en Galicia en julio de 2019. Las imágenes fueron publicadas en diversos sitios web de contenido pornográfico y de descarga de archivos. Los hechos fueron denunciados ante la Guardia Civil, acompañándose copia de las diligencias fruto de la labor investigadora realizada por la compañía de Burela (Lugo). En las mismas se hace referencia a ocho sitios web distintos donde las imágenes habrían sido publicadas. Se comprueba que en el momento de presentarse la reclamación permanecen disponibles en un enlace del sitio web https://rapidgator.net (en adelante RAPIDGATOR) para descarga directa, y en el sitio web https://pissrip.net, para usuarios registrados. La entidad responsable de RAPIDGATOR es una sociedad británica (Y-FLEX LLP) con   domicilio   en   Belfast.   Consta   un   formulario   online (https://rapidgator.net/feedback/contact/q/6)   y   una   dirección   de   email (support@rapidgator.net) mediante la cual podría informarse a este sitio web de la reclamación recibida en esta Agencia. Por su parte, se desconoce quién es el responsable del sitio web PISSRIP.NET, no existiendo ninguna clase de texto legal. La única vía de contacto posible parece el formulario sito en https://pissrip.net/index.php?do=feedback&user=1. La consulta al registro de WHOIS revela que el dominio se registró utilizando los servicios de la panameña URL SOLUTIONS INC., que tiene designado representante en la UE (en Chipre). A la reclamación se acompañan los siguientes documentos justificativos: C/ Jorge Juan, 6 www.aepd.es 28001 – Madrid sedeagpd.gob.es 2/6 - Diligencias policiales: 2020-004504-0000747 de la E.F.I.C.O. de Burela (Lugo) SEGUNDO: Con fecha 15 de junio de 2021, de conformidad con el artículo 65 de la LOPDGDD, se admitió a trámite la reclamación presentada por la parte reclamante. TERCERO: La Subdirección General de Inspección de Datos procedió a la realización de actuaciones previas de investigación para el esclarecimiento de los hechos en cuestión, en virtud de las funciones asignadas a las autoridades de control en el artículo 57.1 y de los poderes otorgados en el artículo 58.1 del Reglamento (UE) 2016/679 (Reglamento General"
e-07106-2021,2021,https://www.aepd.es/documento/e-07106-2021.pdf,https://web.archive.org/web/20240626231357id_/https://www.aepd.es/documento/e-07106-2021.pdf,"1/6  Expediente N.º: E/07106/2021 RESOLUCIÓN DE ARCHIVO DE ACTUACIONES De las actuaciones practicadas por la Agencia Española de Protección de Datos y teniendo como base los siguientes HECHOS PRIMERO: El 11/03//2021 tuvo entrada en esta Agencia escrito presentado por FACUA, en representación de D. A.A.A. (en adelante, la parte reclamante). La reclamación se dirige contra RCI BANQUE, S.A. SUCURSAL EN ESPAÑA con NIF W0014596A (en adelante, la parte reclamada). Los motivos en que basa la reclamación son los siguientes: la recepción de llamadas de teléfono y mensajes de texto, reclamándole una deuda pendiente de pago con la entidad reclamada relativa a la financiación de un vehículo; financiación que el reclamante desconoce, al no mantener relación jurídica alguna con la reclamada.  Acompaña reclamación dirigida al reclamado de 25/08/2020 informando del acoso telefónico que sufre en su línea móvil ***TELÉFONO.1 relativa a una deuda de financiación de un vehículo que desconoce tener, solicitando supresión de sus datos personales y la respuesta del reclamado de 09/09/2020, en la que le informan que el reclamante no consta como cliente de la entidad. SEGUNDO: El 15/04/2021, tras el análisis realizado sobre los documentos aportados y las circunstancias concurrentes, no se apreciaron indicios racionales de la existencia de infracción en el ámbito competencial de la Agencia Española de Protección de Datos, por lo que, de acuerdo con lo previsto en el artículo 65.2 de la Ley Orgánica 3/2018, de 5 de diciembre, de Protección de Datos Personales y garantía de los derechos digitales, dictándose resolución por la Directora de la Agencia Española de Protección de Datos, acordando la inadmisión a trámite de la reclamación. La resolución le fue notificada al afectado en fecha 16 de Abril de 2021, TERCERO: El 13/05/2021 el afectado presento recurso de reposición contra la resolución recaída, registrado en la Agencia en la misma fecha, mostrando su disconformidad con la misma, argumentando básicamente los mismos hechos que en su reclamación inicial y adjuntando fotografías de un teléfono móvil, en las que se muestran sendos SMS de la entidad reclamada, de fechas posteriores a la fecha en que se presentó la reclamación: 31 de marzo y 19 de abril de 2021, respectivamente. CUARTO: El 16/06/2021, una vez realizadas las comprobaciones oportunas tras la documentación aportada con posterioridad a la resolución de inadmisión a trámite de la reclamación inicial presentada, se resuelve estimar el recurso de reposición interpuesto contra la resolución dictada el 15/04/2021. QUINTO: La Subdirección General de Inspección de Datos procedió a la realización de actuaciones previas de investigación para el esclarecimiento de los hechos en cuestión, en virtud de los poderes de investigación otorgados a las autoridades de C/ Jorge Juan, 6 www.aepd.es 28001 – Madrid sedeagpd.gob.es 2/6 control en el artículo 58.1 del Reglamento (UE) 2016/679 (Reglamento General de Protección de Datos,"
e-07107-2021,2021,https://www.aepd.es/es/documento/e-07107-2021.pdf,https://web.archive.org/web/20220309045654id_/https://www.aepd.es/es/documento/e-07107-2021.pdf,"1/5  Expediente Nº: E/07107/2021 RESOLUCIÓN DE ARCHIVO DE ACTUACIONES De las actuaciones practicadas por la Agencia Española de Protección de Datos y teniendo como base los siguientes: HECHOS PRIMERO: D. A.A.A. (en adelante, la parte reclamante) con fecha 24 de marzo de 2021 interpuso reclamación ante la Agencia Española de Protección de Datos. La reclamación se dirige contra Vodafone España, S.A.U. con CIF A80907397 (en adelante, la parte reclamada o Vodafone).    La parte reclamante presenta reclamación por la recepción de llamadas comerciales no deseadas en nombre de Vodafone en su línea móvil ***TELÉFONO.1, a pesar de estar inscrito en la Lista Robinsón y de no ser cliente de la entidad que realiza las llamadas. Además, señala que solicitó por primera vez la supresión de sus datos personales a Vodafone el 27 de octubre de 2020, y que el día 2 de noviembre del mismo año la parte reclamada le confirmó que la citada supresión ya se había efectuado. Por otra parte, indica que la entidad que le presta el servicio de telecomunicaciones es la compañía Pepephone. Documentación relevante aportada por la parte reclamante: - Copia de carta enviada por Vodafone y recibida por la parte reclamante, con fecha 2 de noviembre de 2020 donde consta que han suprimido sus datos personales y de su oposición a la recepción de llamadas comerciales en su línea móvil.  Consta que Vodafone manifiesta que dicha línea móvil no consta en su fichero. - Copia de correo electrónico remitido por:   ***EMAIL.1 enviado al reclamante con fecha 29/10/2020 donde consta que no es posible suprimir sus datos ya que su DNI no consta en sus ficheros. - Aporta captura de pantalla donde se visualiza la recepción de una llamada el 12 de febrero de 2021 a las 15:59 horas, desde la línea llamante ***TELÉFONO.2. El 25 de marzo de 2021 presenta una nueva reclamación aportando una nueva impresión de pantalla de una llamada recibida el 25/03/2021 a las 18:36 horas, desde la línea llamante ***TELÉFONO.3. SEGUNDO: De conformidad con el artículo 65.4 de la Ley Orgánica 3/2018, de 5 de diciembre, de Protección de Datos Personales y garantía de los derechos digitales (en C/ Jorge Juan, 6 www.aepd.es 28001 – Madrid sedeagpd.gob.es 2/5 adelante LOPDGDD), se dio traslado de dicha reclamación a la parte reclamada, para que procediese a su análisis e informase a esta Agencia en el plazo de un mes, de las acciones llevadas a cabo para adecuarse a los requisitos previstos en la normativa de protección de datos. El traslado, que se practicó conforme a las normas establecidas en la Ley 39/2015, de 1 de octubre, del Procedimiento Administrativo Común de las Administraciones Públicas (en adelante, LPACAP), fue recogido en fecha 26 de abril de 2021 como consta en el acuse de recibo que obra en el expediente. TERCERO: Con fecha 7 de junio de 2021, de conformidad con el artículo 65 de la LOPDGDD, se admitió a trámite la reclamación presentada por la parte reclamante. CUARTO: La Subdirección General de Inspección"
e-07535-2021,2021,https://www.aepd.es/documento/e-07535-2021.pdf,https://web.archive.org/web/20220623063416id_/https://www.aepd.es/documento/e-07535-2021.pdf,"1/4  Procedimiento Nº: E/07535/2021 RESOLUCIÓN DE ARCHIVO DE ACTUACIONES De las actuaciones practicadas por la Agencia Española de Protección de Datos y te- niendo como base los siguientes HECHOS PRIMERO: La reclamación interpuesta por A.A.A. (*en adelante, el reclamante) tiene entrada con fecha 10 de mayo de 2021 en la Agencia Española de Protección de Datos. La reclamación se dirige contra B.B.B., con NIF ***NIF.1 (en adelante, el reclamado). Los motivos en que basa la reclamación son de manera sucinta los siguientes: “el reclamado tiene instalada una cámara en el exterior de la puerta de su casa (junto a un detector de luz) en el Bajo-L. Este bajo junto con otros 3 están en un pasillo interior a la finca y que da acceso a un amplio...” (folio nº 1) SEGUNDO: En fecha 19/05/21 se procede al TRASLADO de la reclamación al vecino identificado en la reclamación, para que alegue en derecho lo que estime oportuno.  TERCERO: En fecha 10/06/21 se recibe escrito de alegaciones del reclamado argu- mentando lo siguiente: “Que el motivo de dicha instalación ha sido causado por los hechos denuncia- dos ante las autoridades (Policía Nacional) de forma reiterada y denunciados múltiples hechos hasta en 5 ocasiones, así como una sexta que está pendiente de ser tramitada y de las cuales se adjunta copia, por posibles delitos de amenazas, daños, acoso, hostigamiento, venganza, coacciones, odio y realización arbitraria del propio derecho. Que dichas denuncias han causado la apertura de procedimiento penal instrui- do por el Juzgado de Instrucción ***JUZGADO.1 de ***LOCALIDAD.1, Juicio Delitos Leves ***JUICIO.1, con 4 vistas para juicio oral hasta la fecha, y próxima vista para jui- cio oral fijado para el próximo día 23/06/2021. Y de la cual se adjunta citación de la úl- tima vista oral. Señalando así mismo, que las imágenes obtenidas por el sistema son elementos probatorios indispensables en el citado proceso judicial. Que se dé por contestado dicho expediente de solicitud, rogando comuniquen cualquier otro tipo de requerimiento a fin de dar cumplimiento al mismo, suplicando así mismo, si lo consideran oportuno, una posible entrevista personal (ya sea presencial o por medios telemáticos) a fin de aclarar aspectos que no pueden ser trasladados de forma escrita por la privacidad de los mismos”. CUARTO: En fecha 21/06/21 se recibe nuevo escrito del reclamado aportando copia Atestado con número ***ATESTADO.1 para adjuntar al escrito de alegaciones inicial. C/ Jorge Juan, 6 www.aepd.es 28001 – Madrid sedeagpd.gob.es 2/4 FUNDAMENTOS DE DERECHO I De acuerdo con los poderes de investigación y correctivos que el artículo 58 del Regla- mento (UE) 2016/679 (Reglamento general de protección de datos, en adelante RGPD) otorga a cada autoridad de control, y según lo dispuesto en el artículo 47 de la Ley Orgánica 3/2018, de 5 de diciembre, de Protección de Datos Personales y garan- tía de los derechos digitales (en lo sucesivo LOPDGDD), es competente para resolver estas actuaci"
e-07536-2021,2021,https://www.aepd.es/es/documento/e-07536-2021.pdf,https://web.archive.org/web/20220307210716id_/https://www.aepd.es/es/documento/e-07536-2021.pdf,"1/4  Procedimiento Nº: E/07536/2021 RESOLUCIÓN DE ARCHIVO DE ACTUACIONES De las actuaciones practicadas por la Agencia Española de Protección de Datos y te- niendo como base los siguientes HECHOS PRIMERO: La reclamación interpuesta por A.A.A. (en adelante, el reclamante) tiene entrada con fecha 16 de marzo de 2021 en la Agencia Española de Protección de Datos. La reclamación se dirige contra BOSCH SEGURIDAD Y CONTROL S.L., con CIF B15436215 (en adelante, el reclamado). Los motivos en que basa la reclamación son de manera sucinta los siguientes: “La empresa dispone de varias cámaras exteriores, una en la fachada principal de largo alcance motorizada y que abarca toda la calle abajo, más de 300 metros, hasta la gasolinera existente en la curva (…)”—folio nº 1--. SEGUNDO: En fecha 15/04/21 se procede al TRASLADO de la reclamación a la recla- mada para que manifieste en derecho lo que estime oportuno. TERCERO: En fecha 03/05/21 se recibe en este organismo escrito de la reclamada ar- gumentando lo siguiente: “…querríamos indicar que la compañía a la que represento se trata de una em- presa autorizada para la prestación de servicios de seguridad privada de acuerdo con la autorización de la Dirección General de la Policía e inscrita en el Registro de Em- presas de Seguridad, con número de inscripción ***NÚMERO.1, para la realización de las siguientes actividades con ámbito Estatal.  ‐ Instalación y mantenimiento de aparatos, dispositivos y sistemas de seguri- dad conectados a centrales de alarma.  ‐ Explotación de Centrales para la recepción, verificación y transmisión de las señales de alarmas y su comunicación a las Fuerzas y Cuerpos de Seguridad, así como la prestación de servicios cuya realización no sea de la competencia de dichas Fuerzas y Cuerpos. Responsable de la instalación: BOSCH SEGURIDAD Y CONTROL, S.L. con CIF nº B154362** (…). Como decíamos, la propia a la que represento, está autorizada e inscrita en el Registro de Empresas de Seguridad, por lo que el mantenimiento del sistema de vi- deovigilancia está contratado con nosotros mismos. Se aporta al final de este escrito el mencionado contrato (…)”. CUARTO: En fecha 18/06/21 se reciben nuevas “argumentaciones” de la reclamada acreditando de manera fehaciente disponer de cartel (es) informativo indicando que se trata de una zona video-vigilada. C/ Jorge Juan, 6 www.aepd.es 28001 – Madrid sedeagpd.gob.es 2/4 QUINTO: En fecha 28/06/21 se procede a la admisión a trámite de la reclamación por  parte de la Directora de esta AEPD, en virtud de lo dispuesto en el art. 65 LOPDGDD. FUNDAMENTOS DE DERECHO I De acuerdo con los poderes de investigación y correctivos que el artículo 58 del Regla- mento (UE) 2016/679 (Reglamento general de protección de datos, en adelante RGPD) otorga a cada autoridad de control, y según lo dispuesto en el artículo 47 de la Ley Orgánica 3/2018, de 5 de diciembre, de Protección de Datos Personales y garan- tía de los derechos digitales (en lo sucesivo LOPDGDD), es compete"
e-07799-2021,2021,https://www.aepd.es/documento/e-07799-2021.pdf,https://web.archive.org/web/20250618104528id_/https://www.aepd.es/documento/e-07799-2021.pdf,"1/5  Expediente N.º: E/07799/2021 RESOLUCIÓN DE ARCHIVO DE ACTUACIONES De las actuaciones practicadas por la Agencia Española de Protección de Datos y teniendo como base los siguientes HECHOS PRIMERO: A.A.A. (en adelante, la parte reclamante) con fecha 19 de marzo de 2021 interpuso reclamación ante la Agencia Española de Protección de Datos. La reclamación se dirige contra CAMARA TELECOM, S.L con NIF B24672123 y XFERA MÓVILES, S.A. con NIF A82528548 (en adelante, la parte reclamada). Los motivos en que basa la reclamación son los siguientes: El reclamante pone de manifiesto que recibe comunicaciones comerciales no consentidas, en su línea de telefonía móvil número ***TELEFONO.1 que está inscrita en la Lista Robinson, desde el teléfono número ***TELEFONO.2. Ha recibido llamadas desde este número los días 30 de septiembre de 2020, a las 16:54 horas y a las 17:10 horas y el 8 de octubre de 2020 a la 18:53 horas y a las 19:11 horas. El reclamante no es cliente de la entidad reclamada. Esta reclamación ya fue investigada en el E/00299/2021, en la cual se realizó el traslado a XFERA y se procedió al archivo del expediente por considerar que después de la respuesta de XFERA, de las actuaciones realizadas por esta Agencia y de la documentación obrante en el expediente, no se ha podido probar que pudiera haber una actuación infractora por parte de XFERA, en el ámbito competencial de la AEPD. El 19 de marzo de 2021 el reclamante presenta recurso de reposición. El recurso se le estima con fecha 6 de julio de 2021, en el procedimiento RR/00180/2021 la Agencia Española de Protección de Datos acordó llevar a cabo las presentes actuaciones de investigación. Junto a la notificación se aporta: - Factura de su operadora. - Certificado de inclusión en lista Robinson. - Captura de pantalla del terminal donde aparecen las llamadas del número llamante. SEGUNDO: De conformidad con el artículo 65.4 de la Ley Orgánica 3/2018, de 5 de diciembre, de Protección de Datos Personales y garantía de los derechos digitales (en adelante LOPDGDD), se dio traslado de dicha reclamación a XFERA, para que procediese a su análisis e informase a esta Agencia en el plazo de un mes, de las acciones llevadas a cabo para adecuarse a los requisitos previstos en la normativa de protección de datos. C/ Jorge Juan, 6 www.aepd.es 28001 – Madrid sedeagpd.gob.es 2/5 El traslado, que se practicó conforme a las normas establecidas en la Ley 39/2015, de 1 de octubre, del Procedimiento Administrativo Común de las Administraciones Públicas (en adelante, LPACAP), fue recogido en fecha 9 de febrero de 2021 como consta en el acuse de recibo que obra en el expediente. Con fecha 12 de marzo de 2021 se recibe en esta Agencia escrito de respuesta mani- festando que no constan acciones comerciales sobre el teléfono del reclamante y la lí- nea utilizada no corresponde a sus agentes comerciales. Así mismo indica que esta lí- nea está declarada como de spam telefónico TERCERO: La Subdirección General de Inspecció"
e-07832-2021,2021,https://www.aepd.es/documento/e-07832-2021.pdf,https://web.archive.org/web/20240705075315id_/https://www.aepd.es/documento/e-07832-2021.pdf,"1/5  Expediente Nº: E/07832/2021 RESOLUCIÓN DE ARCHIVO DE ACTUACIONES De las actuaciones practicadas por la Agencia Española de Protección de Datos y teniendo como base los siguientes: HECHOS PRIMERO: D. A.A.A. (en adelante, la parte reclamante) con fecha 29 de abril de 2021 interpuso reclamación ante la Agencia Española de Protección de Datos. La reclamación se dirige contra Vodafone España, S.A.U. con CIF A80907397 (en adelante, la parte reclamada o Vodafone). Los motivos en que basa la reclamación son los siguientes: El reclamante presenta nueva reclamación porque continúa recibiendo llamadas comerciales. Recibió la última llamada el 23 de abril de 2021 a las 16:48 horas, desde la línea llamante ***TELÉFONO.1. Y, entre otra, adjunta la siguiente documentación: Aporta correo electrónico de Vodafone recibido el 25 de junio de 2020 informándole de que no disponen de ningún dato personal relativo a su persona y que toman nota de su número de teléfono (***TELÉFONO.2), a efectos de no realizar ninguna campaña de publicidad a esta línea. Aporta captura de pantalla de la bandeja de llamadas recibidas para justificar la recepción de dicha llamada. SEGUNDO: De conformidad con el artículo 65.4 de la Ley Orgánica 3/2018, de 5 de diciembre, de Protección de Datos Personales y garantía de los derechos digitales (en adelante LOPDGDD), se dio traslado de dicha reclamación a la parte reclamada, para que procediese a su análisis e informase a esta Agencia en el plazo de un mes, de las acciones llevadas a cabo para adecuarse a los requisitos previstos en la normativa de protección de datos. El traslado, que se practicó conforme a las normas establecidas en la Ley 39/2015, de 1 de octubre, del Procedimiento Administrativo Común de las Administraciones Públicas (en adelante, LPACAP), fue recogido en fecha 21 de junio de 2021 como consta en el acuse de recibo que obra en el expediente. Con fecha 4 de julio de 2021 Vodafone remite a esta Agencia la siguiente información  y manifestaciones: 1. Que la línea receptora de la llamada consta inscrita en Lista Robinson de ADigital y en Lista Robinson interna de Vodafone desde el 11 de septiembre de 2019. C/ Jorge Juan, 6 www.aepd.es 28001 – Madrid sedeagpd.gob.es 2/5 2. Que las líneas llamantes indicadas no constan en su base de datos de números asociados a sus colaboradores que realizan llamadas de captación en nombre de Vodafone. TERCERO: Con fecha 7 de julio de 2021, de conformidad con el artículo 65 de la LOPDGDD, se admitió a trámite la reclamación presentada por la parte reclamante. CUARTO: La Subdirección General de Inspección de Datos procedió a la realización de actuaciones previas de investigación para el esclarecimiento de los hechos en cuestión, en virtud de los poderes de investigación otorgados a las autoridades de control en el artículo 57.1 del Reglamento (UE) 2016/679 (Reglamento General de Protección de Datos, en adelante RGPD), y de conformidad con lo establecido en el Título VII, Capítulo I, Sección se"
e-07833-2021,2021,https://www.aepd.es/documento/e-07833-2021.pdf,https://web.archive.org/web/20240703210505id_/https://www.aepd.es/documento/e-07833-2021.pdf,"1/4  Expediente Nº: E/07833/2021 RESOLUCIÓN DE ARCHIVO DE ACTUACIONES De las actuaciones practicadas por la Agencia Española de Protección de Datos y teniendo como base los siguientes: HECHOS PRIMERO: D. A.A.A. (en adelante, la parte reclamante) con fecha 3 de mayo de 2021 interpuso reclamación ante la Agencia Española de Protección de Datos. La reclamación se dirige contra VODAFONE ESPAÑA, S.A.U. con NIF A80907397 (en adelante, la parte reclamada o Vodafone). Los motivos en que basa la reclamación son los siguientes: El reclamante manifiesta que sigue recibiendo llamadas comerciales de la parte reclamada en su línea fija línea fija número ***TELÉFONO.1 a pesar de haber solicitado no recibirlas y estar dado de alta en la lista Robinson.   Además, señala que recibió la primera llamada el 29 abril 2021 a las 16:08 horas, y la segunda el 30 abril 2021, a las 16:23 horas, ambas desde la línea llamante ***TELÉFONO.2. Y, entre otra, aporta la siguiente documentación: Fotografías de la pantalla de su terminal fijo para justificar la recepción de las llamadas. Factura de su operadora Jazztel de fecha 30 de abril de 2021. SEGUNDO: De conformidad con el artículo 65.4 de la Ley Orgánica 3/2018, de 5 de diciembre, de Protección de Datos Personales y garantía de los derechos digitales (en adelante LOPDGDD), se dio traslado de dicha reclamación a la parte reclamada, para que procediese a su análisis e informase a esta Agencia en el plazo de un mes, de las acciones llevadas a cabo para adecuarse a los requisitos previstos en la normativa de protección de datos. El traslado, que se practicó conforme a las normas establecidas en la Ley 39/2015, de 1 de octubre, del Procedimiento Administrativo Común de las Administraciones Públicas (en adelante, LPACAP), fue recogido en fecha 21 de junio de 2021 como consta en el acuse de recibo que obra en el expediente. Con fecha 4 de julio de 2021 se recibe en esta Agencia escrito de respuesta de Vodafone indicando:  ""La reclamación ha tenido lugar porque parece ser que el reclamante ha recibido, en fechas 29 y 30 de abril de 2021, en su línea telefónica ***TELÉFONO.1, dos llamadas comerciales a nombre de Vodafone, procedentes del número llamante ***TELÉFONO.2. Tras realizar las comprobaciones oportunas, hemos verificado que C/ Jorge Juan, 6 www.aepd.es 28001 – Madrid sedeagpd.gob.es 2/4 la línea telefónica del reclamante consta en la lista Robinson oficial de ADigital y en la lista Robinson interna de Vodafone desde el 12 de noviembre de 2018. Hemos comprobado si el número llamante indicado en el requerimiento de información figura en nuestra base de datos con los números telefónicos que usan nuestros colaboradores para realizar llamadas de captación. A tal efecto, hemos verificado que no consta en nuestra base de datos de números asociados a nuestros colaboradores que realizan llamadas de captación en nombre de Vodafone. Por ello, no parece posible relacionar la recepción de las llamadas que pone de manifiesto el reclamante"
e-07882-2021,2021,https://www.aepd.es/documento/e-07882-2021.pdf,https://web.archive.org/web/20240704002419id_/https://www.aepd.es/documento/e-07882-2021.pdf,"1/5  Expediente Nº: E/07882/2021 RESOLUCIÓN DE ARCHIVO DE ACTUACIONES De las actuaciones practicadas por la Agencia Española de Protección de Datos y teniendo como base los siguientes: HECHOS PRIMERO: D. A.A.A. (en adelante, la parte reclamante) con fecha 23 de abril de 2021 interpuso reclamación ante la Agencia Española de Protección de Datos. La reclamación se dirige contra PF TIEMPO Y SALUD, S.L. con NIF B88338140 (en adelante, la parte reclamada). Los motivos en que basa la reclamación son los siguientes: La parte reclamante manifiesta que el 21 de abril de 2021 a las 12:46 horas recibió en su línea móvil ***TELÉFONO.1 una llamada desde la línea llamante ***TELÉFONO.2. Añade, que su operadora es Telefónica Móviles S.A.U., que opera con la marca O2.  Señala, que en dicha llamada el interlocutor se identifica como ***B.B.B., y que trabaja como coordinador de eventos de ""tiempo y salud"" (http://tiempoysalud.es) y le invita a asistir a un evento gratuito para la apertura de un centro de masaje en A Coruña. Documentación relevante aportada por el reclamante: - Aporta justificante de la inscripción de la línea receptora ***TELÉFONO.1 en la Lista Robinson desde el 9 de julio de 2020. - Aporta grabación de la llamada donde consta exclusivamente; la identificación del llamante como ***B.B.B., que la llamada se realiza en calidad de coordinador de eventos de TIEMPO Y SALUD y que la llamada se realiza para invitar al llamado a un evento en La Coruña.  SEGUNDO: De conformidad con el artículo 65.4 de la Ley Orgánica 3/2018, de 5 de diciembre, de Protección de Datos Personales y garantía de los derechos digitales (en adelante LOPDGDD), se dio traslado de dicha reclamación a la parte reclamada, para que procediese a su análisis e informase a esta Agencia en el plazo de un mes, de las acciones llevadas a cabo para adecuarse a los requisitos previstos en la normativa de protección de datos. El traslado, que se practicó conforme a las normas establecidas en la Ley 39/2015, de 1 de octubre, del Procedimiento Administrativo Común de las Administraciones Públicas (en adelante, LPACAP), fue recogido en fecha 10 de junio de 2021 como consta en el acuse de recibo que obra en el expediente. C/ Jorge Juan, 6 www.aepd.es 28001 – Madrid sedeagpd.gob.es 2/5 Con fecha 6 de julio de 2021, la parte reclamante remite a esta Agencia la siguiente información: 1. Que disponen de un contrato con el Call Center Victoria International Holding C.A. 2. Que contactaron con dicho Call Center para realizar averiguaciones sobre la llamada y le respondieron que “en ningún momento se ha hecho una llamada al referido número de teléfono”. 3. Que ha podido haber un error en la numeración de la línea llamada aportada por el reclamante o bien un error a la hora del cruce de bases de datos, de la empresa de Call Center contratada, con Lista Robinson. 4. Que con fecha 29/03/2021 contrató el servicio de Lista Robison de ADigital con el objetivo de reforzar las obligaciones contractuales del Call"
e-07901-2021,2021,https://www.aepd.es/documento/e-07901-2021.pdf,https://web.archive.org/web/20231014020912id_/https://www.aepd.es/documento/e-07901-2021.pdf,"1/6  Expediente N.º: EXP202100390 RESOLUCIÓN DE ARCHIVO DE ACTUACIONES De las actuaciones practicadas por la Agencia Española de Protección de Datos y teniendo como base los siguientes HECHOS PRIMERO: La Agencia Española de Protección de Datos ha tenido conocimiento a través de las noticias aparecidas en diversos medios de comunicación sobre una brecha de seguridad de datos personales sufrida por el Ministerio de Trabajo y Economía Social relativa a un ataque ransomware que ha podido provocar una brecha de disponibilidad, vulnerándose la legislación en materia de protección de datos.  Con fecha 15 de julio de 2021, la Directora de la AEPD instó a la Subdirección General de Inspección de Datos (SGID) a iniciar las actuaciones previas de investigación a las que se refiere el artículo 67 de la Ley Orgánica 3/2018, de 5 de diciembre, de Protección de Datos Personales y garantía de los derechos digitales (en adelante, LOPDGDD) para investigar a Ministerio de Trabajo y Economía Social con NIF ***NIF.1 (en adelante, MITES) en relación con los siguientes hechos: Las noticias aparecidas en diversos medios de comunicación sobre una brecha de seguridad de datos personales sufrida por el MITES relativa a un ataque ransomware que ha podido provocar una brecha de disponibilidad, vulnerándose la normativa de protección de datos.  El 9 de junio de 2021, el Ministerio de Trabajo y Economía Social publicaba en su cuenta de Twitter el siguiente tweet:  “El Ministerio de Trabajo y Economía Social se ha visto afectado por un ataque informático. Los responsables técnicos del Ministerio y del Centro Criptológico Nacional están trabajando de manera conjunta para determinar el origen y restablecer la normalidad lo antes posibles”.  Varias publicaciones en Internet de fecha 9 de junio de 2021 informaban sobre el ciberataque: ***URL.1. En esta publicación se indica que parece que la mayoría de los servicios siguen funcionando con normalidad. ***URL.2. Se informa de que se trata de un ciberataque RyuK que fue el causante de la brecha en el SEPE. ***URL.3.  El ***FECHA.1 el periódico digital de EL MUNDO ***URL.4 informa también del ataque y el ***FECHA.2 ***URL.5 indican que fuentes del Ministerio reportan que no ha habido robo de datos y que  están restaurados casi todos los equipos. SEGUNDO: La Subdirección General de Inspección de Datos procedió a la realización de actuaciones previas de investigación para el esclarecimiento de los hechos en C/ Jorge Juan, 6 www.aepd.es 28001 – Madrid sedeaepd.gob.es 2/6 cuestión, en virtud de los poderes de investigación otorgados a las autoridades de control en el artículo 58.1 del Reglamento (UE) 2016/679 (Reglamento General de Protección de Datos, en adelante RGPD), y de conformidad con lo establecido en el Título VII, Capítulo I, Sección segunda, de la LOPDGDD, teniendo conocimiento de los siguientes extremos: Respecto de la cronología de los hechos. Acciones tomadas con objeto de minimizar los efectos adversos y medidas adoptada"
e-08210-2021,2021,https://www.aepd.es/documento/e-08210-2021.pdf,https://web.archive.org/web/20240630125412id_/https://www.aepd.es/documento/e-08210-2021.pdf,"1/9  Expediente N.º: E/08210/2021 IMI Reference: A56ID 162649- Case Register 353519 RESOLUCIÓN DE ARCHIVO DE ACTUACIONES De las actuaciones practicadas por la Agencia Española de Protección de Datos y teniendo como base los siguientes HECHOS PRIMERO: A.A.A. (en adelante, la parte reclamante) interpuso reclamación ante la autoridad de protección de datos de Países Bajos. La reclamación se dirige contra BANCO DE SABADELL, S.A. con NIF A08000143 (en adelante, BANCO DE SABADELL). Los motivos en que basa la reclamación son los siguientes: Al ejercitar el derecho de acceso en enero de 2019 el Banco de Sabadell no facilitó en la respuesta el detalle de las transacciones realizadas, aunque sí los datos que figuran en el fichero de clientes. La parte reclamante aporta: - Copia del documento por el que solicitó el ejercicio del derecho de acceso ante BANCO DE SABADELL, S.A., de fecha 29 de enero de 2019. - Intercambio de correos electrónicos entre la dirección de la parte reclamante ***EMAIL.1y la dirección ejercicioderechosprotecdatos@bancsabadell.com, en los que la parte reclamante solicita el ejercicio del derecho de acceso ante BANCO DE SABADELL y este último le confirma el envío de un burofax con la información solicitada, los días 13 de febrero y 21 de marzo de 2019. - Copia del documento proporcionado por BANCO DE SABADELL con la información solicitada por la parte reclamante, de fecha 13 de febrero de 2019. SEGUNDO: A través del “Sistema de Información del Mercado Interior” (en lo sucesivo Sistema IMI), regulado por el Reglamento (UE) nº 1024/2012, del Parlamento Europeo y del Consejo, de 25 de octubre de 2012 (Reglamento IMI), cuyo objetivo es favorecer la cooperación administrativa transfronteriza, la asistencia mutua entre los Estados miembros y el intercambio de información, se transmitió la citada reclamación el día 7 de febrero de 2020 y se le dio fecha de registro de entrada en la Agencia Española de Protección de Datos (AEPD) ese mismo día. El traslado de esta reclamación a la AEPD se realiza de conformidad con lo establecido en el artículo 56 del Reglamento (UE) 2016/679, del Parlamento Europeo y del Consejo, de 27/04/2016, relativo a la Protección de las Personas Físicas en lo que respecta al Tratamiento de Datos Personales y a la Libre Circulación de estos Datos (en lo sucesivo, RGPD), teniendo en cuenta su carácter transfronterizo y que esta Agencia es competente para actuar C/ Jorge Juan, 6 www.aepd.es 28001 – Madrid sedeagpd.gob.es 2/9 como autoridad de control principal, dado que BANCO DE SABADELL tiene su sede social y establecimiento principal] en España. Los tratamientos de datos que se llevan a cabo afectan a interesados en varios Estados miembros. Según las informaciones incorporadas al Sistema IMI, de conformidad con lo establecido en el artículo 60 del RGPD, actúa en calidad de “autoridad de control interesada”, además de la autoridad de protección de datos de Países Bajos, las autoridades de Italia, Francia y Portugal. Todas"
e-08265-2021,2021,https://www.aepd.es/es/documento/e-08265-2021.pdf,https://web.archive.org/web/20220504115040id_/https://www.aepd.es/es/documento/e-08265-2021.pdf,"1/8  Expediente Nº: E/08265/2021 RESOLUCIÓN DE ARCHIVO DE ACTUACIONES De las actuaciones practicadas por la Agencia Española de Protección de Datos y teniendo como base los siguientes HECHOS PRIMERO: A.A.A. (en adelante, la parte reclamante) con fecha 6 de abril de 2021 interpuso reclamación ante la Agencia Española de Protección de Datos. La reclamación se dirige contra ELADIO LÓPEZ COLÓN, S. L. con CIF B41870585 (en adelante, la parte reclamada). Los motivos en que basa la reclamación son los siguientes: El reclamante expone que, para acceder a las instalaciones de la entidad reclamada, se realiza una comprobación de temperatura por personal no cualificado y sin habilitación legal para ello. SEGUNDO: De conformidad con el artículo 65.4 de la Ley Orgánica 3/2018, de 5 de diciembre, de Protección de Datos Personales y garantía de los derechos digitales (en adelante LOPDGDD), se dio traslado de dicha reclamación a la parte reclamada, para que procediese a su análisis e informase a esta Agencia en el plazo de un mes, de las acciones llevadas a cabo para adecuarse a los requisitos previstos en la normativa de protección de datos. El traslado, que se practicó conforme a las normas establecidas en la Ley 39/2015, de 1 de octubre, del Procedimiento Administrativo Común de las Administraciones Públicas (en adelante, LPACAP), fue recogido en fecha 05/05/2021como consta en el acuse de recibo que obra en el expediente, sin que conste respuesta por parte de la parte reclamada. TERCERO: Con fecha 19 de julio de 2021, de conformidad con el artículo 65 de la LOPDGDD, se admitió a trámite la reclamación presentada por la parte reclamante. CUARTO: La Subdirección General de Inspección de Datos procedió a la realización de actuaciones previas de investigación para el esclarecimiento de los hechos en cuestión, en virtud de los poderes de investigación otorgados a las autoridades de control en el artículo 57.1 del Reglamento (UE) 2016/679 (Reglamento General de Protección de Datos, en adelante RGPD), y de conformidad con lo establecido en el Título VII, Capítulo I, Sección segunda, de la LOPDGDD, teniendo conocimiento de los siguientes extremos:  Analizada la reclamación presentada en esta Agencia, en ningún momento el denunciante manifiesta que se haya visto afectado por los hechos reclamados por lo que se estima que la denuncia presentada es de carácter informativo. C/ Jorge Juan, 6 www.aepd.es 28001 – Madrid sedeagpd.gob.es 2/8  Solicitada información a la parte reclamada del posible tratamiento de datos realizado a partir de la toma de temperatura y el conjunto de medidas de protección ante la pandemia de la COVID-19 en que pudiera enmarcarse la toma de temperatura corporal de sus clientes para el acceso a su entidad, con fecha de 24 de septiembre de 2021 se recibe en esta Agencia, escrito de contestación informando de que su centro, hasta mayo de 2021, ha estado realizando una toma de temperatura a sus trabajadores, alumnos y clientes previo consentimiento "
e-08307-2021,2021,https://www.aepd.es/es/documento/e-08307-2021.pdf,https://web.archive.org/web/20221128185509id_/https://www.aepd.es/es/documento/e-08307-2021.pdf,"1/11  Expediente N.º: EXP202100778 RESOLUCIÓN DE ARCHIVO DE ACTUACIONES De las actuaciones practicadas por la Agencia Española de Protección de Datos y teniendo como base los siguientes HECHOS PRIMERO: A.A.A., (en adelante, la parte reclamante) con fecha 23 de julio de 2021 interpuso reclamación ante la Agencia Española de Protección de Datos. La reclamación se dirige contra CONSEJERÍA DE SANIDAD del Gobierno de Canarias con NIF S3511001D (en adelante, la parte reclamada). Los motivos en que basa la reclamación son los siguientes: El reclamante expone que la Oficina de Relaciones con los Medios de Comunicación del Gobierno de Canarias ha emitido un comunicado en el que informa de que el Consejo de Gobierno celebrado el 22 de julio de 2021, en Santa Cruz de Tenerife, ha acordado, establecer el control de acceso mediante certificado sanitario a zonas de interior de los locales de hostelería y restauración y otros como los de ámbito deportivo y cultural, así como otras medidas de cambios de aforo y horarios, planteándose si esto no supone una vulneración de la normativa de protección de datos. En el BOC nº 152 del 26 de Julio de 2021 la Secretaría General de la Presidencia del Gobierno publica la Resolución de 23 de julio de 2021, por la que se dispone la publicación del Acuerdo por el que se aprueba la actualización de las medidas de prevención establecidas mediante Acuerdo del Gobierno de 19 de junio de 2020, para hacer frente a la crisis sanitaria ocasionada por el COVID-19, una vez superada la Fase III del Plan para la transición hacia una nueva normalidad, finalizada la vigencia de las medidas propias del estado de alarma. Junto a la reclamación aporta el comunicado emitido por la Oficina de Relaciones con los Medios de Comunicación del Gobierno de Canarias. SEGUNDO: De conformidad con el artículo 65.4 de la Ley Orgánica 3/2018, de 5 de diciembre, de Protección de Datos Personales y garantía de los derechos digitales (en adelante LOPDGDD), se dio traslado de dicha reclamación a la parte reclamada, para que procediese a su análisis e informase a esta Agencia en el plazo de un mes, de las acciones llevadas a cabo para adecuarse a los requisitos previstos en la normativa de protección de datos. El traslado, que se practicó conforme a las normas establecidas en la Ley 39/2015, de 1 de octubre, del Procedimiento Administrativo Común de las Administraciones Públicas (en adelante, LPACAP) mediante notificación electrónica, no fue recogido por el responsable, dentro del plazo de puesta a disposición, entendiéndose rechazada conforme a lo previsto en el art. 43.2 de la LPACAP en fecha 10 de agosto de 2021, como consta en el certificado que obra en el expediente.  C/ Jorge Juan, 6 www.aepd.es 28001 – Madrid sedeagpd.gob.es 2/11 Aunque la notificación se practicó válidamente por medios electrónicos, dándose por efectuado el trámite conforme a lo dispuesto en el artículo 41.5 de la LPACAP, a título informativo se envió una copia por correo postal que fue "
e-08332-2021,2021,https://www.aepd.es/documento/e-08332-2021.pdf,https://web.archive.org/web/20220623063335id_/https://www.aepd.es/documento/e-08332-2021.pdf,"1/5  Procedimiento Nº: E/08332/2021 RESOLUCIÓN DE ARCHIVO DE ACTUACIONES De las actuaciones practicadas por la Agencia Española de Protección de Datos y te- niendo como base los siguientes HECHOS PRIMERO: La reclamación interpuesta por A.A.A. (*en adelante, la reclamante) tiene entrada con fecha 25 de mayo de 2021 en la Agencia Española de Protección de Datos. La reclamación se dirige contra B.B.B., con NIF ***NIF.1 (en adelante, el reclamado). Los motivos en que basa la reclamación son de manera sucinta los siguientes “instalación de mirilla digital por parte de un vecino del inmueble con capacidad de grabación y toma de imágenes sin contar con el consentimiento informado de la junta de propietarios (…)”-folio nº 1--. “Que según la ficha técnica del modelo de la mirilla digital instalada por parte del vecino del 4 A, graba y hace fotos al detectar movimiento, y su sistema de infrarro- jos permite la visión nocturna, por lo que permite captar y grabar imágenes de zonas comunes del edificio en cuanto detecta movimiento, como son, entre otras, todas mis entradas y salidas de mi domicilio, así como las de mis familiares y allegados u otros vecinos del edificio, sin contar con la autorización de la Junta de Propietarios ni mi consentimiento expreso ni de las personas susceptibles de ser grabadas por la cáma- ra de grabación de la mirilla digital”.   Junto a la reclamación aporta prueba documental (fotografías Anexo I) que acreditan la presencia de un dispositivo en la puerta de acceso a la vivienda del reclamado.  SEGUNDO: De conformidad con el artículo 65.4 de la Ley Orgánica 3/2018, de 5 de diciembre, de Protección de Datos Personales y garantía de los derechos digitales (en adelante LOPDGDD), con número de referencia E/06467/2021, se dio traslado de di- cha reclamación al reclamado en fecha 04/06/21, para que procediese a su análisis e informase a esta Agencia en el plazo de un mes, de las acciones llevadas a cabo para adecuarse a los requisitos previstos en la normativa de protección de datos. TERCERO: En fecha 21/06/21 se recibe contestación del reclamado el cual manifiesta que el dispositivo objeto de la reclamación es una mirilla digital “que carece de graba- ción continua” y efectúa una fotografía en caso de pulsar el timbre, siendo revisadas las grabaciones efectuadas por el mismo al volver a su vivienda para constatar quien ha llamado en su caso al timbre. Acompaña junto con las alegaciones material probatorio (Anexo I) sobre las ca- racterísticas técnicas de la mirilla e impresión de pantalla de lo que se observa con la misma en modo operativo. CUARTO: Con fecha 06/07/21, la Directora de la Agencia Española de Protección de Datos acordó admitir a trámite la reclamación presentada por el reclamante. C/ Jorge Juan, 6 www.aepd.es 28001 – Madrid sedeagpd.gob.es 2/5 FUNDAMENTOS DE DERECHO I De acuerdo con los poderes de investigación y correctivos que el artículo 58 del Regla- mento (UE) 2016/679 (Reglamento general de protección de datos, en "
e-08358-2021,2021,https://www.aepd.es/documento/e-08358-2021.pdf,https://web.archive.org/web/20251124172239id_/https://www.aepd.es/documento/e-08358-2021.pdf,"1/7  Procedimiento Nº: E/08358/2021 RESOLUCIÓN DE ARCHIVO DE ACTUACIONES De las actuaciones practicadas por la Agencia Española de Protección de Datos y teniendo como base los siguientes HECHOS PRIMERO: Con fecha 07/07/2020 tuvo entrada en esta Agencia Española de Protección de Datos una reclamación dirigida contra ESFERA CAPITAL GESTIÓN SGIIC, S.A.U. (en Liquidación), con CIF A04826863 (en adelante, ESFERA CAPITAL GESTIÓN o entidad reclamada). Los motivos en que se basa la reclamación son los siguientes:  “1. Al tratarse de una entidad regulada por la legislación del Mercado de Valores, debería disponer de un Delegado de Protección de Datos. Esta figura ya no existe en la Entidad. 2. No se ha llevado a cabo una Evaluación de impacto relativa a la protección de datos. 3. No se dispone de un Código de Conducta conforme a lo dispuesto en el artículo 40 del Reglamento (UE) 2016/679. 4. […]” (En este punto el reclamante realiza una denuncia acerca de la presunta comunicación indebida de sus datos personales a terceros). ESFERA CAPITAL GESTION SGIIC S.A.U. forma parte de un Grupo Empresarial, formado asimismo por ESFERA CAPITAL A.V. y VISUAL CHART GROUP S.L.”. Con la reclamación, únicamente aporta un correo electrónico para documentar la comunicación indebida de datos a que ser refiere en el punto 4 de su reclamación. El reclamante solicita que se mantenga la confidencialidad de las reclamaciones “por miedo a represalias de la empresa”.  SEGUNDO: Con carácter previo a la admisión a trámite de esta reclamación, se trasladó al reclamado el día 12/08/2020, de conformidad con lo establecido en el artículo 65.4 la Ley Orgánica 3/2018, de 5 de diciembre, de Protección de Datos Personales y garantía de los derechos digitales (en lo sucesivo, LOPDGDD). En este trámite de traslado se solicitó a la reclamada que aportase, entre otra, la información y/o documentación siguiente: - Si se ha designado DPD y se ha comunicado a la Agencia española de protección de datos. - Copia de la Evaluación de impacto realizada o, en su caso, los motivos por los que no se ha realizado. C/ Jorge Juan, 6 www.aepd.es 28001 – Madrid sedeagpd.gob.es 2/7 El día 07/09/2020, tuvo entrada en la Agencia de Protección de Datos un escrito de respuesta, presentado por LIBERA DIGITAL CONSULTORÍA TECNOLÓGICA, S.L. (en lo sucesivo LIBERA DIGITAL) en representación de la entidad reclamada. En este escrito se manifiesta que la reclamada ha decidido prescindir de la persona que se ocupaba de la gestión de datos personales y externalizar la función, que ha sido encomendada a LIBERA DIGITAL con el encargo de evaluar la aplicación de la normativa y la seguridad de los datos.  Sobre la carencia de delegado de protección de datos indica que la empresa, por sus características no se identifica con ninguno de los casos regulados en el artículo 34 de la LOPDGDD. Se trata, según indica, de una pequeña empresa que ha creado un programa de control de finanzas con información de carácter general y a pequeña "
e-08567-2021,2021,https://www.aepd.es/documento/e-08567-2021.pdf,https://web.archive.org/web/20231014042435id_/https://www.aepd.es/documento/e-08567-2021.pdf,"1/7  Expediente Nº: EXP202101032 RESOLUCIÓN DE ARCHIVO DE ACTUACIONES De las actuaciones practicadas por la Agencia Española de Protección de Datos y teniendo como base los siguientes HECHOS PRIMERO: Con fecha 5 de agosto de 2021, la Subdirección General de Inspección de Datos (SGID) recibió para su valoración un escrito de notificación de brecha de seguridad de los datos personales remitido por GERENCIA ATENCION PRIMARIA DE TOLEDO con NIF S1911001D (en adelante, GERENCIA), recibido en 28 de julio de 2021, en el que informa a la Agencia Española de Protección de Datos de lo siguiente: El día 27 de julio de 2021 se produjo la sustracción del ordenador portátil de la directora médico de su despacho. En dicho portátil había abundante información relativa sobre todo a la Gestión de la Gerencia de Atención Primaria de Toledo y también datos de salud, datos profesionales y datos personales. Junto a la notificación no se aportan ni documentos ni otras evidencias relativas a la notificación de brecha. SEGUNDO: La Subdirección General de Inspección de Datos procedió a la realización de actuaciones previas de investigación para el esclarecimiento de los hechos en cuestión, en virtud de las funciones asignadas a las autoridades de control en el artículo 57.1 y de los poderes otorgados en el artículo 58.1 del Reglamento (UE) 2016/679 (Reglamento General de Protección de Datos, en adelante RGPD), y de conformidad con lo establecido en el Título VII, Capítulo I, Sección segunda, de la LOPDGDD, teniendo conocimiento de los siguientes extremos: Respecto de la cronología de los hechos. Acciones tomadas con objeto de minimizar los efectos adversos y medidas adoptadas para su resolución final (…) Respecto de las causas que hicieron posible la brecha (…) Respecto de los datos afectados (…) C/ Jorge Juan, 6 www.aepd.es 28001 – Madrid sedeagpd.gob.es 2/7 Respecto de las medidas de seguridad implantadas Medidas de seguridad implantadas con anterioridad a la brecha en los tratamientos de datos donde se ha producido. (…). (…) 1. (…) 2. (…) a) (...) b) (…). (…). Motivo por el cual las medidas de seguridad implantadas no han impedido el incidente. (…). Medidas técnicas y organizativas adoptadas para evitar, en lo posible, incidentes como el sucedido. (…). Información sobre la recurrencia de estos hechos y número de eventos análogos acontecidos en el tiempo (…). FUNDAMENTOS DE DERECHO I Competencia De acuerdo con las funciones que el artículo 57.1 a), f) y h) del Reglamento (UE) 2016/679 (Reglamento general de protección de datos, en adelante RGPD) confiere a cada autoridad de control y según lo dispuesto en los artículos 47 y 48.1 de la Ley Orgánica 3/2018, de 5 de diciembre, de Protección de Datos Personales y garantía de los derechos digitales (en lo sucesivo LOPDGDD), es competente para resolver estas actuaciones de investigación la Directora de la Agencia Española de Protección de Datos. Asimismo, el artículo 63.2 de la LOPDGDD determina que: ""Los procedimientos trami"
e-08628-2021,2021,https://www.aepd.es/documento/e-08628-2021.pdf,https://web.archive.org/web/20240616165327id_/https://www.aepd.es/documento/e-08628-2021.pdf,"1/7  Expediente Nº: E/08628/2021 RESOLUCIÓN DE ARCHIVO DE ACTUACIONES De las actuaciones practicadas por la Agencia Española de Protección de Datos y teniendo como base los siguientes HECHOS PRIMERO: Con fecha 2 de agosto de 2021, las actuaciones de inspección se inician como consecuencia del análisis de un escrito de notificación de brecha de seguridad de los datos personales remitido por la UNIVERSIDAD POLITÉCNICA DE CARTAGENA con NIF Q8050013E (en adelante, UPCT), recibido en fecha 22 de julio de 2021, en el que informa a la Agencia Española de Protección de Datos que al solicitar un alumno a Relaciones Internacionales de dicha Universidad poder comprobar el listado de sus datos relativos a la vacunación, la persona encargada de esta gestión, le remite por error un fichero en formato Excel con los datos del resto de alumnos que estaban citados para la vacunación el mismo día.  SEGUNDO: La Subdirección General de Inspección de Datos procedió a la realización de actuaciones previas de investigación para el esclarecimiento de los hechos en cuestión, en virtud de los poderes de investigación otorgados a las autoridades de control en el artículo 57.1 del Reglamento (UE) 2016/679 (Reglamento General de Protección de Datos, en adelante RGPD), y de conformidad con lo establecido en el Título VII, Capítulo I, Sección segunda, de la LOPDGDD, teniendo conocimiento de los siguientes extremos: Respecto de la cronología de los hechos. Acciones tomadas con objeto de minimizar los efectos adversos y medidas adoptadas para su resolución final  (…) Respecto de las causas que hicieron posible la brecha (…) Respecto de los datos afectados (…) Respecto de las medidas de seguridad implantadas (…) Respecto de la notificación con posterioridad a las 72 horas (…) C/ Jorge Juan, 6 www.aepd.es 28001 – Madrid sedeagpd.gob.es 2/7 Información sobre la recurrencia de estos hechos y número de eventos análogos acontecidos en el tiempo (…) FUNDAMENTOS DE DERECHO I Competencia En virtud de los poderes que el artículo 58.2 del Reglamento (UE) 2016/679 del Parlamento Europeo y del Consejo de 27 de abril de 2016 relativo a la protección de las personas físicas en lo que respecta al tratamiento de datos personales y a la libre circulación de estos datos (RGPD) reconoce a cada autoridad de control, y según lo establecido en los artículos 47 y 48 de la LOPDGDD, la Directora de la Agencia Española de Protección de Datos es competente para iniciar y resolver este procedimiento. II Cuestiones previas En el presente caso, de acuerdo con lo establecido en el artículo 4.1 del RGPD, consta la realización de un tratamiento de datos personales, toda vez que UPCT realiza, entre otros tratamientos, la recogida, registro, conservación y acceso de los siguientes datos personales de personas físicas, tales como: nombre, apellidos, DNI, fecha de nacimiento, sexo, teléfono y domicilio…, etc.  UPCT realiza esta actividad en su condición de responsable del tratamiento, dado que es quien determina los"
e-08680-2021,2021,https://www.aepd.es/es/documento/e-08680-2021.pdf,https://web.archive.org/web/20220718190446id_/https://www.aepd.es/es/documento/e-08680-2021.pdf,"1/5  Expediente N.º: EXP202101140 RESOLUCIÓN DE ARCHIVO DE ACTUACIONES De las actuaciones practicadas por la Agencia Española de Protección de Datos y teniendo como base los siguientes: HECHOS PRIMERO: A.A.A. (en adelante, la parte reclamante), con fecha 11 de agosto de 2021, interpuso reclamación ante la Agencia Española de Protección de Datos. La reclamación se dirige contra ***URL.1 (en adelante, la parte reclamada. Los motivos en que basa la reclamación son los siguientes: La reclamante, que ya remitió, por el canal prioritario de menores, la comunicación NI/ 186/2021, en fecha 29/7/2021, indica la dirección web (***URL.2) de un sitio web de prostitución en el que está publicado un perfil, ofreciendo los servicios de la reclamante en ***CIUDAD.1 (***PAÍS.1), con un video íntimo que en el pasado grabó para su pareja, ofreciendo servicios de prostitución. Solicita la retirada de este video. SEGUNDO: Con fecha 13 de agosto de 2021, de conformidad con el artículo 65 de la LOPDGDD, se admitió a trámite la reclamación presentada por la parte reclamante. TERCERO: La Subdirección General de Inspección de Datos procedió a la realización de actuaciones previas de investigación para el esclarecimiento de los hechos en cuestión, en virtud de los poderes de investigación otorgados a las autoridades de control en el artículo 58.1 del Reglamento (UE) 2016/679 (Reglamento General de Protección de Datos, en adelante RGPD), y de conformidad con lo establecido en el Título VII, Capítulo I, Sección segunda, de la LOPDGDD, teniendo conocimiento de los siguientes extremos: - No encontrando por ningún medio una dirección de contacto donde notificar una solicitud de retirada urgente como medida cautelar, con fecha de 13 de agosto de 2021 se traslada la reclamación por correo electrónico a la dirección publicada en el sitio web. No se ha recibido respuesta. - En el sitio web aparece un teléfono de contacto de numeración española para contacto Emiratos Árabes Unidos. Realizado requerimiento de información sobre el titular de este número de teléfono a su correspondiente operadora, con fecha de 18 de agosto de 2021 se recibe en esta Agencia, escrito de contestación informando de que el titular es una persona física, identificándola por su nombre y apellidos. Añaden que, al tratarse de una línea móvil en modalidad de prepago, no les consta dirección de contacto ni dirección de facturación. Consultada a la Agencia Estatal de Administración Tributaria con objeto de determinar el domicilio de este investigado, con fecha de 10 de septiembre de 2021 se recibe en esta Agencia, escrito de contestación informando que solo les consta como domicilio “en el extranjero”. C/ Jorge Juan, 6 www.aepd.es 28001 – Madrid sedeagpd.gob.es 2/5 - Dado que en el sitio web aparece otro teléfono de contacto de numeración española, en esta ocasión para contacto en Londres, se realiza requerimiento de información sobre el titular de este número de teléfono a la correspondiente operadora. Con fecha"
e-08757-2021,2021,https://www.aepd.es/es/documento/e-08757-2021.pdf,https://web.archive.org/web/20220307213004id_/https://www.aepd.es/es/documento/e-08757-2021.pdf,"1/11  Expediente Nº: E/08757/2021 RESOLUCIÓN DE ARCHIVO DE ACTUACIONES De las actuaciones practicadas por la Agencia Española de Protección de Datos y teniendo como base los siguientes: HECHOS PRIMERO: Dña. A.A.A. (en adelante, la parte reclamante) con fecha 26 de abril de 2021 interpuso reclamación ante la Agencia Española de Protección de Datos. La reclamación se dirige contra GESCOBRO COLLECTION SERVICES, S.L.U. con CIF B65257800 (en adelante, la parte reclamada o Gescobro).  Los motivos en que basa la reclamación son los siguientes: La parte reclamante manifiesta que Gescobro, en nombre de Promontoria, ha enviado un escrito a una dirección de correo electrónico “público de una tienda online” accesible para “empleados y compañeros” que incluía datos de carácter personal relativos a la parte reclamante (en concreto cita los siguientes: “el procedimiento, el hecho de mantener una deuda y de los embargos que pretenden realizar, además de la amenaza de responden [sic] en 48 horas”). Añade que le reenviaron el escrito a su dirección de correo electrónico personal “dada la gravedad y sensibilidad de la información relatada”. Documentación relevante aportada por la parte reclamante: Correo electrónico dirigido el día 26 de abril de 2021 desde la dirección de “Tienda ***TIENDA.1” ***EMAIL.1 a la dirección de correo electrónico de la parte reclamante (***EMAIL.2) de asunto “FWD: MENSALUCES S.L.L – PROMONTORIA ARES DAC – REF: ***CONTRATO.1”. El reenvío de un mensaje con origen en la dirección de “C.C.C.” ***EMAIL.3 y destino ***EMAIL.1. El texto del mensaje es el siguiente: “A la Att. de:  D. B.B.B. Dª A.A.A. Por medio del presente, me pongo en contacto con ustedes desde el despacho jurídico de PROMONTORIA ARES DAC, en relación a la deuda que a día de hoy mantiene con nosotros la mercantil MENSALUCES S.L.L. y Dª A.A.A. y D. B.B.B., en calidad de Avalistas Personales Solidarios de la misma. Dichas acciones están derivadas del Préstamo de Referencia indicado en el asunto y suscrito en su día con la entidad BANCO SANTANDER S.A. y de las que les adjunto admisión de Demanda así como la respectiva Orden de Averiguación Patrimonial ya cursada. Tras los diferentes intentos realizados por mi parte para dar solución a dicho asunto, les informo que si en el plazo de las próximas CUARENTA Y OCHO HORAS no he recibido comunicación alguna por su parte, procederé a dar impulso a la demanda ya presentada en el JUZGADO DE PRIMERA INSTANCIA E INSTRUCCION N.º 003 de C/ Jorge Juan, 6 www.aepd.es 28001 – Madrid sedeagpd.gob.es 2/11 ***LOCALIDAD.1, con numero de Autos ***AUTOS.1, reclamando las cantidades correspondientes así como el embargo de cuentas bancarias, nóminas e importes adeudados por la AEAT, además del embargo de las participaciones sociales en el resto de mercantiles cuya titularidad nos consta a su nombre. Sin otro particular, C.C.C. Senior Asset Manager SME Teléfono ***TELÉFONO.1 Extensión XXXX C/ ***DIRECCIÓN.1 ***URL.1” Los antecedentes que constan son los "
e-08765-2021,2021,https://www.aepd.es/documento/e-08765-2021.pdf,https://web.archive.org/web/20251113185218id_/https://www.aepd.es/documento/e-08765-2021.pdf,"1/8  Procedimiento Nº: E/08765/2021 RESOLUCIÓN DE ARCHIVO DE ACTUACIONES De las actuaciones practicadas por la Agencia Española de Protección de Datos y teniendo como base los siguientes, HECHOS PRIMERO: Con fecha 02/02/21, tuvo entrada en esta Agencia, un escrito de reclamación presentado por D. A.A.A., en el que, entre otras, se indicaba: “En la web ***URL.1 se está incumpliendo la normativa de protección de datos: - El banner de cookies ya que no acaba de cumplir con lo establecido en el 22.2 LSSI. - Los formularios a través de los cuales recopilan datos personales ya que ahora mismo no tienen cláusulas que informen sobre los mínimos que exige el artículo 13 RGPD - La política de privacidad ya que no cumple con lo establecido en el RGPD”. SEGUNDO: Con fecha 18/03/21, por parte de esta Agencia se dirigió requerimiento informativo a la parte reclamada, de conformidad con lo estipulado en el artículo 65.4 de la Ley Orgánica 3/2018, de 5 de diciembre, de protección de datos personales y garantía de los derechos digitales, (“LOPDGDD”). TERCERO: Con fecha 07/04/21, se recibió en esta Agencia escrito de contestación al requerimiento hecho a la parte reclamada, en el cual, entre otras, se informaba de: “1. La web corporativa de Comunidad ***COMUNIDAD.1 ha sufrido ciertos cambios en los últimos meses, muchos de ellos motivados por la necesaria adaptación a los requerimientos del RGPD y de la LSSICE, siendo el de las cookies el que más trabajo ha ocasionado, debido en parte por el acometimiento de un desarrollo a medida. Habida cuenta de las características técnicas y de negocio que presentaba la página web, se intentó programar un “Gestor de Cookies” (por sus siglas en inglés, “Cookie Management Platform” o CMP) mediante desarrollo propio, lo que no fue posible y no pudo llevarse a cabo, por lo que se acudió a una solución comercial, implantada por el mismo proveedor tecnológico que lleva el mantenimiento de la página, pero cuya implantación supuso, también, un reto importante.  No siendo muy relevante el uso de esa tecnología en cuanto a datos de carácter personal se refiere, lo cierto es que no se disponía de un CMP que otorgase al usuario la capacidad de revocar el consentimiento de una manera directa y automatizada.  En estos momentos, podemos decir que la web cumple – salvo error u omisión – con todos los parámetros técnicos y legales indicados tanto por la máxima norma europea, como las establecidas por la Agencia Española de Protección de Datos a la que nos dirigimos, en su última “Guía sobre cookies” en su versión del pasado mes de julio.  Se acompaña, como Documento Nº 1, evidencia de cumplimiento de la política de privacidad publicada en 2017, utilizando para ello la herramienta “Wayback Machine”.  Con la entrada en vigor del RGPD, Comunidad ***COMUNIDAD.1 adecuó los textos legales según las exigencias de los artículos 13 y siguientes del Reglamento, C/ Jorge Juan, 6 www.aepd.es 28001 – Madrid sedeagpd.gob.es 2/8 revisando su contenido tras "
e-08838-2021,2021,https://www.aepd.es/documento/e-08838-2021.pdf,https://web.archive.org/web/20240701180651id_/https://www.aepd.es/documento/e-08838-2021.pdf,"1/5  Expediente Nº: EXP202100115 RESOLUCIÓN DE ARCHIVO DE ACTUACIONES De las actuaciones practicadas por la Agencia Española de Protección de Datos y teniendo como base los siguientes: HECHOS PRIMERO: D. A.A.A. (en adelante, la parte reclamante) con fecha 29 de junio de 2021 interpuso reclamación ante la Agencia Española de Protección de Datos. La reclamación se dirige XFERA MÓVILES, S.A. con NIF A82528548 (YOIGO) (en adelante, la parte reclamada).  Los motivos en que basa la reclamación son por recepción de llamadas comerciales no consentidas en nombre de YOIGO, en la línea de telefonía móvil: ***TELÉFONO.1. Añade, que la última de estas llamadas la recibió el 29 de junio de 2021 a las 15:50 horas, desde la línea llamante ***TELÉFONO.2. Que respecto a la parte reclamada ejercitó el derecho de oposición en las direcciones electrónicas de atención al clientes@yoigo.com como a la de su delegado de protección de datos dpo@masmovil.com el pasado 18/06/2021, en relación con el número llamante ***TELÉFONO.3. Y, entre otra, aporta la siguiente documentación: Fotografías de la pantalla de su terminal fijo para justificar la recepción de las llamadas. Solicitud de ejercicio de derecho de oposición dirigido a la parte reclamada, en relación con el número llamante ***TELÉFONO.3. La parte reclamante ha acreditado que la línea de telefonía móvil en la que se reciben las llamadas comerciales no consentidas se encuentra inscrita en la lista de exclusión publicitaria, Lista Robinson, desde diciembre de 2020. SEGUNDO: De conformidad con el artículo 65.4 de la Ley Orgánica 3/2018, de 5 de diciembre, de Protección de Datos Personales y garantía de los derechos digitales (en adelante LOPDGDD), se dio traslado de dicha reclamación a la parte reclamada, para que procediese a su análisis e informase a esta Agencia en el plazo de un mes, de las acciones llevadas a cabo para adecuarse a los requisitos previstos en la normativa de protección de datos. El traslado, que se practicó conforme a las normas establecidas en la Ley 39/2015, de 1 de octubre, del Procedimiento Administrativo Común de las Administraciones Públicas (en adelante, LPACAP), fue recogido en fecha 6 de julio de 2021 como consta en el acuse de recibo que obra en el expediente. C/ Jorge Juan, 6 www.aepd.es 28001 – Madrid sedeagpd.gob.es 2/5 Con fecha 6 de julio de 2021 se recibe en esta Agencia escrito de respuesta indicando: “Manifiesta la parte reclamante una falta de atención a su derecho de oposición, el cual ejercitó con fecha 18 de junio de 2021 en relación con llamadas realizadas por el número ***TELÉFONO.3. Lo que no menciona el reclamante es que esta parte le contestó ese mismo día en los siguientes términos. En esa contestación les informábamos de que la numeración ***TELÉFONO.3 no se corresponde con ninguna de nuestras agencias y que adoptaríamos las medidas oportunas, entre ellas la inclusión del teléfono del interesado en nuestra lista Robinson interna, la cual es de obligada consulta para tod"
e-08948-2021,2021,https://www.aepd.es/es/documento/e-08948-2021.pdf,https://web.archive.org/web/20220307211628id_/https://www.aepd.es/es/documento/e-08948-2021.pdf,"1/5  Expediente Nº: E/08948/2021 RESOLUCIÓN DE ARCHIVO DE ACTUACIONES De las actuaciones practicadas por la Agencia Española de Protección de Datos y teniendo como base los siguientes HECHOS PRIMERO: D. A.A.A. (en adelante, la parte reclamante) con fecha 10 de mayo de 2021 interpuso reclamación ante la Agencia Española de Protección de Datos. La reclamación se dirige contra Masluz Energy Power, S.L. . con NIF B67572636 y V&D COM, S.L. con NIF B82102500 (en adelante, la parte reclamada).  La parte reclamante presenta reclamación contra la parte reclamada por la recepción de llamadas comerciales no deseadas desde la línea llamante ***TELEFONO.1. Y, manifiesta que la línea receptora ***TELEFONO.2 está inscrita en la Lista Robinson. Aporta la siguiente documentación: Impresión de pantalla de la llamada recibida el 10 de mayo de 2021. SEGUNDO: De conformidad con el artículo 65.4 de la Ley Orgánica 3/2018, de 5 de diciembre, de Protección de Datos Personales y garantía de los derechos digitales (en adelante LOPDGDD), se dio traslado de dicha reclamación a la parte reclamada, para que procediese a su análisis e informase a esta Agencia en el plazo de un mes, de las acciones llevadas a cabo para adecuarse a los requisitos previstos en la normativa de protección de datos. TERCERO: Con fecha 19 de agosto de 2021, se admitió a trámite la reclamación presentada por la parte reclamante, al amparo de lo establecido en el artículo 65.5 de la LOPDGDD. CUARTO: La Subdirección General de Inspección de Datos procedió a la realización de actuaciones previas de investigación para el esclarecimiento de los hechos en cuestión, en virtud de los poderes de investigación otorgados a las autoridades de control en el artículo 57.1 del Reglamento (UE) 2016/679 (Reglamento General de Protección de Datos, en adelante RGPD), y de conformidad con lo establecido en el Título VII, Capítulo I, Sección segunda, de la LOPDGDD, teniendo conocimiento de los siguientes extremos: Con fecha 28 de septiembre de 2021 se consulta el operador de la línea ***TELEFONO.3 que según la CNMC es Sewan España, S.L. unipersonal. Según informa Sewan España, S.L. unipersonal el número ***TELEFONO.3 estuvo asociado en mayo de 2021 a V&D Com SL B82102500.  C/ Jorge Juan, 6 www.aepd.es 28001 – Madrid sedeagpd.gob.es 2/5 Los representantes de V&D Com SL manifiestan que:  “1) La actividad de la compañía se centra en el suministro de equipamiento y prestaciones de servicios relacionados con las nuevas tecnologías (TIC) y más concretamente dentro del área de comunicaciones y seguridad. Instalan, configuran y gestionan centralitas VoIP, troncales y demás elementos relacionados con ellas, también prestan servicios de centralita VoIP en nube y demás servicios relacionados a sus clientes. 2) La entidad nunca realiza ni ha realizado ni para si ni para terceros campaña de publicidad telefónica alguna, y en tal sentido no ha firmado ningún tipo de contrato ni recibido ningún encargo de Masluz Energy Power S.L. 3) Ma"
e-08981-2021,2021,https://www.aepd.es/es/documento/e-08981-2021.pdf,https://web.archive.org/web/20220720175719id_/https://www.aepd.es/es/documento/e-08981-2021.pdf,"1/4  Expediente N.º: EXP202101421 RESOLUCIÓN DE ARCHIVO DE ACTUACIONES De las actuaciones practicadas por la Agencia Española de Protección de Datos y teniendo como base los siguientes: HECHOS PRIMERO: Don A.A.A. (en adelante, la parte reclamante), con fecha 20 de agosto de 2021, interpuso reclamación ante la Agencia Española de Protección de Datos. Los motivos en que basa la reclamación son los siguientes: Tuvo cibersexo con una chica a través de la aplicación de mensajería Hangouts, utilizando, con posterioridad, imágenes de la videollamada realizada para chantajearle con la difusión del vídeo, en el que el reclamante aparece masturbándose, a los contactos de sus redes sociales a cambio de 11.000 euros. El afectado accedió pagando 100 euros, pero continúa el chantaje. El reclamante indica la dirección web en la que está publicado el vídeo controvertido ***URL.1, comprobándose que continúa siendo accesible. Asimismo, aporta una comunicación, de fecha 19 de agosto de 2021, enviada a la dirección de correo electrónico ***EMAIL.1, solicitando la retirada del vídeo por haberse publicado sin su consentimiento y bajo extorsión por una usuaria que ha publicado vídeos similares en su perfil del sitio web ***URL.2. Asimismo, aporta capturas de pantalla de una conversación por WhatsApp con B.B.B. que evidencian el chantaje sufrido por el reclamante. SEGUNDO: Con fecha 20 de agosto de 2021, de conformidad con el artículo 65 de la LOPDGDD, se admitió a trámite la reclamación presentada por la parte reclamante. TERCERO La Subdirección General de Inspección de Datos procedió a la realización de actuaciones previas de investigación para el esclarecimiento de los hechos en cuestión, en virtud de las funciones asignadas a las autoridades de control en el artículo 57.1 y de los poderes otorgados en el artículo 58.1 del Reglamento (UE) 2016/679 (Reglamento General de Protección de Datos, en adelante RGPD), y de conformidad con lo establecido en el Título VII, Capítulo I, Sección segunda, de la LOPDGDD, teniendo conocimiento de los siguientes extremos: -Conforme a la documentación presentada por el reclamante, se constata que el intercambio de mensajes intimidatorios se ha realizado a través de una aplicación de mensajería siendo los dos únicos intervinientes en esta conversación la reclamante y el desconocido “B.B.B.”.  -Con fecha de 25 de agosto de 2021 se comprueba que el contenido reclamado ha sido eliminado. Dado que no se ha llegado a realizar ninguna acción desde la Subdirección General de inspección de datos para la eliminación del contenido C/ Jorge Juan, 6 www.aepd.es 28001 – Madrid sedeagpd.gob.es 2/4 reclamado, se desprende que el ejercido de derecho de supresión ejercido por el reclamante con fecha de 19 de agosto de 2021 ante el responsable del sitio web, ha sido atendido.  - Realizado requerimiento de información con fecha de 25 de agosto de 2021 a la entidad propietaria del sitio web ***URL.2 (EEUU) sobre la titularidad del perfil en donde se publi"
e-08995-2021,2021,https://www.aepd.es/documento/e-08995-2021.pdf,https://web.archive.org/web/20220427102334id_/https://www.aepd.es/documento/e-08995-2021.pdf,"1/4  Expediente Nº: E/08995/2021 RESOLUCIÓN DE ARCHIVO DE ACTUACIONES De las actuaciones practicadas por la Agencia Española de Protección de Datos y teniendo como base los siguientes: HECHOS PRIMERO: D. A.A.A. (en adelante, la parte reclamante) con fecha 23 de febrero de 2021 interpuso reclamación ante la Agencia Española de Protección de Datos. La reclamación se dirige contra VODAFONE ESPAÑA, S.A.U. con NIF A80907397 (en adelante, la parte reclamada o Vodafone). Los motivos en que basa la reclamación son los siguientes: El reclamante manifiesta que recibió una llamada comercial en su línea móvil ***TELÉFONO.1 el 23 de febrero de 2021 a las 16:10 horas, de la línea llamante ***TELÉFONO.2 inscrita en la Lista Robinson desde el 22 de marzo de 2014. El agente comercial que efectúa la llamada dice hablar en nombre de la operadora de telecomunicaciones Vodafone. Por otra parte, el reclamante expone que está inscrito en la Lista Robinson. Y, entre otra, aporta la siguiente documentación: Aporta justificantes de la inscripción en la Lista Robinson de la línea receptora ***TELÉFONO.1 desde 22 de marzo de 2014.  Para justificarlo aporta captura de pantalla donde se visualiza el alta de la línea receptora y un correo del servicio con el asunto: ""Registro / Modificación Datos Servicio Lista Robinson"". También aporta captura de pantalla de la llamada recibida el 23 de febrero de 2021 a las 16:10 horas de la línea llamante ***TELÉFONO.2. SEGUNDO: De conformidad con el artículo 65.4 de la Ley Orgánica 3/2018, de 5 de diciembre, de Protección de Datos Personales y garantía de los derechos digitales (en adelante LOPDGDD), se dio traslado de dicha reclamación a la parte reclamada, para que procediese a su análisis e informase a esta Agencia en el plazo de un mes, de las acciones llevadas a cabo para adecuarse a los requisitos previstos en la normativa de protección de datos. El traslado, que se practicó conforme a las normas establecidas en la Ley 39/2015, de 1 de octubre, del Procedimiento Administrativo Común de las Administraciones Públicas (en adelante, LPACAP), fue recogido en fecha 5 de abril de 2021 como consta en el acuse de recibo que obra en el expediente. C/ Jorge Juan, 6 www.aepd.es 28001 – Madrid sedeagpd.gob.es 2/4 TERCERO: Con fecha 2 de junio de 2021, de conformidad con el artículo 65 de la LOPDGDD, se admitió a trámite la reclamación presentada por la parte reclamante. CUARTO: La Subdirección General de Inspección de Datos procedió a la realización de actuaciones previas de investigación para el esclarecimiento de los hechos en cuestión, en virtud de los poderes de investigación otorgados a las autoridades de control en el artículo 57.1 del Reglamento (UE) 2016/679 (Reglamento General de Protección de Datos, en adelante RGPD), y de conformidad con lo establecido en el Título VII, Capítulo I, Sección segunda, de la LOPDGDD, teniendo conocimiento de los siguientes extremos: En primer lugar, los representantes de Vodafone manifiestan en relación c"
e-08996-2021,2021,https://www.aepd.es/es/documento/e-08996-2021.pdf,https://web.archive.org/web/20220223105538id_/https://www.aepd.es/es/documento/e-08996-2021.pdf,"1/4  Expediente Nº: E/08996/2021 RESOLUCIÓN DE ARCHIVO DE ACTUACIONES De las actuaciones practicadas por la Agencia Española de Protección de Datos y teniendo como base los siguientes: HECHOS PRIMERO: D. A.A.A. (en adelante, la parte reclamante) con fecha 17 de marzo de 2021 interpuso reclamación ante la Agencia Española de Protección de Datos. La reclamación se dirige contra VODAFONE ESPAÑA, S.A.U. con NIF con NIF A80907397 (en adelante, la parte reclamada o Vodafone). Los motivos en que basa la reclamación son los siguientes: La parte reclamante presenta reclamación por la recepción de una llamada comercial el 3 de marzo de 2021 a las 12:14 horas, desde la línea llamante ***TELEFONO.1. Junto a la notificación se aporta justificante de la inscripción de la línea receptora ***TELEFONO.2 en la Lista Robinson desde el 03/08/2018. SEGUNDO: De conformidad con el artículo 65.4 de la Ley Orgánica 3/2018, de 5 de diciembre, de Protección de Datos Personales y garantía de los derechos digitales (en adelante LOPDGDD), se dio traslado de dicha reclamación a la parte reclamada, para que procediese a su análisis e informase a esta Agencia en el plazo de un mes, de las acciones llevadas a cabo para adecuarse a los requisitos previstos en la normativa de protección de datos. El traslado, que se practicó conforme a las normas establecidas en la Ley 39/2015, de 1 de octubre, del Procedimiento Administrativo Común de las Administraciones Públicas (en adelante, LPACAP), fue recogido en fecha 19 de abril de 2021 como consta en el acuse de recibo que obra en el expediente. TERCERO: Con fecha 2 de junio de 2021, de conformidad con el artículo 65 de la LOPDGDD, se admitió a trámite la reclamación presentada por la parte reclamante. CUARTO: La Subdirección General de Inspección de Datos procedió a la realización de actuaciones previas de investigación para el esclarecimiento de los hechos en cuestión, en virtud de los poderes de investigación otorgados a las autoridades de control en el artículo 57.1 del Reglamento (UE) 2016/679 (Reglamento General de Protección de Datos, en adelante RGPD), y de conformidad con lo establecido en el Título VII, Capítulo I, Sección segunda, de la LOPDGDD, teniendo conocimiento de los siguientes extremos: Con fecha 2 de junio de 2021 Vodafone remite a esta Agencia la siguiente información y manifestaciones: C/ Jorge Juan, 6 www.aepd.es 28001 – Madrid sedeagpd.gob.es 2/4 1. Que la línea indicada no consta en su base de datos de números asociados a sus colaboradores que realizan llamadas de captación en nombre de Vodafone por lo que no parece posible relacionar la recepción de la llamada con Vodafone. 2. Que la línea receptora de la llamada consta inscrita en Lista Robinson de ADigital sin embargo no constaba en Lista Robinson interna de Vodafone habiendo sido incorporada ahora. El 7 de diciembre de 2021 se comprueba que el número llamante está asignado al operador Telefónica de España, S.A. Con fecha 16 de diciembre de 2021 Telefónica De "
e-06169-2021,2021,https://www.aepd.es/es/documento/e-06169-2021.pdf,https://web.archive.org/web/20220211140749id_/https://www.aepd.es/es/documento/e-06169-2021.pdf,"1/6  Expediente Nº: E/06169/2021 RESOLUCIÓN DE ARCHIVO DE ACTUACIONES De las actuaciones practicadas por la Agencia Española de Protección de Datos y teniendo como base los siguientes HECHOS PRIMERO: Con fecha 20 de mayo de 2021, la Subdirección General de Inspección de Datos (SGID) recibió para su valoración un escrito de notificación de brecha de seguridad de los datos personales remitido por PLEASE NETWORKS, S.L con NIF B64230832 (en adelante, PLEASE), recibido en fecha 10 de mayo de 2021, en el que informa a la Agencia Española de Protección de Datos de lo siguiente: Se ha producido  un ciberataque en el que se ha visto comprometida información de sus clientes y se solicita el pago de un rescate en bitcoins.  Junto a la notificación se aporta carta de comunicación del incidente a sus clientes.  SEGUNDO: La Subdirección General de Inspección de Datos procedió a la realización de actuaciones previas de investigación para el esclarecimiento de los hechos en cuestión, en virtud de los poderes de investigación otorgados a las autoridades de control en el artículo 57.1 del Reglamento (UE) 2016/679 (Reglamento General de Protección de Datos, en adelante RGPD), y de conformidad con lo establecido en el Título VII, Capítulo I, Sección segunda, de la LOPDGDD, teniendo conocimiento de los siguientes extremos: Respecto de la cronología de los hechos. Acciones tomadas con objeto de minimizar los efectos adversos y medidas adoptadas para su resolución final  (…) Respecto de las causas que hicieron posible la brecha (…) Respecto de los datos afectados. (…) Contrato de encargado de tratamiento (…) Respecto de las medidas de seguridad implantadas (…) C/ Jorge Juan, 6 www.aepd.es 28001 – Madrid sedeagpd.gob.es 2/6 FUNDAMENTOS DE DERECHO I Competencia De acuerdo con las funciones que el artículo 57.1 a), f) y h) del Reglamento (UE) 2016/679 (Reglamento general de protección de datos, en adelante RGPD) confiere a cada autoridad de control y según lo dispuesto en los artículos 47 y 48.1 de la Ley Orgánica 3/2018, de 5 de diciembre, de Protección de Datos Personales y garantía de los derechos digitales (en lo sucesivo LOPDGDD), es competente para resolver estas actuaciones de investigación la Directora de la Agencia Española de Protección de Datos. Asimismo, el artículo 63.2 de la LOPDGDD determina que: “Los procedimientos tramitados por la Agencia Española de Protección de Datos se regirán por lo dispuesto en el Reglamento (UE) 2016/679, en la presente ley orgánica, por las disposiciones reglamentarias dictadas en su desarrollo y, en cuanto no las contradigan, con carácter subsidiario, por las normas generales sobre los procedimientos administrativos.” II Cuestiones previas En el presente caso, de acuerdo con lo establecido en el artículo 4.1 del RGPD, consta la realización de un tratamiento de datos personales, toda vez que ALIAS/la parte reclamada realiza, entre otros tratamientos, la recogida, registro y consulta de los siguientes datos personales de personas"
e-06288-2021,2021,https://www.aepd.es/es/documento/e-06288-2021.pdf,https://web.archive.org/web/20220718190435id_/https://www.aepd.es/es/documento/e-06288-2021.pdf,"1/6  Expediente Nº: E/06288/2021 RESOLUCIÓN DE ARCHIVO DE ACTUACIONES De las actuaciones practicadas por la Agencia Española de Protección de Datos y teniendo como base los siguientes HECHOS PRIMERO: A.A.A.  (en adelante, la parte reclamante) con fecha 23 de febrero de 2021 interpuso reclamación ante la Agencia Española de Protección de Datos (en adelante, AEPD). La reclamación se dirige contra UNIVERSAL TECNO SERVICES, REPRESENTACIÓN EN ESPAÑA, S.L. con NIF B66181546 (en adelante UTS). Los motivos en que basa la reclamación son los siguientes: Según manifestación de la parte reclamante, en fecha 20/10/2020 suscribieron un convenio de colaboración entre la FUNDACION ZABALLOS, presidida por la parte reclamante, y UTS. Por diversos motivos se rompió la relación, a raíz de lo cual UTS bloqueó los accesos a los servidores de correo y al sitio web durante un tiempo.  Manifiestan que consideran ""rota la custodia de datos confidenciales trasladados en su día"" y que no se hacen responsables de las actuaciones que haya podido desarrollar UTS en nombre de la fundación durante el período de tiempo en que no tuvieron acceso a los datos, acceso ya recuperado en el momento de presentar la reclamación ante la AEPD.  Junto a la notificación no se aporta ningún documento, ninguna evidencia o ninguna prueba de lo manifestado en la misma. SEGUNDO: De conformidad con el artículo 65.4 de la Ley Orgánica 3/2018, de 5 de diciembre, de Protección de Datos Personales y garantía de los derechos digitales (en adelante LOPDGDD), se dio traslado de dicha reclamación a UTS, para que procediese a su análisis e informase a esta Agencia en el plazo de un mes, de las acciones llevadas a cabo para adecuarse a los requisitos previstos en la normativa de protección de datos. El traslado, que se practicó conforme a las normas establecidas en la Ley 39/2015, de 1 de octubre, del Procedimiento Administrativo Común de las Administraciones Públicas (en adelante, LPACAP) mediante notificación electrónica, no fue recogido por UTS dentro del plazo de puesta a disposición, entendiéndose rechazado conforme a lo previsto en el art. 43.2 de la LPACAP en fecha 05/04/2021, como consta en el certificado que obra en el expediente.  Aunque la notificación se practicó válidamente por medios electrónicos, dándose por efectuado el trámite conforme a lo dispuesto en el artículo 41.5 de la LPACAP, a título informativo se envió una copia por correo postal que fue devuelta por “desconocido” el día 22/04/2021. No se ha recibido respuesta a este escrito de traslado. C/ Jorge Juan, 6 www.aepd.es 28001 – Madrid sedeagpd.gob.es 2/6 TERCERO: Con fecha 23/05/2021, de conformidad con el artículo 65 de la LOPDGDD, se admitió a trámite la reclamación presentada por la parte reclamante. CUARTO: La Subdirección General de Inspección de Datos procedió a la realización de actuaciones previas de investigación para el esclarecimiento de los hechos en cuestión, en virtud de los poderes de investigación otorgados a las aut"
e-06329-2021,2021,https://www.aepd.es/es/documento/e-06329-2021.pdf,https://web.archive.org/web/20220307211349id_/https://www.aepd.es/es/documento/e-06329-2021.pdf,"1/5  Expediente Nº: E/06329/2021 RESOLUCIÓN DE ARCHIVO DE ACTUACIONES De las actuaciones practicadas por la Agencia Española de Protección de Datos y te- niendo como base los siguientes: HECHOS PRIMERO: Don A.A.A. (en adelante, la parte reclamante), con fecha 30 de noviembre de 2020, interpuso reclamación ante la Agencia Española de Protección de Datos. La reclamación se dirige contra ITV LA SAGRA, S.L., con NIF B45498342 (en adelante, la parte reclamada).  Los motivos en que basa la reclamación son los siguientes: El reclamante expone que en la empresa de la ITV donde ha revisado su vehículo le han tomado la temperatura con un termómetro láser para poder acceder. Considera que se ha vulnerado su derecho a la intimidad y a la protección de datos. Documentación relevante aportada por el reclamante: - Aporta copia de reclamación ante el servicio de consumo de Castilla La Man- cha fechada a 06/07/2020 donde consta en “alegaciones del prestador del servicio” que actúan según protocolo interno de recomendaciones e indicaciones del Ministerio de Sanidad para la lucha de propagación del virus COVID-19. SEGUNDO: De conformidad con el artículo 65.4 de la Ley Orgánica 3/2018, de 5 de diciembre, de Protección de Datos Personales y garantía de los derechos digitales (en adelante LOPDGDD), en fecha 12 de febrero de 2021, se dio traslado de dicha recla- mación a la parte reclamada, para que procediese a su análisis e informase a esta Agencia en el plazo de un mes, de las acciones llevadas a cabo para adecuarse a los requisitos previstos en la normativa de protección de datos. Con fecha 22 de febrero de 2021 la parte reclamada presenta escrito de respuesta in- dicando lo siguiente: 1. Que en fecha 7 de julio de 2020 se le tomó la temperatura a la parte reclaman- te antes de acceder a sus instalaciones y siguiendo las indicaciones de su manual co- vid basado en las recomendaciones del Ministerio de Sanidad y la OMS. También se comprobó que disponía de mascarilla y se le ofreció gel hidroalcohólico. Que este pro- tocolo se sigue con todas las personas que acceden a sus instalaciones desde mayo 2020. 2. Que la toma de temperatura no conlleva ningún registro ni temporal ni definiti- vo, simplemente supone un filtro de entrada para evitar la propagación del virus. Aporta copia de carta dirigida a la parte reclamante y fechada el día 13 de julio de 2020. C/ Jorge Juan, 6 www.aepd.es 28001 – Madrid sedeagpd.gob.es 2/5 TERCERO: Con fecha 29 de abril de 2021, se admitió a trámite la reclamación presen- tada por la parte reclamante, al amparo de lo establecido en el artículo 65.5 de la LO- PDGDD. CUARTO: La Subdirección General de Inspección de Datos procedió a la realización de actuaciones previas de investigación para el esclarecimiento de los hechos en cuestión, en virtud de los poderes de investigación otorgados a las autoridades de con- trol en el artículo 57.1 del Reglamento (UE) 2016/679 (Reglamento General de Protec- ción de Datos, en adelante RGPD), y de confor"
e-06424-2021,2021,https://www.aepd.es/es/documento/e-06424-2021.pdf,https://web.archive.org/web/20220302145324id_/https://www.aepd.es/es/documento/e-06424-2021.pdf,"1/7  Expediente Nº: E/06424/2021 RESOLUCIÓN DE ARCHIVO DE ACTUACIONES De las actuaciones practicadas por la Agencia Española de Protección de Datos y teniendo como base los siguientes: HECHOS PRIMERO: D. A.A.A. (en adelante, la parte reclamante) con fecha 23 de febrero de 2021 interpuso reclamación ante la Agencia Española de Protección de Datos. La reclamación se dirige contra HOTELES BANÚS COSTA DEL SOL, S.L., con CIF B93304632 (en adelante, la parte reclamada). Los motivos en que basa la reclamación son los siguientes. La parte reclamante presenta reclamación por la recepción de llamadas comerciales no deseadas de la entidad reclamada en su línea móvil ***TELÉFONO.1. Manifiesta la inscripción de la línea receptora en la Lista Robinson. Indica que recibió las siguientes llamadas, desde las siguientes líneas llamantes: - ***TELÉFONO.2 el 03/02/2021 a las 12:22. - ***TELÉFONO.3 el 10/02/2021 a las 14:04. - ***TELÉFONO.4 el 22/02/2021 a las 17:37.   Documentación relevante aportada por el reclamante: - Justificante de estar dado de alta en Lista Robinson en la línea receptora de la  llamada con fecha 19/04/2017. SEGUNDO: De conformidad con el artículo 65.4 de la Ley Orgánica 3/2018, de 5 de diciembre, de Protección de Datos Personales y garantía de los derechos digitales (en adelante LOPDGDD), se dio traslado de dicha reclamación a la parte reclamada, para que procediese a su análisis e informase a esta Agencia en el plazo de un mes, de las acciones llevadas a cabo para adecuarse a los requisitos previstos en la normativa de protección de datos. TERCERO: Con fecha 2 de junio de 2021, se admitió a trámite la reclamación presentada por la parte reclamante, al amparo de lo establecido en el artículo 65.5 de la LOPDGDD. CUARTO: La Subdirección General de Inspección de Datos procedió a la realización de actuaciones previas de investigación para el esclarecimiento de los hechos en C/ Jorge Juan, 6 www.aepd.es 28001 – Madrid sedeagpd.gob.es 2/7 cuestión, en virtud de los poderes de investigación otorgados a las autoridades de control en el artículo 57.1 del Reglamento (UE) 2016/679 (Reglamento General de Protección de Datos, en adelante RGPD), y de conformidad con lo establecido en el Título VII, Capítulo I, Sección segunda, de la LOPDGDD, teniendo conocimiento de los siguientes extremos: ENTIDADES INVESTIGADAS Durante las presentes actuaciones se han investigado las siguientes entidades:   Ajax Sales Lab S.L. con CIF B42672956 con domicilio en ***DIRECCIÓN.1. Hoteles Banús Costa del Sol, S.L. con CIF B93304632 con domicilio en ***DIRECCIÓN.2. Telemarketing Tánger SARL con CIF 81867 con domicilio en ***DIRECCIÓN.3.  Volcan Osorno Inversiones S.L. con CIF B93640100 con domicilio en ***DIRECCIÓN.4. RESULTADO DE LAS ACTUACIONES DE INVESTIGACIÓN A raíz de las investigaciones realizadas se ha obtenido la siguiente información: Según la información obtenida del Registro de Numeración y Operadores de Telecomunicaciones de la Comisión Nacional de los Mercados y"
e-07905-2021,2021,https://www.aepd.es/documento/e-07905-2021.pdf,https://web.archive.org/web/20251125032915id_/https://www.aepd.es/documento/e-07905-2021.pdf,"1/5  Procedimiento Nº: E/07905/2021 RESOLUCIÓN DE ARCHIVO DE ACTUACIONES De las actuaciones practicadas por la Agencia Española de Protección de Datos y teniendo como base los siguientes, HECHOS PRIMERO: Con fecha 14/03/21, tuvo entrada en esta Agencia escrito presentado por D. A.A.A., (en adelante, “la parte reclamante”), en el que indicaba, entre otras, lo si- guiente:  “En la página web ***URL.1, existe un formulario de petición, bajo la denominación ""RAPEAR NO ES DELITO. ¡ACTÚA PARA CAMBIAR EL CÓDIGO PENAL Y DEFIEN- DE LA LIBERTAD DE EXPRESIÓN!"" en el que figura textualmente: ""Al participar en esta acción aceptas la política de privacidad"", no ofreciendo la posibilidad de otorgar el consentimiento de forma expresa y libre, ya que se trata de un consentimiento obliga- do y premarcado”. SEGUNDO: Con fecha 21/04/21, por parte de esta Agencia se dirigió requerimiento in- formativo a la parte reclamada, de conformidad con lo estipulado en el artículo 65.4 de la Ley Orgánica 3/2018, de 5 de diciembre, de protección de datos personales y garan- tía de los derechos digitales, (“LOPDGDD”). TERCERO: Con fecha 12/05/21, tuvo entrada en esta Agencia, escrito de contestación de la parte reclamada en la que, entre otras, indicaba: “Queremos hacer constar que Amnistía Internacional cuenta con un Delegado de Pro- tección de Datos debidamente notificado y comunicado ante la Agencia Española de Protección de Datos e igualmente, dentro del apartado ¿Quién es el responsable del tratamiento de tus datos? de la política de privacidad del sitio web ***URL.2 se informa a los usuarios que acceden a la misma acerca de la existencia del DPO, así como los datos de contacto (***EMAIL.1), por si se quiere realizar o plantearle directamente cualquier consulta o reclamación con relación al uso de los datos personales que se recaban a través del citado sitio web.  Sin embargo, no consta en dicho buzón ninguna reclamación como la que ha origina- do el presente procedimiento, ni consta la identidad del reclamante en la presente soli- citud de información, por lo que no se ha podido indagar acerca de si el reclamante se ha puesto en contacto con nuestra organización a través de otra vía distinta para aten- der la reclamación planteada y tratar de darle respuesta en tal caso.  No obstante, creemos que la reclamación recibida, en la que se indica que cuando un usuario desea firmar una campaña de apoyo a alguna causa, debe aceptar la política de privacidad, y el reclamante considera que se trata de ""un consentimiento obligado y premarcado"", se trata de un error que vamos a tratar de aclarar en el punto tercero del presente escrito. Por tanto, no podemos estimar la reclamación, teniendo en cuenta los aspectos que se expondrán más abajo en el presente escrito. C/ Jorge Juan, 6 www.aepd.es 28001 – Madrid sedeagpd.gob.es 2/5 Como se ha indicado anteriormente, ni en el presente procedimiento ni por otra vía, se tiene constancia de la identidad del reclamante, por lo que no se ha podid"
e-08084-2021,2021,https://www.aepd.es/documento/e-08084-2021.pdf,https://web.archive.org/web/20240704025319id_/https://www.aepd.es/documento/e-08084-2021.pdf,"1/8  Expediente Nº: E/08084/2021 RESOLUCIÓN DE ARCHIVO DE ACTUACIONES De las actuaciones practicadas por la Agencia Española de Protección de Datos y teniendo como base los siguientes: HECHOS PRIMERO: D. A.A.A. (en adelante, la parte reclamante) con fecha 17 de marzo de 2021 y 22 de abril de 2021 interpuso reclamación ante la Agencia Española de Protección de Datos. La reclamación se dirige contra VODAFONE ESPAÑA, S.A.U. con NIF A80907397 (en lo sucesivo, Vodafone) y VODAFONE ONO, S.A.U.  con NIF A62186556 (en adelante, Vodafone Ono). Los motivos en que basa la reclamación son los siguientes: La parte reclamante presenta reclamaciones frente a Vodafone y Vodafone Ono por la recepción de llamadas comerciales en su línea fija. Documentación relevante aportada por la parte reclamante: - Acuerdo de mediación firmado el 7 de septiembre de 2020 a través de Autocontrol. - Solicitud de supresión dirigida a Vodafone el 3 de noviembre de 2020 y contestación recibida el día 5 del mismo mes y año informándole de que han suprimido la línea receptora de sus registros y que tampoco les consta su DNI. - Aporta respuesta de Vodafone en el seno del expediente E/10516/2020 fechada el 10 de febrero de 2021, en la cual le confirman que su línea de teléfono consta inscrita en la Lista Robinson oficial de ADigital desde el 18 de enero de 2020 y en la Lista Robinson interna de Vodafone desde el 8 de octubre de 2020. - Aporta un listado de 22 llamadas recibidas entre el 31/12/2020 y el 17/03/2021. - Aporta un listado de 33 llamadas recibidas entre el 19/03/2021 y el 22/04/2021. SEGUNDO: De conformidad con el artículo 65.4 de la Ley Orgánica 3/2018, de 5 de diciembre, de Protección de Datos Personales y garantía de los derechos digitales (en adelante LOPDGDD), se dio traslado de dicha reclamación a Vodafone y a Vodafone Ono, para que procediese a su análisis e informase a esta Agencia en el plazo de un mes, de las acciones llevadas a cabo para adecuarse a los requisitos previstos en la normativa de protección de datos. Los traslados, se practicaron conforme a las normas establecidas en la Ley 39/2015, de 1 de octubre, del Procedimiento Administrativo Común de las Administraciones Públicas (en adelante, LPACAP), fueron recogidos en fecha 17 de mayo de 2021 por C/ Jorge Juan, 6 www.aepd.es 28001 – Madrid sedeagpd.gob.es 2/8 Vodafone y Vodafone Ono como consta en los acuses de recibo que obran en el expediente. Con fecha 3 de agosto se recibe en esta Agencia, escrito de contestación de Vodafone manifestando que, tras realizar las comprobaciones oportunas, han verificado que la línea telefónica del reclamante consta en la lista Robinson oficial de ADigital y en la lista Robinson interna de Vodafone desde el 8 de octubre de 2020.  Además, informan que han comprobado si los números llamantes indicados en el requerimiento de información figuran en su base de datos con los números telefónicos que usan sus colaboradores para realizar llamadas de captación. A tal efecto, han verif"
e-08085-2021,2021,https://www.aepd.es/documento/e-08085-2021.pdf,https://web.archive.org/web/20251113174545id_/https://www.aepd.es/documento/e-08085-2021.pdf,"1/2  Ref.: E/08085/2021 Asunto: Acuerdo de remisión y archivo provisional A.A.A. con fecha 13 de junio de 2020 interpuso reclamación ante la Agencia Española de Protección de Datos (AEPD). La reclamación se dirige contra LETY GROUP AG y LETYSHOPS KFT (en adelante, LETYGROUP). Los motivos en que basa la reclamación son los siguientes: Critica las cláusulas legales del servicio de ""cashback"" LETYSHOPS disponibles en su portal web, por las cuales se avisa de la existencia de transferencias de los datos personales recabados de los usuarios (mayormente, con fines comerciales) con destino países fuera de la Unión Europea que no garantizan su mismo nivel de protección, y se afirma que el riesgo de fuga e imposibilidad de detectarla en un plazo de tiempo razonable es alto, pudiendo los datos ser objeto de acceso no autorizado y utilización fraudulenta por parte de estafadores. El 17 de junio de 2020, por esta Agencia se comprueba que, según su política de privacidad, el responsable del portal web LETYSHOPS.COM tiene su establecimiento principal o único en Hungría (la empresa LETYSHOPS KFT).  Con fecha 3 de julio de 2020 se dicta acuerdo de remisión y archivo provisional, en el que, de conformidad con lo dispuesto en el artículo 66 de la Ley Orgánica 3/2018, de 5 de diciembre, de Protección de Datos Personales y garantía de los derechos digitales (LOPDGDD), por la Directora de la Agencia Española de Protección de Datos se acuerda remitir la reclamación presentada a la autoridad de control de Hungría, a fin de que, por la misma se le dé el curso oportuno, así como proceder al archivo provisional del procedimiento. Teniendo en cuenta el carácter transfronterizo de la reclamación, con fecha de 3 de julio de 2020 se remitió la misma a la autoridad de control húngara, la Nemzeti Adatvédelmi és Információszabadság Hatóság o National Authority for Data Protection and Freedom of Information (NAIH), por ser la competente para actuar como autoridad de control principal, a tenor de lo dispuesto en el artículo 56.1 del RGPD. El día 7 de julio de 2020 la autoridad de protección de datos de Hungría rechazó asumir el caso, alegando que la empresa era en realidad suiza, y que no se había proporcionado ninguna evidencia de vínculo entre quien reclama y la empresa, o si algún derecho de protección de datos suyo se había visto violado. Con fecha 23 de junio de 2021, en respuesta a una asistencia mutua solicitada por esta Agencia, la autoridad húngara contesta que, de la información que consta en el registro mercantil húngaro se puede afirmar que se trata de una compañía suiza. Y que, aunque la empresa tenga un establecimiento en Hungría, las decisiones sobre el tratamiento de datos personales no se toman en el establecimiento europeo, ni éste puede implementarlas, por lo que no corresponde continuar con el mecanismo de ventanilla única del RGPD. Y que, dado que la reclamación había sido presentada ante la AEPD y que se trata de un interesado español, consideran que la AEPD"
e-08211-2021,2021,https://www.aepd.es/documento/e-08211-2021.pdf,https://web.archive.org/web/20240702192329id_/https://www.aepd.es/documento/e-08211-2021.pdf,"1/8  Expediente Nº: E/08211/2021 RESOLUCIÓN DE ARCHIVO DE ACTUACIONES De las actuaciones practicadas por la Agencia Española de Protección de Datos y teniendo como base los siguientes HECHOS PRIMERO: A.A.A. (en adelante, la parte reclamante) con fecha 27 de abril de 2021 interpuso reclamación ante la Agencia Española de Protección de Datos.  La reclamación se dirige contra AYUNTAMIENTO DE ***LOCALIDAD.1 con CIF P3605700H (en adelante, la parte reclamada).  Los motivos en que basa la reclamación son los siguientes: Un policía local y Secretario de la Comisión de Policía reclama contra el Ayuntamiento de ***LOCALIDAD.1 por diversos incumplimientos de la normativa de protección de datos en el uso de la aplicación ***APLICACIÓN.1. En particular: 1. Con fecha 26/03/21 el reclamante solicitó acceso a sus datos personales obrantes en la aplicación ***APLICACIÓN.1 de la Policía Local de ***LOCALIDAD.1. No ha recibido respuesta. 2. Registro de la jornada laboral diaria a través de dicha aplicación, incumpliendo los principios de idoneidad, necesidad y proporcionalidad que le debería ser exigibles, existiendo una duplicidad con el sistema de hojas de firmas que sigue implantado. 3. No se ha cumplido con el deber de informar a los trabajadores que establece el art. 13 y 14 del RGPD. 4. Cualquier usuario de la aplicación puede acceder, a través de un desplegable, a los datos personales (nombre, apellidos) de los trabajadores, tanto de servicio como fuera de él, incluso de los jubilados. 5. Instalación de una pantalla en un lugar de paso, pasillo de entrada a las instalaciones, por el que transcurren ciudadanos y demás personal del referido Ayuntamiento, en el que se pueden observar las hojas de servicio que contienen datos personales de los agentes, información sobre penados, comunicaciones judiciales (órdenes de alejamiento), donde se pueden ver los nombres y apellidos de la víctima y el penado... 6. Los carteles de aviso de zona videovigilada no cumplen con lo establecido en la normativa vigente. Además siguen haciendo alusión a la derogada Ley 15/1999. 7. No se cumple con el art. 88 de la LOPDGDD, relativo al derecho a la desconexión digital en el ámbito laboral debido a la transformación digital que ha sufrido la policía local del Ayuntamiento de ***LOCALIDAD.1 y el uso de aplicaciones como ***APLICACIÓN.1, ***APLICACIÓN.2 y el uso de aplicaciones de mensajería como Whatsapp. C/ Jorge Juan, 6 www.aepd.es 28001 – Madrid sedeagpd.gob.es 2/8 Junto a la notificación se aporta:  - Aporta captura de pantalla de la aplicación ***APLICACIÓN.1 donde consta un desplegable con los nombres y apellidos de los trabajadores. - Aporta fotografía de dos carteles informativos de zona videovigilada de donde consta que se hace referencia a la Ley15/1999 y consta asimismo exclusivamente la forma de ejercitar los derechos los cuales se podrán ejercitar ante el “Superintendente Jefe de la Policía Local de ***LOCALIDAD.1”. - Aporta fotografía de un monitor ubicado en pasillo d"
e-08998-2021,2021,https://www.aepd.es/documento/e-08998-2021.pdf,https://web.archive.org/web/20240703224549id_/https://www.aepd.es/documento/e-08998-2021.pdf,"1/4  Expediente N.º: E/08998/2021 RESOLUCIÓN DE ARCHIVO DE ACTUACIONES De las actuaciones practicadas por la Agencia Española de Protección de Datos y teniendo como base los siguientes: HECHOS PRIMERO: D. A.A.A. (en adelante, la parte reclamante) con fecha 30 de abril de 2021 interpuso reclamación ante la Agencia Española de Protección de Datos. La reclamación se dirige contra Trading Platinum Spain, S.L. con NIF B01790914 (en adelante, la parte reclamada). Los motivos en que basa la reclamación son los siguientes: La parte reclamante formula reclamación por la recepción de llamadas comerciales de la reclamada, en el número de teléfono ***TELÉFONO.1 procedentes de la numeración ***TELÉFONO.2 el 13 de enero de 2021 a las 12:26 y el 15 de abril de 2021 a las 11:07 horas.   Documentación relevante aportada por la parte reclamante: Certificado de la inscripción de la línea receptora ***TELÉFONO.1 en el Servicio de Lista Robinson de Adigital desde el 05/02/2012. Capturas de pantalla de la línea móvil donde consta la línea llamante ***TELÉFONO.2, recibidas el 13 de enero de 2021 a las 12:26 y el 15 de abril de 2021 a las 11:07 horas SEGUNDO: De conformidad con el artículo 65.4 de la Ley Orgánica 3/2018, de 5 de diciembre, de Protección de Datos Personales y garantía de los derechos digitales (en adelante LOPDGDD), se dio traslado de dicha reclamación a la parte reclamada, para que procediese a su análisis e informase a esta Agencia en el plazo de un mes, de las acciones llevadas a cabo para adecuarse a los requisitos previstos en la normativa de protección de datos. El traslado, que se practicó conforme a las normas establecidas en la Ley 39/2015, de 1 de octubre, del Procedimiento Administrativo Común de las Administraciones Públicas (en adelante, LPACAP) mediante notificación electrónica, no fue recogido por el responsable, dentro del plazo de puesta a disposición, entendiéndose rechazada conforme a lo previsto en el art. 43.2 de la LPACAP en fecha 28 de junio de 2021, como consta en el certificado que obra en el expediente; reiterándose la solicitud de información por vía postal el 28 de junio de 2021, resultando ausente reparto el 9 y 12 de julio de 2021, siendo devuelta por el servicio de Correos el 20 de julio de 2021. Se reitera nuevamente en fecha 28 de julio de 2021, resultando nuevamente ausente reparto los días 11 y 12 de agosto de 2021 y siendo devuelta por el servicio de Correos el 20 de agosto de 2021. C/ Jorge Juan, 6 www.aepd.es 28001 – Madrid sedeagpd.gob.es 2/4 TERCERO: Con fecha 23 de agosto de 2021, de conformidad con el artículo 65 de la LOPDGDD, se admitió a trámite la reclamación presentada por la parte reclamante. CUARTO: La Subdirección General de Inspección de Datos procedió a la realización de actuaciones previas de investigación para el esclarecimiento de los hechos en cuestión, en virtud de los poderes de investigación otorgados a las autoridades de control en el artículo 58.1 del Reglamento (UE) 2016/679 (Reglamento Gener"
e-09379-2021,2021,https://www.aepd.es/es/documento/e-09379-2021.pdf,https://web.archive.org/web/20230530045358id_/https://www.aepd.es/es/documento/e-09379-2021.pdf,"1/5  Expediente Nº: E/09379/2021 RESOLUCIÓN DE ARCHIVO DE ACTUACIONES De las actuaciones practicadas por la Agencia Española de Protección de Datos y teniendo como base los siguientes: HECHOS PRIMERO: D. A.A.A. (en adelante, la parte reclamante) con fecha 24 de mayo de 2021 interpuso reclamación ante la Agencia Española de Protección de Datos. La reclamación se dirige contra Vodafone España, S.A.U. con NIF A80907397 (en adelante, la parte reclamada o Vodafone).  Los motivos en que basa la reclamación son los siguientes: El reclamante manifiesta que, en fecha 22 de abril de 2021, solicitó a la entidad reclamada la oposición al tratamiento de sus datos con fines comerciales, en concreto, dejar de recibir llamadas de este tipo en su línea telefónica, así como la supresión de sus datos, sin que su solicitud haya recibido contestación en el plazo legalmente establecido, además de recibir con posterioridad (en fecha 22 de mayo de 2021) una llamada comercial de dicha entidad.  Junto a su reclamación, aporta copia de la solicitud de oposición y supresión enviada a través de e-mail, acreditación de la inscripción de la línea en la Lista Robinson y pantallazo relativo a la llamada recibida. SEGUNDO: En fecha 10 de junio de 2021, tras analizarse la documentación que obraba en el expediente, se dictó resolución por la Directora de la Agencia Española de Protección de Datos, acordando la inadmisión a trámite de la reclamación, puesto que se constató que las direcciones de correo a las que se enviaron las solicitudes no eran las habilitadas al efecto por la entidad reclamada para el ejercicio de derechos, no constando su recepción por parte de la entidad reclamada. La resolución fue notificada en fecha 21 de junio de 2021, según aviso de recibo que figura en el expediente. TERCERO: En fecha 22 de junio de 2021, el recurrente presentó recurso de reposición en el que muestra disconformidad con la resolución, haciendo hincapié en que la línea receptora se encuentra inscrita en la Lista Robinson, aportando ahora documentación acreditativa de la inscripción de la línea afectada en la citada lista desde el 11 de febrero de 2015. CUARTO: En fecha 2 de septiembre de 2021 la Directora de la Agencia Española de Protección de Datos estimó el recurso de reposición interpuesto por la parte reclamante contra la Resolución de esta Agencia dictada en fecha 10 de junio de 2021, al haber aportado nueva documentación relevante a los efectos de lo planteado.  C/ Jorge Juan, 6 www.aepd.es 28001 – Madrid sedeagpd.gob.es 2/5 QUINTO: La Subdirección General de Inspección de Datos procedió a la realización de actuaciones previas de investigación para el esclarecimiento de los hechos en cuestión, en virtud de los poderes de investigación otorgados a las autoridades de control en el artículo 57.1 del Reglamento (UE) 2016/679 (Reglamento General de Protección de Datos, en adelante RGPD), y de conformidad con lo establecido en el Título VII, Capítulo I, Sección segunda, de la LOPDGDD, te"
e-09419-2021,2021,https://www.aepd.es/es/documento/e-09419-2021.pdf,https://web.archive.org/web/20220307211622id_/https://www.aepd.es/es/documento/e-09419-2021.pdf,"1/7  Expediente Nº: E/09419/2021 RESOLUCIÓN DE ARCHIVO DE ACTUACIONES De las actuaciones practicadas por la Agencia Española de Protección de Datos y teniendo como base los siguientes HECHOS PRIMERO: A.A.A. (en adelante, la parte reclamante) con fecha 20 de febrero de 2021 interpuso reclamación ante la Agencia Española de Protección de Datos.  La reclamación se dirige contra ADMIRAL INTERMEDIARY SERVICES, S.A.U. con CIF A90354911 (en adelante, la parte reclamada).  El motivo en que se basa la reclamación es el tratamiento de datos personales de la reclamante para efectuar una consulta en los ficheros de solvencia ASNEF y BADEXCUG, sin base de legitimación, ya que se realizó dicha consulta pese a no mantener una relación contractual ni haber solicitado la celebración de un contrato que suponga financiación, pago aplazado o facturación periódica. SEGUNDO: De conformidad con el artículo 65.4 de la Ley Orgánica 3/2018, de 5 de diciembre, de Protección de Datos Personales y garantía de los derechos digitales (en adelante LOPDGDD), se dio traslado de dicha reclamación a la parte reclamada el 30 de marzo de 2021, para que procediese a su análisis e informase a esta Agencia en el plazo de un mes, de las acciones llevadas a cabo para adecuarse a los requisitos previstos en la normativa de protección de datos. Con fecha 28 de abril de 2021 se recibe en esta Agencia escrito de respuesta indicando lo siguiente: El día 16 de septiembre de 2020 a las 17:54 horas, siguiendo la información facilitada en la documentación aportada al expediente por la reclamante, se solicitó presupuesto de seguro empleando para ello el DNI de la reclamante a través del comparador online Rastreator.  Cuando un interesado solicita un presupuesto de seguro a través de esta plataforma, siguiendo la práctica habitual del mercado, las compañías de seguro, de forma automática, lanzan una consulta a los ficheros de solvencia crediticia con el objetivo de tener un elemento más de cara a valorar el riesgo para la contratación de una póliza de seguro debido a las características particulares de dicho negocio (en este caso, la reclamante ni siquiera constaba en ninguno de los ficheros). Cuando se reciben los datos personales e información como consecuencia de una petición de presupuesto de seguro en un comparador/agregador se desagrega informáticamente en caso de que la persona que ha solicitado el presupuesto no muestre un interés específico por la oferta de la empresa o no se requiera una gestión C/ Jorge Juan, 6 www.aepd.es 28001 – Madrid sedeagpd.gob.es 2/7 concreta, no quedando registro que asocie la cotización con el número de DNI (que además queda ofuscado), por lo que no resulta accesible, visible ni puede asociarse en los sistemas, de forma que nadie en la empresa, ni siquiera el equipo encargado de gestionar los ejercicios de derechos, tienen la posibilidad de encontrar esta información ni relacionarla, razón por la cual no se incluyó ese dato en la respuesta al ejercicio del derec"
e-09420-2021,2021,https://www.aepd.es/es/documento/e-09420-2021.pdf,https://web.archive.org/web/20220307210810id_/https://www.aepd.es/es/documento/e-09420-2021.pdf,"1/6  Expediente Nº: E/09420/2021 RESOLUCIÓN DE ARCHIVO DE ACTUACIONES De las actuaciones practicadas por la Agencia Española de Protección de Datos y teniendo como base los siguientes HECHOS PRIMERO: A.A.A. (en adelante, la parte reclamante) con fecha 28 de febrero de 2021 interpuso reclamación ante la Agencia Española de Protección de Datos.  La reclamación se dirige contra AXA SEGUROS GENERALES S.A. DE SEGUROS Y REASEGUROS con NIF A60917978 (en adelante, la parte reclamada).  El motivo en que basa la reclamación es que la entidad reclamada ha consultado su DNI en el fichero EXPERIAN, sin que mantenga o haya pretendido celebrar contrato alguno con esta entidad, por lo que solicita la supresión de sus datos personales. SEGUNDO: De conformidad con el artículo 65.4 de la Ley Orgánica 3/2018, de 5 de diciembre, de Protección de Datos Personales y garantía de los derechos digitales (en adelante LOPDGDD), se dio traslado de dicha reclamación a la parte reclamada el 14 de abril de 2021, para que procediese a su análisis e informase a esta Agencia en el plazo de un mes, de las acciones llevadas a cabo para adecuarse a los requisitos previstos en la normativa de protección de datos. Con fecha 14 de mayo de 2021 se recibe en esta Agencia escrito de respuesta indicando que en cumplimiento de los artículos 66 y 100 de la Ley 20/2015, de 14 de julio, de ordenación, supervisión y solvencia de las entidades aseguradoras y reaseguradoras, AXA dispone de habilitación legal que le permite realizar este tipo de comprobación de solvencia con terceras Entidades con el objetivo de identificar, medir y valor el riesgo para el cálculo la prima del producto de seguro a contratar.  Añade que esta finalidad de tratamiento se informa a los clientes en el momento de tarificación.  En este sentido, manifiesta que constan en los sistemas la solicitud de dos presupuestos realizados, correspondiente a seguro de auto y de moto por lo que se consultó su DNI y dado que el presupuesto no se llegó a finalizar, el sistema no almacenó la tarificación realizada con el DNI de la Denunciante, por lo que no se procedió a la grabación de los datos en el Sistema de tarificación al realizar el presupuesto en cuestión, sino que por el contrario se ha procedido a la supresión y eliminación definitiva de los datos personales de la reclamante.  TERCERO: Con fecha 9 de junio de 2021 la Directora de la Agencia Española de Protección de Datos acordó admitir a trámite la reclamación presentada por la parte reclamante. C/ Jorge Juan, 6 www.aepd.es 28001 – Madrid sedeagpd.gob.es 2/6 FUNDAMENTOS DE DERECHO I De acuerdo con los poderes de investigación y correctivos que el artículo 58 del Reglamento (UE) 2016/679 (Reglamento general de protección de datos, en adelante RGPD) otorga a cada autoridad de control, y según lo dispuesto en el artículo 47 de la Ley Orgánica 3/2018, de 5 de diciembre, de Protección de Datos Personales y garantía de los derechos digitales (en lo sucesivo LOPDGDD), es competente "
e-09673-2021,2021,https://www.aepd.es/es/documento/e-09673-2021.pdf,https://web.archive.org/web/20220307212651id_/https://www.aepd.es/es/documento/e-09673-2021.pdf,"1/3  Expediente Nº: E/09673/2021 RESOLUCIÓN DE ARCHIVO DE ACTUACIONES De las actuaciones practicadas por la Agencia Española de Protección de Datos y teniendo como base los siguientes HECHOS PRIMERO: A.A.A. (en adelante, el reclamante) con fecha 11 de mayo de 2021 interpuso reclamación ante la Agencia Española de Protección de Datos. La reclamación se dirige contra XFERA MÓVILES, S.A. con CIF A82528548 (en adelante, la reclamada).  Los motivos en que basa la reclamación son los siguientes: Se han realizado varios duplicados de tarjeta SIM sin consentimiento del reclamante. Junto a la notificación se aporta escrito en el que se indica que se han producido varios duplicados de SIM para su línea:   - El 07/05/2021 el reclamante realiza duplicidad de SIM en tienda al estar bloqueada la línea.  - El mismo día se produce una nueva duplicidad de SIM volviendo a quedar la línea bloqueada al reclamante.  - El 08/05/2021 el reclamante vuelve a realizar un duplicado de SIM para recuperar la línea. - Declara que ha sufrido disposiciones de su cuenta bancaria a consecuencia de los hechos. SEGUNDO: De conformidad con el artículo 65.4 de la Ley Orgánica 3/2018, de 5 de diciembre, de Protección de Datos Personales y garantía de los derechos digitales (en adelante LOPDGDD), se dio traslado de dicha reclamación a la parte reclamada/XXXXX, para que procediese a su análisis e informase a esta Agencia en el plazo de un mes, de las acciones llevadas a cabo para adecuarse a los requisitos previstos en la normativa de protección de datos. Con fecha 21 de junio de 2021, se practicó el traslado de dicha reclamación a XFERA MÓVILES, que fue recogido el mismo día como consta en el acuse de recibo que obra en el expediente. Se recibe en esta Agencia escrito de respuesta el 22 de julio de 2021. C/ Jorge Juan, 6 www.aepd.es 28001 – Madrid sedeagpd.gob.es 2/3 TERCERO: Con fecha 23 de agosto de 2021, de conformidad con el artículo 65 de la LOPDGDD, se admitió a trámite la reclamación presentada por la parte reclamante. FUNDAMENTOS DE DERECHO I  Competencia De acuerdo con las funciones que el artículo 57.1 a), f) y h) del Reglamento (UE) 2016/679 (Reglamento general de protección de datos, en adelante RGPD) confiere a cada autoridad de control y según lo dispuesto en los artículos 47 y 48.1 de la Ley Orgánica 3/2018, de 5 de diciembre, de Protección de Datos Personales y garantía de los derechos digitales (en lo sucesivo LOPDGDD), es competente para resolver estas actuaciones de investigación la Directora de la Agencia Española de Protección de Datos. Asimismo, el artículo 63.2 de la LOPDGDD determina que: “Los procedimientos tramitados por la Agencia Española de Protección de Datos se regirán por lo dispuesto en el Reglamento (UE) 2016/679, en la presente ley orgánica, por las disposiciones reglamentarias dictadas en su desarrollo y, en cuanto no las contradigan, con carácter subsidiario, por las normas generales sobre los procedimientos administrativos.” II Los hechos reclamad"
e-09732-2021,2021,https://www.aepd.es/es/documento/e-09732-2021.pdf,https://web.archive.org/web/20220307211553id_/https://www.aepd.es/es/documento/e-09732-2021.pdf,"1/5  Expedientes Nº E/09732/2021  RESOLUCIÓN DE ARCHIVO DE ACTUACIONES De las actuaciones practicadas por la Agencia Española de Protección de Datos y teniendo como base los siguientes HECHOS Las reclamaciones interpuestas en los expedientes de admisión a trámite acumulados en este expediente con Nº: E/00245/2020, E/00262/2020, E/00916/2020, E/00920/2S020, E/00921/2020, E/00925/2020, E/00934/2020, E/00936/2020, E/00941/2020, E/11290/2019 y E/11663/2019 (en lo sucesivo, las partes reclamantes) se dirigían contra VODAFONE ESPAÑA, S.A.U. (en adelante, VODAFONE). Los motivos en que basaban su reclamación eran la recepción de llamadas comerciales en nombre de VODAFONE.    FUNDAMENTOS DE DERECHO I De conformidad con lo establecido en el artículo 84.3) de la Ley 9/2014, de 9 de mayo, General de Telecomunicaciones (en lo sucesivo, LGT), la competencia para resolver el presente Procedimiento corresponde a la Directora de la Agencia Española de Protección de Datos.  De acuerdo con los poderes de investigación y correctivos que el artículo 58 del Regla- mento (UE) 2016/679 (Reglamento general de protección de datos, en adelante RGPD) otorga a cada autoridad de control, y según lo dispuesto en el artículo 47 de la Ley Orgánica 3/2018, de 5 de diciembre, de Protección de Datos Personales y garan- tía de los derechos digitales (en lo sucesivo, LOPDGDD), es competente para resolver estas actuaciones de investigación la Directora de la Agencia Española de Protección de Datos. II La LGT se ocupa en el Título III, Capítulo V, de los “Derechos de los usuarios finales” y les otorga, entre otros, el derecho a oponerse a las llamadas no deseadas con fines comerciales.  Así, el artículo 48 de la LGT, bajo la rúbrica “Derecho a la protección de datos perso- nales y la privacidad en relación con las comunicaciones no solicitadas”, dispone, en su apartado 1, lo siguiente:  C/ Jorge Juan, 6 www.aepd.es 28001 – Madrid sedeagpd.gob.es 2/5 “1. Respecto a la protección de datos personales y la privacidad en relación con las comunicaciones no solicitadas los usuarios finales de los servicios de comunicaciones electrónicas tendrán los siguientes derechos: a) A no recibir llamadas automáticas sin intervención humana o mensajes de fax, con fines de comunicación comercial sin haber prestado su consentimiento previo e infor- mado para ello.  b) A oponerse a recibir llamadas no deseadas con fines de comunicación comercial que se efectúen mediante sistemas distintos de los establecidos en la letra anterior y a ser informado de este derecho.”   III En relación con las llamadas telefónicas, se regula el ejercicio del derecho de oposi- ción en el artículo 21 del RGPD, donde se establece que: “1. El interesado tendrá derecho a oponerse en cualquier momento, por motivos rela- cionados con su situación particular, a que datos personales que le conciernan sean objeto de un tratamiento basado en lo dispuesto en el artículo 6, apartado 1, letras e) o f), incluida la elaboración de perfiles so"
e-10167-2021,2021,https://www.aepd.es/documento/e-10167-2021.pdf,https://web.archive.org/web/20240630161051id_/https://www.aepd.es/documento/e-10167-2021.pdf,"1/4  Expediente Nº: E/10167/2021 RESOLUCIÓN DE ARCHIVO DE ACTUACIONES De las actuaciones practicadas por la Agencia Española de Protección de Datos ante Dª. A.A.A., con NIF.: ***NIF.1, titular de la página web ***URL.1(en adelante, “la parte reclamada”), en virtud de la reclamación presentada por Dª. B.B.B., (en adelante, “la parte reclamante”), por la presunta vulneración de la normativa de protección de datos: Reglamento (UE) 2016/679, del Parlamento Europeo y del Consejo, de 27/04/16, rela- tivo a la Protección de las Personas Físicas en lo que respecta al Tratamiento de Da- tos Personales y a la Libre Circulación de estos Datos (RGPD), y vulneración de la Ley Orgánica 3/2018, de 5 de diciembre, de Protección de Datos Personales y Garantía de los Derechos Digitales (LOPDGDD), Ley 34/2002, de 11 de julio, de Servicios de la Sociedad de la Información y Comercio Electrónico (LSSI), y teniendo como base los siguientes: HECHOS PRIMERO: Con fecha 26/04/21, tuvo entrada en esta Agencia, escrito presentado por la reclamante, en el que indicaba lo siguiente: “Desde la web ***URL.1 me envían información comercial, solicito baja y me dicen que pinche en un sitio, clico y me dicen que me identifique, lo intento y le digo que no re- cuerdo contraseña, y entonces les pido reiniciar contraseña, me dice que me envían un email para cambiarla y este email no llega nunca”.  Al escrito de reclamación se aporta impresión de pantalla del proceso de solicitud de baja realizado en el sitio web, ***URL.2 donde consta un proceso de renovación de contraseña. En una de las capturas de pantalla que aporta, se aprecia el siguiente texto: ""Para dar de baja tu cuenta, pulsa aquí. Recuerda que debes de estar loteado para poder darte de baja”. SEGUNDO: Con fecha 21/06/21 y 12/07/21 se dio traslado de dicha reclamación a la parte reclamada, para que procediese a su análisis e informase a esta Agencia en el plazo de un mes, de las acciones llevadas a cabo para adecuarse a los requisitos previstos en la normativa de protección de datos, de conformidad con lo estipulado en el artículo 65.4 de la Ley LOPDGDD. Según certificado del Servicio de Notificaciones Electrónicas y Dirección Electrónica, el escrito de solicitud enviado a la parte reclamada, el día 21/06/21, a través del servicio de notificaciones electrónicas “NOTIFIC@”, fue rechazado en destino el día 02/07/21 Según certificado de la Sociedad Estatal Correos y Telégrafos, el escrito de solicitud enviado a la parte reclamada, el día 12/07/21 a través del servicio de notificaciones postales de Correos, fue entregado en destino el día 21/07/21, siendo el receptor de este: Dª C.C.C.. ***NIF.2 C/ Jorge Juan, 6 www.aepd.es 28001 – Madrid sedeagpd.gob.es 2/4 TERCERO: Con fecha 14/11/21, se recibe en esta Agencia contestación de la parte re- clamada a la solicitud hecha, en la cual se indica lo siguiente: De Somos La Web S.L. En relación con la reclamante les informamos: La usuaria creó su cuenta en fecha, hora, según consta en n"
e-10169-2021,2021,https://www.aepd.es/es/documento/e-10169-2021.pdf,https://web.archive.org/web/20220307211827id_/https://www.aepd.es/es/documento/e-10169-2021.pdf,"1/5  Expediente Nº: EXP202101361 RESOLUCIÓN DE ARCHIVO DE ACTUACIONES De las actuaciones practicadas por la Agencia Española de Protección de Datos y teniendo como base los siguientes: HECHOS PRIMERO: D. A.A.A. (en adelante, la parte reclamante) con fecha 5 de junio de 2021 interpuso reclamación ante la Agencia Española de Protección de Datos. La reclamación se dirige contra VODAFONE ESPAÑA, S.A.U. con CIF A80907397 (en adelante, la parte reclamada o Vodafone). Los motivos en que basa la reclamación son los siguientes: El afectado reclama por la recepción de llamadas comerciales, en su línea telefónica a pesar de haber ejercitado el derecho de oposición, debidamente atendido por la reclamada, tal y como acredita con una comunicación, recibida el 19 de mayo de 2021, por correo electrónico.   Fecha en la que tuvieron lugar los hechos reclamados: entre el 18 de mayo y 5 de junio de 2021. Documentación relevante aportada por la parte reclamante: - Captura de pantalla de llamadas recibidas desde las líneas llamantes: ***TELÉFONO.1 el 18 de mayo de 2021 y ***TELÉFONO.2 entre el 30 de mayo y 5 de junio de 2021, con posterioridad al ejercicio del derecho de oposición atendido. SEGUNDO: De conformidad con el artículo 65.4 de la Ley Orgánica 3/2018, de 5 de diciembre, de Protección de Datos Personales y garantía de los derechos digitales (en adelante LOPDGDD), se dio traslado de dicha reclamación a la parte reclamada, para que procediese a su análisis e informase a esta Agencia en el plazo de un mes, de las acciones llevadas a cabo para adecuarse a los requisitos previstos en la normativa de protección de datos. El traslado, que se practicó conforme a las normas establecidas en la Ley 39/2015, de 1 de octubre, del Procedimiento Administrativo Común de las Administraciones Públicas (en adelante, LPACAP), fue recogido en fecha 24 de agosto 2021como consta en el acuse de recibo que obra en el expediente. Con fecha 23 de septiembre de 2021 se recibe en esta Agencia escrito de respuesta indicando que ha verificado que la línea telefónica receptora consta inscrita en la lista Robinson interna de Vodafone desde el 10 de noviembre de 2020. Asimismo, han constatado que también está inscrito en la Lista Robinson de Adigital y que los números de teléfono de origen de las llamadas indicados en las reclamaciones no constan en su base de datos de números asociados a sus colaboradores que realizan llamadas de captación en nombre de Vodafone, por lo que desconocen el origen de las mismas. C/ Jorge Juan, 6 www.aepd.es 28001 – Madrid sedeagpd.gob.es 2/5 TERCERO: Con fecha 24 de septiembre de 2021, de conformidad con el artículo 65 de la LOPDGDD, se admitió a trámite la reclamación presentada por la parte reclamante. CUARTO: La Subdirección General de Inspección de Datos procedió a la realización de actuaciones previas de investigación para el esclarecimiento de los hechos en cuestión, en virtud de los poderes de investigación otorgados a las autoridades de control en el ar"
e-10170-2021,2021,https://www.aepd.es/documento/e-10170-2021.pdf,https://web.archive.org/web/20230928203610id_/https://www.aepd.es/documento/e-10170-2021.pdf,"1/6  Expediente N.º: EXP202101302 RESOLUCIÓN DE ARCHIVO DE ACTUACIONES De las actuaciones practicadas por la Agencia Española de Protección de Datos y teniendo como base los siguientes: HECHOS PRIMERO: Don A.A.A. (en adelante, la parte reclamante), con fecha 8 de junio de 2021, interpuso reclamación ante la Agencia Española de Protección de Datos. La reclamación se dirige contra CAJA DE SEGUROS REUNIDOS, COMPAÑÍA DE SEGUROS Y REASEGUROS, S.A. (en lo sucesivo, CASER) y AXA SEGUROS GENERALES S.A. DE SEGUROS Y REASEGUROS (en lo sucesivo, AXA). Los motivos en que basa la reclamación son los siguientes: El afectado reclama la recepción de comunicaciones electrónicas comerciales, con fecha 8 de junio de 2021, a pesar de haber expresado su deseo de no recibirlas y de que la dirección de correo electrónico receptora está registrada en la Lista Robinson desde el 15 de septiembre de 2017. Documentación relevante aportada por la parte reclamante: - Copia de los correos electrónicos, y de sus correspondientes cabeceras, intercambiados con una agente de CASER en 2017 expresando su deseo de no recibir más comunicaciones publicitarias de esta entidad. - Captura de pantalla del correo publicitario, de fecha 2 de marzo de 2021, en nombre de AXA, e impresión de las cabeceras de este correo, remitido por la misma agente que le contactó anteriormente en nombre de CASER. - Cabeceras de una comunicación recibida el 08 de junio de 2021, con asunto: ""nos mudamos!!nuevas oficinas"" procedente de la misma agente. - - Certificado Lista Robinson  SEGUNDO: De conformidad con el artículo 65.4 de la Ley Orgánica 3/2018, de 5 de diciembre, de Protección de Datos Personales y garantía de los derechos digitales (en adelante LOPDGDD), se dio traslado de dicha reclamación a CASER, para que procediese a su análisis e informase a esta Agencia en el plazo de un mes, de las acciones llevadas a cabo para adecuarse a los requisitos previstos en la normativa de protección de datos. El traslado, que se practicó conforme a las normas establecidas en la Ley 39/2015, de 1 de octubre, del Procedimiento Administrativo Común de las Administraciones Públicas (en adelante, LPACAP), fue recogido en fecha 19 de agosto de 2021, como consta en el acuse de recibo que obra en el expediente. C/ Jorge Juan, 6 www.aepd.es 28001 – Madrid sedeagpd.gob.es 2/6 Con fecha 7 de septiembre de 2021, se recibe en esta Agencia escrito de respuesta indicando, en síntesis, lo siguiente: - Que, con posterioridad al día 15 de septiembre de 2017, CASER no le ha remitido ninguna comunicación comercial. - Que, con fecha 19 de octubre de 2018, CASER resolvió el contrato de Agencia suscrito por la agente que remitió la comunicación comercial, por cuyo motivo desde dicho día esta Aseguradora no mantiene relación jurídica alguna con esta agente, por tanto, desde dicha fecha cualquier comunicación que le haya realizado resulta completamente ajena a esta Compañía de Seguros. - Que, tal y como figura en el escrito de reclamación p"
e-10529-2021,2021,https://www.aepd.es/documento/e-10529-2021.pdf,https://web.archive.org/web/20240417060020id_/https://www.aepd.es/documento/e-10529-2021.pdf,"1/15  Expediente Nº: E/10529/2021 RESOLUCIÓN DE ARCHIVO DE ACTUACIONES De las actuaciones practicadas por la Agencia Española de Protección de Datos y teniendo como base los siguientes: HECHOS PRIMERO: Don A.A.A. (en adelante, la parte reclamante), con fecha 21 de agosto de 2020, interpuso reclamación ante la Agencia Española de Protección de Datos. La reclamación se dirige contra GOOGLE LLC y la REAL ACADEMIA ESPAÑOLA (en adelante, esta última RAE o la parte reclamada).  Los motivos en que basa la reclamación son los siguientes: - A través de código HTML incrustado en la página web WWW.RAE.ES, se han recogido datos personales del reclamante y se han transferido a EEUU a través de los servicios de Google Analytics y Google Ads contratados por el responsable del portal, la RAE. - Durante la visita de la parte reclamante al mencionado sitio web, el responsable trató sus datos personales (al menos, la dirección IP y ""cookies""), y, aparentemente, algunos de estos datos fueron transferidos a Google LLC. La parte reclamante había iniciado sesión en su cuenta de Google asociada a su buzón de correo electrónico. - La parte reclamante sostiene que la transferencia de datos personales a EEUU por parte del responsable a través de su encargado de tratamiento no tiene base jurídica, toda vez que el TJUE ha invalidado la decisión sobre el ""EU-US Privacy Shield"" en el fallo C-311/18 (""Schrems II""), y el responsable ya no puede basar la transferencia de datos a Google en los EEUU en una decisión de adecuación en virtud del art. 45 del RGPD. - El responsable tampoco puede basar la transferencia de datos en las cláusulas contractuales tipo previstas en los arts. 46.2.c y 46.2.d del RGPD, si el tercer país de destino no garantiza una protección adecuada de los datos personales transferidos con arreglo a esas cláusulas, con arreglo a la legislación de la UE. El TJUE ha fallado explícitamente que las transferencias ulteriores a empresas comprendidas en el artículo 50 del Código de los Estados Unidos (USC), como es el caso de Google, violan los artículos pertinentes del Capítulo 5 del RGPD, ya que, en virtud de esta normativa (50 USC Par. 1881, o ""FISA 702""), están sujetas a la vigilancia de la inteligencia de EEUU. Como se desprende de las ""Snowden Slides"" y del propio Transparency Report del Google, esta entidad está proporcionando activamente datos personales al gobierno de los EEUU bajo ese precepto. - El responsable y Google han seguido confiando en el ""EU-US Privacy Shield"" y en las cláusulas estándares de protección de datos para las mencionadas transferencias de datos. Por lo que solicita se investigue plenamente la reclamación y se establezca: C/ Jorge Juan, 6 www.aepd.es 28001 – Madrid sedeagpd.gob.es 2/15 1. Qué datos personales fueron transferidos del responsable a Google LLC en los EEUU o a cualquier otro país tercero y organización internacional. 2. En qué mecanismo de transferencia en virtud del artículo 44 y siguientes del RGPD el responsable basó est"
e-10567-2021,2021,https://www.aepd.es/es/documento/e-10567-2021.pdf,https://web.archive.org/web/20220307212506id_/https://www.aepd.es/es/documento/e-10567-2021.pdf,"1/4  Expediente Nº: EXP202102436 RESOLUCIÓN DE ARCHIVO DE ACTUACIONES De las actuaciones practicadas por la Agencia Española de Protección de Datos y te- niendo como base los siguientes HECHOS PRIMERO: A.A.A. (en adelante, la parte reclamante), con fecha 14 de septiembre de 2021, interpuso reclamación ante la Agencia Española de Protección de Datos. La reclamación se dirige contra FOTOSCASERAS.TOP (en adelante, la parte reclamada). Los motivos en que basa la reclamación son los siguientes: La reclamante desea que se elimine una fotografía de contenido sexual publicada en el sitio web https://fotoscaseras.top/ en la que manifiesta que aparece ella. Identifica la imagen indicando el número que ocupa dentro de una galería cuya URL facilita. SEGUNDO: Con fecha 6 de octubre de 2021 la Directora de la Agencia Española de Protección de Datos acordó admitir a trámite la reclamación presentada por la parte re- clamante. TERCERO: La Subdirección General de Inspección de Datos procedió a la realización de actuaciones previas de investigación para el esclarecimiento de los hechos en cuestión, en virtud de los poderes de investigación otorgados a las autoridades de con- trol en el artículo 57.1 del Reglamento (UE) 2016/679 (Reglamento General de Protec- ción de Datos, en adelante RGPD), y de conformidad con lo establecido en el Título VII, Capítulo I, Sección segunda, de la LOPDGDD, teniendo conocimiento de los siguientes extremos: El sitio web no identifica a su responsable y, aparentemente, no existe ningún canal de contacto disponible. La base de datos de registro de dominios de Internet, arroja una dirección de email de contacto anonimizada a través de la entidad de registro “privacy- guardian.com”. Puesto en conocimiento del responsable del sitio web, a través de esta dirección de correo electrónico, de la solicitud de retirada presentada por la reclamante y requerido que facilitara a esta Agencia la dirección IP desde la que se publicó la imagen recla- mada, con fecha de 22 de octubre de 2021 se recibe en esta Agencia contestación del responsable indicando que la imagen ha sido eliminada completamente del sitio web pero que no pueden facilitarnos la IP de origen de la publicación porque no la conser- van en sus sistemas.  FUNDAMENTOS DE DERECHO I En virtud de los poderes que el artículo 58.2 del Reglamento (UE) 2016/679 (Regla- C/ Jorge Juan, 6 www.aepd.es 28001 – Madrid sedeagpd.gob.es 2/4 mento General de Protección de Datos, en adelante RGPD), reconoce a cada Autori- dad de Control, y según lo establecido en los artículos 47, 48.1, 64.2 y 68.1 de la Ley Orgánica 3/2018, de 5 de diciembre, de Protección de Datos Personales y garantía de los derechos digitales (en adelante, LOPDGDD), la Directora de la Agencia Española de Protección de Datos es competente para iniciar y resolver este procedimiento. El artículo 63.2 de la LOPDGDD determina que: “Los procedimientos tramitados por la Agencia Española de Protección de Datos se regirán por lo dispuesto en "
e-11262-2021,2021,https://www.aepd.es/documento/e-11262-2021.pdf,https://web.archive.org/web/20251204034425id_/https://www.aepd.es/documento/e-11262-2021.pdf,"1/6  Procedimiento Nº: E/11262/2021 RESOLUCIÓN DE ARCHIVO DE ACTUACIONES De las actuaciones practicadas por la Agencia Española de Protección de Datos ante D. A.A.A., con NIF.: ***NIF.1, titular de la página web ***URL.1, (en adelante, “la parte reclamada”), en virtud de la reclamación presentada por D. B.B.B. (en adelante, “la parte reclamante”), y teniendo como base los siguientes: HECHOS PRIMERO: Con fecha 22/01/21, tuvo entrada en esta Agencia, un escrito de reclamación, en el que, entre otras, se indicaba: “El propietario de la web ***URL.1, está haciendo uso indebido de las cookies. Obliga al uso de cookies de terceros y no está accesible la información relacionada. Tampoco aparecen datos del responsable de la web ni contacto”. SEGUNDO: Con fecha 09/03/21, por parte de la Directora de la Agencia Española de Protección de Datos se dicta acuerdo de admisión de trámite de la denuncia presentada por la parte reclamante, de conformidad con el artículo 65 de la Ley Orgánica 3/2018, de 5 de diciembre, de Protección de Datos Personales y garantía de los derechos digitales (LPDGDD), al apreciar posibles indicios racionales de una vulneración de las normas en el ámbito de las competencias de la Agencia Española de Protección de Datos, tenor de la información preliminar de la que se dispone. TERCERO: Con fechas 12/04/21 y 15/04/21, la Subdirección General de Inspección de Datos dirigió sendos requerimientos informativos a la parte reclamada, al amparo de los poderes de investigación otorgados a las autoridades de control en el art 57.1 del Reglamento (UE) 2016/679, del Parlamento Europeo y del Consejo, de 27/04/16, relativo a la Protección de las Personas Físicas en lo que respecta al Tratamiento de Datos Personales y a la Libre Circulación de estos Datos (RGPD). CUARTO: Con fecha 29/04/21, se recibió en esta Agencia escrito de contestación al requerimiento hecho a la parte reclamada, en el cual, se informa de: “Que el sitio web sobre el que se solicita información ***URL.1  fue creado en septiembre de 2018, con la debida inclusión de los textos legales en materia de protección de datos a fin de cumplir con la normativa vigente. Hemos de advertir que, en dicha fecha, todavía se encontraba vigente la LOPD 15/1999 de 13 de diciembre, que es la aparecía en dichos textos como norma a cumplir.  Que, como quiera que con posterioridad no se ha realizado una modificación de dichos textos legales, adecuando los mismos tanto al RGPD como a la nueva LOPDGG teniendo en cuenta el absoluto desconocimiento de mi representado al respecto y, al haber cambiado recientemente la normativa, nada más recibir este requerimiento procedió aquel a contactar con un profesional en la materia y contrató sus servicios de inmediato a fin de elaborar toda la documentación pertinente de conformidad con la normativa vigente y dando cumplimiento a todos y cada uno de los C/ Jorge Juan, 6 www.aepd.es 28001 – Madrid sedeagpd.gob.es 2/6 requisitos exigidos a estos efectos, tal y como se "
e-11418-2021,2021,https://www.aepd.es/es/documento/e-11418-2021.pdf,https://web.archive.org/web/20220309005318id_/https://www.aepd.es/es/documento/e-11418-2021.pdf,"1/4  Expediente Nº: E/11418/2021 RESOLUCIÓN DE ARCHIVO DE ACTUACIONES De las actuaciones practicadas por la Agencia Española de Protección de Datos y teniendo como base los siguientes HECHOS PRIMERO: A.A.A. (*en adelante, la parte reclamante) con fecha 10 de mayo de 2021 interpuso reclamación ante la Agencia Española de Protección de Datos. La reclamación se dirige contra B.B.B.con NIF ***NIF.1 (en adelante, la parte reclamada). Los motivos en que basa la reclamación son los siguientes: “presencia de un dispositivo en la terraza del reclamado que afecta a la zona de acceso del inmueble sin causa justificada y sin solicitar autorización alguna” (folio nº 1).   Aporta imágenes de la ubicación de la cámara y de la zona a la que se orienta la misma. SEGUNDO: De conformidad con el artículo 65.4 de la Ley Orgánica 3/2018, de 5 de diciembre, de Protección de Datos Personales y garantía de los derechos digitales (en adelante LOPDGDD), se dio traslado de dicha reclamación a la parte reclamada en fecha 19/05/21, para que procediese a su análisis e informase a esta Agencia en el plazo de un mes, de las acciones llevadas a cabo para adecuarse a los requisitos previstos en la normativa de protección de datos. Con fecha 31/08/21 se recibe en esta Agencia escrito de respuesta indicando que la cámara no graba, que está instalada por motivos de seguridad hacia el interior de su terraza privativa, activándose con el movimiento.  TERCERO: Con fecha 2 de septiembre de 2021 la Directora de la Agencia Española de Protección de Datos acordó admitir a trámite la reclamación presentada por la parte reclamante. FUNDAMENTOS DE DERECHO I De acuerdo con los poderes de investigación y correctivos que el artículo 58 del Reglamento (UE) 2016/679 (Reglamento general de protección de datos, en adelante RGPD) otorga a cada autoridad de control, y según lo dispuesto en el artículo 47 de la Ley Orgánica 3/2018, de 5 de diciembre, de Protección de Datos Personales y garantía de los derechos digitales (en lo sucesivo LOPDGDD), es competente para resolver estas actuaciones de investigación la Directora de la Agencia Española de Protección de Datos. C/ Jorge Juan, 6 www.aepd.es 28001 – Madrid sedeagpd.gob.es 2/4 II En el presente caso, se procede a examinar la reclamación de fecha por medio de la cual se traslada la presencia de un dispositivo instalado en una maceta en un balcón de un inmueble cercano a la vivienda del reclamante. En apoyo a su pretensión aporta prueba documental (Doc. nº 1) que acredita lo manifestado observándose la presencia del dispositivo, si bien sin concretar la orientación del mismo. Según manifiesta el reclamante la misma podría estar captando las entradas/salidas del inmueble, pero no aporta video alguno que respalde lo manifestado. En fecha 18/06/21 se reciben alegaciones de la parte reclamada argumentado que el dispositivo lo tiene instalado en su terraza privativa, activándose el mismo con un detector de movimiento. Los particulares pueden instalar cámara"
e-11644-2021,2021,https://www.aepd.es/documento/e-11644-2021.pdf,https://web.archive.org/web/20260526165228id_/https://www.aepd.es/documento/e-11644-2021.pdf,"1/6  Expediente N.º: EXP202103878 RESOLUCIÓN DE ARCHIVO DE ACTUACIONES De las actuaciones practicadas por la Agencia Española de Protección de Datos y teniendo como base los siguientes: HECHOS PRIMERO: Doña A.A.A. (en adelante, la parte reclamante), con fecha 22 de octubre de 2021, interpuso reclamación ante la Agencia Española de Protección de Datos. Los motivos en que basa la reclamación son los siguientes: La reclamante, madre de una menor de 16 años, manifiesta que han obtenido imágenes de Instagram y TikTok de los perfiles de su hija, las han manipulado (poniendo su cara en cuerpos desnudos) y las han subido a un sitio web pornográfico, concretamente a archivohot.com. Ha puesto los hechos en conocimiento de la policía, adjuntando la denuncia presentada ante la DGP y manifiesta haber solicitado la retirada del contenido al webmaster, sin éxito. Asimismo, aporta capturas de pantalla de la publicación de las imágenes de la menor en el sitio web citado. En la denuncia formulada ante la policía se detallan las direcciones web (URL) de acceso a los contenidos referidos: ***URL.1 y ***URL.2, comprobándose la publicación de fotos de una chica con el pecho desnudo. En el sitio web consta la siguiente dirección de contacto: archivohot@protonmail.com. SEGUNDO: Con fecha 28 de octubre de 2021, de conformidad con el artículo 65 de la LOPDGDD, se admitió a trámite la reclamación presentada por la parte reclamante. TERCERO:  La Subdirección General de Inspección de Datos procedió a la realización de actuaciones previas de investigación para el esclarecimiento de los hechos en cuestión, en virtud de las funciones asignadas a las autoridades de control en el artículo 57.1 y de los poderes otorgados en el artículo 58.1 del Reglamento (UE) 2016/679 (Reglamento General de Protección de Datos, en adelante RGPD), y de conformidad con lo establecido en el Título VII, Capítulo I, Sección segunda, de la LOPDGDD, teniendo conocimiento de los siguientes extremos: La reclamante no presenta el escrito ejerciendo el derecho de supresión ni indica la fecha concreta en la que se practicó la comunicación, pero con fecha de 28 de octubre de 2021, seis días después de presentar la reclamación, se comprueba que el contenido reclamado ha sido eliminado del sitio web en cuestión. Solicitado a la Dirección General de la Policía información de si se ha abierto investigación relativa al atestado presentado en esta Agencia dirigida a esclarecer la autoría de los hechos, y si la denuncia ha dado lugar a la apertura de diligencias en algún juzgado, con fecha de 13 de diciembre de 2021 se recibe en esta Agencia, C/ Jorge Juan, 6 www.aepd.es 28001 – Madrid sedeagpd.gob.es 2/6 escrito remitido por el Gabinete Técnico de la Policía informando de que “a tenor de la redacción dada por el artículo 284.2 de la LECR, conforme redacción dada por Ley 41/2015, de 5 de octubre en el que se establece que “cuando no haya autor conocido la Policía Judicial conservará el atestado a disposición del Mi"
e-11671-2021,2021,https://www.aepd.es/documento/e-11671-2021.pdf,https://web.archive.org/web/20240706163549id_/https://www.aepd.es/documento/e-11671-2021.pdf,"1/5  Expediente N.º: EXP202101597 RESOLUCIÓN DE ARCHIVO DE ACTUACIONES De las actuaciones practicadas por la Agencia Española de Protección de Datos y teniendo como base los siguientes: HECHOS PRIMERO: D. A.A.A. (en adelante, la parte reclamante) con fecha 19 de junio de 2021 interpuso reclamación ante la Agencia Española de Protección de Datos. La reclamación se dirige contra Xfera Móviles, S.A. con NIF A82528548 (en adelante, la parte reclamada). Los motivos en que basa la reclamación son los siguientes: La parte reclamante formula reclamación por la recepción de llamadas comerciales no deseadas en su línea de telefonía móvil ***TELEFONO.1, estando registrada la misma en el Servicio de Lista Robinson de exclusión publicitaria desde el 29 de octubre de 2019.  Añade, que ha recibido varias llamadas en nombre de la parte reclamada con ofertas comerciales que no ha solicitado.  Por otra parte, indica que los números llamantes son las siguientes: ***TELEFONO.2 (día 09/06/21, hora 15:51); ***TELEFONO.3 (día 12/06/21, hora 18:10) y ***TELEFONO.4 (día 17/06/21, hora 20:22). Fecha en la que tuvieron lugar los hechos reclamados: entre el 9 de junio de 2021 y 17 de junio de 2021. Documentación relevante aportada por la parte reclamante: - Certificado de registro en el Servicio de Lista Robinson. - Impresión de pantalla del registro de llamadas de su terminal móvil.  - Grabaciones de las llamadas. SEGUNDO: De conformidad con el artículo 65.4 de la Ley Orgánica 3/2018, de 5 de diciembre, de Protección de Datos Personales y garantía de los derechos digitales (en adelante LOPDGDD), se dio traslado de dicha reclamación a la parte reclamada, para que procediese a su análisis e informase a esta Agencia en el plazo de un mes, de las acciones llevadas a cabo para adecuarse a los requisitos previstos en la normativa de protección de datos. El traslado, que se practicó conforme a las normas establecidas en la Ley 39/2015, de 1 de octubre, del Procedimiento Administrativo Común de las Administraciones Públicas (en adelante, LPACAP), fue recogido en fecha 16 de septiembre de 2021 como consta en el acuse de recibo que obra en el expediente. C/ Jorge Juan, 6 www.aepd.es 28001 – Madrid sedeagpd.gob.es 2/5 Con fecha 18 de octubre de 2021 se recibe en esta Agencia escrito de respuesta de la parte reclamada manifestando que han realizado búsqueda en su sistema de gestión de campañas, no encontrándose resultados para la numeración indicada. Añaden que su entidad se encuentra adherida a ADigital y realizan comprobaciones en todas sus campañas comerciales de Lista Robinson, además de comprobación adicional en su lista interna de números bloqueados para campañas de telemarketing. TERCERO: Con fecha 28 de octubre de 2021, de conformidad con el artículo 65 de la LOPDGDD, se admitió a trámite la reclamación presentada por la parte reclamante. CUARTO: La Subdirección General de Inspección de Datos procedió a la realización de actuaciones previas de investigación para el esclarecim"
e-11676-2021,2021,https://www.aepd.es/es/documento/e-11676-2021.pdf,https://web.archive.org/web/20220211140735id_/https://www.aepd.es/es/documento/e-11676-2021.pdf,"1/4  Expediente Nº: E/11676/2021 RESOLUCIÓN DE ARCHIVO DE ACTUACIONES De las actuaciones practicadas por la Agencia Española de Protección de Datos y teniendo como base los siguientes HECHOS PRIMERO: A.A.A. (en adelante, la parte reclamante) con fechas 21 y 28 de abril de 2021 interpuso reclamación ante la Agencia Española de Protección de Datos. La reclamación se dirige contra B.B.B. con NIF ***NIF.1 (en adelante, la parte reclamada). Los motivos en que basa la reclamación son los siguientes: El reclamante manifiesta que la parte reclamada, responsable de un negocio que cuenta con un sistema de videovigilancia, ha difundido en redes sociales imágenes procedentes del sistema de videovigilancia del establecimiento en el que se encuentra el citado negocio, en el que aparecen el propietario del local y su familia.  Junto a la notificación se aporta captura de pantalla de la conversación mantenida mediante WhatsApp donde se adjunta el video controvertido; una captura de pantalla del video; y copia del video difundido. SEGUNDO: De conformidad con el artículo 65.4 de la Ley Orgánica 3/2018, de 5 de diciembre, de Protección de Datos Personales y garantía de los derechos digitales (en adelante LOPDGDD), se dio traslado de dicha reclamación a la parte reclamada, para que procediese a su análisis e informase a esta Agencia en el plazo de un mes, de las acciones llevadas a cabo para adecuarse a los requisitos previstos en la normativa de protección de datos. El traslado, que se practicó conforme a las normas establecidas en la Ley 39/2015, de 1 de octubre, del Procedimiento Administrativo Común de las Administraciones Públicas (en adelante, LPACAP), fue recogido en fecha 01/06/2021 como consta en el acuse de recibo que obra en el expediente. Con fecha 23/06/2021, se recibe en esta Agencia escrito de respuesta indicando que el chat de WhatsApp en el que se ha adjuntado un vídeo proveniente de una de las cámaras de su negocio  tiene lugar dentro de una relación profesional entre el reclamado y el comercial de la empresa Premium Central Receptora de Alarmas, S.L. (empresa instaladora del sistema de vídeo vigilancia del bar y encargada del mantenimiento del mismo), al que le solicita que extraiga un fragmento de las grabaciones realizadas por las cámaras en un día y una hora determinados para comprobar la posible comisión de un presunto delito en el interior del local. Según indica la parte reclamada, la forma habitual de relacionarse con el comercial de la empresa de seguridad cuando ha precisado obtener grabaciones de hechos acaecidos en el local ha sido a través de la aplicación WhatsApp. C/ Jorge Juan, 6 www.aepd.es 28001 – Madrid sedeagpd.gob.es 2/4 TERCERO: Con fecha 10 de agosto de 2021, de conformidad con el artículo 65 de la LOPDGDD, se admitió a trámite la reclamación presentada por la parte reclamante. FUNDAMENTOS DE DERECHO I  Competencia De acuerdo con las funciones que el artículo 57.1 a), f) y h) del Reglamento (UE) 2016/679 (Reglamento general "
e-11717-2021,2021,https://www.aepd.es/es/documento/e-11717-2021.pdf,https://web.archive.org/web/20220914080009id_/https://www.aepd.es/es/documento/e-11717-2021.pdf,"1/5  Expediente N.º: EXP202103030 RESOLUCIÓN DE ARCHIVO DE ACTUACIONES De las actuaciones practicadas por la Agencia Española de Protección de Datos y teniendo como base los siguientes HECHOS PRIMERO: A.A.A. (en adelante, la parte reclamante) con fecha 23 de agosto de 2021 interpuso reclamación ante la Agencia Española de Protección de Datos. La reclamación se dirige contra HOLALUZ-CLIDOM S.A. con NIF A65445033 (en adelante, HOLA-LUZ). Los motivos en que basa la reclamación son los siguientes: El reclamante presenta reclamación por recepción de llamadas comerciales en la línea ***TELEFONO.1, registrada en la Lista Robinson desde el 2 de agosto de 2018. Junto a la notificación se aportan capturas de pantalla, apreciándose la recepción de dos llamadas desde la línea ***TELEFONO.2 el 6 y 18 de agosto de 2021 y desde la línea ***TELEFONO.3 el 23 de agosto de 2021. SEGUNDO: De conformidad con el artículo 65.4 de la Ley Orgánica 3/2018, de 5 de diciembre, de Protección de Datos Personales y garantía de los derechos digitales (en adelante LOPDGDD), se dio traslado de dicha reclamación a HOLA-LUZ, para que procediese a su análisis e informase a esta Agencia en el plazo de un mes, de las acciones llevadas a cabo para adecuarse a los requisitos previstos en la normativa de protección de datos. El traslado, que se practicó conforme a las normas establecidas en la Ley 39/2015, de 1 de octubre, del Procedimiento Administrativo Común de las Administraciones Públicas (en adelante, LPACAP), fue recogido en fecha 13 de octubre de 2021 como consta en el acuse de recibo que obra en el expediente. Con fecha 3 de noviembre de 2021 se recibe en esta Agencia escrito de respuesta de HOLALUZ donde manifiestan que los teléfonos desde los que se han realizado las lla- madas comerciales no corresponden a su red de agentes, ni el número de teléfono del reclamante figura en sus sistemas como contactado.  TERCERO: Con fecha 3 de noviembre de 2021, de conformidad con el artículo 65 de la LOPDGDD, se admitió a trámite la reclamación presentada por la parte reclamante. CUARTO: La Subdirección General de Inspección de Datos procedió a la realización de actuaciones previas de investigación para el esclarecimiento de los hechos en cuestión, en virtud de las funciones asignadas a las autoridades de control en el artículo 57.1 y de los poderes otorgados en el artículo 58.1 del Reglamento (UE) 2016/679 (Reglamento General de Protección de Datos, en adelante RGPD), y de conformidad con lo establecido en el Título VII, Capítulo I, Sección segunda, de la LOPDGDD, teniendo conocimiento de los siguientes extremos: C/ Jorge Juan, 6 www.aepd.es 28001 – Madrid sedeagpd.gob.es 2/5 RESULTADO DE LAS ACTUACIONES DE INVESTIGACIÓN En el traslado de la reclamación los representantes de HOLALUZ-CLIDOM S.A. manifiestan lo siguiente: El proceso de contratación se puede llevar a cabo desde la web, accediendo a https://www.holaluz.com/, bien telefónicamente (900 67 07 07), o bien a través de la red de co"
e-11813-2021,2021,https://www.aepd.es/es/documento/e-11813-2021.pdf,https://web.archive.org/web/20230202060528id_/https://www.aepd.es/es/documento/e-11813-2021.pdf,"1/6  Expediente N.º: EXP202104184 RESOLUCIÓN DE ARCHIVO DE ACTUACIONES De las actuaciones practicadas por la Agencia Española de Protección de Datos y teniendo como base los siguientes HECHOS PRIMERO: Con fecha 4 de noviembre de 2021, la Subdirección General de Inspección de Datos (SGID) recibió para su valoración un escrito de notificación de brecha de seguridad de los datos personales remitido por BRICOLAJE BRICOMAN S.L. con NIF B84406289 (en adelante, BRICOMAN), recibido en fecha 27 de octubre de 2021, en el que informa a la Agencia Española de Protección de Datos de lo siguiente: El 27 de octubre se recibe notificación de brecha de seguridad que afecta al tratamiento de datos personales de unos 11947 afectados por pérdida en la confidencialidad de la información tratada, los datos no se encontraban cifrados.  La notificación la realiza el responsable de tratamiento, BRICOLAJE BRICOMAN S.L, y la brecha ocurre en uno de los servidores del encargado de tratamiento, ADEO SERVICES.  Se trataba de un servidor dedicado a la recopilación y tratamiento de los archivos de logs, que almacenaba información de carácter personal procedente de estos ficheros de logs en texto claro, en concreto trataba direcciones de emails de clientes y empleados, con nombre y apellidos de estos. No existen afectados de colectivos vulnerables.  Según la notificación la brecha se detecta el 26 de octubre de 2021 y entre las medidas preventivas se encontraban:  - (…) En esta notificación también se indica que la fecha en la que se da por resuelta la brecha es el 2 de octubre de 2021. SEGUNDO: La Subdirección General de Inspección de Datos procedió a la realización de actuaciones previas de investigación para el esclarecimiento de los hechos en cuestión, en virtud de las funciones asignadas a las autoridades de control en el artículo 57.1 y de los poderes otorgados en el artículo 58.1 del Reglamento (UE) 2016/679 (Reglamento General de Protección de Datos, en adelante RGPD), y de conformidad con lo establecido en el Título VII, Capítulo I, Sección segunda, de la LOPDGDD, teniendo conocimiento de los siguientes extremos: (…) C/ Jorge Juan, 6 www.aepd.es 28001 – Madrid sedeagpd.gob.es 2/6 FUNDAMENTOS DE DERECHO I Competencia y normativa aplicable En virtud de los poderes que el artículo 58.2 del Reglamento (UE) 2016/679 del Parlamento Europeo y del Consejo de 27 de abril de 2016 relativo a la protección de las personas físicas en lo que respecta al tratamiento de datos personales y a la libre circulación de estos datos (RGPD) reconoce a cada autoridad de control, y según lo establecido en los artículos 47 y 48 de la LOPDGDD, la Directora de la Agencia Española de Protección de Datos es competente para iniciar y resolver este procedimiento. Asimismo, el artículo 63.2 de la LOPDGDD determina que: ""Los procedimientos tramitados por la Agencia Española de Protección de Datos se regirán por lo dispuesto en el Reglamento (UE) 2016/679, en la presente ley orgánica, por las disposicion"
e-12163-2021,2021,https://www.aepd.es/documento/e-12163-2021.pdf,https://web.archive.org/web/20251113162416id_/https://www.aepd.es/documento/e-12163-2021.pdf,"1/5  Expediente Nº: EXP202102078 RESOLUCIÓN DE ARCHIVO DE ACTUACIONES De las actuaciones practicadas por la Agencia Española de Protección de Datos y teniendo como base los siguientes HECHOS PRIMERO: A.A.A. (en adelante, la parte reclamante) con fecha 25 de julio de 2021 interpuso reclamación ante la Agencia Española de Protección de Datos.  La reclamación se dirige contra PELAYO MUTUA DE SEGUROS Y REASEGUROS, S.A. con NIF G28031466 (en adelante, la parte reclamada).  El motivo en que basa la reclamación es que la entidad reclamada ha efectuado una consulta en sistemas comunes de información crediticia relativa a su solvencia, sin tener relación alguna con la misma ni haber solicitado información, presupuesto u otras gestiones. Aporta escrito de 19 de julio de 2021 en la que le informan que no les consta dato alguno de la reclamante e informe del sistema de información crediticia de 24 de junio de 2021 en el que consta la consulta efectuada. SEGUNDO: De conformidad con el artículo 65.4 de la Ley Orgánica 3/2018, de 5 de diciembre, de Protección de Datos Personales y garantía de los derechos digitales (en adelante LOPDGDD), en fecha 14 de septiembre de 2021 se dio traslado de dicha reclamación a la parte reclamada, para que procediese a su análisis e informase a esta Agencia en el plazo de un mes, de las acciones llevadas a cabo para adecuarse a los requisitos previstos en la normativa de protección de datos. Con fecha 7 de octubre se presenta escrito de respuesta indicando que la consulta de los datos de la reclamante al sistema de información crediticia Experian se realiza cuando una persona solicita bien una petición de precio respecto a un seguro (presupuesto), bien cuando realiza una contratación de un seguro de automóviles.  Se informó a la reclamante que no existen datos en los archivos por lo que la consulta a dicho sistema de información crediticia se debió ejecutar como consecuencia de la solicitud con su DNI de un presupuesto de seguro de automóviles con el objeto de proceder a una correcta tarificación y selección de riesgos, y una vez obtenidos los datos de Experian se elaboró el presupuesto no llegándose a efectuar contratación motivo por el cual sus datos se eliminaron de los archivos. TERCERO: Con fecha 8 de octubre de 2021, se admitió a trámite la reclamación presentada por la parte reclamante, al amparo de lo establecido en el artículo 65.5 de la LOPDGDD. C/ Jorge Juan, 6 www.aepd.es 28001 – Madrid sedeagpd.gob.es 2/5 FUNDAMENTOS DE DERECHO I De acuerdo con los poderes de investigación y correctivos que el artículo 58 del Reglamento (UE) 2016/679 (Reglamento general de protección de datos, en adelante RGPD) otorga a cada autoridad de control, y según lo dispuesto en el artículo 47 de la Ley Orgánica 3/2018, de 5 de diciembre, de Protección de Datos Personales y garantía de los derechos digitales (en lo sucesivo LOPDGDD), es competente para resolver estas actuaciones de investigación la Directora de la Agencia Española de Protecc"
e-12164-2021,2021,https://www.aepd.es/documento/e-12164-2021.pdf,https://web.archive.org/web/20251113173511id_/https://www.aepd.es/documento/e-12164-2021.pdf,"1/4  Expediente N.º: EXP202103026 RESOLUCIÓN DE ARCHIVO DE ACTUACIONES De las actuaciones practicadas por la Agencia Española de Protección de Datos y teniendo como base los siguientes HECHOS PRIMERO: A.A.A. (en adelante, la parte reclamante) con fecha 19 de agosto de 2021 interpuso reclamación ante la Agencia Española de Protección de Datos. La reclamación se dirige contra VODAFONE ESPAÑA, S.A.U. con NIF A80907397 (en adelante, la parte reclamada). Los motivos en que basa la reclamación son los siguientes: La parte reclamante formula reclamación por la recepción de una llamada comercial sin intervención humana, con fecha 19 de agosto de 2021, en su línea de móvil ***TELÉFONO.1, registrada en la Lista Robinson. Junto a la notificación se aporta captura de pantalla donde se puede apreciar la hora exacta de recepción de la llamada 14:30 horas, así como la línea llamante ***TELÉFONO.2. SEGUNDO: De conformidad con el artículo 65.4 de la Ley Orgánica 3/2018, de 5 de diciembre, de Protección de Datos Personales y garantía de los derechos digitales (en adelante LOPDGDD), se dio traslado de dicha reclamación a la parte reclamada, para que procediese a su análisis e informase a esta Agencia en el plazo de un mes, de las acciones llevadas a cabo para adecuarse a los requisitos previstos en la normativa de protección de datos. El traslado, que se practicó conforme a las normas establecidas en la Ley 39/2015, de 1 de octubre, del Procedimiento Administrativo Común de las Administraciones Públicas (en adelante, LPACAP), fue recogido en fecha 11 de octubre de 2021 como consta en el acuse de recibo que obra en el expediente. Con fecha 10 de noviembre de 2021 se recibe en esta Agencia escrito de respuesta in- dicando que, se ha verificado que la línea telefónica del reclamante consta en la Lista Robinson oficial de ADigital. Sin embargo, no se encontraba incluida en la lista interna de Vodafone, habiendo sido incorporada a raíz de la presente reclamación. También han comprobado que el número llamante que facilita el reclamante ***TELÉFONO.2 no figura en la base de datos de números telefónicos que usan los colaboradores para realizar llamadas de captación en nombre de VODAFONE. Así mismo indican que el numero de la línea llamante es titularidad de TELEFONICA DE ESPAÑA, S.A. UNI- PERSONAL, según consta en los registros de la CNMC. C/ Jorge Juan, 6 www.aepd.es 28001 – Madrid sedeagpd.gob.es 2/4 TERCERO: Con fecha 12 de noviembre de 2021, de conformidad con el artículo 65 de la LOPDGDD, se admitió a trámite la reclamación presentada por la parte reclamante. CUARTO: La Subdirección General de Inspección de Datos procedió a la realización de actuaciones previas de investigación para el esclarecimiento de los hechos en cuestión, en virtud de las funciones asignadas a las autoridades de control en el artículo 57.1 y de los poderes otorgados en el artículo 58.1 del Reglamento (UE) 2016/679 (Reglamento General de Protección de Datos, en adelante RGPD), y de conformidad c"
e-12222-2021,2021,https://www.aepd.es/documento/e-12222-2021.pdf,https://web.archive.org/web/20240704084103id_/https://www.aepd.es/documento/e-12222-2021.pdf,"1/7  Expediente N.º: EXP202104588 RESOLUCIÓN DE ARCHIVO DE ACTUACIONES De las actuaciones practicadas por la Agencia Española de Protección de Datos y te- niendo como base los siguientes: HECHOS PRIMERO: La Agencia Española de Protección de Datos ha tenido conocimiento a tra- vés de una denuncia presentada por Fundación Foro Libertad y Alternativa y por Ha- blamos español de ciertos hechos que podrían vulnerar la legislación en materia de protección de datos. Con fecha 22 de octubre de 2021, la Directora de la Agencia Es- pañola de Protección de Datos instó a la Subdirección General de Inspección de Datos (SGID) a iniciar las actuaciones previas de investigación a las que se refiere el artículo 67 de la Ley Orgánica 3/2018, de 5 de diciembre, de Protección de Datos Personales y garantía de los derechos digitales (en adelante, LOPDGDD) para investigar a la AS- SOCIACIÓ PLATAFORMA PER LA LLENGUA, con NIF G60417631, en relación con los siguientes hechos, según sus propias manifestaciones: La Plataforma per la Llengua, la ANC y varios sindicatos estudiantiles, como el Sindicat d'Estudiants dels Països Catalans (SEPC), han lanzado una web para infor- mar de profesores universitarios que impartan las materias en castellano. La aplicación permite a los estudiantes de todas las universidades de Cataluña, Baleares y la Comu- nidad Valenciana denunciar «cambios de lengua» en las asignaturas que cursan. Es decir, permite señalar a aquellos profesores que, habiéndose comprometido a impartir la clase en catalán, saltan al castellano para dirigirse a un alumno que no le compren- da por proceder de otra comunidad autónoma o país. Se adjunta un link a la web en cuestión: https://www.launiversitatencatala.cat .  A través de un cuestionario, los estudiantes pueden señalar en qué facultad, carrera, asignatura y grupo se ha producido la «vulneración lingüística», con lo que en la práctica se puede identificar al profesor que imparte la clase. Además, la web inclu- ye un apartado de comentarios para que los informantes puedan argumentar su de- nuncia. Las entidades denunciantes manifiestan que en la web reclamada se recogen datos personales de terceros, vinculados a denuncias realizadas por usuarios de la misma, de profesores que, en las Universidades de Cataluña, Baleares y la Comuni- dad Valenciana, utilicen el castellano en las aulas. SEGUNDO: La Subdirección General de Inspección de Datos procedió a la realización de actuaciones previas de investigación para el esclarecimiento de los hechos en cuestión, en virtud de las funciones asignadas a las autoridades de control en el artícu- lo 57.1 y de los poderes otorgados en el artículo 58.1 del Reglamento (UE) 2016/679 (Reglamento General de Protección de Datos, en adelante RGPD), y de conformidad con lo establecido en el Título VII, Capítulo I, Sección segunda, de la LOPDGDD, te- niendo conocimiento de los siguientes extremos: C/ Jorge Juan, 6 www.aepd.es 28001 – Madrid sedeagpd.gob.es 2/7 No queda constancia de que"
e-12231-2021,2021,https://www.aepd.es/documento/e-12231-2021.pdf,https://web.archive.org/web/20240707025722id_/https://www.aepd.es/documento/e-12231-2021.pdf,"1/5  Expediente N.º: EXP202103899 RESOLUCIÓN DE ARCHIVO DE ACTUACIONES De las actuaciones practicadas por la Agencia Española de Protección de Datos y teniendo como base los siguientes HECHOS PRIMERO: A.A.A. (en adelante, la parte reclamante) con fecha 17 de septiembre de 2021 interpuso reclamación ante la Agencia Española de Protección de Datos. La reclamación se dirige contra J & K BUSSINES 2018 S.L. con NIF B95864401 y VODAFONE ESPAÑA, S.A.U. con NIF A80907397 (en adelante, J & K y VODAFONE, respectivamente). Los motivos en que basa la reclamación son los siguientes: El reclamante presenta reclamación contra VODAFONE por recepción de llamadas comerciales en su línea ***TELÉFONO.1. Recibió la última llamada el 17 de septiembre a las 12:16, desde la línea llamante ***TELÉFONO.2. Junto a la notificación se aportan dos capturas de pantalla de las llamadas recibidas, una del 3 de septiembre de 2021 a las 16:42 horas y otra del 17 de septiembre de 2021 desde la línea llamante ***TELÉFONO.2. SEGUNDO: De conformidad con el artículo 65.4 de la Ley Orgánica 3/2018, de 5 de diciembre, de Protección de Datos Personales y garantía de los derechos digitales (en adelante LOPDGDD), se dio traslado de dicha reclamación a VODAFONE, para que procediese a su análisis e informase a esta Agencia en el plazo de un mes, de las acciones llevadas a cabo para adecuarse a los requisitos previstos en la normativa de protección de datos. El traslado, que se practicó conforme a las normas establecidas en la Ley 39/2015, de 1 de octubre, del Procedimiento Administrativo Común de las Administraciones Públicas (en adelante, LPACAP), fue recogido en fecha 2 de noviembre de 2021 como consta en el acuse de recibo que obra en el expediente. Con fecha 15 de noviembre de 2021 se recibe en esta Agencia escrito de respuesta in- dicando, que han verificado que la línea telefónica del reclamante, ***TELÉFONO.1, consta en la lista Robinson oficial de ADigital y en la lista Robinson interna de Vodafo- ne desde el 8 de junio de 2020. Así mismo manifiestan que han comprobado que el número llamante ***TELÉFONO.2 no figura en la base de datos con los números telefónicos que usan sus colaboradores para realizar llamadas de captación en nombre de Vodafone. C/ Jorge Juan, 6 www.aepd.es 28001 – Madrid sedeagpd.gob.es 2/5 TERCERO: Con fecha 17 de noviembre de 2021, de conformidad con el artículo 65 de la LOPDGDD, se admitió a trámite la reclamación presentada por la parte reclamante. CUARTO: La Subdirección General de Inspección de Datos procedió a la realización de actuaciones previas de investigación para el esclarecimiento de los hechos en cuestión, en virtud de las funciones asignadas a las autoridades de control en el artículo 57.1 y de los poderes otorgados en el artículo 58.1 del Reglamento (UE) 2016/679 (Reglamento General de Protección de Datos, en adelante RGPD), y de conformidad con lo establecido en el Título VII, Capítulo I, Sección segunda, de la LOPDGDD, teniendo conocimiento de lo"
e-12367-2021,2021,https://www.aepd.es/es/documento/e-12367-2021.pdf,https://web.archive.org/web/20220223105541id_/https://www.aepd.es/es/documento/e-12367-2021.pdf,"1/3  Expediente Nº: E/12367/2021(EXP202102448) RESOLUCIÓN DE ARCHIVO DE ACTUACIONES De las actuaciones practicadas por la Agencia Española de Protección de Datos ante el CLUB DE CAMINANTES ""EL ATAJO"" CLUB DEPORTIVO, con CIF.: G38898714, (en adelante, “la parte reclamada”), en virtud de la reclamación presentada por D. A.A.A., (en adelante, “la parte reclamante”), por la presunta vulneración de la normati- va de protección de datos: Reglamento (UE) 2016/679, del Parlamento Europeo y del Consejo, de 27/04/16, relativo a la Protección de las Personas Físicas en lo que res- pecta al Tratamiento de Datos Personales y a la Libre Circulación de estos Datos (RGPD) y la Ley Orgánica 3/2018, de 5 de diciembre, de Protección de Datos Personales y Garantía de los Derechos Digitales (LOPDGDD), y teniendo como base los siguientes,  HECHOS PRIMERO: Con fecha 20/08/21, 17/11/21 y 18/11/21, tuvieron entrada en esta Agencia, varios escritos presentados por el reclamante, en los que indicaba, entre otras que, la entidad reclamada anunció la realización de una actividad organizada para el 21/08/21, en la que se requería la aportación de un certificado de vacunación contra el COVID-19, lo que entiende que es una solicitud de datos de salud excesiva, en base a lo indicado por el Tribunal Constitucional respecto a este asunto. SEGUNDO: Con fecha 07/10/21 y 18/10/21, y de conformidad con lo estipulado en el artículo 65.4 de la Ley LOPDGDD, por parte de esta Agencia se dio traslado del escrito de reclamación a la parte reclamada para que diese respuesta sobre los puntos indicados en la misma. Sobre los intentos de notificación, destacar que: - Según certificado del Servicio de Notificaciones Electrónicas y Dirección Elec- trónica, el intento de notificación realizado a la entidad reclamada, el día 07/10/21, a través del servicio de notificaciones electrónicas “NOTIFIC@”, fue rechazado en destino el día 18/10/21. - Según certificado de la Sociedad Estatal Correos y Telégrafos, el envío realiza- do el día 18/10/21 a través del servicio de notificación postal, fue devuelto a ori- gen, con fecha 15/11/21, al no ser retirado del servicio de “Lista” de Correos.   TERCERO: Con fecha 18/11/21, por parte de la Directora de la Agencia Española de Protección de Datos se dicta acuerdo de admisión de trámite de las reclamaciones presentadas, de conformidad con el artículo 65 de la Ley LPDGDD, al no recibir con- testación alguna a las solicitudes hechas desde esta Agencia. CUARTO: Con fecha 04/01/22, la Subdirección General de Inspección de Datos se dirigió requerimiento informativo a la parte reclamada, al amparo de los poderes de investigación otorgados a las autoridades de control en el art 57.1 del RGPD. QUINTO: Con fecha 13/01/22, la entidad reclamada remite a esta Agencia escrito donde informa sobre los aspectos del requerimiento realizado el 04/01/22. C/ Jorge Juan, 6 www.aepd.es 28001 – Madrid sedeagpd.gob.es 2/3 SEXTO: De conformidad con lo estipulado en el artículo 67 de la"
e-12401-2021,2021,https://www.aepd.es/documento/e-12401-2021.pdf,https://web.archive.org/web/20240701064841id_/https://www.aepd.es/documento/e-12401-2021.pdf,"1/5  Expediente Nº: E/12401/2021 RESOLUCIÓN DE ARCHIVO DE ACTUACIONES De las actuaciones practicadas por la Agencia Española de Protección de Datos ante el partido político: LA FORTALEZA DE SANTA LUCÍA, (La Fortaleza-Coalición Canaria), con CIF.: G35932854, titular de la página web: https://www.lafortaleza.org, (en adelante, “la parte reclamada”), en virtud de denuncia presentada por el GRUPO MUNICIPAL “AGRUPACIÓN DE VECINOS DE SANTA LUCÍA DE TIRAJANA”, (en adelante, “la parte reclamante”), y teniendo como base los siguientes: HECHOS PRIMERO: Con fecha 27/08/20, tuvo entrada en esta Agencia el escrito presentado por la reclamante, en el que, en esencia, se reclamaba lo siguiente:  ""En la página web del partido político: “La Fortaleza de Santa Lucía” (también conocido como “La Fortaleza-Coalición Canaria”), https://www.lafortaleza.org, se está utilizando indebidamente el escudo oficial del Ayuntamiento de Santa Lucía de Tirajana ya que publicita un ""servicio público municipal"", no con la finalidad de remitir a los usuarios al mismo, sino para que, confundiendo a los usuarios y vecinos de este municipio, en la creencia de que se trata de un formulario ""oficial"", se presten a ceder sus datos personales, sin cumplir con la normativa en materia de protección de datos"". Aporta el enlace de ""solicitud de recogida de trastos a domicilio"", https://www.lafortaleza.org/recogida-de-trastos-a-domicilio/ que remite al formulario web creado, donde se recogen los datos personales para hacer la petición al Ayuntamiento sin informar del tratamiento de estos.  SEGUNDO: Con fecha 04/08/21 y 22/08/21, por parte de esta Agencia se dirigieron sendas solicitudes de información sobre la reclamación a la entidad reclamada, de conformidad con lo estipulado en el artículo 65.4 de la Ley Orgánica 3/2018, de 5 de diciembre, de protección de datos personales y garantía de los derechos digitales, (LOPDGDD). TERCERO: Con fecha 08/10/21 por parte de la Directora de la Agencia Española de Protección de Datos se dicta acuerdo de admisión de trámite de la denuncia presentada por la parte reclamante, de conformidad con el artículo 65 de la Ley LPDGDD, al apreciar posibles indicios racionales de una vulneración de las normas en el ámbito de las competencias de la Agencia Española de Protección de Datos. CUARTO: Con fecha 20/11/21, por parte de esta Agencia se accede a la página web objeto de la denuncia (https://www.lafortaleza.org/recogida-de-trastos-a-domicilio/) comprobando que en la misma solamente aparece un banner de información con el siguiente mensaje:  “Servicio de recogida de trastos a domicilio: aparatos eléctricos, electrónicos, lavadoras, frigoríficos…” C/ Jorge Juan, 6 www.aepd.es 28001 – Madrid sedeagpd.gob.es 2/5 Si se cliquea sobre el banner, la web redirige a una nueva página: https://forms.office.com/Pages/ResponsePage.aspx? id=f6jRjx8QQESU93MCGC45y1PV- 8RdEjVMoAAUQnowLzBUOTRNTUgwU0dJMjlMWURNOU9BUVJFTEM2NS4u, apareciendo un formulario donde se debe incluir obligato"
e-12441-2021,2021,https://www.aepd.es/documento/e-12441-2021.pdf,https://web.archive.org/web/20240706171914id_/https://www.aepd.es/documento/e-12441-2021.pdf,"1/8  Expediente N.º: EXP202103459 RESOLUCIÓN DE ARCHIVO DE ACTUACIONES De las actuaciones practicadas por la Agencia Española de Protección de Datos y teniendo como base los siguientes: HECHOS PRIMERO: Doña A.A.A. (en adelante, la parte reclamante), con fecha 23 de agosto de 2021, interpuso reclamación ante la Agencia Española de Protección de Datos.  Los motivos en que basa la reclamación son los siguientes: Que sus datos personales (nombre, apellidos, fotografía y datos profesionales) aparecen publicados en el sitio web medicamentoz.com, página dedicada a la venta online de medicamentos para tratar la disfunción eréctil, como si formara parte del equipo. Manifiesta que esos datos han sido tomados de la página web de su trabajo. Ha intentado solicitar que supriman los datos, dirigiendo un burofax a la dirección que consta en el sitio web, pero no pudo ser entregado por dirección desconocida. Documentación relevante aportada por la parte reclamante: - Atestado del Cuerpo Nacional de Policía, fechado a 31 de marzo de 2020, donde consta que la reclamante denuncia que, con fecha de marzo de 2020, aparecen su fotografía y datos de trayectoria profesional en la página web medicamentoz.com. Manifiesta asimismo que no trabaja para dicha web y que dichos datos son públicos en la página web de la universidad de Alicante. Consta asimismo anexo copia certificada por eGarante de la página web medicamentoz.com/pages/team donde constan los datos de la reclamante. SEGUNDO: Con fecha 22 de noviembre de 2021, de conformidad con el artículo 65 de la LOPDGDD, se admitió a trámite la reclamación presentada por la parte reclamante. TERCERO: La Subdirección General de Inspección de Datos procedió a la realización de actuaciones previas de investigación para el esclarecimiento de los hechos en cuestión, en virtud de las funciones asignadas a las autoridades de control en el artículo 57.1 y de los poderes otorgados en el artículo 58.1 del Reglamento (UE) 2016/679 (Reglamento General de Protección de Datos, en adelante RGPD), y de conformidad con lo establecido en el Título VII, Capítulo I, Sección segunda, de la LOPDGDD, teniendo conocimiento de los siguientes extremos: Con fecha 26 de agosto de 2022 se comprueba que en la página web https://medicamentoz.com/pages/team$flores consta una fotografía asociada al nombre y apellidos de la reclamante y asociada asimismo a una trayectoria profesional tal y como aparecen en la documentación aportada con la reclamación. C/ Jorge Juan, 6 www.aepd.es 28001 – Madrid sedeagpd.gob.es 2/8 Con fecha 26 de agosto de 2022 se comprueba que registros whois que el registrar del dominio es HOSTING CONCEPTS B.V. Con fecha 21 de octubre de 2022, se comprueba en www.axesor.es la relación existente entre HOSTING CONCEPTS B.V. y OPENPROVIDER S.L. siendo la primera empresa matriz de la segunda, así como los datos de contacto de OPENPROVIDER S.L. Como consecuencia del requerimiento de información efectuado por la Inspección, con fecha 25 de octubr"
e-12482-2021,2021,https://www.aepd.es/documento/e-12482-2021.pdf,https://web.archive.org/web/20240526204045id_/https://www.aepd.es/documento/e-12482-2021.pdf,"1/14  Expediente Nº: E/12482/2021 RESOLUCIÓN DE ARCHIVO DE ACTUACIONES De las actuaciones practicadas por la Agencia Española de Protección de Datos y teniendo como base los siguientes HECHOS PRIMERO: A.A.A. (en adelante, la parte reclamante) con fecha 2 de abril de 2021 interpuso reclamación ante la Agencia Española de Protección de Datos que se dirige contra CONSEJERÍA DE EDUCACIÓN DEL GOBIERNO DEL PRINCIPADO DE ASTURIAS, con NIF S3333001J (en adelante, la parte reclamada). Los motivos en que basa la reclamación son que de la aplicación TEAMS usada en el ámbito educativo, de MICROSOFT, no tiene suscrito contrato de encargo de tratamiento. Relata la respuesta a su petición de información pública que obtuvo el 3/03/2021 de la que deduce los hechos. Aporta copia de: -Resolución de 31/03/2016, en la que se aprueba el “proyecto técnico para implantación del correo electrónico institucional en la nube para el alumnado y profesorado de centros docentes sostenidos con fondos públicos del Principado de Asturias, a través de la adquisición de licencias gratuitas mediante un contrato de suscripción on line de Servicios en línea con Microsoft Corporation del producto OFFICE 365, según las condiciones que se disponen en documentos anexos”. ( no se envían). En antecedentes de hecho figura que se quiere implantar  el correo electrónico institucional en la nube para el alumnado y profesorado de centros docentes sostenidos con fondos públicos del Principado de Asturias, a través de la adquisición de licencias gratuitas mediante un contrato de suscripción on-line de servicios en línea con MICROSOFT CORPORATION del producto OFFICE 365. En antecedentes de hecho cuarto,  indica que a la vista “del informe de 2/07/2014, considera que la mejor opción es la ofertada por MICROSOFT, con su producto OFFICE 365 por  ser el que más confianza ofrece desde el punto de vista de la protección de datos personales, al estar en posesión de una certificación de la AEPD que garantiza el adecuado tratamiento de las transferencias internacionales de datos con motivo de la prestación de los servicios Office 365”. El fundamento de derecho segundo hace referencia al portal EDUCASTUR en modo internet y en versión corporativa en modo intranet,  así como al fomento y al apoyo de los correspondientes servicios educativos en línea que se menciona en el Decreto 6/ 2015 de 13/08. -Resolución de 2/03/2021 de la reclamada, de respuesta de acceso a información publica. Contiene dos links, Urls. El primero conteniendo información de la web de MICROSOFT sobre “SERVICIOS PRESTADOS DE LA PLATAFORMA OFFICE 365”, haciendo clic lleva a pantalla de información de fecha posterior , 19/10/2021. Informa sobre los referentes al ámbito educativo. En características de plataforma hay unas tablas que explica las características según Office A 1, A 3 y A 5 incluyendo en cualquiera de ellas la aplicación TEAMS. El segundo link, titulado “OTROS C/ Jorge Juan, 6 www.aepd.es 28001 – Madrid sedeagpd.gob.es 2/14 ASPE"
e-12617-2021,2021,https://www.aepd.es/documento/e-12617-2021.pdf,https://web.archive.org/web/20240630041809id_/https://www.aepd.es/documento/e-12617-2021.pdf,"1/12  Expediente N.º: EXP202102529 RESOLUCIÓN DE ARCHIVO DE ACTUACIONES De las actuaciones practicadas por la Agencia Española de Protección de Datos y te- niendo como base los siguientes: HECHOS PRIMERO: LIBERUM ASOCIACIÓN (en adelante, la parte denunciante), con fecha 26 de agosto de 2021, interpuso reclamación ante la Agencia Española de Protección de Datos. La reclamación se dirige contra la UNIVERSIDAD DE NAVARRA, con NIF R3168001J (en adelante, la parte denunciada).  Los motivos en que basa la reclamación son los siguientes: La Asociación reclamante expone que la Universidad de Navarra ha remitido un correo electrónico a sus alumnos en el que les anuncia que dicha entidad colaborará con el SERVICIO NAVARRO DE SALUD en la Vacunación contra el COVID-19, y solicita a los alumnos que informen sobre su situación respecto de la vacunación, antes del 1 de septiembre de 2021, lo que entienden que supone un incumplimiento de la normativa de protección de datos, ya que estaría accediendo a la historia clínica de los estudiantes y cediendo los datos de vacunación a terceros. Añade en su escrito de reclamación el literal de la comunicación remitida por la citada Universidad a los alumnos conteniendo los siguientes párrafos relevantes: “[…] La Universidad de Navarra, de acuerdo con lo previsto en el artículo 7.1.n) del Real Decreto por el que se aprueba el Estatuto del Estudiante Universitario, se en- cuentra obligada a proporcionar a su alumnado información y formación sobre preven- ción de riesgos y a disponer de los medios que garanticen su salud y seguridad en el desarrollo de sus actividades de aprendizaje. Entre las nuevas medidas, de acuerdo con las autoridades sanitarias en el ejer- cicio de sus competencias, la Universidad de Navarra colaborará en la Campaña de Vacunación frente al virus. Os informamos que las autoridades sanitarias de Navarra han solicitado a la Universidad que participe en la inoculación de la vacuna a sus estudiantes. Dicha va- cuna se la entregará a la Universidad el Servicio Navarro de Salud, responsable de la Campaña de vacunación.  Para facilitaros el acceso a la vacunación, os pedimos que nos informéis de vuestra situación a través del siguiente enlace, antes del 1 de septiembre, tanto si ya os habéis vacunado, como si estáis pendientes de recibir una o dos dosis.  La vacunación tendrá lugar desde el inicio del mes de septiembre. Con carác- ter previo a la fecha, os entregarán la hoja informativa redactada por las autoridades sanitarias en la que os informarán del tipo y marca de vacuna que se os ofrece y otras C/ Jorge Juan, 6 www.aepd.es 28001 – Madrid sedeagpd.gob.es 2/12 cuestiones relacionadas con el proceso de vacunación.  Os recordamos que para cualquier duda relacionada con el Covid-19 y para co- municar positivos y contactos estrechos, podéis contactar con la oficina médica virtual, área Covid, a través del correo atencioncovid©unav.es o llamando al (…). […]” SEGUNDO: De conformidad con el artículo 65.4 de la "
e-12701-2021,2021,https://www.aepd.es/documento/e-12701-2021.pdf,https://web.archive.org/web/20240626195608id_/https://www.aepd.es/documento/e-12701-2021.pdf,"1/4  Expediente Nº: E/12701/2021 RESOLUCIÓN DE ARCHIVO DE ACTUACIONES De las actuaciones practicadas por la Agencia Española de Protección de Datos y te- niendo como base los siguientes HECHOS PRIMERO: ASOCIACIÓN DE COMERCIANTES CENTRO COMERCIAL BARCELO (*en adelante, la parte reclamante) con fecha 06/10/20 interpuso reclamación ante la Agencia Española de Protección de Datos. La reclamación se dirige contra FOODGOURMET MARKET EXPERIENCE, S.L. con NIF B87582334 (en adelante, la parte reclamada). Los motivos en que basa la reclamación son los siguientes: “instalación de un sistema de cámaras de video-vigilancia sin señalizar que pudiera estar afectando a derechos de terceros, haciendo caso omiso a las advertencias de esta parte sobre el mismo …” (folio nº 1).  Aportan dos imágenes de la ubicación de las cámaras y Burofax remitido a la entidad reclamada por representantes del Mercado, solicitando la retirada de las cámaras controvertidas. SEGUNDO: De conformidad con el artículo 65.4 de la Ley Orgánica 3/2018, de 5 de diciembre, de Protección de Datos Personales y garantía de los derechos digitales (en adelante LOPDGDD), en fecha 04/06/21 y 12/08/21 se dio traslado de dicha reclama- ción a la parte reclamada, para que procediese a su análisis e informase a esta Agen- cia en el plazo de un mes, de las acciones llevadas a cabo para adecuarse a los requi- sitos previstos en la normativa de protección de datos. Fuera del plazo legalmente establecido se ha recibido comunicación en esta AEPD de la reclamada (registro entrada de Servicio Oficial de Correos 11/10/21) mani- festando la “no operatividad” del sistema objeto de reclamación, cumpliendo el mismo una función meramente disuasoria frente a hipotéticas actuaciones ilegales. “Contamos con un suministro de alarma contratado con Prosegur Alarmas, contrato que les adjuntamos en la presente comunicación”  TERCERO: Con fecha 15 de septiembre de 2021, se admitió a trámite la reclamación presentada por la parte reclamante, al amparo de lo establecido en el artículo 65.5 de la LOPDGDD. C/ Jorge Juan, 6 www.aepd.es 28001 – Madrid sedeagpd.gob.es 2/4 FUNDAMENTOS DE DERECHO I De acuerdo con los poderes de investigación y correctivos que el artículo 58 del Regla- mento (UE) 2016/679 (Reglamento general de protección de datos, en adelante RGPD) otorga a cada autoridad de control, y según lo dispuesto en el artículo 47 de la Ley Orgánica 3/2018, de 5 de diciembre, de Protección de Datos Personales y garan- tía de los derechos digitales (en lo sucesivo LOPDGDD), es competente para resolver estas actuaciones de investigación la Directora de la Agencia Española de Protección de Datos. II En el presente caso, se procede a examinar la reclamación de fecha 06/10/20 por me- dio de la cual se traslada la siguiente reclamación “han instalado cámaras sin señalizar que están afectando a zona de tránsito, inclusive los hechos han sido objeto de denun- cia ante la Policía” (folio nº 1). Los hechos se limitan a la presencia de "
e-12915-2021,2021,https://www.aepd.es/documento/e-12915-2021.pdf,https://web.archive.org/web/20240704064241id_/https://www.aepd.es/documento/e-12915-2021.pdf,"1/6  Expediente N.º: EXP202104387 RESOLUCIÓN DE ARCHIVO DE ACTUACIONES De las actuaciones practicadas por la Agencia Española de Protección de Datos y teniendo como base los siguientes PRIMERO: A.A.A. (en adelante, la parte reclamante) con fecha 9/11/2021, interpuso reclamación ante la Agencia Española de Protección de Datos. La reclamación se dirige contra ***URL.1 en adelante, la parte reclamada. Los motivos en que basa la reclamación son los siguientes:  Hasta hace pocas semanas, como usuario de la “plataforma de emisión de contenidos para adultos ***URL.2”, tenía un perfil denominado “***PERFIL.1” “Ocasionalmente y durante muy pocos minutos, realizaba conexiones para ponerme en contacto con otros usuarios, siempre de manera amateur y nunca con el objetivo de promocionarme en otras plataformas u obtener un beneficio económico”. El día 9/10/2021 “me percaté” de que en la web reclamada, aparece publicada una captura  de imagen de pantalla relativa a “una de las emisiones que realicé con mi teléfono móvil, en la que aparezco desnudo frente al espejo”. Añade que la página reclamada ofrece un servicio de búsquedas/resultados partiendo de una fotografía, ofreciendo las emisiones realizadas en las plataformas. Indica, “estos son los enlaces a esa página:  ***URL.3 ***URL.4 ***URL.5 “Ese mismo día, mandé un correo electrónico tanto a la dirección facilitada en el apartado de contacto de ***URL.1(***EMAIL.1) solicitando la eliminación del conteni- do personal.”    Aporta (aporta copia imagen: captura 2),  e mail de 9/10/2021, 16:45,  en el que le indica que ha encontrado una imagen suya en su web. “La imagen procede de un video grabado con mi teléfono y no he autorizado a ninguna plataforma a publicar imágenes mías”. Le indica las tres citadas direcciones en links para que sean supri- midas. “como a la dirección habilitada por ***URL.2, para solicitar intermediación en este tipo de casos (***EMAIL.2), solicitando la eliminación del perfil creado a partir del mío” (aporta copia de  captura3) de 9/10/2021, 11: 41, y le señala solo los dos prime- ros links relacionados en el anterior correo a la reclamada.  Indica el reclamante que: “Al día siguiente, recibí un correo por parte de XXXX, indi- cándome que habían trasladado mi petición a ***URL.1”, mientras que a día de hoy, no he recibido ninguna comunicación por parte de ningún responsable de la reclama- da, ni tampoco se ha eliminado el contenido ilegítimo de su web. C/ Jorge Juan, 6 www.aepd.es 28001 – Madrid sedeagpd.gob.es 2/6 Indica el reclamante que: “Los días 12 y 14/10, volví a solicitar vía administrador de ***URL.1(***URL.6) y vía correo electrónico (***EMAIL.1) la retirada del contenido mencionado (documento captura 4), sin haber recibido tampoco ninguna respuesta en este caso”. En la captura 4 que aporta. se ve un email dirigido a las dos entidades el 14/10/2021. De los tres links que indica, aporta solo captura 1, que se ve en ***URL.1***PERFIL.1,  en el lado izquierdo  existe una lupa para "
e-12919-2021,2021,https://www.aepd.es/es/documento/e-12919-2021.pdf,https://web.archive.org/web/20230116110803id_/https://www.aepd.es/es/documento/e-12919-2021.pdf,"1/5  Expediente N.º: EXP202105265 RESOLUCIÓN DE ARCHIVO DE ACTUACIONES De las actuaciones practicadas por la Agencia Española de Protección de Datos y teniendo como base los siguientes: HECHOS PRIMERO: Doña A.A.A. (en adelante, la parte reclamante) con fecha 2 de diciembre de 2021interpuso reclamación ante la Agencia Española de Protección de Datos.  Los motivos en que basa la reclamación son los siguientes: “Creación de una cuenta de Instagram (ya eliminada) suplantando mi identidad. Esta cuenta contenía un link que llevaba a otra página de carácter pornográfico (similar a OnlyFans) con mi nombre y una foto de mi cara: ***URL.1 Al intentar ver que contenía me pedía un email y seguidamente una tarjeta bancaria (cosa que lógicamente no he introducido)” SEGUNDO: La Subdirección General de Inspección de Datos procedió a la realización de actuaciones previas de investigación para el esclarecimiento de los hechos en cuestión, en virtud de las funciones asignadas a las autoridades de control en el artículo 57.1 y de los poderes otorgados en el artículo 58.1 del Reglamento (UE) 2016/679 (Reglamento General de Protección de Datos, en adelante RGPD), y de conformidad con lo establecido en el Título VII, Capítulo I, Sección segunda, de la LOPDGDD, teniendo conocimiento de los siguientes extremos: Con fecha 2 de febrero de 2022 se verificado que el enlace ***URL.1 facilitado por la afectada figura una fotografía que según manifiesta es suya pero no se puede acceder a ningún video sin suscripción.  Con fecha 3 de febrero de 2022 se ha requerido por correo certificado internacional y por correo electrónico a la dirección contact@top4fans.com  que faciliten información relativa al usuario que subió la fotografía de la reclamante. El correo certificado internacional consta como entregado en fecha 22 de febrero de 2022. No se ha recibido respuesta a ninguno de los dos requerimientos Con fecha 5 de mayo de 2022 se ha accedido al enlace ***URL.1 verificando que mantienen la imagen de la reclamante. Con fecha 21 de octubre de 2022 se ha verificado que el enlace ***URL.1 ya está desactivado y no contiene la imagen de la reclamante. Con fecha 21 de octubre de 2022 se ha requerido por correo electrónico a Wix Online Platforms Limited, con sede en Irlanda que facilite información relativa al usuario que dio de alta el enlace ***URL.1, tras múltiples correos reiterando la información han respondido en los siguientes términos: C/ Jorge Juan, 6 www.aepd.es 28001 – Madrid sedeagpd.gob.es 2/5 Información del usuario: User Name: ***USUARIO.1  Email: ***EMAIL.1  Al tratarse de un servicio Free Wix Account – no se han abonado servidos por lo que WIX no mantiene ninguna información de facturación ni datos personales relacionados con esta cuenta. La fecha en que se subió la fotografía: November 28, 2021 IP Logs: fecha y hora 2021-11-29 00:29:26.000 dirección IP ***IP.1 Se ha consultado en WHOIS que entidad gestiona la mencionada dirección IP, verificando que pertenece a Compañí"
e-13087-2021,2021,https://www.aepd.es/documento/e-13087-2021.pdf,https://web.archive.org/web/20240705232739id_/https://www.aepd.es/documento/e-13087-2021.pdf,"1/5  Expediente N.º: E/13087/2021 RESOLUCIÓN DE CADUCIDAD DE ACTUACIONES De las actuaciones practicadas por la Agencia Española de Protección de Datos y en base a los siguientes HECHOS PRIMERO: A.A.A. (en adelante, la parte reclamante) con fecha 26/05/2021 interpuso reclamación ante la Agencia Española de Protección de Datos. La reclamación se dirige contra TUCYCLE BIKESHARING, S.L. con NIF B52553385 (en adelante, la parte reclamada). Los motivos en que basa la reclamación son los siguientes: Reclamación relacionada con la comunicación de datos de usuarios entre distintas empresas que prestan servicio de bikesharing, por no informar a sus usuarios de tales comunicaciones y no recabar su consentimiento. Que se registró como usuaria de OIZ en octubre de 2020. Que al registrarse facilitó sus datos personales, como la fotografía de su DNI, carnet de conducir, un selfie y datos bancarios. Que posteriormente aceptó su política de privacidad. Que en la política de privacidad en el apartado de cesión de datos, se decía: “Los datos personales del usuario podrán ser cedidos a los siguientes destinatarios:  Entidades del Grupo OIZ o que puedan llegar a ser miembros del grupo en un futuro (entendiéndose por grupo de empresas conforme a Io dispuesto en eI art. 42 del Código de Comercio), o a cualquier tercero que adquiera la totalidad o una parte sustancial de los activos de OIZ, con fines de gestión y administración del Grupo principalmente.” Que finalmente sus datos se habían cedido a: ECOLOGICA TURISMO SOSTENIBLE, S.L (IBERSCOT), CON NIF B70548375.  AVANT FULLSTEP, S.L (AVANT) con NIF 867468694  REBY RIDES, S.L. (REBY), CON CIF 867301473 (en adelante REBY) TUCYCLE BIKE SHARING, S.L (TUCYCLE), CON NIF B52553385 Que accedió a las políticas de privacidad de todas ellas y en ninguna se indicaba quiénes eran los destinatarios de la cesión. Que posteriormente la aplicación para reservas OIZ se modificó. Y también se modificó su política de privacidad. Que en ningún momento ha recibido notificación informando de dichas modificaciones tal y como se menciona en el último punto de la política de privacidad de todas ellas. Que en la actualidad OIZ, AVANT y REBY siguen sin indicar a quién ceden sus datos, en cambio TUCYCLE e IBERSCOT ya lo indican. Que en la APP, si no se marca autorización para la cesión de los datos no deja seguir. Es decir, no dan la opción de continuar contratando con OIZ sin autorizar la cesión de datos. C/ Jorge Juan, 6 www.aepd.es 28001 – Madrid sedeagpd.gob.es 2/5 SEGUNDO: De conformidad con el artículo 65.4 de la Ley Orgánica 3/2018, de 5 de diciembre, de Protección de Datos Personales y garantía de los derechos digitales (en adelante LOPDGDD), se dio traslado de dicha reclamación a la parte reclamada, para que procediese a su análisis e informase a esta Agencia en el plazo de un mes, de las acciones llevadas a cabo para adecuarse a los requisitos previstos en la normativa de protección de datos. En fecha 20/08/2021, se recibe en esta Agenci"
e-13147-2021,2021,https://www.aepd.es/es/documento/e-13147-2021.pdf,https://web.archive.org/web/20221017091615id_/https://www.aepd.es/es/documento/e-13147-2021.pdf,"1/4  Expediente N.º: EXP202103031 RESOLUCIÓN DE ARCHIVO DE ACTUACIONES De las actuaciones practicadas por la Agencia Española de Protección de Datos y teniendo como base los siguientes HECHOS PRIMERO: A.A.A. (en adelante, la parte reclamante) con fecha 17 de agosto de 2021 interpuso reclamación ante la Agencia Española de Protección de Datos. La reclamación se dirige contra STG COMPANY con NIF 20563394936 y VODAFONE ESPAÑA, S.A.U. con NIF A80907397 (en adelante, la parte reclamada). Los motivos en que basa la reclamación son los siguientes: El reclamante formula reclamación por la recepción de llamadas comerciales en su línea de móvil, ***TELEFONO.1, registrada en la Lista Robinson, desde las líneas llamantes ***TELEFONO.2 el 17/8/2021 a las 14:09 horas; ***TELEFONO.3 el 13/8/2021 a las 18:39 horas y otra llamada desde la línea llamante ***TELEFONO.4. Junto a la notificación se aporta documentación acreditativa del Registro en Lista Robinson en 2017. SEGUNDO: De conformidad con el artículo 65.4 de la Ley Orgánica 3/2018, de 5 de diciembre, de Protección de Datos Personales y garantía de los derechos digitales (en adelante LOPDGDD), se dio traslado de dicha reclamación a VODAFONE, para que procediese a su análisis e informase a esta Agencia en el plazo de un mes, de las acciones llevadas a cabo para adecuarse a los requisitos previstos en la normativa de protección de datos. El traslado, que se practicó conforme a las normas establecidas en la Ley 39/2015, de 1 de octubre, del Procedimiento Administrativo Común de las Administraciones Públicas (en adelante, LPACAP), fue recogido en fecha 18 de octubre de 2021 como consta en el acuse de recibo que obra en el expediente. No se ha recibido respuesta a este escrito de traslado. TERCERO: Con fecha 9 de diciembre de 2021, de conformidad con el artículo 65 de la LOPDGDD, se admitió a trámite la reclamación presentada por la parte reclamante. CUARTO: La Subdirección General de Inspección de Datos procedió a la realización de actuaciones previas de investigación para el esclarecimiento de los hechos en cuestión, en virtud de las funciones asignadas a las autoridades de control en el artículo 57.1 y de los poderes otorgados en el artículo 58.1 del Reglamento (UE) 2016/679 (Reglamento General de Protección de Datos, en adelante RGPD), y de conformidad con lo establecido en el Título VII, Capítulo I, Sección segunda, de la LOPDGDD, teniendo conocimiento de los siguientes extremos: C/ Jorge Juan, 6 www.aepd.es 28001 – Madrid sedeagpd.gob.es 2/4 RESULTADO DE LAS ACTUACIONES DE INVESTIGACIÓN Se ha verificado desde la inspección de datos que el operador de la línea que ha reali- zado las llamadas comerciales ***TELEFONO.2 es VOXBONE, S.A. Requerida información a VOXBONE informan que durante todo el mes de agosto de 2021 el número estaba asignado a la empresa STG COMPANY, con dirección en la Calle Alejandro Dumas 17, 29004 Málaga. El número fue dado de baja el 17 de noviembre de 2021. Se ha requerido a la entidad"
e-13222-2021,2021,https://www.aepd.es/es/documento/e-13222-2021.pdf,https://web.archive.org/web/20220308203647id_/https://www.aepd.es/es/documento/e-13222-2021.pdf,"1/20  Expediente Nº: E/13222/2021 RESOLUCIÓN DE ARCHIVO DE ACTUACIONES De las actuaciones practicadas por la Agencia Española de Protección de Datos y teniendo como base los siguientes HECHOS PRIMERO: A.A.A. (en adelante, el reclamante) interpuso reclamación ante la Agencia Española de Protección de Datos (AEDP) con fecha 16 de octubre de 2020. La reclamación se dirige contra BANCO SANTANDER, S.A., con NIF A39000013 (en adelante, la reclamada) y contra GESCOBRO COLLECTION SERVICES, S.L.U., con NIF B65257800 (en lo sucesivo la reclamada 2 o la gestora de cobros) Basa su reclamación en la cesión de sus datos personales a una tercera entidad vinculados a la venta de una deuda que, en esa fecha, se encontraba impugnada en vía judicial. El reclamante manifiesta que cuando se produjo la venta del crédito, el 18 de diciembre de 2019, el Juzgado de Primera Instancia ya había admitido a trámite la demanda contra la reclamada en la que solicitaba la declaración de nulidad del contrato del que procedía la deuda cedida, e incluso se había celebrado la vista del juicio. Añade que cuando la reclamada le informó de la cesión de la deuda, a través de una carta que recibió a principios de febrero de 2020, la referida deuda había sido declarada inexistente por sentencia judicial dictada el 2 de enero de 2020.  La reclamación se funda también en el tratamiento que la gestora de cobros o reclamada 2 hizo de los datos personales del reclamante con la finalidad de requerirle el pago de una deuda que fue declarada inexistente por sentencia judicial. Los requerimientos de pago se hicieron por correo postal y mediante llamadas telefónicas que, según declaraciones del reclamante, comenzó a recibir en su teléfono particular en el mes de marzo de 2020. Añade que incluso se hicieron llamadas a casa de sus padres preguntando por él.  Cabe indicar que el reclamante puso en conocimiento de esta Agencia en su escrito de reclamación que, con fecha 6 de febrero de 2020, la reclamada había recurrido en apelación la sentencia dictada por el Juzgado de Primera Instancia el 2 de enero de 2020 que declaraba nulo el contrato de tarjeta de crédito del que procedía la deuda objeto de la venta.   Anexa a su reclamación los documentos siguientes:  (i). Carta del Servicio de Reclamación y Atención al Cliente (SAC) de la entidad financiera reclamada, de fecha de 14 de junio de 2018 y referencia ***REFERENCIA.1, respondiendo a la reclamación que había presentado por la negativa de la entidad a entregarle determinada información y documentación vinculada a la tarjeta de crédito contratada con ella.    C/ Jorge Juan, 6 www.aepd.es 28001 – Madrid sedeagpd.gob.es 2/20 (ii). Carta de fecha 28 de enero de 2020, que lleva los anagramas de la entidad financiera reclamada y de ***EMPRESA.1 (en lo sucesivo, ***EMPRESA.1 o la cesionaria del crédito) y está firmada por ambas entidades y por la gestora de cobros. En ella se recuerda al reclamante que formalizó con la reclamada un contrato de tarjeta de cr"
e-13223-2021,2021,https://www.aepd.es/documento/e-13223-2021.pdf,https://web.archive.org/web/20230928211156id_/https://www.aepd.es/documento/e-13223-2021.pdf,"1/6  Expediente Nº: E/13223/2021 RESOLUCIÓN DE ARCHIVO DE ACTUACIONES De las actuaciones practicadas por la Agencia Española de Protección de Datos ante el AYUNTAMIENTO DE LA PUEBLA DEL RÍO- Sevilla, Policía Local, (en adelante, “la parte reclamada”), en virtud de la reclamación presentada por D. A.A.A., (en adelante, “la parte reclamante”), y teniendo como base los siguientes: HECHOS PRIMERO: Con fecha 03/05/21, tuvo entrada en esta Agencia, escrito presentado por el reclamante, en el que indicaba, entre otras, lo siguiente: “La Policía local de la Puebla del Río, en un control policial, la tarde del domingo 2 de mayo, con su móvil realizó una fotografía de mi DNI, sin explicación alguna”.  SEGUNDO: Con fecha 28/05/21 y 09/06/21, por parte de esta Agencia se dirigió sendos escritos solicitando información sobre la reclamación recibida, al Ayuntamiento de la Puebla del Rio, (Policía Local), de conformidad con lo estipulado en el artículo 65.4 de la Ley Orgánica 3/2018, de 5 de diciembre, de protección de datos personales y garantía de los derechos digitales, (“LOPDGDD”). TERCERO: Con fecha 29/07/21, la Policía Local de la Puebla del Rio, remite a esta Agencia escrito de contestación, en el cual, entre otras indica lo siguiente: “Que en el transcurso del turno de tarde del día 02/05/21 los agentes se disponían a la vigilancia del cumplimiento de las limitaciones y restricciones vigentes en el D. Ley 21/2020,  de 4 de agosto, por el que se establece el régimen sancionador por el incumplimiento de las medidas de prevención y contención aplicables en Andalucía ante el COVID-19, en concordancia con el Decreto del Presidente 13/2021, de 22 de abril, por el que se prorrogan las medidas establecidas en el Decreto 9/2021, de 18 de marzo, por el que se establecen medidas en el ámbito de la comunidad autónoma de Andalucía en aplicación del R.D. 926/2020 de 25 de octubre, por el que se declara el estado de alarma para contener la propagación de infecciones causadas por el SARS- COV-2. Que la localidad de La Puebla del Río se encontraba en ese momento cerrada perimetralmente, con lo cual, los agentes se dispusieron al control de entrada y salida de vehículos en el polígono del municipio. Cuando se da el alto a un vehículo, siendo identificado su conductor, estando estos agentes de la autoridad totalmente autorizados para solicitar o tomar los datos de las personas con motivos de investigación, preventivos o para aquellos casos que se produzcan en el contexto de que el individuo pueda estar incurriendo en algún tipo de ilegalidad o infracción de la ley, conforme a la Ley Orgánica 4/2015. de 30 de marzo, de Protección de Seguridad Ciudadana, que establece en sus artículos 16.1 y 9.2, que los ciudadanos deben obligatoriamente facilitar sus datos personales o DNI cuando los agentes de las Fuerzas y Cuerpos de Seguridad les requiera la identificación cuando existan indicios de que han podido participar en la comisión de una infracción y cuando se considere razona"
e-13528-2021,2021,https://www.aepd.es/documento/e-13528-2021.pdf,https://web.archive.org/web/20240706163802id_/https://www.aepd.es/documento/e-13528-2021.pdf,"1/4  Expediente N.º: EXP202104528 RESOLUCIÓN DE ARCHIVO DE ACTUACIONES De las actuaciones practicadas por la Agencia Española de Protección de Datos y teniendo como base los siguientes HECHOS PRIMERO: A.A.A. (en adelante, la parte reclamante) con fecha 21 de octubre de 2021 interpuso reclamación ante la Agencia Española de Protección de Datos. La reclamación se dirige contra ISALUD HEALTH SERVICES, S.L. con NIF B65239923 y SKYNET TECNOLOGY & BUSINES EIRL con NIF 20606018208 (en adelante, ISALUD y SKYNET, respectivamente). Los motivos en que basa la reclamación son los siguientes: El reclamante presenta reclamación por recepción de una llamada comercial en nombre de DKV Seguros, en la línea de telefonía móvil ***TELÉFONO.1, inscrita en la lista de exclusión publicitaria, Lista Robinson, el día 14 de octubre de 2021 a las 21:00 horas y que se realizó desde la línea llamante ***TELÉFONO.2. El reclamante manifiesta que no ha sido ni es cliente de su entidad.  Junto a la notificación se aporta: - Captura de pantalla del registro de llamadas de su terminal móvil en la que fi- gura la llamada reclamada. - Copia del correo de conformación de alta en la Lista Robinsón del teléfono en  donde ha recibido la llamada. SEGUNDO: De conformidad con el artículo 65.4 de la Ley Orgánica 3/2018, de 5 de diciembre, de Protección de Datos Personales y garantía de los derechos digitales (en adelante LOPDGDD), se dio traslado de dicha reclamación a ISALUD, para que procediese a su análisis e informase a esta Agencia en el plazo de un mes, de las acciones llevadas a cabo para adecuarse a los requisitos previstos en la normativa de protección de datos. El traslado, que se practicó conforme a las normas establecidas en la Ley 39/2015, de 1 de octubre, del Procedimiento Administrativo Común de las Administraciones Públicas (en adelante, LPACAP), fue recogido en fecha 26 de noviembre de 2021 como consta en el acuse de recibo que obra en el expediente. Con fecha 30 de noviembre de 2021 se recibe en esta Agencia escrito de respuesta manifestando que han comprobado que el número llamante no es titularidad ISALUD y que el número en el que se recibe la llamada no se encuentra incluido en sus bases de datos. C/ Jorge Juan, 6 www.aepd.es 28001 – Madrid sedeagpd.gob.es 2/4 TERCERO: Con fecha 21 de diciembre de 2021, de conformidad con el artículo 65 de la LOPDGDD, se admitió a trámite la reclamación presentada por la parte reclamante. CUARTO: La Subdirección General de Inspección de Datos procedió a la realización de actuaciones previas de investigación para el esclarecimiento de los hechos en cuestión, en virtud de las funciones asignadas a las autoridades de control en el artículo 57.1 y de los poderes otorgados en el artículo 58.1 del Reglamento (UE) 2016/679 (Reglamento General de Protección de Datos, en adelante RGPD), y de conformidad con lo establecido en el Título VII, Capítulo I, Sección segunda, de la LOPDGDD, teniendo conocimiento de los siguientes extremos: RESULTADO DE"
e-13666-2021,2021,https://www.aepd.es/documento/e-13666-2021.pdf,https://web.archive.org/web/20240701140345id_/https://www.aepd.es/documento/e-13666-2021.pdf,"1/5  Expediente N.º: EXP202105254 RESOLUCIÓN DE ARCHIVO DE ACTUACIONES De las actuaciones practicadas por la Agencia Española de Protección de Datos y te- niendo como base los siguientes HECHOS PRIMERO: A.A.A. (en adelante, la parte reclamante) con fecha 10 de noviembre de 2021 interpuso reclamación ante la Agencia Española de Protección de Datos. La re- clamación se dirige contra BE CALL BPO S.L. con NIF B05254859 EUSKALTEL, S.A. con NIF A48766695 y GESTIÓN DE PROYECTOS DE TELECOMUNICACIONES EIRL. con NIF 20601231329 (en adelante, la parte reclamada). Los motivos en que basa la reclamación son los siguientes: La reclamante presenta reclamación por la recepción de siete llamadas comerciales, en fecha 08/11/21 en un intervalo de dos horas, en su línea móvil ***TELÉFONO.1 re- gistrada en la Lista Robinson el 21/03/21. Junto a la notificación se aporta: - Captura de pantalla donde se pueden apreciar las horas exactas de recepción de las llamadas, así como las líneas llamantes: ***TELÉFONO.2, ***TELÉ- FONO.3, ***TELÉFONO.4, ***TELÉFONO.5, ***TELÉFONO.6, ***TELÉ- FONO.3 y ***TELÉFONO.5. - Certificado Lista Robinson en el que se verifica que el número receptor de las llamadas publicitarias esta dado de alta el 21 de marzo de 2021. SEGUNDO: De conformidad con el artículo 65.4 de la Ley Orgánica 3/2018, de 5 de diciembre, de Protección de Datos Personales y garantía de los derechos digitales (en adelante LOPDGDD), se dio traslado de dicha reclamación a EUSKALTEL, para que procediese a su análisis e informase a esta Agencia en el plazo de un mes, de las ac- ciones llevadas a cabo para adecuarse a los requisitos previstos en la normativa de protección de datos. El traslado, que se practicó conforme a las normas establecidas en la Ley 39/2015, de 1 de octubre, del Procedimiento Administrativo Común de las Administraciones Públi- cas (en adelante, LPACAP), fue recogido en fecha 16 de diciembre de 2021 como consta en el acuse de recibo que obra en el expediente. Con fecha 21 de diciembre de 2021 se recibe en esta Agencia escrito de respuesta in- dicando que solo realizan llamadas comerciales a números para los que tengas el con- sentimiento del titular y además son consultados en la Lista Robinson. Han verificado C/ Jorge Juan, 6 www.aepd.es 28001 – Madrid sedeagpd.gob.es 2/5 el numero donde se han recibido las llamadas y manifiestan que no se encuentra in- cluido en los listados utilizados para las campañas comerciales. TERCERO: Con fecha 27 de diciembre de 2021, de conformidad con el artículo 65 de la LOPDGDD, se admitió a trámite la reclamación presentada por la parte reclamante. CUARTO: La Subdirección General de Inspección de Datos procedió a la realización de actuaciones previas de investigación para el esclarecimiento de los hechos en cuestión, en virtud de las funciones asignadas a las autoridades de control en el artícu- lo 57.1 y de los poderes otorgados en el artículo 58.1 del Reglamento (UE) 2016/679 (Reglamento General de Protección de Datos, en"
e-13668-2021,2021,https://www.aepd.es/documento/e-13668-2021.pdf,https://web.archive.org/web/20240703202456id_/https://www.aepd.es/documento/e-13668-2021.pdf,"1/4  Expediente N.º: EXP202104529 RESOLUCIÓN DE ARCHIVO DE ACTUACIONES De las actuaciones practicadas por la Agencia Española de Protección de Datos y teniendo como base los siguientes: HECHOS PRIMERO: D. A.A.A. (en adelante, la parte reclamante) con fecha 3 de octubre de 2021 interpuso reclamación ante la Agencia Española de Protección de Datos. La reclamación se dirige contra NATURGY IBERIA, S.A. con NIF A08431090 (en adelante, la parte reclamada). Los motivos en que basa la reclamación son los siguientes: El reclamante manifiesta que no es cliente de la reclamada y está inscrito en una lista de exclusión publicitaria, pero aun así recibe el 2 de agosto de 2021, a las 17:25 horas, una llamada comercial en nombre de la reclamada desde la línea llamante: ***TELEFONO.1  Documentación relevante aportada por la parte reclamante: - Certificado de registro en la Lista Robinson. - Fotografía del terminal telefónico mostrando día, hora y número dela línea llamante. - Grabación de la llamada SEGUNDO: De conformidad con el artículo 65.4 de la Ley Orgánica 3/2018, de 5 de diciembre, de Protección de Datos Personales y garantía de los derechos digitales (en adelante LOPDGDD), se dio traslado de dicha reclamación a la parte reclamada, para que procediese a su análisis e informase a esta Agencia en el plazo de un mes, de las acciones llevadas a cabo para adecuarse a los requisitos previstos en la normativa de protección de datos. El traslado, que se practicó conforme a las normas establecidas en la Ley 39/2015, de 1 de octubre, del Procedimiento Administrativo Común de las Administraciones Públicas (en adelante, LPACAP), fue recogido en fecha 29 de noviembre 2021 como consta en el acuse de recibo que obra en el expediente. Con fecha de 23 de diciembre de 2021 se recibe en esta Agencia, escrito de contestación, señalando que están adscritos a Adigital y que consultan la Lista Robinson cada vez que realizan comunicaciones comerciales, cuando utilizan sus bases de datos y excluyen a los allí inscritos. Han comprobado que la línea en la que se reciben las llamadas está inscrita en Robinson y que no está incluida en sus bases de datos. Tampoco dentro de las líneas a las que se les ha realizado llamadas comerciales durante este año.  La reclamada manifiesta que tiene también empresas colaboradoras para realizar campañas comerciales y que para realizarlas emplean sus propias bases de datos o las bases de la reclamada.  C/ Jorge Juan, 6 www.aepd.es 28001 – Madrid sedeagpd.gob.es 2/4 Las entidades colaboradoras de la parte reclamada le han confirmado que en sus bases de datos no se encuentra el número del reclamante. También han comprobado que el número llamante que se facilita en la reclamación no se corresponde con ninguno de los números utilizados por sus colaboradoras. TERCERO: Con fecha 28 de diciembre de 2021, de conformidad con el artículo 65 de la LOPDGDD, se admitió a trámite la reclamación presentada por la parte reclamante. CUARTO: La Subdirección General "
ejecucion-presupuesto-gastos-aepd-2021,2021,https://www.aepd.es/documento/ejecucion-presupuesto-gastos-aepd-2021.pdf,https://web.archive.org/web/20231014135154id_/https://www.aepd.es/documento/ejecucion-presupuesto-gastos-aepd-2021.pdf,"ESTADO DE LIQUIDACIÓN DEL PRESUPUESTO E I. LIQUIDACIÓN DEL PRESUPUESTO DE GASTOS Página: 1 Fecha: 27/12/2022 CRÉDITOS PRESUPUESTARIOS MODIFICAC. (2) REMANENTES DE CRÉDITO (8=3-5) PARTIDA PRESUPUESTARIA AGENCIA ESPAÑOLA DE PROTECCION DE DATOS OBLIGACIONES PENDIENTES DE PAGO A 31 DE DICIEMBRE (7=5-6) INICIALES (1) DEFINITIVOS (3=1+2) PAGOS (6) OBLIGACIONES RECONOCIDAS NETAS (5) GASTOS COMPROMETIDOS (4) D E S C R I P C I Ó N EJERCICIO CONTABLE: 2021 454.520,00 -124.536,34 329.983,66 329.983,66 329.983,66 329.983,66 0,00 0,00 AL ESTADO, PARA COMPENSAR GASTOS DE GESTION CENTRALIZADA 13    000X   402 37.140,00 0,00 37.140,00 15.834,92 15.834,92 15.834,92 0,00 21.305,08 RETRIBUCIONES BASICAS 13    135M   10000 91.280,00 0,00 91.280,00 53.919,56 53.919,56 53.919,56 0,00 37.360,44 RETRIBUCIONES COMPLEMENTARIAS 13    135M   10001 548.830,00 0,00 548.830,00 580.744,97 580.744,97 580.744,97 0,00 -31.914,97 SUELDOS DEL GRUPO A1 Y GRUPO A 13    135M   12000 711.840,00 0,00 711.840,00 754.643,11 754.643,11 754.643,11 0,00 -42.803,11 SUELDOS DEL GRUPO A2 Y GRUPO B 13    135M   12001 271.930,00 0,00 271.930,00 314.613,66 314.613,66 314.613,66 0,00 -42.683,66 SUELDOS DEL GRUPO C1 Y GRUPO C 13    135M   12002 249.730,00 0,00 249.730,00 241.588,50 241.588,50 241.588,50 0,00 8.141,50 SUELDOS DEL GRUPO C2 Y GRUPO D 13    135M   12003 561.230,00 0,00 561.230,00 488.004,89 488.004,89 488.004,89 0,00 73.225,11 TRIENIOS 13    135M   12005 668.330,00 0,00 668.330,00 532.376,81 532.376,81 532.376,81 0,00 135.953,19 PAGAS EXTRAORDINARIAS 13    135M   12006 1.700.400,00 0,00 1.700.400,00 1.346.806,78 1.346.806,78 1.346.806,78 0,00 353.593,22 COMPLEMENTO DE DESTINO 13    135M   12100 1.972.390,00 0,00 1.972.390,00 1.954.136,92 1.954.136,92 1.954.136,92 0,00 18.253,08 COMPLEMENTO ESPECIFICO 13    135M   12101 76.430,00 0,00 76.430,00 22.735,16 22.735,16 22.735,16 0,00 53.694,84 RETRIBUCIONES BASICAS 13    135M   13000 6.850,00 0,00 6.850,00 1.092,90 1.092,90 1.092,90 0,00 5.757,10 OTRAS REMUNERACIONES 13    135M   13001 77.370,00 0,00 77.370,00 124.791,20 124.791,20 124.791,20 0,00 -47.421,20 LABORAL EVENTUAL 13    135M   131 806.760,00 250.758,00 1.057.518,00 1.057.517,96 1.057.517,96 1.057.517,96 0,00 0,04 PRODUCTIVIDAD 13    135M   150 31.160,00 279,00 31.439,00 31.349,04 31.349,04 31.349,04 0,00 89,96 GRATIFICACIONES 13    135M   151 811.530,00 -25.279,00 786.251,00 694.070,99 694.070,99 694.070,99 0,00 92.180,01 SEGURIDAD SOCIAL 13    135M   16000 61.180,00 -5.000,00 56.180,00 37.071,44 37.071,44 35.843,88 1.227,56 19.108,56 FORMACION Y PERFECCIONAMIENTO DEL PERSONAL 13    135M   16200 20.330,00 -5.000,00 15.330,00 2.032,08 2.032,08 2.032,08 0,00 13.297,92 ECONOMATOS Y COMEDORES 13    135M   16201 30.450,00 0,00 30.450,00 30.450,00 30.450,00 30.450,00 0,00 0,00 ACCION SOCIAL 13    135M   16204 16.410,00 0,00 16.410,00 287,92 287,92 287,92 0,00 16.122,08 OTROS 13    135M   16209 1.902.000,00 0,00 1.902.000,00 1.883.130,12 1.883.130,12 1.883.130,12 0,00 18.869,88 ARRENDAMIEN"
evaluacion-teletrabajo-2021,2021,https://www.aepd.es/documento/evaluacion-teletrabajo-2021.pdf,https://web.archive.org/web/20231014014126id_/https://www.aepd.es/documento/evaluacion-teletrabajo-2021.pdf,"Secretaría General         Calle Jorge Juan, 6  28001 - Madrid www.aepd.es  sedeagpd.gob.es  EVALUACIÓN DEL PROGRAMA DE TELETRABAJO 2021    SEGUIMIENTO DEL PROGRAMA   MÉTODO DE EVALUACIÓN   De acuerdo con lo previsto por el apartado 13º de la convocatoria, corresponde a la Secretaría General  realizar el seguimiento del programa, tanto en lo relativo al grado de satisfacción de los empleados públicos  participantes, como en términos de rendimiento de las unidades.   El procedimiento seguido ha consistido en recabar información y opinión de todas las partes implicadas a  través de la realización de encuestas (ver Anexo I y II) a los empleados que han estado este año en régimen  de teletrabajo (la práctica totalidad de la plantilla), y a los supervisores del teletrabajo. En adelante, a los  primeros se les denominará “trabajadores” y a los segundos, “supervisores”.   Estas encuestas se han realizado telemáticamente y de forma anónima entre el 22 de febrero y el 1 de marzo  de 2022 una vez finalizada por completo la ejecución del programa del año 2021.   Cada cuestionario tiene preguntas dirigidas a analizar distintos impactos del teletrabajo; así, se pretende  contestar las siguientes preguntas:   1.  ¿Cómo afecta teletrabajo en la actividad laboral de cada empleado?   2.  ¿Cómo afecta teletrabajo a la organización de la actividad laboral?   3.  ¿Cómo afecta el teletrabajo en el clima laboral de la organización?   4.  ¿Cómo afecta el teletrabajo en el bienestar de los empleados?   A efectos de analizar los resultados, conviene resaltar que el cuestionario de teletrabajadores ha sido  respondido por 103 personas (de las 166 que conforman la plantilla de la Agencia, el 62,2% de la plantilla),  mientras que el de supervisores ha sido contestado por 10 (de los 20 supervisores que hay, el 50% de ellos).  Se aprecia, pues, una participación sensiblemente superior de los teletrabajadores.   RESULTADOS   ¿Cómo afecta el teletrabajo en la actividad laboral a nivel individual?     En cuanto a la percepción de los empleados sobre si el teletrabajo afecta a su trabajo, en el sentido  de que haya funciones que pierden calidad al realizarse a distancia, la práctica totalidad (102, el 99,02%)  no perciben que el teletrabajo continuado afecte a sus funciones, mientras que solo 1 persona ha  contestado que sí lo hace.     Los supervisores coinciden con los empleados en la percepción unánime (el 100%) de que el  teletrabajo no afecta a las funciones a desarrollar por su unidad.        Secretaría General         Calle Jorge Juan, 6  28001 - Madrid www.aepd.es  sedeagpd.gob.es    De igual manera, cuando se pregunta a los empleados cómo afecta el teletrabajo a su rendimiento  laboral, mayoritariamente la respuesta está orientada a que afecta positivamente, de hecho 94 personas  puntúan su respuesta por encima del 5 y solo 1 por debajo. No obstante, ha de tenerse en cuenta que  estos datos se refieren a una percepción subjetiva del rendimiento propio, con lo que un a"
historico-premios-2021,2021,https://www.aepd.es/es/documento/historico-premios-2021.pdf,https://web.archive.org/web/20210831130909id_/https://www.aepd.es/es/documento/historico-premios-2021.pdf,"HISTÓRICO DE PREMIOS DE LA AGENCIA ESPAÑOLA DE PROTECCIÓN DE DATOS  1 DE 5        AÑO  PREMIO  PREMIADOS  TÍTULO    Premio de Investigación en Protección de Datos  Personales Emilio Aced – Ex Aequo  Álvaro Feal, Paolo Calciati, Narseo Vallina-Rodríguez,  Carmela Troncoso y Alessandra Gorla  Angel or Devil? A privacy study of mobile parental control APPS.    Premio de Investigación en Protección de Datos  Personales Emilio Aced – Ex Aequo  Yasna Vanessa Bastidas Cid  Neurotecnología: Interfaz cerebro-computador y protección de  datos cerebrales o neurodatos en el contexto del tratamiento de  datos personales en la Unión Europea.    Accésit Premio de Investigación en Protección de Datos  Personales Emilio Aced  Darío Lopez Rincón  Protección de datos en el sector de los videojuegos: análisis de su  adaptación al RGPD y LOPDgdd desde el punto de vista de los  videojuegos de gran presupuesto o «triple A».    Premio Comunicación de Protección de Datos Personales  Begoña Vázquez de la Paz  Seguridad en el mundo digital.    Accésit Premio Comunicación de Protección de Datos  Personales  Presentado por Naiara Bellio López-Molina para  Asociación Maldita contra la desinformación.  Periodismo, educación, investigación y datos en  nuevos formatos.  Maldita Tecnología.  2020  Premio a las Buenas Prácticas Educativas en Privacidad y  Protección de Datos Personales para un Uso Seguro de  Internet por los Menores (Modalidad A)  Profesores de Almendralejo Soc. Coop. Enseñanza   Abordaje sistémico del valor de la privacidad en la enseñanza escolar.    Premio a las Buenas Prácticas Educativas en Privacidad y  Protección de Datos Personales para un Uso Seguro de  Internet por los Menores (Modalidad B)  Fundación Canaria Yrichen  Proyecto Ayudantes TIC    Premio a la Proactividad y Buenas Prácticas en el  cumplimiento del Reglamento General de Protección de  Datos y la Ley Orgánica de Protección de Datos Personales  y garantía de los derechos digitales (Modalidad A) – Ex  Aequo.  Paloma Llaneza González y Visual Thinking, S.L.  Consent Commons: una iconografía para la protección de datos y la  transparencia.    Premio a la Proactividad y Buenas Prácticas en el  cumplimiento del Reglamento General de Protección de  Datos y la Ley Orgánica de Protección de Datos Personales  y garantía de los derechos digitales (Modalidad A) – Ex  Aequo.  Fundación 29 de Febrero  Healthdata29: Guía legal y repositorio para fomentar la compartición  de datos de salud.    Premio a la Proactividad y Buenas Prácticas en el  cumplimiento del Reglamento General de Protección de  Datos y la Ley Orgánica de Protección de Datos Personales  y garantía de los derechos digitales (Modalidad B)  Instituto Nacional de la Seguridad Social (INSS)  La gestión de la privacidad en el INSS: Haciendo realidad el enfoque  360°.    Accésit Premio a la Proactividad y Buenas Prácticas en el  cumplimiento del Reglamento General de Protección de  Datos y la Ley Orgánica de Protección de Datos Personales  y garant"
memoria-aepd-2021,2021,https://www.aepd.es/documento/memoria-aepd-2021.pdf,https://web.archive.org/web/20240626221925id_/https://www.aepd.es/documento/memoria-aepd-2021.pdf,"MEMORIA ANUAL 2021 3 MEMORIA 2021 prólogo Las siguientes páginas recogen de forma exhaustiva las actividades  y decisiones más relevantes de la Agencia Española de Protección  de Datos (AEPD), sus cifras de gestión, y un análisis de las tenden- cias y los retos que afronta este derecho fundamental. Durante los  más de seis años que he tenido el honor de dirigir este organismo  la protección de datos ha tenido que hacer frente a numerosos de- safíos, que arrancaron con las previsiones internas y externas ne- cesarias para estar en condiciones de dar respuesta a la aplicación  del Reglamento General de Protección de Datos. En este tiempo  hemos hecho todo lo posible para proteger y garantizar este de- recho, en especial, ante los nuevos retos que plantea un mundo  digitalizado, poniendo a disposición de empresas y administracio- nes públicas, por un lado, y ciudadanos, por otro, más de 80 guías  y herramientas para ayudarles con el cumplimiento de la norma  y para que conozcan y ejerzan sus derechos. Este trabajo ha sido  reconocido por la concesión de 18 premios a todo el equipo de la  AEPD por parte de instituciones y organizaciones públicas y priva- das en los últimos cuatro años, pero para la Agencia ha supuesto  mucho más. Las iniciativas que hemos realizado en los últimos años han sido  de muy diversa índole, desarrollando guías, recomendaciones, he- rramientas, informes y acciones divulgativas, trabajando de forma  estrecha con todos los sectores para promover que el cumplimien- to de la normativa fuese proactivo y no sólo con el objetivo de evi- tar las medidas coercitivas y sancionadoras. En la Agencia estamos  convencidos de que la privacidad es un factor de competitividad  empresarial, y de que el desarrollo tecnológico sólo puede abor- darse desde el respeto al derecho a los derechos fundamentales  de las personas. Por ello, como puede consultarse en detalle en  las páginas posteriores de esta Memoria, en 2021 pusimos en mar- cha una nueva iniciativa dirigida a impulsar un gran acuerdo por  la convivencia ciudadana en el ámbito digital, compatibilizando la  protección de datos con la innovación, la ética y la competitividad  empresarial: el Pacto Digital para la Protección de las Personas, que  cuenta ya con casi 400 entidades adheridas. Ese Pacto refleja la  misión y visión que tiene la Agencia de la protección de datos en  una doble vertiente: fomentar la responsabilidad activa de aque- llos que tratan datos personales y ayudar a las personas a proteger  su privacidad en internet, tanto a través de la concienciación y la  educación como utilizando la potestad sancionadora cuando es  necesario.  PRÓLOGO 4 MEMORIA 2021 La adhesión al Pacto Digital por parte de aquellos que tratan datos  supone asumir el compromiso con los principios y valores que con- tiene, como la ética digital, así como informar a las personas sobre  el tratamiento de sus datos y el ejercicio de sus derechos, aplicar  los principios de protección de datos, garantizar"
