id,year,url_live,url_wayback,texto
00005-2018,2018,https://www.aepd.es/es/documento/00005-2018.pdf,https://web.archive.org/web/20220307210425id_/https://www.aepd.es/es/documento/00005-2018.pdf,"1/7 Procedimiento Nº: A/00005/2018 RESOLUCIÓN: R/00599/2018 En el procedimiento A/00005/2018, instruido por la Agencia Española de Protección de Datos a  A.A.A. (MENTSANA DISTRIBUCIONES), vista la denuncia presentada por la DIRECCIÓN GENERAL GUARDIA CIVIL, COMANDANCIA DE LEON, SECCION SEPRONA y en virtud de los siguientes, ANTECEDENTES PRIMERO: Con fecha 28 de noviembre de 2017 tiene entrada en esta Agencia una denuncia presentada por la DIRECCIÓN GENERAL GUARDIA CIVIL, COMANDANCIA DE LEON, SECCION SEPRONA (en lo sucesivo, el denunciante), en la que manifiesta lo siguiente: 1. Con fecha 28 de octubre de 2017, a las 10:15 horas, agentes de la patrulla del Servicio de Protección de la Naturaleza (SEPRONA), hallan, en un polígono del municipio de ***LOC.1 (León), un vertedero clandestino con enseres domésticos, escombros y unos veinte colchones, además de dos cajas de cartón conteniendo en su interior diversos documentos. Verifican que se trata de numerosos curriculum vitae. Dichos documentos se hallan partidos en su mitad, si bien se aprecian y son totalmente legibles los datos de carácter personal (D.N.I, fechas de nacimiento, números de teléfono, domicilios, situación laboral actual, trabajos anteriores, fotografías, etcétera).    2. Tras haber contactado vía telefónica con los afectados, preguntando a qué empresas habían acudido para realizar entrevistas laborales recientemente, éstos manifiestan en su mayoría que se trataban de trabajos de telemarketing en una empresa de ***LOC.2 (León). 3. Realizando una nueva inspección de las cajas, se hallan diversas hojas de pedido de productos de salud cuyo origen es una empresa denominada MENTSANA DISTRIBUCIONES, ubicada en ***LOC.2. 4. El día 31 de octubre se gira visita a la citada empresa. Los responsables manifiestan que empaquetan y precintan los documentos de carácter personal en cajas para posteriormente trasladarlos hasta la sede principal en Asturias, donde son gestionados para su destrucción. Afirman que entre la primavera y el verano de ese año acumularon un gran número de colchones que decidieron depositar en un punto limpio a través de una persona conocida del responsable, y que ésta podría haber recogido las cajas de documentos por error. Contactando con dicha persona, confirma que depositó las mencionadas cajas en el lugar donde los agentes las encontraron. Aportan el acta de inspección, una muestra de los curriculum vitae encontrados y fotografías del lugar. C/ Jorge Juan, 6 www.agpd.es 28001 – Madrid sedeagpd.gob.es 2/7 SEGUNDO: Consultada el 29 de enero de 2018 la aplicación de la AEPD que gestiona la consulta de antecedentes de sanciones y apercibimientos precedentes, al denunciado  A.A.A. (MENTSANA DISTRIBUCIONES) no le constan registros previos. TERCERO: Con fecha 12 de febrero de 2018, la Directora de la Agencia Española de Protección de Datos acordó someter a trámite de audiencia previa el presente procedimiento de apercibimiento A/00005/2018. Dicho acuerdo fue notificado al denunc"
00009-2018,2018,https://www.aepd.es/documento/00009-2018.pdf,https://web.archive.org/web/20240630160829id_/https://www.aepd.es/documento/00009-2018.pdf,"1/7 Procedimiento Nº: A/00009/2018 RESOLUCIÓN: R/00608/2018 En el procedimiento A/00009/2018, instruido por la Agencia Española de Protección de Datos a la entidad CLUB DE CAMPISTAS EL GARBI, vista la denuncia presentada por Don  B.B.B. y en virtud de los siguientes, ANTECEDENTES PRIMERO: Con fecha 27 de noviembre de 2017 tiene entrada en esta Agencia una denuncia presentada por Don  B.B.B. (en lo sucesivo, el denunciante), en la que manifiesta lo siguiente: 1. Con fecha 14 de julio de 2017 el CLUB DE CAMPISTAS EL GARBI, al que pertenece, publicó en su perfil de la red social Facebook el orden del día de la Asamblea General Extraordinaria que se celebraría el DD/MM/AA. Como punto número 4, consta: “Informe de la demanda presentada por el socio 119  B.B.B. a un empleado del camping”. Dicha publicación, que puede ser vista por cualquier usuario de Facebook, se realizó sin su consentimiento.  2. La razón de interponer la demanda contra el empleado en cuestión fue que el actual Presidente del club manifestó en una Asamblea General Extraordinaria que aquél le había comunicado que el denunciante le había estado acosando. Aporta copia de la citada publicación en Facebook. SEGUNDO: Con fecha 29 de noviembre de 2017 figura Diligencia de inspección para hacer constar que se ha obtenido copia, a través de internet, de la publicación en Facebook objeto del presente procedimiento. TERCERO: Consultada el 2 de febrero de 2018 la aplicación de la AEPD que gestiona la consulta de antecedentes de sanciones y apercibimientos precedentes, a la entidad denunciada CLUB DE CAMPISTAS EL GARBI no le constan registros previos. CUARTO: Con fecha 12 de febrero de 2018, la Directora de la Agencia Española de Protección de Datos acordó someter a trámite de audiencia previa el presente procedimiento de apercibimiento A/00009/2018. Dicho acuerdo fue notificado al denunciado. QUINTO: Con fecha 21 de marzo de 2018 se recibe en esta Agencia escrito de la entidad denunciada en el que comunica que su intención no fue la de perjudicar al denunciante, sino la de dar a conocer a los asociados la convocatoria de la Asamblea General Extraordinaria, figurando en el orden del día la demanda interpuesta por éste contra un trabajador de la asociación. Afirman que dicha publicación respondía a su C/ Jorge Juan, 6 www.agpd.es 28001 – Madrid sedeagpd.gob.es 2/7 obligación de informar a los asociados de la existencia de un procedimiento judicial y que el denunciante había otorgado su consentimiento para que sus datos personales se trataran de acuerdo con las finalidades de la asociación, sin que haya ejercido su derecho de cancelación con anterioridad a la interposición de la denuncia, pues en ese caso se hubiese actuado de inmediato eliminando la publicación. Así mismo, informan de que su página en Facebook está pendiente de acreditación del nombre oficial y no pueden acceder, motivo por el cual han solicitado a Facebook que proceda a la eliminación de la publicación denunciada. Aportan copia, "
00023-2018,2018,https://www.aepd.es/es/documento/00023-2018.pdf,https://web.archive.org/web/20220307210855id_/https://www.aepd.es/es/documento/00023-2018.pdf,"1/5 Procedimiento Nº: A/00023/2018 RESOLUCIÓN: R/00337/2018 En el procedimiento A/00023/2018, instruido por la Agencia Española de Protección de Datos a la FEDERACION DE PLANIFICACION FAMILIAR ESTATAL (CENTRO JOVEN DE ANTICONCEPCIÓN Y SEXUALIDAD DE MADRID), vista la denuncia presentada por D.  A.A.A. y en virtud de los siguientes, ANTECEDENTES PRIMERO: Con fecha 3 de julio de 2017 tiene entrada en esta Agencia denuncia presentada por D.  A.A.A. (en lo sucesivo, el denunciante), en la que manifiesta haber recibido un correo electrónico dirigido a múltiples destinatarios con todas las direcciones visibles desde la FEDERACIÓN DE PLANIFICACIÓN FAMILIAR ESTATAL (CENTRO JOVEN DE ANTICONCEPCIÓN Y SEXUALIDAD DE MADRID) (en lo sucesivo la denunciada). SEGUNDO: Con fecha 6/07/2017 se realiza en Google búsqueda de la dirección de correo electrónico del denunciante, no obteniendo resultado alguno.  TERCERO: Consultada el 16/08/2017 la aplicación de la AEPD que gestiona la consulta de antecedentes de sanciones y apercibimientos precedentes, al denunciado, no le constan registros previos. CUARTO: Con fecha 1 de febrero de 2018, la Directora de la Agencia Española de Protección de Datos acordó someter a trámite de audiencia previa el presente procedimiento de apercibimiento A/00023/2018, de conformidad con lo establecido en el artículo 45.6 de la Ley Orgánica 15/1999, de 13 de diciembre, de Protección de Datos de Carácter Personal (LOPD) con relación a la denuncia por infracción de su artículo 10, tipificada como grave en el artículo 44.3.d). Dicho acuerdo fue notificado a la denunciada. QUINTO: Con fecha 15/02/2018 se recibe en esta Agencia escrito de la denunciada en el que comunica: <<…La lista de correos y mailing de usuarios/as se encuentra guardada en una base de datos protegida con contraseña (la cual es cambiada cada 6 meses), donde, según procedimiento únicamente tienen acceso la coordinadora y la dirección ejecutiva del centro. Aunque no es habitual el envío de mensajes a través de este canal, en ese momento consideramos oportuno informar sobre el nuevo horario, por lo que se envía email en cuestión, tal y como antes se ha expuesto por error humano se adjuntan las copias de los y las destinatarios/as en copia visible en vez de en copia oculta. C/ Jorge Juan, 6 www.agpd.es 28001 – Madrid sedeagpd.gob.es 2/5 El error no se constata hasta recibir la notificación por parte del afectado, por lo que se empieza a diseñar en ese mismo momento un nuevo procedimiento para que dicho error no vuelva a ocurrir…>> HECHOS PROBADOS PRIMERO: Con fecha 3 de julio de 2017 tiene entrada en esta Agencia escrito presentado por el denunciante en la que manifiesta haber recibido de la denunciada un correo electrónico dirigido a múltiples destinatarios con todas las direcciones visibles. SEGUNDO: Con fecha 6/07/2017 se realiza en Google búsqueda de la dirección de correo electrónico del denunciante, no obteniendo resultado alguno.  TERCERO: Consultada el 16/08/2017 la aplicac"
00025-2018,2018,https://www.aepd.es/es/documento/00025-2018.pdf,https://web.archive.org/web/20220302145341id_/https://www.aepd.es/es/documento/00025-2018.pdf,"1/5 Procedimiento Nº: A/00025/2018 RESOLUCIÓN: R/00642/2018 En el procedimiento A/00025/2018, instruido por la Agencia Española de Protección de Datos a D.  A.A.A., vista la denuncia presentada por D.  B.B.B. y en virtud de los siguientes, ANTECEDENTES PRIMERO: Con fecha 20 de junio de 2017 tiene entrada en esta Agencia una denuncia presentada por D.  B.B.B. (en lo sucesivo, el denunciante), en la que manifiesta que, en el mes de mayo de 2017 D.  A.A.A. (en lo sucesivo el denunciado) publicó en la red social Facebook “…falsas acusaciones de delitos muy graves indicando mi fotografía, nombre y apellidos, dirección completa, lugar de trabajo y cargo que ocupo, etc. incitando a personas a tomar represalias contra mi persona, contra mi mujer y contra mi patrimonio. La fecha de las publicaciones las tiene en las capturas de pantalla que adjunto. (…)  Tengo varias denuncias ante la policía nacional ya que realizo publicaciones durante varios días…” SEGUNDO: Con fecha 9/08/2017 figura Diligencia de Inspección en la que se hace constar que se obtuvo a través de internet copia impresa de varias informaciones relacionadas con la citada denuncia. Publicaciones en facebook, en fechas 12 y 13 de mayo de 2017, de comentarios del denunciado en los que hace referencia al denunciante. TERCERO: Consultada el 22/01/201 la aplicación de la AEPD que gestiona la consulta de antecedentes de sanciones y apercibimientos precedentes, al denunciado, no le constan registros previos. CUARTO: Con fecha 1 de febrero de 2018, la Directora de la Agencia Española de Protección de Datos acordó someter a trámite de audiencia previa el presente procedimiento de apercibimiento A/00025/2018 de conformidad con lo establecido en el artículo 45.6 de la Ley Orgánica 15/1999, de 13 de diciembre, de Protección de Datos de Carácter Personal (LOPD) con relación a la denuncia por infracción de su artículo 6, tipificada como grave en el artículo 44.3.b). Dicho acuerdo fue notificado al denunciado. QUINTO: Con fecha 21/03/2018 se recibe en esta Agencia escrito del denunciado en el que pide perdón por haber cometido erróneamente una falta contra el denunciante C/ Jorge Juan, 6 www.agpd.es 28001 – Madrid sedeagpd.gob.es 2/5 etc. SEXTO: Con fecha 23/03/2018 desde esta Agencia se obtuvo a través de internet copia impresa de varias informaciones relacionadas con la citada denuncia. Publicaciones en facebook, en fechas 12 y 13 de mayo de 2017, de comentarios del denunciado en los que hace referencia al denunciante. HECHOS PROBADOS PRIMERO: Con fecha 20 de junio de 2017 tiene entrada en esta Agencia escrito presentado por el denunciante, en la que manifiesta que, en el mes de mayo de 2017 el denunciado publicó en la red social Facebook “…falsas acusaciones de delitos muy graves indicando mi fotografía, nombre y apellidos, dirección completa, lugar de trabajo y cargo que ocupo, etc. incitando a personas a tomar represalias contra mi persona, contra mi mujer y contra mi patrimonio. La fecha de las public"
00029-2018,2018,https://www.aepd.es/es/documento/00029-2018.pdf,https://web.archive.org/web/20220307211346id_/https://www.aepd.es/es/documento/00029-2018.pdf,"1/6 Procedimiento Nº A/00029/2018 RESOLUCIÓN:  En el procedimiento A/00029/2018, instruido por la Agencia Española de Protección de Datos en relación con Dª A.A.A., vista la denuncia presentada, y con base en los siguientes, ANTECEDENTES PRIMERO: Con fecha 3/1/8 tiene entrada en esta Agencia escrito de D. B.B.B.(en adelante el denunciante) comunicando posible infracción a la Ley Orgánica 15/1999, de 13 de diciembre, motivada por la existencia de cámaras de videovigilancia instaladas en la (C/...1) donde reside, que enfoca el acceso a su vivienda. En concreto, manifiesta que la entrada principal a su vivienda se produce a través de un camino situado en su lindero norte, colindante con la de los denunciados, habiéndose instalado una cámara de videovigilancia que se encuentra enfocada hacia el acceso a su vivienda. Adjunta: referencia catastral del inmueble y reportaje fotográfico de la cámara instalada. SEGUNDO: A la vista de los hechos denunciados, la Inspección de Datos de esta Agencia Española de Protección de Datos considera que el tratamiento de los datos personales que se realiza a través de la cámara a la que se refiere la denuncia, no cumple las condiciones que impone la normativa sobre protección de datos. TERCERO: Con fecha de 19/2/18 la Directora de la Agencia Española de Protección de Datos acordó otorgar audiencia previa al procedimiento de apercibimiento a Dª A.A.A. por presunta infracción del artículo 6.1 de la LOPD, tipificada como grave en el artículo 44.3.b) de dicha norma,  CUARTO: Con fecha 26/3/18 se han remitido por Dª A.A.A.  escrito de alegaciones en que manifiesta lo  siguiente: - Que la cámara fue instalada por la empresa autorizada “Montajes Técnicos Galicia S.L.” - Que sólo capta terreno de su propiedad, aunque en el mismo discurra una servidumbre de paso hacia otra finca, no obstante la captación de imágenes de la servidumbre se redujo al mínimo posible. - Que se le señale por esta Agencia si es necesario realizar alguna medida correctora relativa a la situación de la cámara. C/ Jorge Juan, 6 www.agpd.es 28001 – Madrid sedeagpd.gob.es 2/6 FUNDAMENTOS DE DERECHO I Es competente para resolver este procedimiento la Directora de la Agencia Española de Protección de Datos, de conformidad con lo dispuesto en el artículo 37. g) en relación con el artículo 36 de la LOPD. II Antes de entrar de lleno en el análisis de la cuestión que aquí nos ocupa, conviene hacer hincapié en los requisitos que debe cumplir un sistema de videovigilancia. Así pues hay que tener en cuenta lo siguiente: Respetar el principio de proporcionalidad. Las videocámaras no podrán captar imágenes de las personas que se encuentren fuera del espacio privado ya que el tratamiento de imágenes en lugares públicos sólo puede ser realizado, salvo que concurra autorización gubernativa, por las Fuerzas y Cuerpos de Seguridad. Se deberá cumplir el deber de informar a los afectados en el modo previsto en el artículo 3 de la Instrucción 1/2006, de 8 de noviembre, de "
00030-2018,2018,https://www.aepd.es/es/documento/00030-2018.pdf,https://web.archive.org/web/20220307211231id_/https://www.aepd.es/es/documento/00030-2018.pdf,"1/5 Procedimiento Nº A/00030/2018 RESOLUCIÓN:  En el procedimiento A/00030/2018, instruido por la Agencia Española de Protección de Datos en relación con D. A.A.A. y Dª B.B.B., vista la denuncia presentada por D. C.C.C., y con base en los siguientes, ANTECEDENTES PRIMERO: Con fecha 27/12/17 tiene entrada en esta Agencia escrito de D. C.C.C. (en adelante el denunciante), comunicando posible infracción a la Ley Orgánica 15/1999, de 13 de diciembre, motivada por la instalación de cámara de videovigilancia cuyo titular es D. A.A.A. y Dª B.B.B. (en adelante los denunciados) sita en la ***DIRECCIÓN.1 del parking subterráneo del edificio sito en ***DIRECCIÓN.2, sin que conste la existencia de ningún cartel indicativo informando que es una zona videovigilada y sin que conste acuerdo de la Junta de Propietarios, reflejada en Acta, que autorice dicha instalación. Se adjunta a la denuncia informe con documentación fotográfica el garaje referido y la cámara instalada. Se manifiesta que el responsable de la instalación es las personas presuntamente usuarias y propietarias de la plaza: D. A.A.A. y Dª B.B.B.. SEGUNDO: A la vista de los hechos denunciados, la Inspección de Datos de ésta Agencia Española de Protección de Datos considera que el tratamiento de los datos personales que se realiza por los denunciados a través de la cámara a la que se refiere la denuncia no cumple, salvo prueba en contrario, las condiciones que impone la normativa sobre protección de datos. TERCERO: Con fecha 1/3/18 la Directora de la Agencia Española de Protección de Datos acordó otorgar audiencia previa al procedimiento de apercibimiento a D. A.A.A. y Dª B.B.B. por presunta infracción del artículo 6.1 de la LOPD, tipificada como grave en el artículo 44.3.b) de dicha norma. CUARTO: Por parte de los denunciados se ha remitido escrito de alegaciones con fecha 23/3/18 manifestando, en síntesis, lo siguiente: 1. Que la referida cámara de videovigilancia no está operativa desde hace más de 8 años, pues la misma quedó averiada, no es apta para para captar ni registrar ninguna imagen ni sonido, y no consideramos útil reparar la misma y volver a ponerla en funcionamiento (precisamente debido a la inutilidad de la misma por la limitación del campo de grabación restringido exclusivamente a nuestra plaza de aparcamiento,  2. Se aporta certificado que acredita que la cámara está inutilizada.  3. Que actualmente dicha cámara es un elemento inoperativo y meramente  simulado que mantenemos en su ubicación con finalidad únicamente disuasoria y que, en ningún caso, capta ni registra imágenes o sonidos.  C/ Jorge Juan, 6 www.agpd.es 28001 – Madrid sedeagpd.gob.es 2/5 FUNDAMENTOS DE DERECHO I Es competente para resolver este procedimiento la Directora de la Agencia Española de Protección de Datos, de conformidad con lo dispuesto en el artículo 37. g) en relación con el artículo 36 de la LOPD. II Hay que señalar con carácter previo que, el artículo 1 de la LOPD dispone: “La presente Ley Orgánica tiene p"
00032-2018,2018,https://www.aepd.es/es/documento/00032-2018.pdf,https://web.archive.org/web/20220302145234id_/https://www.aepd.es/es/documento/00032-2018.pdf,"1/4 Procedimiento Nº A/00032/2018 RESOLUCIÓN:  En el procedimiento A/00032/2018, instruido por la Agencia Española de Protección de Datos en relación con APARCAMIENTOS EUROPEOS REUNIDOS S.L., situado en ***DIRECCIÓN.1, vista la denuncia presentada por D. A.A.A., y con base en los siguientes:, ANTECEDENTES PRIMERO: Con fecha 3/1/18 tiene entrada en esta Agencia escrito de D. A.A.A., (en lo sucesivo el denunciante), en el que informa de una posible infracción a la Ley Orgánica 15/1999, de 13 de diciembre, de Protección de Datos de Carácter Personal (LOPD), motivada por la instalación de un sistema de videovigilancia en el aparcamiento sito en ***DIRECCIÓN.1 y cuyo titular es APARCAMIENTOS EUROPEOS REUNIDOS S.L. (en adelante el denunciado). El denunciante manifiesta que en dicho garaje se ha instalado un cartel de videovigilancia en el que no consta dirección alguna, ni que en la sede el de la AGPD no figura inscrito fichero alguno a nombre de la empresa reflejada en el ticket de aparcamiento. SEGUNDO: Con fecha de 1/3/18 la Directora de la Agencia Española de Protección de Datos acordó otorgar audiencia previa al procedimiento de apercibimiento a APARCAMIENTOS EUROPEOS REUNIDOS S.L., por presunta infracción del artículo 5 de la LOPD, tipificada como grave en el artículo 44.3.b) de dicha norma. TERCERO: Con fecha 14/3/18 se solicitó por la denunciada copia de la documentación obrante en el expediente. CUARTO    : Con fecha 12/6/18 ha tenido entrada escrito de alegaciones presentadas por la denunciada manifestando que las cámaras no graban imágenes, y que el monitor instalado tiene como objeto reproducirlas imágenes captadas por las cámaras en tiempo real (el objetivo de las mismas es garantizar la seguridad del aparcamiento.) Así mismo se adjunta copia del cartel instalado en el que se recoge la entidad responsable del sistema de videovigilancia: Aparcamientos Europeos Reunidos SL así mismo su dirección ***DIRECCIÓN.2, ante la que se pueden ejercitar los derechos contemplados en la LOPD. FUNDAMENTOS DE DERECHO I Es competente para resolver este procedimiento la Directora de la Agencia Española de Protección de Datos, de conformidad con lo dispuesto en el artículo 37. g) en relación con el artículo 36 de la LOPD Antes de entrar en el examen de las cuestiones aquí planteadas, es conveniente informar que la instalación de un sistema de videovigilancia tiene que cumplir una serie C/ Jorge Juan, 6 www.agpd.es 28001 – Madrid sedeagpd.gob.es 2/4 de requisitos legales: - Respetar el principio de proporcionalidad. - Cuando el sistema esté conectado a una central de alarma, únicamente podrá ser Instalado por una empresa de seguridad privada que reúna los requisitos contemplados en el artículo 5 de la Ley 5/2014 de Seguridad Privada, de 4 de abril. - Las videocámaras no podrán captar imágenes de las personas que se encuentren fuera del espacio privado ya que el tratamiento de imágenes en lugares públicos sólo puede ser realizado, en su caso, por las Fuerzas y "
00036-2018,2018,https://www.aepd.es/documento/00036-2018.pdf,https://web.archive.org/web/20240706211804id_/https://www.aepd.es/documento/00036-2018.pdf,"1/7 Procedimiento Nº: A/00036/2018 RESOLUCIÓN: R/00453/2018 En el procedimiento A/00036/2018, instruido por la Agencia Española de Protección de Datos a la entidad ORITIA & BOREAS, S.L., vista la denuncia presentada por Don  B.B.B. y en virtud de los siguientes, ANTECEDENTES PRIMERO: Con fecha 18 de septiembre de 2017 tiene entrada en esta Agencia una denuncia presentada por Don  B.B.B. (en lo sucesivo, el denunciante), en la que manifiesta lo siguiente: 1. La empresa denunciada ha facilitado, sin su consentimiento, a su ex esposa, Doña  A.A.A., copia de una demanda de conciliación entre la citada empresa y el denunciante por un tema laboral y económico. 2. Su ex esposa ha utilizado esta información en la demanda de divorcio y adopción de medidas que se sigue en un Juzgado de ***LOC.1, mediante un documento de contestación a la demanda en el que se cita lo siguiente: “Mi representada ha tenido conocimiento de que el Sr.  B.B.B. ha presentado demanda de conciliación frente a la empresa ORITIA & BOREAS en reclamación de cantidades y reconocimiento de relación laboral. En la papeleta de conciliación presentada por el hoy actor y cuya copia ha sido entregada a la Sra.  A.A.A. por parte del representante de la citada entidad […]” 3. El denunciante manifiesta que la empresa ha vulnerado el secreto profesional al entregar a su ex esposa copia de dicha documentación Entre otra, anexa la siguiente documentación:  Copia de la solicitud presentada por el denunciante ante el Centro de Mediación, Arbitraje y Conciliación de ***LOC.1, de fecha 29 de marzo de 2017, contra la empresa denunciada.  Copia de la contestación a la demanda presentada por su ex esposa ante el Juagado de Violencia contra la Mujer número X.1 de ***LOC.1, en la que hace referencia a la información sobre la demanda de conciliación presentada por el denunciante contra la empresa denunciada. SEGUNDO: Tras la recepción de la denuncia, la Subdirección General de Inspección de Datos procedió a la realización de actuaciones previas de investigación para el esclarecimiento de los hechos denunciados (Informe E/05686/2017), teniendo conocimiento de los siguientes extremos: C/ Jorge Juan, 6 www.agpd.es 28001 – Madrid sedeagpd.gob.es 2/7 Con fechas 27 de octubre y 28 de noviembre de 2018, ORITIA & BOREAS, S.L., ha remitido a esta Agencia la siguiente información en relación con los hechos denunciados: 1) La información facilitada por la empresa en relación con el denunciante se enmarca en un procedimiento judicial seguido ante el Juzgado de Violencia sobre la Mujer nº X.1 de ***LOC.1, en el que son parte el denunciante y su ex esposa. 2) En el citado procedimiento, tanto la abogada de la ex esposa como el Juzgado solicitaron información a la empresa. a. La información facilitada a la letrada se realizó en contestación al requerimiento remitido por su parte, con fecha 1 de junio de 2017, del que aportan copia, donde manifiesta que, con el objetivo de ejercitar la tutela judicial efectiva de su repre"
00048-2018,2018,https://www.aepd.es/es/documento/00048-2018.pdf,https://web.archive.org/web/20220307210837id_/https://www.aepd.es/es/documento/00048-2018.pdf,"1/5 Procedimiento Nº: A/00048/2018 RESOLUCIÓN: R/00538/2018 En el procedimiento A/00048/2018, instruido por la Agencia Española de Protección de Datos a la UNION DE CONSUMIDORES DE ANDALUCIA, vista la denuncia presentada por D.  B.B.B. y D.  A.A.A. y en virtud de los siguientes, ANTECEDENTES PRIMERO: Con fecha 14 y 26 de diciembre de 2017 tienen entrada en esta Agencia denuncias presentadas por D.  B.B.B. y D.  A.A.A. (en lo sucesivo, los denunciantes) en las que manifiestan que la UNION DE CONSUMIDORES DE ANDALUCIA (en lo sucesivo el denunciado) ha remitido el 3/11/2017 un correo electrónico a múltiples destinatarios sin copia oculta. SEGUNDO: Consultada el 18/01/2018 la aplicación de la AEPD que gestiona la consulta de antecedentes de sanciones y apercibimientos precedentes, al denunciado, no le constan registros previos. TERCERO: Con fecha 21 de febrero de 2018, la Directora de la Agencia Española de Protección de Datos acordó someter a trámite de audiencia previa el presente procedimiento de apercibimiento A/00048/2018, de conformidad con lo establecido en el artículo 45.6 de la Ley Orgánica 15/1999, de 13 de diciembre, de Protección de Datos de Carácter Personal (LOPD) con relación a la denuncia por infracción de su artículo 10, tipificada como grave en el artículo 44.3.d). Dicho acuerdo fue notificado al denunciado. CUARTO: Con fecha 15/03/2018 se recibe en esta Agencia escrito del denunciado en el que comunica:  <<…Primera: Que lo que ha ocurrido se ha debido a un error absolutamente involuntario, por parte de un miembro de la UCA-UCE, el cual ya ha sido apercibido debidamente por lo ocurrido con explicación de los motivos que lo ocasionan y los perjuicios que actuación han podido causar. Segunda: Se han adoptado medidas necesarias para evitar lo que ha sucedido, dado que no ha ocurrido nunca anteriormente, y ha sido un hecho puntual. Estas medidas son: • El envío de correos electrónicos se configura para que no deje de ser copia oculta en todo caso los datos de nuestros asociados. C/ Jorge Juan, 6 www.agpd.es 28001 – Madrid sedeagpd.gob.es 2/5 • Será vigilado, el envío, por dos personas, para evitar que el error que pudiera cometer una, no sea revisado y corregido por la otra persona. • Se han vuelto a recordar a nuestros miembros todos los protocolos establecidos en cuanto a la protección de datos, sobre todo en lo referente a deberes y derechos…>> HECHOS PROBADOS PRIMERO: Con fecha 14 y 26 de diciembre de 2017 tienen entrada en esta Agencia escritos presentados por los denunciantes en los que manifiestan que el denunciado ha remitido el 3/11/2017 un correo electrónico a múltiples destinatarios sin copia oculta. SEGUNDO: Con fecha 15/03/2018 se recibe en esta Agencia escrito del denunciado en el que comunica:  <<…Primera: Que lo que ha ocurrido se ha debido a un error absolutamente involuntario, por parte de un miembro de la UCA-UCE, el cual ya ha sido apercibido debidamente por lo ocurrido con explicación de los motivos que lo ocasionan"
00054-2018,2018,https://www.aepd.es/es/documento/00054-2018.pdf,https://web.archive.org/web/20220307211014id_/https://www.aepd.es/es/documento/00054-2018.pdf,"1/4 Procedimiento Nº A/00054/2018 RESOLUCIÓN:  En el procedimiento A/00054/2018, instruido por la Agencia Española de Protección de Datos en relación con D.  B.B.B., vista la denuncia presentada y con base en los siguientes: ANTECEDENTES PRIMERO: Con fecha 25/1/18 tiene entrada en esta Agencia escrito de D.  E.E.E. D.D.D. (en adelante el denunciante) comunicando posible infracción a la Ley Orgánica 15/1999, de 13 de diciembre, motivada por cámaras de videovigilancia cuyo titular es D.  B.B.B. (en adelante el denunciado) instaladas en un garaje comunitario. En concreto denuncia que el propietario de la plaza nº X.1 del garaje de la comunidad (***COMUNIDAD.1), que es D.  B.B.B. ha colocado 3 cámaras de videovigilancia cableadas al trastero de su misma plaza 11. Esta circunstancia la ha puesto en conocimiento del presidente de la Comunidad de Propietarios, no habiendo recibido contestación a su solicitud. Adjunta: reportaje fotográfico de garaje en el que se observa las cámaras instaladas. SEGUNDO: A la vista de los hechos denunciados, la Inspección de Datos de esta Agencia Española de Protección de Datos, considera que el tratamiento de los datos personales que se realiza por el denunciado, a través de las cámaras a las que se refiere la denuncia, no cumple las condiciones que impone la normativa sobre protección de datos. TERCERO: Con fecha de 15/3/18, la Directora de la Agencia Española de Protección de Datos acordó otorgar audiencia previa al procedimiento de apercibimiento a D B.B.B.  C.C.C., por presunta infracción del artículo 6.1 de la. LOPD, tipificada como grave en el artículo 44.3.b) de dicha norma. CUARTO: Se ha recibido escrito de alegaciones por el denunciado manifestando que el sistema de videovigilancia está instalado según la normativa vigente, aportando documentación acreditativa, entre ella copia del Acta de la Junta de la comunidad de propietarios de 30/3/17, donde consta autorización para la colocación de cámaras de videovigilancia. Así mismo se aporta autorización de los propietarios de las plazas colindantes a la plaza donde están colocadas las cámaras, para poder grabar el total o parcial de ellas. También se aporta fotografías de los carteles informativos colocados y el modelo de clausula informativa. FUNDAMENTOS DE DERECHO I C/ Jorge Juan, 6 www.agpd.es 28001 – Madrid sedeagpd.gob.es 2/4 Es competente para resolver este procedimiento la Directora de la Agencia Española de Protección de Datos, de conformidad con lo dispuesto en el artículo 37. g) en relación con el artículo 36 de la LOPD. II Antes de entrar en el examen de las cuestiones aquí planteadas, es conveniente informar que la instalación de un sistema de videovigilancia tiene que cumplir una serie de requisitos legales: - Respetar el principio de proporcionalidad. - Cuando el sistema esté conectado a una central de alarma, únicamente podrá ser instalado por una empresa de seguridad privada que reúna los requisitos contemplados en el artículo 5 de la Ley 5/2014 de Se"
00055-2018,2018,https://www.aepd.es/es/documento/00055-2018.pdf,https://web.archive.org/web/20220307210722id_/https://www.aepd.es/es/documento/00055-2018.pdf,"1/5 Procedimiento Nº A/00055/2018 RESOLUCIÓN:  En el procedimiento A/00055/2018, instruido por la Agencia Española de Protección de Datos en relación con ASOCIACIÓN DE INVESTIGACIÓN HISTÓRICA DE VICÁLVARO ""VICUS ALBUS"", vista la denuncia presentada y con base en los siguientes, ANTECEDENTES PRIMERO: Con fecha 11/12/17 tiene entrada en esta Agencia escrito de D. A.A.A. (en adelante el denunciante) comunicando posible infracción a la Ley Orgánica 15/1999, de 13 de diciembre, motivada por cámaras de videovigilancia cuyo titular es ASOCIACIÓN DE INVESTIGACIÓN HISTÓRICA DE VICÁLVARO ""VICUS ALBUS"" (en adelante el denunciado) instaladas en el local de la asociación, sito en ***DIRECCIÓN.1 En concreto, denuncia que en dicho local de la asociación se ha instalado un sistema de videovigilancia, sin que existan carteles informativos que avisen de la existencia de una zona videovigilada. SEGUNDO: A la vista de los hechos expuestos, la Inspección de Datos de esta Agencia Española de Protección de Datos considera que el tratamiento de los datos personales que se realiza por el denunciado, a través de las cámaras a las que se refiere la denuncia no cumple las condiciones que impone la normativa sobre protección de datos. TERCERO: Con fecha de 26/3/18 la Directora de la Agencia Acodó someter a trámite de audiencia previa el apercibimiento a ASOCIACIÓN DE INVESTIGACIÓN HISTÓRICA DE VICÁLVARO ""VICUS ALBUS"" con arreglo a lo dispuesto en el artículo 45.6 de la LOPD, con relación a la denuncia por infracción de su artículo por infracción de su artículo 5, tipificada como leve en el artículo 44.2.c). CUARTO: Con fecha 8/5/18 se han remitido por D. C.C.C. en nombre y representación de la entidad denunciada, escrito de alegaciones acompañada de documentación fotográfica, del contenido del mismo se acredita que la denunciada cumple con la obligación de informar de la existencia de zona videovigilada, a través de la instalación de carteles informativos, estando las cámaras instaladas en el interior del establecimiento y sólo captando espacios privativos.  C/ Jorge Juan, 6 www.agpd.es 28001 – Madrid sedeagpd.gob.es 2/5 FUNDAMENTOS DE DERECHO I Es competente para resolver este procedimiento la Directora de la Agencia Española de Protección de Datos, de conformidad con lo dispuesto en el artículo 37. g) en relación con el artículo 36 de la LOPD. Antes de entrar en el examen de las cuestiones aquí planteadas, es conveniente informar que la instalación de un sistema de videovigilancia tiene que cumplir una serie de requisitos legales: - Respetar el principio de proporcionalidad. - Cuando el sistema esté conectado a una central de alarma, únicamente podrá ser instalado por una empresa de seguridad privada que reúna los requisitos contemplados en el artículo 5 de la Ley 5/2014 de Seguridad Privada, de 4 de abril - Las videocámaras no podrán captar imágenes de las personas que se encuentren fuera del espacio privado ya que el tratamiento de imágenes en lugares públicos sólo puede"
00065-2018,2018,https://www.aepd.es/documento/00065-2018.pdf,https://web.archive.org/web/20240630053505id_/https://www.aepd.es/documento/00065-2018.pdf,"1/12 Procedimiento Nº: A/00065/2018 RESOLUCIÓN:  En el procedimiento A/00065/2018, instruido por la Agencia Española de Protección de Datos a  C.C.C., vista la denuncia presentada por el  B.B.B. y en virtud de los siguientes, ANTECEDENTES PRIMERO: Con fecha 25 de enero de 2018 tiene entrada en esta Agencia escrito del B.B.B., (en adelante el denunciante) comunicando posible infracción a la Ley Orgánica 15/1999, de 13 de diciembre, de Protección de Datos de Carácter Personal, motivada por cámaras de videovigilancia cuyo titular es  C.C.C.  (en adelante el denunciado) instaladas en  A.A.A., enfocando hacia las fincas colindantes y zonas comunes En concreto se denuncia la instalación de dos cámaras de vídeo en el exterior de la finca, pudiendo estas grabar imágenes tanto de las fincas colindantes, como de las zonas comunes. Se adjunta reportaje fotográfico donde se observa la ubicación de ambas cámaras. SEGUNDO: A la vista de los hechos denunciados, esta Agencia Española de Protección de Datos consideró que el tratamiento de los datos personales que se realizaba por el denunciado a través de las cámaras a las que se refiere la denuncia, no cumplía las condiciones que impone la normativa sobre protección de datos. TERCERO: Con fecha 2 de marzo de 2018, la Directora de la Agencia Española de Protección de Datos acordó someter a trámite de audiencia previa el presente procedimiento de apercibimiento A/00065/2018.  CUARTO: En fecha 8 de marzo de 2018, se intentó la notificación del citado acuerdo de audiencia previa al procedimiento de apercibimiento al denunciado encontrándose éste ausente en el reparto. Se repitió nuevamente el intento de notificación el día 13 de marzo de 2018, figurando nuevamente en el acuse de recibo ausente en el reparto Con fecha 9 de abril  de 2018, se envió al Tablón Edictal Único el citado acuerdo de audiencia previa al procedimiento de apercibimiento al denunciado, para su publicación en el Boletín Oficial del Estado, circunstancia que se produjo el día 12 de abril de 2018, otorgándose al denunciado plazo para efectuar alegaciones a dicho acuerdo, acabando el mismo sin que por parte de éste se presentara escrito alguno. C/ Jorge Juan, 6 www.agpd.es 28001 – Madrid sedeagpd.gob.es 2/12 HECHOS PROBADOS PRIMERO: Con fecha 25 de enero de 2018 tiene entrada en esta Agencia escrito del B.B.B., (en adelante el denunciante) comunicando posible infracción a la Ley Orgánica 15/1999, de 13 de diciembre, de Protección de Datos de Carácter Personal, motivada por cámaras de videovigilancia cuyo titular es  C.C.C.  (en adelante el denunciado) instaladas en  A.A.A., enfocando hacia las fincas colindantes y zonas comunes En concreto se denuncia la instalación de dos cámaras de vídeo en el exterior de la finca, pudiendo estas grabar imágenes tanto de las fincas colindantes, como de las zonas comunes. Se adjunta reportaje fotográfico donde se observa la ubicación de ambas cámaras. SEGUNDO: Consta que la persona responsable de las cámaras de vid"
00083-2018,2018,https://www.aepd.es/documento/00083-2018.pdf,https://web.archive.org/web/20240707000139id_/https://www.aepd.es/documento/00083-2018.pdf,"1/8 Procedimiento Nº: A/00083/2018  RESOLUCIÓN: R/00933/2018 En el procedimiento A/00083/2018, instruido por la Agencia Española de Protección de Datos a la entidad B.B.B., vista la denuncia presentada por  A.A.A. y en virtud de los siguientes, HECHOS PRIMERO: Con fecha 12 de febrero de 2018 tiene entrada en esta Agencia escrito de A.A.A. (en adelante el denunciante) comunicando posible infracción a la Ley Orgánica 15/1999, de 13 de diciembre, motivada por una cámara de videovigilancia cuyo titular es  B.B.B. (en adelante el denunciado) instaladas en  (C/...1) (Madrid) enfocando hacia vía pública. En concreto, denuncia que: “El Sr B.B.B. ha instalado una videocámara de seguridad en su domicilio ….La videocámara se encuentra situada en la fachada principal de su domicilio, enfocando directamente a la vía pública….Además, carece de distintivo informativo sobre su colocación.”   Adjunta reportaje fotográfico, en el que se observa la ubicación de la cámara. SEGUNDO: A la vista de los hechos denunciados, la Inspección de Datos de esta Agencia Española de Protección de Datos considera que el tratamiento de los datos personales que se realiza por el denunciado a través de la cámara a la que se refiere la denuncia, no cumple las condiciones que impone la normativa sobre protección de datos. TERCERO: Con fecha 14 de marzo de 2018, la Directora de la Agencia Española de Protección de Datos acordó someter a trámite de audiencia previa el presente procedimiento de apercibimiento A/00083/2018. Dicho acuerdo fue notificado al denunciado. C/ Jorge Juan, 6 www.agpd.es 28001 – Madrid sedeagpd.gob.es 2/8 CUAR    TO:     Con fecha 25 de abril de 2018 se recibe en esta Agencia escrito del denunciado en el que comunica: “Que la cámara a la que se alude en el acuerdo solamente capta imágenes de mi parcela y puerta de la cancela” Acompañando al escrito, fotografía de la captura de pantalla de la cámara, en la que se aprecia la existencia de una máscara de privacidad, que oculta la vía pública. HECHOS PROBADOS PRIMERO: Con fecha 12 de febrero de 2018 tiene entrada en esta Agencia escrito de A.A.A. (en adelante el denunciante) comunicando posible infracción a la Ley Orgánica 15/1999, de 13 de diciembre, motivada por una cámara de videovigilancia cuyo titular es  B.B.B. (en adelante el denunciado) instaladas en  (C/...1) (Madrid) enfocando hacia vía pública. En concreto, denuncia que: “El Sr B.B.B. ha instalado una videocámara de seguridad en su domicilio ….La videocámara se encuentra situada en la fachada principal de su domicilio, enfocando directamente a la vía pública….Además, carece de distintivo informativo sobre su colocación.”   Adjunta reportaje fotográfico, en el que se observa la ubicación de la cámara. SEGUNDO: Consta que el responsable de la instalación del sistema de videovigilancia es  B.B.B. al reconocer dicha instalación en el escrito de alegaciones. TERCERO: Consta que en fecha 25 de abril de 2018 tiene entrada el escrito de alegaciones al acuerdo de au"
00086-2018,2018,https://www.aepd.es/documento/00086-2018.pdf,https://web.archive.org/web/20240704054613id_/https://www.aepd.es/documento/00086-2018.pdf,"1/5 Procedimiento Nº: A/00086/2018 RESOLUCIÓN: R/00936/2018 En el procedimiento A/00086/2018, instruido por la Agencia Española de Protección de Datos a  B.B.B., vista la denuncia presentada por  A.A.A. y en virtud de los siguientes, HECHOS PRIMERO: Con fecha 4 de enero de 2018 tiene entrada en esta Agencia escrito de A.A.A. (en adelante el denunciante) comunicando posible infracción a la Ley Orgánica 15/1999, de 13 de diciembre, motivada por cámaras de videovigilancia cuyo titular es B.B.B. (en adelante el denunciado) instaladas en ***DIRECCION.1 enfocando hacia la vía pública y hacia las fincas colindantes. En concreto, denuncia que: “se viene observando como su vecino… ha instalado unas cinco cámaras de video-vigilancia o grabación que pudieran estar apuntando todas hacia la valla divisoria de su vivienda” ”cuando entramos o salimos de nuestra casa…en el camino… SIEMPRE SOMOS GRABADOS, por la cámara nº 5.”  Adjunta: reportaje fotográfico (en el que se observa la ubicación de las cámaras). SEGUNDO: A la vista de los hechos denunciados, la Inspección de Datos de esta Agencia Española de Protección de Datos considera que el tratamiento de los datos personales que se realiza por el denunciado a través de las cámaras a las que se refiere la denuncia, no cumplen las condiciones que impone la normativa sobre protección de datos. TERCERO: Con fecha 14 de marzo de 2018, la Directora de la Agencia Española de Protección de Datos acordó someter a trámite de audiencia previa el presente procedimiento de apercibimiento A/00086/2018. Dicho acuerdo fue notificado al denunciado. CUARTO: Con fecha 24 de abril de 2018 se recibe en esta Agencia escrito del denunciado en el que aporta como prueba entre otras, certificado de la empresa EINSE S.L. en el que se afirma “Que dichos sistemas de CCTV … cumple la finalidad preventiva y protectora ….no visionando ni grabando ninguna imagen que no sean las propias del recinto propiedad D. B.B.B.” C/ Jorge Juan, 6 www.agpd.es 28001 – Madrid sedeagpd.gob.es 2/5 HECHOS PROBADOS PRIMERO: Con fecha 4 de enero de 2018 tiene entrada en esta Agencia escrito de A.A.A. (en adelante el denunciante) comunicando posible infracción a la Ley Orgánica 15/1999, de 13 de diciembre, motivada por cámaras de videovigilancia cuyo titular es B.B.B. (en adelante el denunciado) instaladas en ***DIRECCION.1  enfocando hacia la vía pública y hacia las fincas colindantes. En concreto, denuncia que: “se viene observando como su vecino… ha instalado unas cinco cámaras de video-vigilancia o grabación que pudieran estar apuntando todas hacia la valla divisoria de su vivienda” ”cuando entramos o salimos de nuestra casa…en el camino… SIEMPRE SOMOS GRABADOS, por la cámara nº 5.”  Adjunta: reportaje fotográfico (en el que se observa la ubicación de las cámaras). SEGUNDO: Consta que el responsable de la instalación del sistema de videovigilancia es   B.B.B. al reconocer dicha instalación en el escrito de alegaciones. TERCERO: Consta que en fecha24 de abril de"
00104-2018,2018,https://www.aepd.es/documento/00104-2018.pdf,https://web.archive.org/web/20240704042042id_/https://www.aepd.es/documento/00104-2018.pdf,"1/13 Procedimiento Nº: A/00104/2018 RESOLUCIÓN: R/01140/2018 En el procedimiento A/00104/2018, instruido por la Agencia Española de Protección de Datos a la entidad  B.B.B., vista la denuncia presentada por  C.C.C. y en virtud de los siguientes, ANTECEDENTES PRIMERO: Con fecha 10/01/2018 tiene entrada en esta Agencia una denuncia presentada por  C.C.C. (en lo sucesivo, el denunciante), en la que manifiesta que varias páginas web de  B.B.B., (en lo sucesivo la denunciada), incumplen las obligaciones de información en la recogida de datos que requiere el art. 5 de la LOPD, y que utilizan cookies sin cumplir lo dispuesto en el art. 22.2 de la LSSI. Indica las siguientes páginas web: http://www.ataquedeansiedad.com/ https://my.sendinblue.com/users/subscribe/js_id/25ypo/id/4 www.vanesarodriguezdetrujillo.com http://blog.ataquedeansiedad.com/2016/01/asociacion-aecapa.html https://my.sendinblue.com/users/subscribe/js_id/25ypo/id/5 SEGUNDO: Tras la recepción de la denuncia, la Subdirección General de Inspección de Datos procedió a la realización de  actuaciones previas de investigación para el esclarecimiento de los hechos denunciados, teniendo conocimiento de los siguientes extremos: 1. Mediante diligencia de fecha de 5/03/2018 se accede a varias páginas web verificándose lo siguiente: 1.1 la página web www.ataquedeansiedad.com utiliza dispositivos de almacenamiento y recuperación de datos (DARD en lo sucesivo) de terceros con finalidad de analítica web, al acceder al sitio web, sin ofrecer información a los usuarios y sin obtener su consentimiento. No se halla información respecto del uso de DARD. 1.2 Se verifica que en el enlace http://www.ataquedeansiedad.com/contacto.php se recogen datos personales sin ofrecer ninguna información. C/ Jorge Juan, 6 www.agpd.es 28001 – Madrid sedeagpd.gob.es 2/13 1.3 Se verifica que el dominio ataquedeansiedad.com, el dominio vanesarodriguezdetrujillo.com y vivirsinansiedad.com está registrado a nombre de la denunciada. 1.4 La página web  www.vanesarodriguezdetrujillo.com utiliza dispositivos de almacenamiento y recuperación de datos (DARD en lo sucesivo) de terceros al acceder al sitio web, sin ofrecer información a los usuarios y sin obtener su consentimiento. No se halla información respecto del uso de DARD. 1.5 Se   verifica   que   en   el   enlace https://www.vanesarodriguezdetrujillo.com/contacto/ se recogen datos personales sin ofrecer información sobre el tratamiento de datos. 1.6 Se verifica que la web http://blog.ataquedeansiedad.com/ se recogen datos personales sin ofrecer información sobre el tratamiento de datos. TERCERO: Con fecha 26 de marzo de 2018, la Directora de la Agencia Española de Protección de Datos acordó someter a trámite de audiencia previa el presente procedimiento de apercibimiento A/00104/2018, a  B.B.B. con arreglo a lo dispuesto en el artículo 39 bis 2 de la LSSI y artículo 45.6 de la LOPD, con relación a la denuncia por infracción de los artículos 22.2 de la LSSI, tipificada como leve"
00120-2018,2018,https://www.aepd.es/documento/00120-2018.pdf,https://web.archive.org/web/20240630021023id_/https://www.aepd.es/documento/00120-2018.pdf,"1/2 E/00288/2018 A/00120/2018 Con fecha 15 de diciembre de 2017, se recibió en esta Agencia una denuncia presentada por la FEDERACIÓN ESPAÑOLA DE BILLAR en la que exponía que la FEDERACIO CATALANA DEL BILLAR había publicado en su página web un documento denominado “Censo RFEB”, con los datos personales de los socios de la FEDERACIÓN ESPAÑOLA DE BILLAR. La funcionalidad del censo se limitaba al proceso electoral del año 2016 y la publicidad del mismo no ha sido ni autorizada ni consentida por la FEDERACIÓN ESPAÑOLA DE BILLAR ni por los afectados relacionados en dicho documento. Tras la recepción de la denuncia, la Subdirección General de Inspección de Datos procedió a la realización de actuaciones previas de investigación para el esclarecimiento de los hechos denunciados (Informe E/00288/2018). Posteriormente, se inició el procedimiento de apercibimiento arriba referenciado, sin advertir la posible incompetencia de esta Agencia ya que se trataba de la publicación de datos de los miembros de la Federación Española de Billar. El artículo 41.1 de La Ley Orgánica 15/1999, de 13 de diciembre, de Protección de Datos de Carácter Personal (en adelante LOPD) establece que: “Las funciones de la Agencia de Protección de Datos reguladas en el artículo 37, a excepción de las mencionadas en los apartados j), k) y l) y en los apartados f) y g) en lo que se refiere a las transferencias internacionales de datos, así como en los artículos 46 y 49, en relación con sus específicas competencias serán ejercidas, cuando afecten a ficheros de datos de carácter personal creados o gestionados por las Comunidades Autónomas y por la Administración Local de su ámbito territorial, por los órganos correspondientes de cada Comunidad, que tendrán la consideración de autoridades de control, a los que garantizarán plena independencia y objetividad en el ejercicio de su cometido.” Por su parte, el artículo 156 de la Ley Orgánica 6/2006, de 19 de julio, de Reforma del Estatuto de Autonomía de Cataluña determina en su apartado a) que “Corresponde a la Generalitat la competencia ejecutiva en materia de protección de datos de carácter personal que, respetando las garantías de los derechos fundamentales en esta materia, incluye en todo caso (...) la inscripción y el control de los ficheros o los tratamientos de datos de carácter personal creados o gestionados por las instituciones públicas de Cataluña, la Administración de la Generalitat, las administraciones locales de Cataluña, las entidades autónomas y las demás entidades de derecho público o privado que dependen de las administraciones autonómica o locales o que prestan servicios o realizan actividades por cuenta propia a través de cualquier forma de gestión directa o indirecta, y las universidades que integran el sistema universitario catalán”.  Como consecuencia de lo establecido en las citadas normas, la Agencia Española de Protección de Datos carece de competencia para tramitar la presente denuncia; siendo competente para la tram"
00121-2018,2018,https://www.aepd.es/es/documento/00121-2018.pdf,https://web.archive.org/web/20220308230532id_/https://www.aepd.es/es/documento/00121-2018.pdf,"1/6 Procedimiento Nº: A/00121/2018 RESOLUCIÓN: R/00966/2018 En el procedimiento A/00121/2018, instruido por la Agencia Española de Protección de Datos a la entidad GRAJEA SERVICES, S.L. (PARKING PEDRO), vista la denuncia presentada por el AYUNTAMIENTO DE MÁLAGA - ADMINISTRACIÓN POLICÍA LOCAL y en virtud de los siguientes, HECHOS PRIMERO: Con fecha 7 de marzo de 2018 tiene entrada en esta Agencia escrito del AYUNTAMIENTO DE MÁLAGA - ADMINISTRACIÓN POLICÍA LOCAL comunicando posible infracción a la Ley Orgánica 15/1999, de 13 de diciembre, motivada por cámaras de videovigilancia cuyo titular es GRAJEA SERVICES, S.L. (PARKING PEDRO) instaladas en  A.A.A.. En concreto, denuncian la “(…) grabación de imágenes (videograbación) en vía pública; (…) puesto que (…) en la fachada del edificio Chek Point existe una cámara en el establecimiento con nombre comercial “Parking Pedro” (…) de la empresa GRAGEA SERVI S.L. a la cual pertenece dicho parking, (…) manifestando que la tienen por seguridad de los vehículos. (…)”. Adjuntan acta levantada por la Policía Local de Málaga, y reportaje fotográfico en el que se observa la instalación de una cámara de videovigilancia en un poste con enfoque en dicho parking, sin autorización. SEGUNDO: A la vista de los hechos denunciados, la Inspección de Datos de esta Agencia Española de Protección de Datos considera que el tratamiento de los datos personales que se realiza por la parte denunciada a través de la cámara a la que se refiere la denuncia, no cumple las condiciones que impone la normativa sobre protección de datos. TERCERO: Con fecha 26 de marzo de 2018, la Directora de la Agencia Española de Protección de Datos acordó someter a trámite de audiencia previa el presente procedimiento de apercibimiento A/00121/2018. Dicho acuerdo fue notificado a la parte denunciada. CUARTO: Con fechas 16 de mayo y 12 de julio de 2018 se recibe en esta Agencia sendos escritos de la parte denunciada en el que comunica: 1. Que las cámaras que hay situadas en el poste “(…) no se encuentran conectadas y miran hacia el interior de las instalaciones (…)”. Aportan Informe certificado por la Empresa de Seguridad     Segurisur     de fecha 04/07/18 acreditando que las cámaras no están conectadas a ningún grabador de C/ Jorge Juan, 6 www.agpd.es 28001 – Madrid sedeagpd.gob.es 2/6 imágenes y fotografías de la ubicación de las cámaras y del enfoque de las mismas al interior de las instalaciones. HECHOS PROBADOS PRIMERO: Consta que en fecha 7 de marzo de 2018, tuvo entrada en esta Agencia escrito del AYUNTAMIENTO DE MÁLAGA - ADMINISTRACIÓN POLICÍA LOCAL, comunicando posible infracción a la Ley Orgánica 15/1999, de 13 de diciembre, motivada por la existencia de una cámara de videovigilancia cuyo titular es la entidad GRAJEA SERVICES, S.L. (PARKING PEDRO) instalada en el local ubicado en  A.A.A.. SEGUNDO: Consta que el responsable de las cámaras instaladas es  la entidad GRAJEA SERVICES, S.L. (PARKING PEDRO). TERCERO    : Consta que en el lugar denunc"
00122-2018,2018,https://www.aepd.es/es/documento/00122-2018.pdf,https://web.archive.org/web/20220307213319id_/https://www.aepd.es/es/documento/00122-2018.pdf,"1/8 Procedimiento Nº: A/00122/2018 RESOLUCIÓN: R/00881/2018 En el procedimiento A/00122/2018, instruido por la Agencia Española de Protección de Datos a la entidad MÁRMOLES IBARS, S.L., vista la denuncia presentada por Doña  A.A.A. y en virtud de los siguientes,   ANTECEDENTES PRIMERO: Con fecha 20 de noviembre de 2017 tiene entrada en esta Agencia una denuncia presentada por Doña  A.A.A. (en lo sucesivo, la denunciante), en la que manifiesta lo siguiente: Con fecha 25 de noviembre de 2016, la denunciante y su hija menor de edad acudieron a MÁRMOLES IBARS, S.L., para solicitar un servicio de dicha tienda, dejando el teléfono de la menor y su nombre para que le enviasen información.  A las pocas horas, la menor comenzó a recibir llamadas y mensajes vejatorios e insultos de dos teléfonos correspondientes a dicha tienda. Ese mismo día presentaron denuncia ante la Comisaría de Policía, la cual dio lugar a actuaciones en el Juzgado de Instrucción número X1 de ***LOC.1, donde quedó probado que dichas llamadas habían sido realizadas por una persona relacionada con dicha entidad.  Se anexa la siguiente documentación: Copia de la denuncia ante la Policía Copia de la Sentencia, de fecha 15 de marzo de 2017, del Juzgado de Instrucción número X1 de ***LOC.1. SEGUNDO: Tras la recepción de la denuncia, la Subdirección General de Inspección de Datos procedió a la realización de  actuaciones previas de investigación para el esclarecimiento de los hechos denunciados (Informe E/06774/2017), teniendo conocimiento de los siguientes extremos: Con fecha 27 de febrero de 2018, se recibe escrito de MÁRMOLES IBARS, S.L., en el que pone de manifiesto que: a. Los datos de la menor no se llegaron a incorporar a los ficheros de la entidad, simplemente se anotaron en una libreta de la oficina, siendo éstos: nombre, teléfono y correo electrónico, con el fin de informarle sobre un producto solicitado. El procedimiento habitual es anotar el teléfono en una libreta para avisar a los clientes. No obstante, si finalmente no se realiza el pedido, los datos no se incorporan al fichero y se destruyen. b. La empresa no tiene fichero automatizado, únicamente una libreta donde se recogen los datos. Una vez finalizado el pedido se procede a su destrucción. C/ Jorge Juan, 6 www.agpd.es 28001 – Madrid sedeagpd.gob.es 2/8 Dicha libreta se guarda en un cajón bajo llave. Los datos de los clientes que solicitan factura sí se introducen en un ordenador, donde se encuentran registrados bajo una contraseña que solamente conoce el señor  B.B.B..  c. El teléfono  E.E.E., uno desde los que se realizaron las llamadas y envío de whatsapps, es el antiguo número del difunto señor  B.B.B., desde cuyo fallecimiento es utilizado por la señora  C.C.C., pareja del señor  B.B.B., motivo por el que sigue a nombre de la empresa. El otro teléfono,  D.D.D., es el de la oficina, tal y como consta en el acta de la vista del  procedimiento judicial seguido ante el Juzgado de Instrucción número X1 de ***LOC.1, que s"
00127-2018,2018,https://www.aepd.es/documento/00127-2018.pdf,https://web.archive.org/web/20240703215316id_/https://www.aepd.es/documento/00127-2018.pdf,"1/11 Procedimiento Nº: A/00127/2018 RESOLUCIÓN: R/00884/2018 En el procedimiento A/00127/2018, instruido por la Agencia Española de Protección de Datos a la entidad  AECS-EMPRENDE CON SENTIDO, A.A.A., vista la denuncia presentada por  D.D.D. y en virtud de los siguientes, ANTECEDENTES PRIMERO: Con fecha de 9/11/201 tiene entrada en esta Agencia, a través de su sede electrónica, una denuncia interpuesta por  D.D.D., en adelante el denunciante, cuyos aspectos más relevantes se describen a continuación: Ha proporcionado sus datos personales en un formulario del blog Territorio Bitcoin (***WEB.1) , pero no encuentra la inscripción del fichero para poder ejercer sus derechos ARCO. Además, echa en falta la información previa que establece la LOPD en relación a la recogida de los datos personales, ya que en particular éstos, originalmente suministrados con el propósito de realizar un comentario en el blog, han sido asignados a un grupo de noticias o “newsletter” sin su conocimiento. Asimismo, en el blog ***BLOG.1 , que según el denunciante está administrado por la misma persona, se recaban datos personales sin ofrecer información para poder ejercer sus derechos ARCO. SEGUNDO: Tras la recepción de la denuncia la Subdirección General de Inspección de Datos procedió a la realización de  actuaciones previas de investigación para el esclarecimiento de los hechos denunciados, teniendo conocimiento de los siguientes extremos: 1 En lo relativo al blog “Territorio Bitcoin”: Existe un formulario de recogida de datos personales (URL ***URL.1 ), a saber: nombre y correo electrónico, además del comentario que se quiera publicar. En la parte superior se lee “Contacta con nosotros si necesitas más información o simplemente para resolver cualquier duda que te podamos aclarar. En C/ Jorge Juan, 6 www.agpd.es 28001 – Madrid sedeagpd.gob.es 2/11 Territorio Bitcoin creemos que internet es el medio más poderoso de comunicación.”, sin mencionar nada de grupos de noticias o “newsletters”. Existe otro formulario de recogida de datos personales (URL ***URL.2 ), en el que se lee “Bienvenido a nuestro boletín”. Se recoge nombre, apellido y dirección de e-mail, y existe un botón con el literal “Suscribirse a la lista”. Más abajo se visualiza un botón que reza “MailChimp”, el cual redirige al sitio web de dicha marca registrada. Se accede a este formulario haciendo click en la palabra “suscribirte” en la frase “Puedes apuntarte a alguno de los eventos o suscribirte a nuestra newsletter” que se observa en la parte inferior de la página inicial del blog. Existe una política de privacidad de datos (URL ***URL.3 ) en la que se lee lo siguiente: De conformidad con lo dispuesto en la Ley Orgánica 15/1999, de Protección de Datos de Carácter Personal (LOPD) y su normativa de desarrollo, el responsable del sitio web, en cumplimiento de lo dispuesto en el art. 5 y 6 de la LOPD, informa a todos los usuarios del sitio web que faciliten o vayan a facilitar sus datos personales, que estos s"
00130-2018,2018,https://www.aepd.es/documento/00130-2018.pdf,https://web.archive.org/web/20240613205000id_/https://www.aepd.es/documento/00130-2018.pdf,"1/8 Procedimiento Nº: A/00130/2018 RESOLUCIÓN: R/00898/2018 En el procedimiento A/00130/2018, instruido por la Agencia Española de Protección de Datos a la entidad KARINA TOURS, S.L., vista la denuncia presentada por A.A.A.y en virtud de los siguientes, ANTECEDENTES PRIMERO: Con fecha   01/10/2017, tuvo entrada en esta Agencia un escrito presentado por D. A.A.A.(en lo sucesivo, el denunciante), en el que pone de manifiesto que la página web “www.karinatours.com” tiene habilitado un formulario de recogida de datos personales y no incluye ningún Aviso legal ni documento de Política de Privacidad en los que se informe sobre la identidad del responsable de la misma. SEGUNDO: A la vista de los hechos denunciados, por la Subdirección General de Inspección de Datos se llevaron a cabo las siguientes comprobaciones: 1. Se remitió un requerimiento de información a la dirección postal facilitada por el denunciante, recibiéndose respuesta de la entidad KARINA TOURS, S.L. (en lo sucesivo KARINA TOURS), cuyo objeto social es prestar servicios de agencia de viajes en todas sus clases y categorías. Según indican los responsables de la citada entidad, no recaban datos personales ya que la web es informativa y dirigida básicamente a ciudadanos de la Federación Rusa. 2. La web “www.karinatours.com” dispone de un formulario en castellano mediante el que se recaban datos personales relativos a nombre, email, teléfono, servicio interesado y comentario. 3. Con fecha 14/03/2018 se accede a la citada web, comprobando que facilita información en materia de protección de datos en el enlace http://www.karinatours.com/es/sobre-nosotros/item/110-aviso-legal, cuyo contenido consta reseñado en el Hecho probado Tercero. TERCERO: Con fecha 05/04/2018, la Directora de la Agencia Española de Protección de Datos acordó someter a la entidad KARINA TOURS a trámite de audiencia previa el presente procedimiento de apercibimiento por la presunta infracción del artículo 5 de la Ley Orgánica 15/1999, de 13 de diciembre, de Protección de Datos de Carácter Personal (en lo sucesivo LOPD), tipificada como leve en el artículo 44.2.c) de la citada Ley Orgánica.  Dicho acuerdo fue notificado a la entidad denunciada, que presentó escrito de alegaciones señalando que los datos aportados por los usuarios de la web no son almacenados en ningún fichero y sólo se utilizan para contestar los correos que C/ Jorge Juan, 6 www.agpd.es 28001 – Madrid sedeagpd.gob.es 2/8 remiten a la dirección info@karinatours.com, los cuales son borrados regularmente. CUARTO: Con fecha 08/05/2018, por la Subdirección General de Inspección de Datos se accede a la web www.karinatours.com. Se comprueba que la información que incluye el “Aviso legal” en materia de protección de datos coincide con la verificada en fecha 14/03/2018, que consta reseñada en el Hecho Probado Tercero. HECHOS PROBADOS 1. KARINA TOURS, S.L. es la entidad titular de la web “www.karinatours.com”. 2. La web “www.karinatours.com” incluye un formulario un f"
00142-2018,2018,https://www.aepd.es/es/documento/00142-2018.pdf,https://web.archive.org/web/20220307211539id_/https://www.aepd.es/es/documento/00142-2018.pdf,"1/5 Procedimiento Nº: A/00142/2018 RESOLUCIÓN: R/01333/2018 En el procedimiento A/00142/2018, instruido por la Agencia Española de Protección de Datos a la entidad ALDI PINTO SUPERMERCADOS S.L. (ALDI LAS TABLAS EN MADRID), vista la denuncia presentada por Don  B.B.B. y en virtud de los siguientes, HECHOS PRIMERO: Con fecha 11 de marzo de 2018 tiene entrada en esta Agencia escrito de Don  B.B.B. comunicando posible infracción a la Ley Orgánica 15/1999, de 13 de diciembre, motivada por cámaras de videovigilancia cuyo titular es ALDI PINTO SUPERMERCADOS S.L. (ALDI LAS TABLAS EN MADRID) instaladas en   A.A.A. En concreto, denuncia que “(…) el supermercado ALDI ubicado en Las Tablas, Madrid, ha instalado y está utilizando cámaras de seguridad que apuntan a su aparcamiento y al interior de las instalaciones (…)”, sin autorización y sin cartel. Adjunta reportaje fotográfico en el que se observa la instalación de un sistema de videovigilancia tanto en el exterior, enfocando al aparcamiento, como en el interior del establecimiento. SEGUNDO: A la vista de los hechos denunciados, la Inspección de Datos de esta Agencia Española de Protección de Datos considera que el tratamiento de los datos personales que se realiza por la parte denunciada a través de las cámaras a las que se refiere la denuncia, no cumple las condiciones que impone la normativa sobre protección de datos. TERCERO: Con fecha 12 de abril de 2018, la Directora de la Agencia Española de Protección de Datos acordó someter a trámite de audiencia previa el presente procedimiento de apercibimiento A/00142/2018. Dicho acuerdo fue notificado al denunciado. CUARTO: Con fechas 9 de mayo y 22 de junio se recibe en esta Agencia sendos escritos de la parte denunciada en los que comunican: 1. En escrito de fecha 09/05/2018 indican que las cámaras utilizan máscaras de privacidad, por tanto, sólo enfocan la zona del parking por seguridad. Aportan fotografías de los monitores con la imagen que captan las cámaras y la utilización de las máscaras. 2. En escrito de fecha 22/06/2018 tras requerimiento realizado por la Agencia  aportan: a. Nota Simple del Registro de la Propiedad justificando que la parcela sobre la que encuentra la tienda y el parking son C/ Jorge Juan, 6 www.agpd.es 28001 – Madrid sedeagpd.gob.es 2/5 propiedad de ALDI Supermercados, S.L. Aportan copia de la Nota Simple. b. Fotos de la situación del cartel informativo de “zona videovigilada” y detalle con la indicación del propietario de los datos. HECHOS PROBADOS PRIMERO: Consta que en fecha 11 de marzo de 2018, tuvo entrada en esta Agencia escrito de Don  B.B.B., comunicando posible infracción a la Ley Orgánica 15/1999, de 13 de diciembre, motivada por la existencia de cámaras de videovigilancia instaladas en el establecimiento ubicado en  A.A.A.. SEGUNDO: Consta que el responsable de las cámaras instaladas es ALDI PINTO SUPERMERCADOS S.L. (ALDI LAS TABLAS EN MADRID). TERCERO: Consta que en el lugar denunciado se había instalado un sistema de v"
00145-2018,2018,https://www.aepd.es/es/documento/00145-2018.pdf,https://web.archive.org/web/20220307211519id_/https://www.aepd.es/es/documento/00145-2018.pdf,"1/6 Procedimiento Nº: A/00145/2018 RESOLUCIÓN: R/01165/2018 En el procedimiento A/00145/2018, instruido por la Agencia Española de Protección de Datos a Don  B.B.B. y Doña  E.E.E., vista la denuncia presentada por Don  D.D.D. y en virtud de los siguientes, HECHOS PRIMERO: Con fecha 8 de marzo de 2018 tiene entrada en esta Agencia escrito de Don  D.D.D. comunicando posible infracción a la Ley Orgánica 15/1999, de 13 de diciembre, motivada por cámaras de videovigilancia cuyo titular es Don  B.B.B. y Doña  E.E.E. instaladas en   ***DIRECCIÓN.1 En concreto, denuncia la instalación de una cámara “(…) en la propiedad de ***DIRECCIÓN.1 de la localidad de Albacete (…) apuntando directamente (…)” a la vía pública y locales de la calle, sin autorización ni cartel. Adjunta reportaje fotográfico en el que se observa la instalación de al menos una cámara de videovigilancia en una ventana en el interior de la propiedad denunciada con enfoque a vía pública y a locales de la calle. SEGUNDO: A la vista de los hechos denunciados, la Inspección de Datos de esta Agencia Española de Protección de Datos considera que el tratamiento de los datos personales que se realiza por los denunciados a través de la cámara a la que se refiere la denuncia, no cumple las condiciones que impone la normativa sobre protección de datos. TERCERO: Con fecha 27 de abril de 2018, la Directora de la Agencia Española de Protección de Datos acordó someter a trámite de audiencia previa el presente procedimiento de apercibimiento A/00145/2018. Dicho acuerdo fue notificado a los denunciados. CUARTO: Con fecha 8 de junio de 2018 se recibe en esta Agencia escrito del denunciado en el que comunica: 1. Que la cámara denunciada se trata de una “(…) cámara ficticia simulada, que no encierra ningún dispositivo de grabación de datos, ni nada parecido, es un elemento disuasorio, intimidatorio, (…)”. Aportan fotografías del tíquet y embalaje de la cámara. 2. Que “(…) la cámara ya no está en el lugar, pues la hemos quitado (…)”. Aportan fotografía de ubicación que tenía la cámara en el inmueble y la retirada de la misma. C/ Jorge Juan, 6 www.agpd.es 28001 – Madrid sedeagpd.gob.es 2/6 HECHOS PROBADOS PRIMERO: Consta que en fecha 8 de marzo de 2018, tuvo entrada en esta Agencia escrito de Don  D.D.D., comunicando posible infracción a la Ley Orgánica 15/1999, de 13 de diciembre, motivada por la existencia de una cámara de videovigilancia cuyos titulares son Don  B.B.B. y Doña  E.E.E. instalada en la vivienda ubicada en en   ***DIRECCIÓN.1 SEGUNDO: Consta que los responsables de la cámara instalada son Don B.B.B. y Doña  E.E.E.. TERCERO    : Consta que en el lugar denunciado se había instalado una cámara de videovigilancia en la ventana de la vivienda, que, por su orientación y ubicación se podía encontrar captando imágenes desproporcionadas de la vía pública y locales. CUARTO: Consta que en fecha 8 de junio de 2018 tiene entrada en esta Agencia escrito de la persona denunciada, mediante el que ha presentado a"
00148-2018,2018,https://www.aepd.es/es/documento/00148-2018.pdf,https://web.archive.org/web/20220307211307id_/https://www.aepd.es/es/documento/00148-2018.pdf,"1/12 Procedimiento Nº: A/00148/2018 RESOLUCIÓN: R/01326/2018 En el procedimiento A/00148/2018, instruido por la Agencia Española de Protección de Datos a Don  B.B.B., vista la denuncia presentada por la D.G. DE LA POLICIA DE LA COMISARIA PROVINCIAL DE GUADALAJARA - UNIDAD TERRITORIAL DE SEGURIDAD PRIVADA y en virtud de los siguientes, ANTECEDENTES PRIMERO: Con fechas 28 de febrero y 16 de marzo tienen entrada en esta Agencia sendos escritos de la D.G. DE LA POLICIA DE LA COMISARIA PROVINCIAL DE GUADALAJARA - UNIDAD TERRITORIAL DE SEGURIDAD PRIVADA, comunicando posible infracción a la Ley Orgánica 15/1999, de 13 de diciembre, de Protección de Datos de Carácter Personal, motivada por cámaras de videovigilancia cuyo titular es Don  B.B.B. instaladas en  A.A.A.. En concreto, denuncian la instalación de “(…) dos cámaras, camufladas entre unas plantas. (…)” con enfoque a la vía pública y a zonas de acceso de viviendas privadas ajenas al denunciado, sin autorización y sin cartel informativo. Adjunta reportaje fotográfico en el que se observa la instalación de al menos dos cámaras de videovigilancia, escondidas tras unas plantas colgantes, con enfoque a la vía pública y a zonas privadas. SEGUNDO: A la vista de los hechos denunciados, esta Agencia Española de Protección de Datos consideró que el tratamiento de los datos personales que se realizaba por el denunciado a través de las cámaras a las que se refiere la denuncia, no cumplía las condiciones que impone la normativa sobre protección de datos. TERCERO: Con fecha 9 de mayo de 2018, la Directora de la Agencia Española de Protección de Datos acordó someter a trámite de audiencia previa el presente procedimiento de apercibimiento A/00148/2018. CUARTO: En fecha 11 de mayo de 2018, se intentó la notificación del citado acuerdo de audiencia previa al procedimiento de apercibimiento al denunciado encontrándose éste “Ausente” en el reparto. Se repitió nuevamente el intento de notificación el día 16 de mayo de 2018, figurando nuevamente en el acuse de recibo “Ausente” en el reparto. Con fecha 28 de mayo de 2018, se envió al Tablón Edictal Único el citado acuerdo de audiencia previa al procedimiento de apercibimiento al denunciado, para su publicación en el Boletín Oficial del Estado, circunstancia que se produjo el día 31 de mayo de 2018, otorgándose al denunciado plazo para efectuar alegaciones a dicho acuerdo, acabando el mismo sin que por parte de éste se presentara escrito alguno. C/ Jorge Juan, 6 www.agpd.es 28001 – Madrid sedeagpd.gob.es 2/12 HECHOS PROBADOS PRIMERO: Consta que en fechas 28 de febrero y 16 de marzo tienen entrada en esta Agencia sendos escritos de la D.G. DE LA POLICIA DE LA COMISARIA PROVINCIAL DE GUADALAJARA - UNIDAD TERRITORIAL DE SEGURIDAD PRIVADA, comunicando posible infracción a la Ley Orgánica 15/1999, de 13 de diciembre, motivada por cámaras de videovigilancia cuyo titular es Don  B.B.B., instaladas en  A.A.A., enfocadas hacia la vía pública y a zonas de acceso de viviendas priva"
00149-2018,2018,https://www.aepd.es/es/documento/00149-2018.pdf,https://web.archive.org/web/20220307211720id_/https://www.aepd.es/es/documento/00149-2018.pdf,"1/12 Procedimiento Nº: A/00149/2018 RESOLUCIÓN: R/01460/2018 En el procedimiento A/00149/2018, instruido por la Agencia Española de Protección de Datos a Doña  B.B.B., vista la denuncia presentada por Don  C.C.C. y en virtud de los siguientes, ANTECEDENTES PRIMERO: Con fecha 26 de febrero y 19 de marzo de 2018 tienen entrada en esta Agencia escritos de Don C.C.C., comunicando posible infracción a la Ley Orgánica 15/1999, de 13 de diciembre, de Protección de Datos de Carácter Personal, motivada por cámaras de videovigilancia cuyo titular es Doña  B.B.B.  instaladas en la ***DIRECCION.1. En concreto, denuncia la instalación de “(…) al menos dos cámaras en la fachada lateral de la vivienda de los denunciados, las cuales están orientadas hacia la casa y la finca propiedad del denunciante y de manera más directa a las zonas laterales izquierda de la vivienda, porche, habitaciones traseras, vestuario, piscina y jardín (…)”, sin autorización. Adjunta reportaje fotográfico en el que se observa la instalación de dos cámaras de videovigilancia en la fachada lateral de la vivienda denunciada, con enfoque a la vivienda colindante del denunciante. SEGUNDO: A la vista de los hechos denunciados, esta Agencia Española de Protección de Datos consideró que el tratamiento de los datos personales que se realizaba por el denunciado a través de las cámaras a las que se refiere la denuncia, no cumplía las condiciones que impone la normativa sobre protección de datos. TERCERO: Con fecha 9 de mayo de 2018, la Directora de la Agencia Española de Protección de Datos acordó someter a trámite de audiencia previa el presente procedimiento de apercibimiento A/00149/2018.  CUARTO: En fecha 11 de mayo de 2018, se intentó la notificación del citado acuerdo de audiencia previa al procedimiento de apercibimiento al denunciado encontrándose éste “Ausente”. Se repitió nuevamente el intento de notificación el día 14 de mayo de 2018, figurando nuevamente en el acuse de recibo “Ausente”. Con fecha 1 de junio de 2018, se envió al Tablón Edictal Único el citado acuerdo de audiencia previa al procedimiento de apercibimiento al denunciado, para su publicación en el Boletín Oficial del Estado, circunstancia que se produjo el día 6 de junio de 2018, otorgándose al denunciado plazo para efectuar alegaciones a dicho acuerdo, acabando el mismo sin que por parte de éste se presentara escrito alguno. C/ Jorge Juan, 6 www.agpd.es 28001 – Madrid sedeagpd.gob.es 2/12 HECHOS PROBADOS PRIMERO: Consta que en fecha 26 de febrero y 19 de marzo de 2018 tiene entrada en esta Agencia escrito de Don C.C.C., comunicando posible infracción a la Ley Orgánica 15/1999, de 13 de diciembre, motivada por cámaras de videovigilancia cuyo titular es Doña B.B.B., instaladas en  ***DIRECCION.1). En concreto se denuncia la instalación de al menos dos cámaras de vídeo en el exterior de la finca, pudiendo éstas grabar imágenes de zonas privadas ajenas al denunciado, sin autorización. Se adjunta reportaje fotográfico en el qu"
00150-2018,2018,https://www.aepd.es/es/documento/00150-2018.pdf,https://web.archive.org/web/20220307211724id_/https://www.aepd.es/es/documento/00150-2018.pdf,"1/6 Procedimiento Nº: A/00150/2018 RESOLUCIÓN: R/01260/2018 En el procedimiento A/00150/2018, instruido por la Agencia Española de Protección de Datos a Don A.A.A. y Doña B.B.B., vista la denuncia presentada por Don C.C.C. y en virtud de los siguientes, HECHOS PRIMERO: Con fechas 4 de enero de 2018, así como 5, 16 y 19 de marzo de 2018 tienen entrada en esta Agencia sendos escritos de Don C.C.C. (en adelante el denunciante) comunicando posible infracción a la Ley Orgánica 15/1999, de 13 de diciembre, motivada por cámaras de video-vigilancia cuyos titulares son Don A.A.A. y Doña B.B.B. (en adelante los denunciados) instaladas en ***DIRECCION.1. En concreto, denuncia que el vecino denunciado tiene instaladas al menos cinco cámaras de video en la terraza de su propiedad que graban de forma continua la terraza del denunciante, sin autorización. Adjunta reportaje fotográfico en el que se observa la instalación de las cámaras en la fachada de la terraza de los denunciados con enfoque a la terraza del denunciante. SEGUNDO: A la vista de los hechos denunciados, la Inspección de Datos de esta Agencia Española de Protección de Datos considera que el tratamiento de los datos personales que se realiza por el denunciado a través de las cámaras a las que se refiere la denuncia, no cumple las condiciones que impone la normativa sobre protección de datos. TERCERO: Con fecha 16 de mayo de 2018, la Directora de la Agencia Española de Protección de Datos acordó someter a trámite de audiencia previa el presente procedimiento de apercibimiento A/00150/2018. Dicho acuerdo fue notificado al denunciado. CUARTO: Con fecha 18/06/18 se recibe en esta Agencia escrito del denunciado en el que comunica de manera sucinta lo siguiente: “…nos remitimos a lo regulado en la LOPD, concretamente en su art. 2.2 a) no será de aplicación a los ficheros mantenidos por personas físicas (….) El enfoque de las citadas video-cámaras se prueba con la aportación de imágenes captadas por las mismas, adjuntadas como Doc. nº 1, 2, 3, 4 y 5. C/ Jorge Juan, 6 www.agpd.es 28001 – Madrid sedeagpd.gob.es 2/6 El inmueble del denunciante está separado del de mis representantes como se muestra en la fotografía aportada como Doc. nº 2, con una mampara de cristal cuya altura autorizaron aumentar (…). Las cámaras que se instalaron y que actualmente existen en el inmueble de mis representados enfocan hacia las siguientes zonas (…). El balcón de mis mandantes es un Balcón en “L”. Una parte de él da al contrafrente de la comunidad que da al sur (…). Previa a la instalación de las citadas cámaras, es cierto que mis mandantes, dada la inseguridad que empezó a existir en el sector, habían comprado un sistema que tenía dos cámaras en el lateral oeste, una enfocando hacia el sur (el Mar) y otra enfocada hacia el Norte (…) Esta parte considera más que oportuno e indispensable informar que el denunciante tiene una serie de antecedentes por actuaciones contrarias a la Ley, además de reiteradas faltas a la verdad, que"
00152-2018,2018,https://www.aepd.es/es/documento/00152-2018.pdf,https://web.archive.org/web/20220307211245id_/https://www.aepd.es/es/documento/00152-2018.pdf,"1/12 Procedimiento Nº: A/00152/2018 RESOLUCIÓN: R/01477/2018 En el procedimiento A/00152/2018, instruido por la Agencia Española de Protección de Datos a Don A.A.A., vista la denuncia presentada por el D.G. DE LA GUARDIA CIVIL DE R.R.R. y en virtud de los siguientes, ANTECEDENTES PRIMERO: Con fecha 23 de marzo de 2018 tiene entrada en esta Agencia escrito del Instituto armado de la D.G. DE LA GUARDIA CIVIL DE R.R.R., comunicando posible infracción a la Ley Orgánica 15/1999, de 13 de diciembre, de Protección de Datos de Carácter Personal, motivada por cámara de videovigilancia cuyo titular es Don A.A.A. instalada en ***DIRECCION.1. En concreto, denuncian que en la vivienda del denunciado hay “(…) instalado en una de las ventanas de dicha vivienda una cámara de vigilancia (…) enfocando o grabando supuestamente hacia un espacio público y posiblemente parte del ***COLEGIO.1 (…)”, sin autorización. Adjunta acta levantada por la D.G. DE LA GUARDIA CIVIL DE R.R.R. y reportaje fotográfico en el que se observa la instalación de al menos una cámara de videovigilancia en la ventana de la vivienda denunciada con enfoque a vía pública y zonas ajenas al denunciado. SEGUNDO: A la vista de los hechos denunciados, esta Agencia Española de Protección de Datos consideró que el tratamiento de los datos personales que se realizaba por el denunciado a través de la cámara a las que se refiere la denuncia, no cumplía las condiciones que impone la normativa sobre protección de datos. TERCERO: Con fecha 23 de mayo de 2018, la Directora de la Agencia Española de Protección de Datos acordó someter a trámite de audiencia previa el presente procedimiento de apercibimiento A/00152/2018.  CUARTO: En fecha 30 de mayo de 2018, se intentó la notificación del citado acuerdo de audiencia previa al procedimiento de apercibimiento al denunciado figurando en el acuse de recibo “desconocido”. Con fecha 5 de junio de 2018, se envió al Tablón Edictal Único el citado acuerdo de audiencia previa al procedimiento de apercibimiento al denunciado, para su publicación en el Boletín Oficial del Estado, circunstancia que se produjo el día **/**/2018, otorgándose al denunciado plazo para efectuar alegaciones a dicho acuerdo, acabando el mismo sin que por parte de éste se presentara escrito alguno. C/ Jorge Juan, 6 www.agpd.es 28001 – Madrid sedeagpd.gob.es 2/12 HECHOS PROBADOS PRIMERO: Consta que en fecha 23 de marzo de 2018 tiene entrada en esta Agencia escrito del Instituto armado de la D.G. DE LA GUARDIA CIVIL DE R.R.R., comunicando posible infracción a la Ley Orgánica 15/1999, de 13 de diciembre, motivada por cámara de videovigilancia cuyo titular es Don A.A.A. instalada en ***DIRECCION.1. En concreto se denuncia la instalación de una cámara de vídeo en el exterior de la vivienda, pudiendo ésta grabar imágenes tanto de la vía pública como del ***COLEGIO.1. Se adjunta acta levantada por la D.G. DE LA GUARDIA CIVIL DE R.R.R. y reportaje fotográfico en el que se observa la instalación de al menos"
00159-2018,2018,https://www.aepd.es/documento/00159-2018.pdf,https://web.archive.org/web/20240626093517id_/https://www.aepd.es/documento/00159-2018.pdf,"1/6 Procedimiento Nº: A/00159/2018 RESOLUCIÓN: R/00992/2018 En el procedimiento A/00159/2018, instruido por la Agencia Española de Protección de Datos a la entidad CONSTRUCÉSPED, S.L., vista la denuncia presentada por Doña  A.A.A., y en virtud de los siguientes, ANTECEDENTES PRIMERO: Con fecha 20 de marzo de 2018 tiene entrada en esta Agencia una denuncia presentada por Doña  A.A.A. (en lo sucesivo, la denunciante), en la que manifiesta que la empresa CONSTRUCÉSPED, S.L., ha proporcionado sus datos personales, en un email enviado el día 23 de febrero de 2018, a una tercera empresa, ANTIBIÓTICOS DE LEÓN, S.L., de la que la denunciante no forma parte ni como socia ni como trabajadora. En concreto, la denunciada ha informado a esta empresa de que ha realizado trabajos en la vivienda de la denunciante, indicándole su nombre y apellidos, número de factura e importe, así como la fecha y hora en la que ha recibido el pago.   Aporta copia del email enviado por la empresa denunciada y de la mencionada factura. SEGUNDO: Consultada el 10 de abril de 2018 la aplicación de la AEPD que gestiona la consulta de antecedentes de sanciones y apercibimientos precedentes, a la entidad denunciada no le constan registros previos. TERCERO: Con fecha 18 de abril de 2018, la Directora de la Agencia Española de Protección de Datos acordó someter a trámite de audiencia previa el presente procedimiento de apercibimiento A/00159/2018. Dicho acuerdo fue notificado a la entidad denunciada. CUARTO: Con fecha 17 de mayo de 2018 se recibe en esta Agencia escrito de la entidad denunciada en el que comunica no tener nada que objetar respecto de los hechos que se recogen en el acuerdo de audiencia previa al apercibimiento y afirma haber tomado conciencia del deber de guardar secreto acerca del tratamiento de los datos de carácter personal, adoptándose las precauciones necesarias de cara al futuro. No obstante, se deja constancia de que estos hechos tienen lugar en el marco de una denuncia presentada ante la policía contra la empresa ANTIBIÓTICOS DE LEÓN, S.L., de la que es directivo el marido de la denunciante, entendiéndose que dicha información era necesaria para probar los hechos objeto de la denuncia. Aporta copia de la misma.  C/ Jorge Juan, 6 www.agpd.es 28001 – Madrid sedeagpd.gob.es 2/6 HECHOS PROBADOS PRIMERO: La empresa CONSTRUCÉSPED, S.L., en un email enviado el día 23 de febrero de 2018, dio a conocer datos de carácter personal de Doña  A.A.A. a una tercera empresa, ANTIBIÓTICOS DE LEÓN, S.L., de la que la denunciante no forma parte ni como socia ni como trabajadora. En concreto, la entidad denunciada ha informado a esta empresa de que ha realizado trabajos en la vivienda de la denunciante, indicándole su nombre y apellidos, número de factura e importe, así como la fecha y hora en la que ha recibido el pago. SEGUNDO: La entidad denunciada no ha sido apercibida o sancionada por esta Agencia con anterioridad. FUNDAMENTOS DE DERECHO I Es competente para resolver este procedi"
00162-2018,2018,https://www.aepd.es/documento/00162-2018.pdf,https://web.archive.org/web/20240705083423id_/https://www.aepd.es/documento/00162-2018.pdf,"1/7 Procedimiento Nº: A/00162/2018 RESOLUCIÓN: R/01117/2018 En el procedimiento A/00162/2018, instruido por la Agencia Española de Protección de Datos a la entidad ARAMAD GAS S.L.U., vista la denuncia presentada por Dña.  A.A.A. y en virtud de los siguientes, ANTECEDENTES PRIMERO: Con fecha 4 de diciembre de 2017 tiene entrada en esta Agencia denuncia presentada por Dña.  A.A.A. (en lo sucesivo, la denunciante), en la que manifiesta que firmó un contrato con la entidad ARAMAD GAS S.L.U. (en lo sucesivo el denunciado) para la instalación de gas en su domicilio. Según pactó con la entidad se ocupaban de todo, incluso de solicitar la licencia de obras. El día 21/07/2017 contactó un instalador de gas natural y al darle la factura comprobó que se trataba de Q4TRE SERVEIS (D.  B.B.B.) y le dice que como el 50% va financiado (tal como pone en el contrato que suscribió con ARMAD) se solicitó una nómina para iniciar los trámites de la financiación. Desconoce cómo llegaron sus datos a Q4TRE SERVEIS (D.  B.B.B.). SEGUNDO: A la vista de los hechos denunciados, en fase de actuaciones previas, se solicita información al denunciado para que justifique la cesión de los datos de la reclamante a Q4TRE SERVEIS (D.  B.B.B.) y aporte copia del contrato suscrito entre ambos. El requerimiento figura como entregado en fecha 09/03/2018 no habiéndose recibido respuesta alguna. TERCERO: Consultada el 10/04/2018 la aplicación de la AEPD que gestiona la consulta de antecedentes de sanciones y apercibimientos precedentes, al denunciado no le constan registros previos. CUARTO: Con fecha 18 de abril de 2018, la Directora de la Agencia Española de Protección de Datos acordó someter a trámite de audiencia previa el presente procedimiento de apercibimiento A/00162/2018, de conformidad con lo establecido en el artículo 45.6 de la Ley Orgánica 15/1999, de 13 de diciembre, de Protección de Datos de Carácter Personal (LOPD), con relación a la denuncia por infracción de su artículo 11.1, tipificada como grave en el artículo 44.3.k). Al no tener constancia de la recepción por parte del denunciado de la notificación electrónica del Acuerdo de Audiencia Previa al apercibimiento. Se intentó la notificación de dicho acuerdo, mediante la remisión al domicilio del denunciado que C/ Jorge Juan, 6 www.agpd.es 28001 – Madrid sedeagpd.gob.es 2/7 figuraba en el Registro Mercantil Central en ***DIRECCIÓN.1 en fecha 9/05/2018 siendo devuelta por el Servicio de Correos por desconocido. Así mismo, se intentó la notificación de dicho acuerdo al denunciado, mediante la remisión al domicilio del denunciado en ***DIRECCIÓN.2  en fechas 17 y 18 de mayo siendo devuelta el 26 de mayo por el Servicio de Correos por caducidad del aviso. Sin que a la fecha de hoy se haya recibido escrito de alegación alguno. HECHOS PROBADOS PRIMERO: Con fecha 4 de diciembre de 2017 tiene entrada en esta Agencia escrito presentado por la denunciante, en el que manifiesta que firmó un contrato con el denunciado para la instalació"
00164-2018,2018,https://www.aepd.es/documento/00164-2018.pdf,https://web.archive.org/web/20240630170247id_/https://www.aepd.es/documento/00164-2018.pdf,"1/10 Procedimiento Nº: A/00164/2018 RESOLUCIÓN: R/01196/2018 En el procedimiento A/00164/2018, instruido por la Agencia Española de Protección de Datos a A.A.A., vista la denuncia presentada por B.B.B. y en virtud de los siguientes, HECHOS PRIMERO: Con fecha 4 de abril de 2018 tiene entrada en esta Agencia, escrito remitido por la  Policía Local de ***DIRECCIÓN.1, consistente en denuncia presentada ante ésta, por B.B.B. (en adelante el denunciante), comunicando posible infracción a la Ley Orgánica 15/1999, de 13 de diciembre, motivada por cámaras de videovigilancia cuyo titular es A.A.A. (en adelante el denunciado) instaladas en  ***DIRECCIÓN.1 enfocado hacia vía pública y espacios ajenos a los del denunciado. En concreto, denuncia que:  “su vecino… tiene cámaras de vigilancia y una de ellas enfoca a la vía pública. Adjunta,  diligencia de identificación e inspección ocular levantada por la Policía Local de ***DIRECCIÓN.1, en la que se afirma la existencia de tres cámaras en la vivienda denunciada y en concreto, una de ellas “apunta hacia la carretera  y puede coger la escalera de subida hacia la vivienda que está situada en el número 16”, acompañando además, un reportaje fotográfico en el que se aprecia la ubicación de las cámaras. SEGUNDO: A la vista de los hechos denunciados, la Inspección de Datos de esta Agencia Española de Protección de Datos considera que el tratamiento de los datos personales que se realiza por el denunciado a través de las cámaras a las que se refiere la denuncia, no cumple las condiciones que impone la normativa sobre protección de datos. TERCERO: Con fecha 20 de abril de 2018, la Directora de la Agencia Española de Protección de Datos acordó someter a trámite de audiencia previa el presente procedimiento de apercibimiento A/00164/2018. Dicho acuerdo fue notificado al denunciado. CUARTO: Con fecha 22 de mayo de 2018 se recibe en esta Agencia escrito del denunciado en el que comunica: “todas las cámaras están colocadas dentro de mi propiedad y todas ellas enfocan a mi propiedad privada sin que en ningún caso pueda verse C/ Jorge Juan, 6 www.agpd.es 28001 – Madrid sedeagpd.gob.es 2/10 comprometida la imagen o los derechos de los viandantes que discurren por la vía pública” Aporta como prueba, fotografías del monitor de vigilancia, que muestran las imágenes captadas por cada cámara. HECHOS PROBADOS PRIMERO: Con fecha 4 de abril de 2018 tiene entrada en esta Agencia, escrito remitido por la  Policía Local de ***DIRECCIÓN.1, consistente en denuncia presentada ante ésta, por B.B.B. (en adelante el denunciante), comunicando posible infracción a la Ley Orgánica 15/1999, de 13 de diciembre, motivada por cámaras de videovigilancia cuyo titular es A.A.A. (en adelante el denunciado) instaladas en  ***DIRECCIÓN.1 enfocado hacia vía pública y espacios ajenos a los del denunciado. En concreto, denuncia que:  “su vecino… tiene cámaras de vigilancia y una de ellas enfoca a la vía pública. Adjunta,  diligencia de identificación e inspecc"
00170-2018,2018,https://www.aepd.es/es/documento/00170-2018.pdf,https://web.archive.org/web/20220307211742id_/https://www.aepd.es/es/documento/00170-2018.pdf,"1/6 Procedimiento Nº: A/00170/2018 RESOLUCIÓN: R/01446/2018 En el procedimiento A/00170/2018, instruido por la Agencia Española de Protección de Datos Doña  B.B.B., vista la denuncia presentada por Doña  C.C.C. y en virtud de los siguientes, HECHOS PRIMERO: Con fecha 2 de abril de 2018 tiene entrada en esta Agencia escrito de Doña  C.C.C. comunicando posible infracción a la Ley Orgánica 15/1999, de 13 de diciembre, motivada por cámaras de videovigilancia cuyo titular es Doña  B.B.B. instaladas en  ***DIRECCION.1). En concreto, denuncia que “(…) su vecino del nº 14 había instalado una cámara orientada hacia su patio interior (…)”, sin autorización. Adjunta acta levantada de la Policía Local de Olías del Rey (Toledo) y reportaje fotográfico en el que se observa la instalación de una cámara de videovigilancia, debajo de una ventana en la facha de la vivienda de la denunciada, con enfoque a la a la vivienda de la denunciante. SEGUNDO: A la vista de los hechos denunciados, la Inspección de Datos de esta Agencia Española de Protección de Datos considera que el tratamiento de los datos personales que se realiza por la denunciada a través de la cámara a la que se refiere la denuncia, no cumple las condiciones que impone la normativa sobre protección de datos. TERCERO: Con fecha 22 de mayo de 2018, la Directora de la Agencia Española de Protección de Datos acordó someter a trámite de audiencia previa el presente procedimiento de apercibimiento A/00170/2018. Dicho acuerdo fue notificado a la denunciada. CUARTO: Con fecha 2 de julio de 2018 se recibe en esta Agencia escrito de la denunciada en el que comunica: 1. Que en su vivienda hay instalada “(…) una cámara simulada (…)”. Aporta fotografía del embalaje de la cámara, así como de la propia cámara. 2. Que “(…) la cámara simulada se encuentra apuntando a mi patio (…)”. Aporta fotografía de la ubicación de la cámara y de su enfoque. C/ Jorge Juan, 6 www.agpd.es 28001 – Madrid sedeagpd.gob.es 2/6 HECHOS PROBADOS PRIMERO: Consta que en fecha 2 de abril de 2018, tuvo entrada en esta Agencia escrito de Doña C.C.C., comunicando posible infracción a la Ley Orgánica 15/1999, de 13 de diciembre, motivada por la existencia de una cámara de videovigilancia cuyo titular es Doña B.B.B. instalada en la vivienda ubicada en ***DIRECCION.1). SEGUNDO: Consta que el responsable de la cámara instalada es Doña B.B.B.. TERCERO: Consta que en el lugar denunciado se había instalado una cámara de videovigilancia en la fachada, que, por su orientación y ubicación se podía encontrar captando imágenes desproporcionadas de zonas privadas ajenas a la denunciada. CUARTO: Consta que en fecha 2 de julio de 2018 tiene entrada en esta Agencia escrito de la persona denunciada, mediante el que ha presentado alegaciones al acuerdo de audiencia previa al apercibimiento, y en el que manifiesta que: Que la cámara instalada es simulada y que enfoca a su patio. Aporta fotografía del embalaje de la cámara acreditando que es falsa, así como de la ubi"
00174-2018,2018,https://www.aepd.es/documento/00174-2018.pdf,https://web.archive.org/web/20240703170442id_/https://www.aepd.es/documento/00174-2018.pdf,"1/9 Procedimiento Nº: A/00174/2018 RESOLUCIÓN: R/01349/2018 En el procedimiento A/00174/2018, instruido por la Agencia Española de Protección de Datos a la entidad PETRONET ESPAÑA, S.A., vista la denuncia presentada por Don A.A.A., y en virtud de los siguientes ANTECEDENTES PRIMERO: Con fecha 4 de diciembre de 2017, tiene entrada en esta Agencia una denuncia presentada por Don A.A.A. (en lo sucesivo, el denunciante), en la que manifiesta que en verano de 2017 se inscribió en un sorteo que realizaba “El Elefante Azul”. En fecha 19 de julio de 2017 solicitó a la entidad Petronet España, S.A., organizadora del sorteo, la cancelación de sus datos. Según indica recibió respuesta de la entidad, pero no la aporta junto con su reclamación. A pesar de lo anterior sus datos figuran en www.sortea2.com como participante del sorteo. SEGUNDO: Tras la recepción de la denuncia la Subdirección General de Inspección de Datos procedió a la realización de actuaciones previas de investigación para el esclarecimiento de los hechos denunciados, teniendo conocimiento de los siguientes extremos: Con fecha 12 de diciembre de 2017 se ha acreditado que figura un listado de los participantes en un sorteo, publicado en la página web www.sortea2.com. Según indican los representantes de Petronet se recibió por parte del denunciante solicitud de cancelación de datos personales el pasado 19 de julio de 2017 y se procedió a contestar por escrito el pasado 1 de agosto de 2017.  En relación a los datos que figuran en sus ficheros relativos al denunciante, los responsables de la entidad manifiestan que tras la solicitud de cancelación recibida el 19 de julio de 2017, se procedió a borrar todos sus datos por lo que en la actualidad PETRONET ESPAÑA, S.A., no tiene datos personales suyos en sus sistemas de información.  Los datos del reclamante se han cedido a AUTONET24 S.L. como se indica en las bases de la promoción “aparca el coche y embárcate” aceptadas por todos los participantes del sorteo organizado por PETRONET ESPAÑA, S.A. Los datos se comunicaron a la mercantil AUTONET 24, S.L., por ser una sociedad del grupo englobado por nuestra marca “Elefante Azul” así como a la plataforma Sortea2 como herramienta objetiva para realizar el sorteo de forma C/ Jorge Juan, 6 www.agpd.es 28001 – Madrid sedeagpd.gob.es 2/9 independiente.  Según manifiestan los representantes de Petronet, los datos de los participantes se comunicaron a la plataforma Sortea2, esta entidad no debía almacenar dato alguno, es decir, se realiza el sorteo y los datos se eliminan, no obstante en las condiciones legales de dicha página web, aportada en su escrito de respuesta consta que  “Es responsabilidad de los usuarios el no publicar datos personales de los participantes, de acuerdo a la Legislación sobre Protección de Datos de carácter personal. Desde Sortea2 hemos habilitado formularios para la retirada automática de cualquiera de estos datos y los eliminamos de inmediato cuando recibimos consultas al respecto. Pe"
00177-2018,2018,https://www.aepd.es/es/documento/00177-2018.pdf,https://web.archive.org/web/20220307211552id_/https://www.aepd.es/es/documento/00177-2018.pdf,"1/10 Procedimiento Nº: A/00177/2018 RESOLUCIÓN: R/01525/2018 En el procedimiento A/00177/2018, instruido por la Agencia Española de Protección de Datos a la entidad IC SOFTWARE, S.L., vista la denuncia presentada por el INSTITUTO MUNICIPAL DE CONSUMO DE MADRID y en virtud de los siguientes ANTECEDENTES PRIMERO: Con fecha 12 de marzo de 2018, tuvo entrada en esta Agencia un escrito del Instituto Municipal de Consumo del Ayuntamiento de Madrid (en lo sucesivo, el denunciante), en el que formula denuncia contra la entidad IC SOFTWARE, S.L. (en lo sucesivo,  IC SOFTWARE), titular de la web www.generaltickets.com, por no ofrecer al usuario en el Aviso Legal la posibilidad de oponerse al envío de comunicaciones comerciales a pesar de que la política de privacidad hace constar que aquel “presta su consentimiento expreso”. Además, se denuncia que el usuario de la web www.generaltickets.com solo dispone de una casilla destinada a que acepte expresamente las condiciones generales, pero no se le ofrece otra similar para su aceptación de la política de privacidad. SEGUNDO: Tras la recepción de la denuncia, por la Subdirección General de Inspección de Datos se obtiene la siguiente información respecto de la página web www.generaltickets.com: 1  Respecto de la identidad del Prestador del Servicio: 1.1. Titularidad de la web: IC SOFTWARE SL 1.2. Información Mercantil: IC SOFTWARE SL, B59094938, C/GRAN VÍA DE CARLES III, 86 7 PLANTA, BARCELONA, 08028 BARCELONA. 1.3      Actividad: Actividades de consultoría informática. 2 Respecto de la recogida de datos de carácter personal y la información ofrecida en el Aviso Legal: 2.1 Se verifica la existencia de un formulario de recogida de datos de carácter personal cuando se desea finalizar una compra en la página web www.generaltickets.com, el cual solicita dirección de e-mail, nombre y apellidos, dirección, código postal, teléfono móvil, sexo, fecha de nacimiento y, en determinados supuestos, número IBAN. Para finalizar la compra exige marcar C/ Jorge Juan, 6 www.agpd.es 28001 – Madrid sedeagpd.gob.es 2/10 una única casilla con el siguiente texto: “He leído y acepto las Condiciones Generales”. 2.2 En las CONDICIONES GENERALES alojadas en el enlace http://www.generaltickets.com/condicionesgenerales.php consta, entre otras, la siguiente información: “(…) 10) TRATAMIENTO DE DATOS PERSONALES De conformidad con lo dispuesto en la Ley Orgánica 15/1999, de 13 de diciembre, de Protección de Datos de Carácter Personal, IC SOFTWARE informa al cliente que los datos personales cumplimentados en el presente formulario serán incorporados un fichero del que es responsable la sociedad IC SOFTWARE, S.L., propietaria del Web site ubicado en la URL www.generaltickets.com, y tratados automatizadamente a los efectos de la gestión y cumplimiento de las obligaciones inherentes al trámite de compras y gestión de los servicios propios de IC SOFTWARE, así como para el envío por parte de IC SOFTWARE de comunicaciones comerciales por vía postal o"
00180-2018,2018,https://www.aepd.es/documento/00180-2018.pdf,https://web.archive.org/web/20240701093249id_/https://www.aepd.es/documento/00180-2018.pdf,"1/10 Procedimiento Nº: A/00180/2018 RESOLUCIÓN: R/01216/2018 En el procedimiento A/00180/2018, instruido por la Agencia Española de Protección de Datos a la entidad  C.C.C., vista la denuncia presentada por  B.B.B. y en virtud de los siguientes, HECHOS PRIMERO: Con fecha 10 de abril de 2018 tiene entrada en esta Agencia escrito de B.B.B. (en adelante el denunciante) comunicando posible infracción a la Ley Orgánica 15/1999, de 13 de diciembre, motivada por cámaras de videovigilancia cuyo titular es C.C.C. (en adelante el denunciado) instaladas en  ***DIRECCIÓN.1 enfocando hacia la vía pública y hacia las fincas colindantes. En concreto, denuncia  “dos video cámaras una en la fachada principal de la misma y otra video cámara en un lateral de la vivienda…y sin ningún tipo de información sobre zona video vigilada en espacio público. Que se contacta telefónicamente con el propietario de la vivienda quien manifestó “que efectivamente las cámaras se encuentran grabando hacia el exterior”. Adjunta informe realizado por el   denunciante, perteneciente a las Fuerzas y Cuerpos de Seguridad  y  reportaje fotográfico en el que se observa la ubicación de las cámaras. SEGUNDO: A la vista de los hechos denunciados, la Inspección de Datos de esta Agencia Española de Protección de Datos considera que el tratamiento de los datos personales que se realiza por el denunciado a través de las cámaras a las que se refiere la denuncia, no cumple las condiciones que impone la normativa sobre protección de datos. TERCERO: Con fecha 27 de abril de 2018, la Directora de la Agencia Española de Protección de Datos acordó someter a trámite de audiencia previa el presente procedimiento de apercibimiento A/00180/2018. Dicho acuerdo fue notificado al denunciado. CUARTO: Con fecha 28 de mayo de 2018 se recibe en esta Agencia escrito del denunciado en el que comunica: C/ Jorge Juan, 6 www.agpd.es 28001 – Madrid sedeagpd.gob.es 2/10 “las cámaras enfocan hacia la fachada y a accesos de mi propiedad, nunca directamente a la vía pública, y que dada sus características técnicas, captan inexorablemente parte de la misma, siendo capada la fatal de proporcionalidad o exceso, con máscaras de privacidad que pretenden evitar el menoscabo de los derechos de los viandantes” Aporta como prueba fotos de ubicación de las cámaras  así como de las capturas de pantalla correspondientes a cada una de las dos cámaras. HECHOS PROBADOS PRIMERO: Con fecha 10 de abril de 2018 tiene entrada en esta Agencia escrito de B.B.B. (en adelante el denunciante) comunicando posible infracción a la Ley Orgánica 15/1999, de 13 de diciembre, motivada por cámaras de videovigilancia cuyo titular es C.C.C. (en adelante el denunciado) instaladas en  ***DIRECCIÓN.1 enfocando hacia la vía pública y hacia las fincas colindantes. En concreto, denuncia  “dos video cámaras una en la fachada principal de la misma y otra video cámara en un lateral de la vivienda…y sin ningún tipo de información sobre zona video vigilada en espacio pú"
00182-2018,2018,https://www.aepd.es/documento/00182-2018.pdf,https://web.archive.org/web/20240714145112id_/https://www.aepd.es/documento/00182-2018.pdf,"1/8 Procedimiento Nº: A/00182/2018 RESOLUCIÓN: R/01435/2018 En el procedimiento A/00182/2018, instruido por la Agencia Española de Protección de Datos a la entidad A.A.A., vista la denuncia presentada por B.B.B. y C.C.C. y en virtud de los siguientes, HECHOS PRIMERO: Con fecha 10 de abril de 2018, tiene entrada en esta Agencia escrito de D. D.D.D. (representante de D. B.B.B. y Dª C.C.C.) (en lo sucesivo los denunciantes), en el que comunica una posible infracción a la LOPD, motivada por la instalación de un sistema de videovigilancia en la ***DIRECCION.1 y cuyo titular es Dª A.A.A. (en adelante la denunciada). En el escrito de denuncia se señala que los denunciantes y la denunciada son vecinos, sus apartamentos son contiguos y pertenecen a la misma comunidad de propietarios. La denunciante alquila sus apartamentos como vivienda vacacional. Ha instalado varias cámaras en sus apartamentos que se orientan hacia el apartamento de los denunciantes y las zonas comunes.  No tiene el consentimiento de la comunidad de propietarios para la instalación del sistema de videovigilancia. Se trató este asunto en la última junta general ordinaria sin que la denunciada haya procedido a la retirada de las cámaras. Los hechos han sido denunciados ante el Juzgado de ***LOCALIDAD.1 el 5 de febrero de 2018 que dictó auto de sobreseimiento provisional el 19 de febrero. Se aporta con la denuncia, copia del burofax en el que se solicita la inclusión en el orden del día de la junta general ordinaria, del asunto de las cámaras de la denunciada. Aporta fotografías de las cámaras, en las que se aprecia que están situadas en lo alto de las paredes de los apartamentos de la denunciada y se orienta hacia el exterior (los apartamentos están ubicados dentro de una urbanización). SEGUNDO: A la vista de los hechos denunciados, la Inspección de Datos de esta Agencia Española de Protección de Datos considera que el tratamiento de los datos personales que se realiza por el denunciado a través de las cámaras a la que se refiere la denuncia, no cumple las condiciones que impone la normativa sobre protección de datos. TERCERO: Con fecha 7 de mayo de 2018, la Directora de la Agencia Española de Protección de Datos acordó someter a trámite de audiencia previa el presente procedimiento de apercibimiento A/00182/2018. Dicho acuerdo fue notificado al denunciado. C/ Jorge Juan, 6 www.agpd.es 28001 – Madrid sedeagpd.gob.es 2/8 CUARTO: Con fecha 18 de Julio de 2018 y transcurrido con creces el plazo correspondiente al trámite de audiencia, consta que no se ha recibido en esta Agencia escrito alguno del denunciado  HECHOS PROBADOS PRIMERO: Con fecha 10 de abril de 2018, tiene entrada en esta Agencia escrito de D. D.D.D. (representante de D. B.B.B. y Dª C.C.C.) (en lo sucesivo los denunciantes), en el que comunica una posible infracción a la LOPD, motivada por la instalación de un sistema de videovigilancia en la ***DIRECCION.1 y cuyo titular es Dª A.A.A. (en adelante la denunciada). En el escrito "
00186-2018,2018,https://www.aepd.es/es/documento/00186-2018.pdf,https://web.archive.org/web/20220308231729id_/https://www.aepd.es/es/documento/00186-2018.pdf,"1/9 Procedimiento Nº A/00186/2018 RESOLUCIÓN: R/01499/2018 En el procedimiento A/00186/2018, instruido por la Agencia Española de Protección de Datos en relación con LARA BURGUER, S.L., situado en ***DIRECCION.1, vista la denuncia presentada por Don A.A.A., y con base en los siguientes, ANTECEDENTES PRIMERO: Con fecha 1 de marzo y 10 de abril de 2018 tienen entrada en esta Agencia sendos escritos de Don A.A.A., en el que informa de una posible infracción a la Ley Orgánica 15/1999, de 13 de diciembre, de Protección de Datos de Carácter Personal (LOPD), motivada por la instalación de un sistema de videovigilancia en el establecimiento situado en ***DIRECCION.1 y cuyo titular es LARA BURGUER, S.L. En concreto, denuncia que en la fachada del local hay dos cámaras que enfocan hacia la vía pública. Adjunta reportaje fotográfico en el que se observa la ubicación de ambas cámaras. SEGUNDO: Con fecha de 27 de abril de 2018, la Directora de la Agencia Española de Protección de Datos acordó otorgar audiencia previa al procedimiento de apercibimiento a LARA BURGUER, S.L., por presunta infracción del artículo 6.1 de la LOPD, tipificada como grave en el artículo 44.3.b) de dicha norma. TERCERO: Con fecha 22 de junio de 2018 se notificó a LARA BURGUER, S.L. el acuerdo referido en el antecedente anterior. Transcurrido el plazo concedido para formular alegaciones al acuerdo de audiencia previa al apercibimiento, no consta que se hayan formulado las mismas.  CUARTO: De las actuaciones practicadas en el presente procedimiento, han quedado acreditados los siguientes: HECHOS PROBADOS PRIMERO: En el establecimiento situado en ***DIRECCION.1 y cuyo titular es LARA BURGUER, S.L. se encuentran instaladas al menos dos cámaras exteriores en la fachada del local. C/ Jorge Juan, 6 www.agpd.es 28001 – Madrid sedeagpd.gob.es 2/9 SEGUNDO: El responsable del sistema de videovigilancia denunciado es LARA BURGUER, S.L. TERCERO: Las cámaras son exteriores y están situadas en el lado derecho del local. “(…) El local hace esquina, y en esa esquina están instaladas las cámaras. A la derecha del cartel redondo donde pone BURGER KING. (…) lo que determinada que tenga un amplio campo de visión. Estás cámaras se encuentran orientadas hacia la vía pública y así se verifica en las fotografías de las mismas que acompañan a la denuncia.  CUARTO: Transcurrido el plazo concedido a la parte denunciada para formular alegaciones al acuerdo de audiencia previa al apercibimiento, no consta que se hayan formulado las mismas.  FUNDAMENTOS DE DERECHO I Es competente para resolver este procedimiento la Directora de la Agencia Española de Protección de Datos, de conformidad con lo dispuesto en el artículo 37. g) en relación con el artículo 36 de la LOPD. II Antes de entrar de lleno en el análisis de la cuestión que aquí nos ocupa, conviene hacer hincapié en los requisitos que debe cumplir un sistema de videovigilancia. Así pues, hay que tener en cuenta lo siguiente: Respetar el principio de proporcional"
00187-2018,2018,https://www.aepd.es/documento/00187-2018.pdf,https://web.archive.org/web/20240630013628id_/https://www.aepd.es/documento/00187-2018.pdf,"1/4 Procedimiento Nº: A/00187/2018 RESOLUCIÓN: R/01174/2018 En el procedimiento A/00187/2018, instruido por la Agencia Española de Protección de Datos a A.A.A., vista la denuncia presentada por COMUNIDAD DE PROPIETARIOS ***DIRECCIÓN.1 y en virtud de los siguientes, HECHOS PRIMERO: Con fecha 16 de abril de 2018 tiene entrada en esta Agencia escrito de COMUNIDAD DE PROPIETARIOS ***DIRECCIÓN.1 (en adelante el denunciante) comunicando posible infracción a la Ley Orgánica 15/1999, de 13 de diciembre, motivada por cámaras de videovigilancia cuyo titular es A.A.A. (en adelante el denunciado) instaladas en  ***DIRECCIÓN.1 (Barcelona) enfocando hacia vía pública. En concreto denuncia que: “en uso de los locales situados en las bajos de la comunidad se han instalado unas cámaras de video vigilancia en la fachada. Las mismas enfocan a la terraza del bar que está en la acera, por  lo tanto en la vía pública…No dispone del cartel indicativo de la existencia de las cámaras”. Adjunta, entre otros, reportaje fotográfico en el que se observa la ubicación de las cámaras. SEGUNDO: A la vista de los hechos denunciados, la Inspección de Datos de esta Agencia Española de Protección de Datos considera que el tratamiento de los datos personales que se realiza por el denunciado a través de las cámaras a las que se refiere la denuncia, no cumple las condiciones que impone la normativa sobre protección de datos. TERCERO: Con fecha 27 de abril de 2018, la Directora de la Agencia Española de Protección de Datos acordó someter a trámite de audiencia previa el presente procedimiento de apercibimiento A/00187/2018. Dicho acuerdo fue notificado al denunciado. CUARTO: Con fecha 28 de mayo 2018 se recibe en esta Agencia escrito del denunciado en el que comunica: “Que mi intención es colaborar con mis vecinos y cumplir  con la normativa por lo que adopto las medidas correctoras de retirar las cámaras que se encuentran en la fachada tal como se puede comprobar  en las fotografías en documento adjunto ”  C/ Jorge Juan, 6 www.agpd.es 28001 – Madrid sedeagpd.gob.es 2/4 Aportando como prueba, fotografías de la fachada en donde se encontraban ubicadas las cámaras. HECHOS PROBADOS PRIMERO: Con fecha 16 de abril de 2018 tiene entrada en esta Agencia escrito de COMUNIDAD DE PROPIETARIOS ***DIRECCIÓN.1 (en adelante el denunciante) comunicando posible infracción a la Ley Orgánica 15/1999, de 13 de diciembre, motivada por cámaras de videovigilancia cuyo titular es A.A.A. (en adelante el denunciado) instaladas en  ***DIRECCIÓN.1 (Barcelona) enfocando hacia vía pública. En concreto denuncia que: “en uso de los locales situados en las bajos de la comunidad se han instalado unas cámaras de video vigilancia en la fachada. Las mismas enfocan a la terraza del bar que está en la acera, por  lo tanto en la vía pública…No dispone del cartel indicativo de la existencia de las cámaras”. Adjunta, entre otros, reportaje fotográfico que acredita la desinstalación de las cámaras objeto de la denuncia. SEGUNDO"
00211-2018,2018,https://www.aepd.es/es/documento/00211-2018.pdf,https://web.archive.org/web/20220307211844id_/https://www.aepd.es/es/documento/00211-2018.pdf,"1/12 Procedimiento Nº: A/00211/2018 RESOLUCIÓN: R/01486/2018 En el procedimiento A/00211/2018, instruido por la Agencia Española de Protección de Datos a  C.C.C., vista la denuncia presentada por el  B.B.B. y en virtud de los siguientes, ANTECEDENTES PRIMERO: Con fecha 27 de abril de 2018 tiene entrada en esta Agencia escrito de Doña  B.B.B., comunicando posible infracción a la Ley Orgánica 15/1999, de 13 de diciembre, de Protección de Datos de Carácter Personal, motivada por cámaras de videovigilancia cuyo titular es Doña  C.C.C. instaladas en  A.A.A.. En concreto, denuncia que en el inmueble vecino se ven dispositivos de videovigilancia a escasos metros y enfocando directamente a su  vivienda. Adjunta reportaje fotográfico en el que se observan varias cámaras SEGUNDO: A la vista de los hechos denunciados, esta Agencia Española de Protección de Datos consideró que el tratamiento de los datos personales que se realizaba por la denunciada a través de las cámaras a las que se refiere la denuncia, no cumplía las condiciones que impone la normativa sobre protección de datos. TERCERO: Con fecha 17 de mayo de 2018, la Directora de la Agencia Española de Protección de Datos acordó someter a trámite de audiencia previa el presente procedimiento de apercibimiento A/00211/2018.  CUARTO: En fecha 21 de mayo de 2018, se intentó la notificación del citado acuerdo de audiencia previa al procedimiento de apercibimiento al denunciado encontrándose éste “Ausente” en el reparto. Se repitió nuevamente el intento de notificación el día 22 de mayo de 2018, figurando nuevamente en el acuse de recibo “Ausente” en el reparto. Con fecha 11 de junio de 2018, se envió al Tablón Edictal Único el citado acuerdo de audiencia previa al procedimiento de apercibimiento al denunciado, para su publicación en el Boletín Oficial del Estado, circunstancia que se produjo el día 14 de junio de 2018, otorgándose al denunciado plazo para efectuar alegaciones a dicho acuerdo, acabando el mismo sin que por parte de éste se presentara escrito alguno. C/ Jorge Juan, 6 www.agpd.es 28001 – Madrid sedeagpd.gob.es 2/12 HECHOS PROBADOS PRIMERO: Consta que en fecha  27 de abril de 2018 tiene entrada en esta Agencia escrito de Doña  B.B.B., comunicando posible infracción a la Ley Orgánica 15/1999, de 13 de diciembre, motivada por cámaras de videovigilancia cuyo titular es Doña  C.C.C.,  instaladas en  A.A.A.. En concreto se denuncia la instalación de cámaras de vídeo en el exterior de la finca, pudiendo éstas grabar imágenes de la vivienda de la denunciante. Adjunta reportaje fotográfico en el que se observan varias cámaras SEGUNDO: Consta que la persona responsable de las cámaras de videovigilancia ubicadas en la finca sita en  A.A.A., es Doña  C.C.C.. TERCERO: Consta que en la finca a la que se refiere la denuncia se encuentran instaladas cámaras exteriores que se encuentran captando imágenes de zonas ajenas a la denunciada, al encontrarse situadas en la fachada lateral con enfoque a la vivienda "
00212-2018,2018,https://www.aepd.es/es/documento/00212-2018.pdf,https://web.archive.org/web/20220307212047id_/https://www.aepd.es/es/documento/00212-2018.pdf,"1/5 Procedimiento Nº: A/00212/2018 RESOLUCIÓN: R/01221/2018 En el procedimiento A/00212/2018, instruido por la Agencia Española de Protección de Datos a Don  B.B.B., vista la denuncia presentada por Don  C.C.C. y en virtud de los siguientes, HECHOS PRIMERO: Con fecha 30 de abril de 2018 tiene entrada en esta Agencia escrito de Don  C.C.C. comunicando posible infracción a la Ley Orgánica 15/1999, de 13 de diciembre, motivada por cámaras de videovigilancia cuyo titular es Don  B.B.B. instaladas en  ***DIRECCIÓN.1 enfocando hacia vía pública. En concreto, denuncia la instalación de tres cámaras en la fachada del inmueble, que por su orientación pueden captar imágenes de la vía pública. Adjunta reportaje fotográfico, en el que se observa la ubicación de las cámaras. SEGUNDO: A la vista de los hechos denunciados, la Inspección de Datos de esta Agencia Española de Protección de Datos considera que el tratamiento de los datos personales que se realiza por el denunciado a través de las cámaras a las que se refiere la denuncia, no cumple las condiciones que impone la normativa sobre protección de datos. TERCERO: Con fecha 17 de mayo de 2018, la Directora de la Agencia Española de Protección de Datos acordó someter a trámite de audiencia previa el presente procedimiento de apercibimiento A/00212/2018. Dicho acuerdo fue notificado al denunciado. CUARTO: Con fecha 11 de junio de 2018 se recibe en esta Agencia escrito del denunciado en el que comunica: 1. Que aporta “(…) reportaje de seis fotografías en color del exterior de la vivienda del denunciado, (…) donde (…) puede apreciarse que no existe en la actualidad ninguna cámara de videovigilancia instalada en dicha finca.(…)”. HECHOS PROBADOS PRIMERO: Consta que en fecha 30 de abril de 2018, tuvo entrada en esta Agencia escrito de Don  C.C.C., comunicando posible infracción a la Ley Orgánica 15/1999, de 13 de diciembre, motivada por la existencia de una cámara de videovigilancia cuyo titular es Don  B.B.B.  instalada en la vivienda ubicada en ***DIRECCIÓN.1. C/ Jorge Juan, 6 www.agpd.es 28001 – Madrid sedeagpd.gob.es 2/5 SEGUNDO: Consta que el responsable de la cámara instalada es Don  B.B.B.. TERCERO    : Consta que en el lugar denunciado se había instalado al menos tres cámaras de videovigilancia en la fachada, que, por su orientación y ubicación se podían encontrar captando imágenes desproporcionadas de la vía pública. CUARTO: Consta que en fecha 11 de junio de 2018 tiene entrada en esta Agencia escrito de la persona denunciada, mediante el que ha presentado alegaciones al acuerdo de audiencia previa al apercibimiento, y en el que manifiesta que: Las cámaras denunciadas han sido retiradas. Aporta fotografías de su anterior ubicación ya sin las cámaras. FUNDAMENTOS DE DERECHO I Es competente para resolver este procedimiento la Directora de la Agencia Española de Protección de Datos, de conformidad con lo dispuesto en el artículo 37. g) en relación con el artículo 36 de la LOPD. II Con carácter previo, proc"
00213-2018,2018,https://www.aepd.es/documento/00213-2018.pdf,https://web.archive.org/web/20240707002843id_/https://www.aepd.es/documento/00213-2018.pdf,"1/6 Procedimiento Nº: A/00213/2018 RESOLUCIÓN: R/01578/2018 En el procedimiento A/00213/2018, instruido por la Agencia Española de Protección de Datos a la entidad CAFETERIA ""EL CEDRO"", vista la denuncia presentada por Don  C.C.C. y en virtud de los siguientes, HECHOS PRIMERO: Con fecha 1 de mayo de 2018 tiene entrada en esta Agencia escrito de Don  C.C.C. comunicando posible infracción a la Ley Orgánica 15/1999, de 13 de diciembre, motivada por cámara de videovigilancia cuyo titular es la CAFETERIA ""EL CEDRO"" instaladas en la  A.A.A.. En concreto, denuncia la existencia de una cámara en el interior de la cafetería, apuntando hacia la entrada acristalada, tomando imágenes de la acera y el aparcamiento y careciendo además de letrero informativo. Adjunta reportaje fotográfico, en el que se observa la ubicación de la cámara. SEGUNDO: A la vista de los hechos denunciados, la Inspección de Datos de esta Agencia Española de Protección de Datos considera que el tratamiento de los datos personales que se realiza por la parte denunciada a través de la cámara a la que se refiere la denuncia, no cumple las condiciones que impone la normativa sobre protección de datos. TERCERO: Con fecha 17 de mayo de 2018, la Directora de la Agencia Española de Protección de Datos acordó someter a trámite de audiencia previa el presente procedimiento de apercibimiento A/00213/2018. Dicho acuerdo fue notificado al denunciado. CUARTO: Con fechas 10, 19 de julio y 27 de agosto de 2018 se reciben en esta Agencia sendos escritos de la parte denunciada en los que comunica: I. Que el local “(…) tiene instalado el cartel informativo en un lugar visible del local, así como la información correspondiente que avisa de la presencia de videocámaras (…)”. Adjuntan fotografía del cartel informativo instalado en la entrada del local. II. Que la instalación del sistema de videovigilancia en CAFETERIA ""EL CEDRO"", de Doña M.M.M., ha sido realizado “(…) por la empresa de seguridad “ B.B.B.” (…)”. Adjuntan copia del contrato y certificado de instalación. C/ Jorge Juan, 6 www.agpd.es 28001 – Madrid sedeagpd.gob.es 2/6 III. Que  “(…) no hay ninguna cámara que capte imágenes desproporcionadas de la vía pública. Sólo la cámara nº 2 capta una parte mínima de la calle. No ha sido posible dar otra solución que mantengan contralado las zonas del interior del local que recoge esta cámara (…)”. Adjuntan Certificado de Instalación de Sistemas de Seguridad de la empresa     B.B.B.    , así como fotografías de las imágenes que captan las cámaras del sistema de videovigilancia. HECHOS PROBADOS PRIMERO: Consta que en fecha 1 de mayo de 2018, tuvo entrada en esta Agencia escrito de Don  C.C.C., comunicando posible infracción a la Ley Orgánica 15/1999, de 13 de diciembre, motivada por la existencia de una cámara de videovigilancia cuyo titular es  la entidad CAFETERIA ""EL CEDRO"" instalada en el local ubicado en la  A.A.A.. SEGUNDO: Consta que la responsable de la cámara instalada es  Doña M.M.M., como dueña del"
00218-2018,2018,https://www.aepd.es/documento/00218-2018.pdf,https://web.archive.org/web/20240626134254id_/https://www.aepd.es/documento/00218-2018.pdf,"1/7 Procedimiento Nº: A/00218/2018 RESOLUCIÓN: R/01541/2018 En el procedimiento A/00218/2018, instruido por la Agencia Española de Protección de Datos a la entidad AUTO YABISA, S.L., vista la denuncia presentada por Don A.A.A., y en virtud de los siguientes ANTECEDENTES PRIMERO: Con fecha 19 de marzo de 2018, tiene entrada en esta Agencia una denuncia presentada por Don A.A.A., en la que manifiesta que el taller de reparación de vehículos y concesionario de Citroén, Auto Yabisa, S.L., del que es cliente, envía correos electrónicos difundiendo las direcciones de correo de los clientes de manera que ha accedido a las direcciones de correos de otros clientes y otros clientes han podido conocer la suya que facilita datos personales como son su nombre y primer apellido que no deben ser distribuidos sin su consentimiento. Con fecha 19 de marzo de 2018 la Inspección de Datos de esta Agencia solicitó al denunciante la aportación de las cabeceras de los mensajes recibidos de la entidad denunciada con las direcciones de los destinatarios sin copia oculta. Con fecha 23 de abril de 2018 el denunciante aporta la cabecera del correo electrónico denunciado de fecha 13 de febrero de 2018, enviado por Call Center Auto Yabisa callcenter@autoyabisa.com, para unos 20 destinatarios entre los que se encuentra el correo del denunciante, con el asunto: Reparación de su vehículo. SEGUNDO: Consultada el 8 de mayo de 2018 la aplicación de la AEPD que gestiona la consulta de antecedentes de sanciones y apercibimientos precedentes, a la entidad denunciada, no le constan registros previos. TERCERO: Con fecha 19 de julio de 2018, la Directora de la Agencia Española de Protección de Datos acordó someter a trámite de audiencia previa el presente procedimiento de apercibimiento A/00218/2018. Dicho acuerdo fue notificado al denunciado. CUARTO: Con fecha 6 de agosto de 2018, se recibe en esta Agencia escrito del denunciado en el que comunica lo siguiente: que para la gestión del call center se contrató a una única trabajadora, a la que se formó e informó en el ámbito de protección de datos, debiendo asumir compromiso de confidencialidad. El día 13 de febrero de 2018, la trabajadora, a título particular y desobedeciendo las directrices de la entidad, remitió el correo denunciado. Se ha rescindido el contrato de esa trabajadora por no desempeñar sus funciones conforme a los procedimientos establecidos.  C/ Jorge Juan, 6 www.agpd.es 28001 – Madrid sedeagpd.gob.es 2/7 HECHOS PROBADOS PRIMERO: Con fecha 19 de marzo de 2018, tiene entrada en esta Agencia un escrito presentado por Don A.A.A., en la que manifiesta que el taller de reparación de vehículos y concesionario de Citroén, Auto Yabisa, S.L., del que es cliente, envió dos correos electrónicos dirigidos a múltiples destinatarios sin ocultar sus direcciones electrónicas. Aporta copia impresa de un mensaje electrónico, y una respuesta a todos, remitido por el denunciado, en fecha 13 de febrero de 2018, dirigido a 16 destinatarios, ent"
00219-2018,2018,https://www.aepd.es/es/documento/00219-2018.pdf,https://web.archive.org/web/20220307212439id_/https://www.aepd.es/es/documento/00219-2018.pdf,"1/9 Procedimiento Nº: A/00219/2018 RESOLUCIÓN: R/01517/2018 En el procedimiento A/00219/2018, instruido por la Agencia Española de Protección de Datos a la entidad ENTRADAS EVENTIM SAU, vista la denuncia presentada por el INSTITUTO MUNICIPAL DE CONSUMO DE MADRID y en virtud de los siguientes ANTECEDENTES PRIMERO: Con fecha 12 de marzo de 2018, tuvo entrada en esta Agencia un escrito del Instituto Municipal de Consumo del Ayuntamiento de Madrid (en lo sucesivo, el denunciante), en el que formula denuncia contra la entidad ENTRADAS EVENTIM, SAU (en lo sucesivo,  ENTRADAS EVENTIM), titular de la web www.entradas.com, con base en que la política de privacidad de la empresa prevé el envío de comunicaciones comerciales con finalidades ajenas al contrato de venta de entradas, sin ofrecer al afectado posibilidad alguna de oponerse a dicho tratamiento con carácter previo a que se realice y solo se le ofrece la posibilidad de comunicar por correo electrónico su oposición con posterioridad. Además, se denuncia que la empresa no recaba el consentimiento previo del afectado para la cesión de sus datos al promotor del evento para el cual se adquiere la entrada, a pesar de que la finalidad del tratamiento es ajena a la ejecución del contrato, pues se dirige a que este segundo empresario pueda enviar comunicaciones comerciales al margen de las necesidades de conexión requeridas para el desarrollo, cumplimiento y control de la relación jurídica suscrita con motivo de la compra de la entrada. SEGUNDO: Tras la recepción de la denuncia, por la Subdirección General de Inspección de Datos se obtiene la siguiente información respecto de la página web www.entradas.com: 1  En cuanto a la identidad del Prestador del Servicio: 1.1. Titularidad de la web: ENTRADAS EVENTIM SAU 1.2. Información Mercantil: ENTRADAS EVENTIM SAU, A81933772, C/SERRANO ANGUITA, 8. MADRID (MADRID), 28004. 1.3      Actividad: Otros servicios relacionados con las tecnologías de la información y la informática. C/ Jorge Juan, 6 www.agpd.es 28001 – Madrid sedeagpd.gob.es 2/9 2 Respecto de la recogida de datos de carácter personal y la información ofrecida en la política de privacidad: 2.1 Se verifica que en el formulario de recogida de datos por el que los usuarios se registran en la web, consultado en fecha 3 de abril de 2018, se muestra una leyenda “He leído y acepto la Política de Privacidad”. Por su parte, en la “Política de Privacidad y cookies de entradas.com” se señala:  “(…) se informa que todos los datos personales que el Usuario facilite a través de este Sitio Web serán incorporados y tratados en los ficheros titularidad de ENTRADAS EVENTIM, S.A.U. (en adelante, “ENTRADAS.COM”) para las siguientes finalidades: posibilitar la prestación de los servicios solicitados, así como mantenerle informado, incluso por medios electrónicos, sobre los productos y servicios de ENTRADAS.COM. Si no desea recibir este tipo de comunicaciones puede comunicárnoslo enviando un correo electrónico a ayuda@entradas.c"
00221-2018,2018,https://www.aepd.es/es/documento/00221-2018.pdf,https://web.archive.org/web/20220307211715id_/https://www.aepd.es/es/documento/00221-2018.pdf,"1/6 Procedimiento Nº: A/00221/2018 RESOLUCIÓN: R/01284/2018 En el procedimiento A/00221/2018, instruido por la Agencia Española de Protección de Datos a Doña  B.B.B., vista la denuncia presentada por Doña  C.C.C. y en virtud de los siguientes, HECHOS PRIMERO: Con fecha 10 de mayo de 2018 tiene entrada en esta Agencia escrito de Doña  C.C.C. comunicando posible infracción a la Ley Orgánica 15/1999, de 13 de diciembre, motivada por cámaras de videovigilancia cuyo titular es Doña  B.B.B. instaladas en  ***DIRECCIÓN.1. En concreto, denuncia que ”(…) ha instalado cámaras de videovigilancia en su fachada enfocadas a mi jardín invadiendo mi intimidad  y quien sabe con qué objetivo. Así mismo denunciar también que tenía una cámara de videovigilancia en su porche enfocada a su puerta de entrada a la vivienda debidamente indicado con un cartel, pero que en los últimos días la ha sacado fuera del porche enfocándola a la vía pública (…)”. Adjunta reportaje fotográfico, en el que se observa tanto una cámara en la fachada que da al patio, como otra situada en la puerta de entrada. SEGUNDO: A la vista de los hechos denunciados, la Inspección de Datos de esta Agencia Española de Protección de Datos considera que el tratamiento de los datos personales que se realiza por la denunciada a través de las cámaras a las que se refiere la denuncia, no cumple las condiciones que impone la normativa sobre protección de datos. TERCERO: Con fecha 29 de mayo de 2018, la Directora de la Agencia Española de Protección de Datos acordó someter a trámite de audiencia previa el presente procedimiento de apercibimiento A/00221/2018. Dicho acuerdo fue notificado a la denunciada. CUARTO: Con fecha 21 de junio de 2018 se recibe en esta Agencia escrito del denunciado en el que comunica: 1. Que “(…) las cámaras no captan imágenes de personas que se encuentren fuera de nuestro espacio privado, (…)”. Aporta fotografías de los monitores con la imagen que captan, limitándose únicamente al espacio privado de su vivienda. 2. Que con respecto “(…) a la cámara instalada en la entrada a la vivienda, (…) se ha adoptado una MEDIDA CORRECTORA, cambiando su situación, de tal C/ Jorge Juan, 6 www.agpd.es 28001 – Madrid sedeagpd.gob.es 2/6 manera que en la actualidad está instalada enfocando exclusivamente a la puerta de entrada. (…)”.Aporta fotografía de la nueva orientación de la cámara, así como fotografía del monitor con la imagen que capta. HECHOS PROBADOS PRIMERO: Consta que en fecha 10 de mayo de 2018, tuvo entrada en esta Agencia escrito de Doña  C.C.C., comunicando posible infracción a la Ley Orgánica 15/1999, de 13 de diciembre, motivada por la existencia de una cámara de videovigilancia cuyo titular es Doña  B.B.B. instalada en la vivienda ubicada en ***DIRECCIÓN.1. SEGUNDO: Consta que el responsable de la cámara instalada es Doña B.B.B.. TERCERO    : Consta que en el lugar denunciado se había instalado cámaras de videovigilancia en la fachada, que, por su orientación y ubicación se podía en"
00225-2018,2018,https://www.aepd.es/es/documento/00225-2018.pdf,https://web.archive.org/web/20230208014525id_/https://www.aepd.es/es/documento/00225-2018.pdf,"1/7 Procedimiento Nº: A/00225/2018 RESOLUCIÓN: R/01204/2018 En el procedimiento A/00225/2018, instruido por la Agencia Española de Protección de Datos a A.A.A., vista la denuncia presentada por COMUNIDAD DE PROPIETARIOS B.B.B. y en virtud de los siguientes, HECHOS PRIMERO: Con fecha 8 de mayo de 2018 tiene entrada en esta Agencia escrito de COMUNIDAD DE PROPIETARIOS B.B.B. (en adelante el denunciante) comunicando posible infracción a la Ley Orgánica 15/1999, de 13 de diciembre, motivada por cámaras de videovigilancia cuyo titular es A.A.A. (en adelante el denunciado) instaladas en  ***DIRECCIÓN.1  enfocando hacia las zonas comunes. En concreto, denuncia que: “ha procedido a instalar en la fachada de su vivienda, diferentes cámaras de grabación de sonido y vídeo… está cubriendo una zona que solo abarca a los vecinos colindantes sino que lo hace incluso de la zona de piscina y jardines de la comunidad.” Adjunta reportaje fotográfico, en el que se observa la existencia de tres cámaras situadas en la fachada de la vivienda. SEGUNDO: A la vista de los hechos denunciados, la Inspección de Datos de esta Agencia Española de Protección de Datos considera que el tratamiento de los datos personales que se realiza por el denunciado a través de las cámaras a las que se refiere la denuncia, no cumple las condiciones que impone la normativa sobre protección de datos. TERCERO: Con fecha 29 de mayo de 2018, la Directora de la Agencia Española de Protección de Datos acordó someter a trámite de audiencia previa el presente procedimiento de apercibimiento A/00225/2018. Dicho acuerdo fue notificado al denunciado. CUARTO: Con fecha 6 de junio de 2018 se recibe en esta Agencia escrito del denunciado en el que reconoce  que está captando imágenes de zonas  de uso privado y exclusivo pero que tiene el carácter de zonas comunes. HECHOS PROBADOS C/ Jorge Juan, 6 www.agpd.es 28001 – Madrid sedeagpd.gob.es 2/7 PRIMERO: Con fecha 8 de mayo de 2018 tiene entrada en esta Agencia escrito de COMUNIDAD DE PROPIETARIOS B.B.B. (en adelante el denunciante) comunicando posible infracción a la Ley Orgánica 15/1999, de 13 de diciembre, motivada por cámaras de videovigilancia cuyo titular es A.A.A. (en adelante el denunciado) instaladas en  ***DIRECCIÓN.1  enfocando hacia las zonas comunes. En concreto, denuncia que: “ha procedido a instalar en la fachada de su vivienda, diferentes cámaras de grabación de sonido y vídeo… está cubriendo una zona que solo abarca a los vecinos colindantes sino que lo hace incluso de la zona de piscina y jardines de la comunidad.” Adjunta reportaje fotográfico, en el que se observa la existencia de tres cámaras situadas en la fachada de la vivienda. SEGUNDO: Consta que el responsable de la instalación del sistema de videovigilancia es A.A.A. al reconocer dicha instalación en el escrito de alegaciones. TERCERO: Consta que en fecha 6 de junio  de 2018 tienen entrada en esta Agencia escrito acompañado de pruebas documentales que acreditan el carácter de zona co"
