id,year,url_live,url_wayback,texto
00046-2016,2016,https://www.aepd.es/documento/00046-2016.pdf,https://web.archive.org/web/20240703154109id_/https://www.aepd.es/documento/00046-2016.pdf,"1/7 Procedimiento Nº: A/00046/2016 RESOLUCIÓN: R/01228/2016 En el procedimiento A/00046/2016, instruido por la Agencia Española de  Protección de Datos a la entidad LA CANYADA SUITE SL (RESIDENCIA XXXXX) vista  la denuncia presentada por  A.A.A.  y en virtud de los siguientes, ANTECEDENTES PRIMERO: Con fecha de 1/04/2015 tiene entrada en esta Agencia denuncia de un/a  A.A.A. que solicita permanecer en el anonimato y que su identidad no sea conocida. En la misma comunica posible infracción a la LOPD motivada por cámaras de  videovigilancia cuyo titular es LA CANYADA SUITE SL instaladas en la RESIDENCIA  XXXXX (ubicada en (C/....1) (VALENCIA). La denunciante manifiesta que la Residencia ha instalado cámaras de  videovigilancia en el interior de la Residencia,  en sitios de paso exclusivo de  trabajadores (en las zonas de paso de los residentes ya existían) sin aviso a la  representación de los trabajadores y sin ningún tipo de comunicación a ningún  trabajador. Las imágenes las visualiza la Gerente de la Residencia. No aporta fotos de  las cámaras. Añade que solicitaron información al respecto pero no se les ha  contestado si bien no aporta copia del escrito. SEGUNDO Con fecha 25/06/2015 se solicita información a la citada RESIDENCIA  constando la entrega efectiva del requerimiento el 29 del mismo mes, según el acuse de  recibo sellado por Correos.  Con fecha 9/09/2015 se reitera la solicitud de información siendo la misma  devuelta por el servicio de correos indicando destinatario “AUSENTE REPARTO”  constando dos intentos de entrega los días 11 y 14/09/2015. Con fecha 13/10/2015 se reitera la solicitud de información enviándose al  domicilio social de la entidad responsable siendo también devuelta por el servicio de  correos indicando destinatario “AUSENTE REPARTO”. TERCERO: Con fecha 20/11/2015 se realizan tres llamadas a distintas horas de la  mañana al número  B.B.B. 36 solicitando a la persona que contesta al teléfono (y que  menciona al contestar que se trata de la “Residencia la Catedral”) hablar con un  representante de la entidad. Se indica que la llamada se realiza desde la Agencia  Española de Protección de Datos. Se obtiene en los tres casos como respuesta que la  persona responsable no se encuentra o no se puede poner en ese momento. En la  tercera llamada se pregunta por las razones por las que no han contestado al  C/ Jorge Juan, 6 www.agpd.es 28001 – Madrid sedeagpd.gob.es 2/7 requerimiento de información realizado desde esta Agencia, desconociendo la  interlocutora el motivo. Se pregunta por la razón por la cual no han recogido el segundo  requerimiento, ya que al tratarse de una residencia se entiende que no puede estar  desatendida. Se obtiene como respuesta que puede ser porque en el momento del  reparto de la carta no esté presente en la Residencia un empleado con la suficiente  representación de la Residencia. Se deja número de teléfono y nombre solicitando  devolución de la llamada por la persona responsable. No habiendo reci"
00056-2016,2016,https://www.aepd.es/documento/00056-2016.pdf,https://web.archive.org/web/20240626121905id_/https://www.aepd.es/documento/00056-2016.pdf,"1/7 Procedimiento Nº: A/00056/2016 RESOLUCIÓN: R/00587/2016 En el procedimiento A/00056/2016, instruido por la Agencia Española de  Protección de Datos a Dña.  A.A.A., vista la denuncia presentada por la GUARDIA  CIVIL DIRECCION GENERAL (PUESTO DE JACARILLA) y de conformidad con lo  establecido en el artículo 45.6 de la Ley Orgánica 15/1999, de 13 de diciembre, de  Protección de Datos de Carácter Personal (LOPD), teniendo como base los siguientes: ANTECEDENTES PRIMERO: Con fecha de 19 de junio de 2015 tiene entrada en esta Agencia escrito del  Puesto de Jacarilla de La Guardia Civil (en lo sucesivo el denunciante) manifestando  que Dña.  A.A.A. (en lo sucesivo la denunciada) interventora de la formación política  Partido Popular ha publicado en la red social Facebook, concretamente en el perfil  que en la citada red social tiene dado de alta la denunciada, una parte del  listado electoral de los vecinos de una localidad de Alicante, conteniendo los  datos personales de nombre apellidos, fecha de nacimiento y dirección de  algunos vecinos. SEGUNDO: Con fechas 17 de julio de 2015 y 12 de febrero de 2016, desde la  Inspección de Datos se ha verificado que en el citado perfil de la denunciada continúa la  página con el listado del censo electoral. TERCERO: Con fecha 23 de febrero de 2016, la Directora de la Agencia Española de  Protección de Datos acordó someter a trámite de audiencia previa el presente  procedimiento de apercibimiento A/00056/2016 por presunta infracción del artículo 10,  de Ley Orgánica 15/1999, de 13 de diciembre, de Protección de Datos de Carácter  Personal (LOPD) tipificada como grave en el artículo 44.3.d). Dicho acuerdo fue  notificado al denunciante y a la denunciada. CUAR    TO:     Con fecha 7/03/2016 se recibe en esta Agencia escrito de la denunciada en  el que comunica: <<…No obstante lo expuesto, a pesar de haber suprimido en su  momento esta fotografía de mi muro en Facebook no sabía, por puro desconocimiento,  que la misma seguía almacenada en el apartado de fotos, tal como indica la resolución  de la Agencia a la que me dirijo, por lo que ya he procedido a su eliminación  anticipándome voluntariamente a cualquier requerimiento que pudiera resultar de este  procedimiento…>> HECHOS PROBADOS PRIMERO: Con fecha de 19 de junio de 2015 tiene entrada en esta Agencia escrito del  denunciante manifestando que la denunciada, interventora de la formación política  C/ Jorge Juan, 6 www.agpd.es 28001 – Madrid sedeagpd.gob.es 2/7 Partido Popular ha publicado en la red social Facebook, concretamente en el perfil  que en la citada red social tiene dado de alta la denunciada, una parte del  listado electoral de los vecinos de una localidad de Alicante, conteniendo los  datos personales de nombre apellidos, fecha de nacimiento y dirección de  algunos vecinos (folios 1 a 6). SEGUNDO: Con fechas 17 de julio de 2015 y 12 de febrero de 2016, desde la  Inspección de Datos se ha verificado que en el citado perfil de la denunciada continúa la"
00078-2016,2016,https://www.aepd.es/es/documento/00078-2016.pdf,https://web.archive.org/web/20230321052233id_/https://www.aepd.es/es/documento/00078-2016.pdf,"1/10 Procedimiento Nº: A/00078/2016 RESOLUCIÓN: R/01839/2016 En el procedimiento A/00078/2016, instruido por la Agencia Española de  Protección de Datos al ILUSTRE COLEGIO OFICIAL DE ENFERMERÍA DE LA REGIÓN  DE MURCIA, vista la denuncia presentada por Don  A.A.A.,  y en virtud de los siguientes ANTECEDENTES PRIMERO: En fecha 21 de mayo de 2015 se recibió en esta Agencia Española de  Protección de Datos, un escrito remitido por Don  A.A.A., en el que indica lo siguiente: En la página web del Colegio de Enfermería de la Región de Murcia  (www.enfermeriademurcia.org) están publicadas tanto la Sentencia de Juicio Oral ****/14  del Juzgado de lo Penal nº ** de Madrid, en la que me condenaban por delito de .....;  como la Circular n° **/14 que emitió el citado Colegio por este motivo. Adjunta la  Sentencia ****/14 y la Circular nº **/14 elaborada por el Colegio de Enfermería de  Murcia. Adjuntan además los volcados de pantalla y los apartados de la página web del  Colegio de Enfermería de Murcia donde aparecen publicados. Dicha sentencia no era firme y se procedió a presentar Recurso de Apelación en  la Sección n° 6 de la Audiencia Provincial de Madrid. La Sentencia nº **/2015 de la  Audiencia Provincial dicta la NULIDAD de la sentencia ****/14, con retroacción de las  actuaciones al Juzgado de lo Penal. La Sentencia n° **/2015 fue publicada el DD de MM  de AA. Adjunta la Sentencia **/2015 de la Audiencia Provincial de Madrid. A día de hoy aún no han procedido a rectificar, a retirar las comunicaciones  falsas donde aparecen tanto mis datos como hechos que se han probado ser inciertos. Con fechas 29 de mayo de 2015 y 9 febrero de 2016, se ha comprobado por esta  Agencia de Protección de Datos, que la Sentencia denunciada sigue publicada  en la  página web del Colegio Oficial de Enfermería de la Región de Murcia. S  EGUNDO:     Con fecha 15 de abril de 2016, la Directora de la Agencia Española de  Protección de Datos acordó someter a trámite de audiencia previa el presente  procedimiento de apercibimiento A/00078/2016. Dicho acuerdo fue notificado a los  denunciantes y al denunciado. TERCERO: Con fecha 6 de mayo de 2016, se recibe en esta Agencia escrito del  ILUSTRE COLEGIO OFICIAL DE ENFERMERÍA DE LA REGIÓN DE MURCIA en el que  indica que comunicaron a todos los colegios de España la sentencia y la adjuntaron, con  el fin de mantener informados a todos los colegiados. Se insertó en la página web  colegial al entender que no había impedimento legal alguno y al ser relevante su  contenido para la colegiación. Consideraron importante que se condenase a un  periodista por extorsión al Presidente de la Organización Colegial, y que prevalecería el  C/ Jorge Juan, 6 www.agpd.es 28001 – Madrid sedeagpd.gob.es 2/10 derecho a la información frente a la intimidad. No obstante, se ha procedido de forma  inmediata a suprimir de la página web cualquier referencia al Sr.  A.A.A., como se  acredita con certificación del Sr. Secretario del Colegio. Asimismo, se ha tom"
00086-2016,2016,https://www.aepd.es/documento/00086-2016.pdf,https://web.archive.org/web/20240711204804id_/https://www.aepd.es/documento/00086-2016.pdf,"1/5 Procedimiento Nº: A/00086/2016 RESOLUCIÓN: R/01236/2016 En el procedimiento A/00086/2016, instruido por la Agencia Española de  Protección de Datos a la entidad BIKLASNA, SL., vista la denuncia presentada por  A.A.A. y en virtud de los siguientes, ANTECEDENTES PRIMERO.- Con fecha de 22/10/2015   tiene entrada en esta Agencia un escrito de  A.A.A., en adelante la denunciante, en el que manifiesta lo siguiente: La web de la  academia de idiomas Speaking Languajes de Barcelona a la que se accede mediante la  siguiente URL: http://www.speaking-languages.com/es/Home/ no cuenta con Política de  Privacidad ni Aviso Legal accesibles. Ambos apartados aparecen aparentemente en el  pie de su página de inicio de la web citada, pero al pasar el cursor del ratón por encima,  no se convierten en vínculos que redirijan a las páginas donde debería poderse  accederse públicamente a tal contenido. Al ser alumna de dicha alumna, y haber  facilitado, desde datos personales a datos bancarios, procedo a denunciar tales hechos. SEGUNDO: Del examen de la documentación aportada por el denunciante y de las  actuaciones practicadas se desprende lo siguiente:  La página web tiene un formulario de recogida de datos con política de privacidad, sin  embargo se indica que la finalidad del tratamiento de los datos recogidos es la que se  indique en cada formulario, y en éstos no consta ninguna finalidad.  Asimismo consta que los datos personales que se proporcionan  serán utilizados por  BIKANSA, S.L.,. Frente a quien puede ejercer los derechos de acceso, cancelación y  rectificación. No consta el derecho de oposición. TERCERO: Con fecha 24 de febrero de 2016, la Directora de la Agencia Española de  Protección de Datos acordó someter a trámite de audiencia previa el presente  procedimiento de apercibimiento A/00086/2016. Dicho acuerdo fue notificado a los  denunciantes y al denunciado. CUAR    TO:     Con fecha 23/03/2016 se recibe en esta Agencia escrito del denunciado en el  que comunica, en síntesis, lo siguiente: Que la página web tenia las carencias apuntadas en el acuerdo de audiencia previa y  que han procedido a solucionarlas, aportando al efecto el texto introducido donde se  incluye la finalidad en el tratamiento de los datos y la identidad y dirección completa del  responsable ante el que ejercer los derechos ARCO. C/ Jorge Juan, 6 www.agpd.es 28001 – Madrid sedeagpd.gob.es 2/5 QUINTO: De las actuaciones practicadas han resultado acreditados los siguientes HECHOS PROBADOS UNO.- En fecha de 11/01/2016 se accedió a la página web http://www.speaking- languages.com/es/Home/ verificándose que hay  un formulario de recogida de datos con  política de privacidad, sin  embargo se indica que la finalidad del tratamiento de los  datos recogidos es la que se indique en cada formulario, y en éstos no consta ninguna  finalidad. Asimismo consta que los datos personales que se proporcionan  serán  utilizados por BIKANSA, S.L.,. Frente a quien puede ejercer los derechos de acceso, "
00092-2016,2016,https://www.aepd.es/es/documento/00092-2016.pdf,https://web.archive.org/web/20220307211713id_/https://www.aepd.es/es/documento/00092-2016.pdf,"1/9  Procedimiento Nº: A/00092/2016 RESOLUCIÓN: R/01034/2016 En el procedimiento A/00092/2016, instruido por la Agencia Española de Protección de  Datos a la entidad  NACEX WWW.NACEX.ES, vista la denuncia presentada por Dª  A.A.A. y en virtud de los siguientes:, ANTECEDENTES PRIMERO Con fecha 1/12/15 tuvo entrada en esta Agencia un escrito remitido por Dña.  A.A.A. denunciando a la empresa NACEX ya que un repartidor de la citada compañía  había dejado, a la vista de terceros, un albarán de entrega con sus datos personales  pegado al interfono de su portal, por lo que cualquier persona que pasara por allí podía  leer sus datos; teléfono, dirección, envio. En concreto se manifiesta lo siguiente: “La empresa Nacex (sede en Zaragoza) me  debía entregar un paquete hoy. Esta mañana como no estaba en casa cuando lo han  repartido (0:31 h) me han mandado un sms comunicándomelo y les he llamado para  concretar que estaría partir de las 18 h en casa, y que por favor pasaran a partir de esa  hora. No me han avisado de que habían pasado antes de la hora citada (me he  enterado posteriormente que han ido a las 17:31 h), y al no volverme a encontrar en  casa, el repartidor ha pegado el albarán (***ALBARÁN.1) en el interfono de mi portal que  está expuesto en la calle, por lo que cualquier persona que por allí pasara podía verlo  leyendo mis datos, mi teléfono, mi casa, mi envío, así como interpretando que no me  encontraba en casa, con las posibles consecuencias que eso hubiera podido tener (por  ejemplo un robo). De hecho una amiga ha encontrado el albarán allí pegado (ha  realizado las fotografías del mismo para dejar constancia) y me ha comunicado lo  ocurrido, tras lo cual me he puesto en contacto con la empresa por varías vías (adjunto  conversación de twitter, ya que no dispongo de las conversaciones telefónicas). Debido  a que todo ello va en contra de la ley de protección de datos y de mi derecho a la  intimidad, procedo a poner esta denuncia (a la empresa Nacex y/o trabajador del cual  desconozco su nombre)”.  La denunciante aporta fotografías del lugar donde estaba colocado el albarán, visible a  la entrada del edificio, y copia de la conversaciones mantenidas a través de “Twitter” con  la empresa en relación a los hechos denunciados. SEGUNDO Con fecha 28/3/16 la Directora de la Agencia Española de Protección de  Datos acordó someter a trámite de audiencia previa el presente procedimiento de  apercibimiento A/0092/2016.  TERCERO    :  Con fecha 18/4/16 se recibe en esta Agencia escrito alegaciones en el que  se comunica lo siguiente: * Que Zargo Express es la empresa franquiciada por NACEX para Zaragoza * Que se han adoptado las medidas de índole técnica y organizativas para garantizar la  seguridad de los datos de carácter personal. Se aporta copia de la relación de ficheros  inscritos C/ Jorge Juan, 6 www.agpd.es 28001 – Madrid sedeagpd.gob.es 2/9 * Que en relación al deber de secreto entrega a sus personal de reparto instrucciones  concretas para "
00107-2016,2016,https://www.aepd.es/documento/00107-2016.pdf,https://web.archive.org/web/20240703214228id_/https://www.aepd.es/documento/00107-2016.pdf,"1/9 Procedimiento Nº: A/00107/2016 RESOLUCIÓN: R/02422/2016 En el procedimiento A/00107/2016, instruido por la Agencia Española de Protección de  Datos a las entidades COLEGIO PROFESIONAL DE PROTÉSICOS DENTALES DE SANTA  CRUZ DE TENERIFE y CONSEJO GENERAL DE PROTÉSICOS DENTALES DE ESPAÑA, vista  la denuncia presentada por la entidad COLEGIO OFICIAL DE DENTISTAS DE SANTA CRUZ DE  TENERIFE y por DÑA.  B.B.B., y en virtud de los siguientes, ANTECEDENTES PRIMERO: Con fecha de 22/07/2015, tuvo entrada en esta Agencia un escrito de D.  A.A.A., en  representación del Colegio Oficial de Dentistas de Santa Cruz de Tenerife (en lo sucesivo el  denunciante) y de Dña.  C.C.C. (en lo sucesivo la denunciante), en el que se pone de manifiesto  los siguientes hechos: 1. Que en la página web www.colprofte.es, del Colegio Profesional de Protésicos Dentales de  Santa Cruz de Tenerife, se ha publicado el texto íntegro de la Sentencia de DD/MM/AA, dictada  por el Juzgado de lo Mercantil núm. ** de Santa Cruz de Tenerife, incluyendo los datos  personales relativos a los denunciantes, demandados en el procedimiento. 2. Los mismos hechos han sido realizados por el Consejo General de Protésicos Dentales de  España, en su página web www.consejo-protesicosdentales.es, en la pestaña “XXXX”, en la que  aparece insertado un archivo denominado “***ARCHIVO.1.pdf” que incluye la misma sentencia. Acompaña Acta de constancia de hechos, realizada por una notaría de Santa Cruz de  Tenerife, de DD/MM/AA. Según se indica en este documento, en esa fecha se accedió a la  página web www.colprofte.es, a las pestañas “***PESTAÑA.1”, comprobando que en la misma  figura un artículo con el título “.....................” que incluye, al final del texto un enlace “Texto  íntegro de la sentencia” que da acceso a la misma en formato pdf. La Notaria actuante obtiene  copia de la sentencia a la que da acceso dicho enlace, la misma señalada en la denuncia, en la  que constan los datos personales de la denunciante y su profesión ....................., así como la  condición de demandante bajo la que interviene en el proceso.          Asimismo, en ese Acta de constancia de hechos consta el acceso a la web www.consejo- protesicosdentales.es, al archivo “***ARCHIVO.1.pdf” insertado en la pestaña “***ARCHIVO.1”,  del que obtiene copia de la misma sentencia citada, en la que constan visibles los datos  personales de la denunciante reseñados   SEGUNDO: Con fecha 18/04/2016, por la subdirección General de Inspección de Datos se  accede a la web www.colprofte.es, comprobándose que no existe ningún apartado “Sentencias”.  Asimismo, se accede  a la web www.consejo-protesicosdentales.es, al número **** de la XXXX  “####”, constatando que la Sentencia objeto de la denuncia aparece anonimizada. TERCERO: Con fecha 25/04/2016, la Directora de la Agencia Española de Protección de Datos  acordó someter a trámite de audiencia previa a las entidades Colegio Profesional de Protésicos  C/ Jorge Juan, 6 www.agpd.es 28001 "
00185-2016,2016,https://www.aepd.es/es/documento/00185-2016.pdf,https://web.archive.org/web/20220307210424id_/https://www.aepd.es/es/documento/00185-2016.pdf,"1/6 Procedimiento Nº: A/00185/2016 RESOLUCIÓN: R/01786/2016 En el procedimiento A/00185/2016, instruido por la Agencia Española de  Protección de Datos a la ADMINISTRACION DE FINCAS MERONA, S.L., vista la  denuncia presentada por D.  A.A.A. y en virtud de los siguientes, ANTECEDENTES PRIMERO: Con fecha 25/01/2016 se recibe escrito en esta Agencia de D.  A.A.A. (en lo  sucesivo el denunciante) (Presidente de la Comunidad de Propietarios de (C/...1) de  Madrid) frente a la ADMINISTRACION DE FINCAS MERONA, S.L. (el denunciado)  comunicando:  <<…Para realizar su función, cuenta con datos de carácter personal de los clientes,  tales como teléfonos, correos electrónicos y nombres completos. TERCERO. Pues bien, estos datos me fueron facilitados como propietario de la finca  cuando a la citada administración le convenía para el desarrollo privado de sus  gestiones. Sin embargo los mismos datos, han sido negados al presidente de la citada  finca cuando la pretensión de éste era la de informar al conjunto de propietarios sobre  cuestiones de interés general…>> SEGUNDO: Con fecha 7/03/2016 tiene entrada nuevo escrito adjuntando diversa  documentación, entre la misma, correo de 6 de junio de 2015 del denunciado  comunicando:  <<…En cuanto al contrato que tiene esta Administración con la Comunidad, es  muy frecuente y pasa en muchísimas administraciones que no se firma ningún contrato  (…) Si prefieres tener un contrato firmado no tengo ningún problema, pero te adelanto  que siendo siete propietarios, nadie nos ha manifestado disconformidad con nuestros  servicios…>> TERCERO: Con fecha 28 de abril de 2016, la Directora de la Agencia Española de  Protección de Datos acordó someter a trámite de audiencia previa el presente  procedimiento de apercibimiento A/00185/2016, con arreglo a lo dispuesto en el artículo  45.6 de la Ley Orgánica 15/1999, de 13 de diciembre, de Protección de Datos de  Carácter Personal (LOPD), con relación a la denuncia por infracción de su artículo 6,  tipificada como grave en el artículo 44.3.b). Dicho acuerdo fue notificado al denunciante  y al denunciado. CUAR    TO:     Con fecha 8/07/2016 se recibe en esta Agencia escrito del denunciado en el  que comunica que ha cesado en su relación contractual con la Comunidad de  Propietarios (C/...1) de Madrid en el día de la fecha de la celebración de la Junta  C/ Jorge Juan, 6 www.agpd.es 28001 – Madrid sedeagpd.gob.es 2/6 General Ordinaria de 18 de mayo de 2016. HECHOS PROBADOS PRIMERO: Con fecha 25/01/2016 se recibe escrito en esta Agencia del denunciante  frente al denunciado comunicando:  <<…Para realizar su función, cuenta con datos de carácter personal de los clientes,  tales como teléfonos, correos electrónicos y nombres completos. TERCERO. Pues bien, estos datos me fueron facilitados como propietario de la finca  cuando a la citada administración le convenía para el desarrollo privado de sus  gestiones. Sin embargo los mismos datos, han sido negados al presidente de la citada  finca cu"
00186-2016,2016,https://www.aepd.es/es/documento/00186-2016.pdf,https://web.archive.org/web/20220307210633id_/https://www.aepd.es/es/documento/00186-2016.pdf,"1/6 Procedimiento Nº: A/00186/2016 RESOLUCIÓN: R/01787/2016 En el procedimiento A/00186/2016, instruido por la Agencia Española de  Protección de Datos a la COMUNIDAD DE PROPIETARIOS (C/...1) DE MADRID y en  virtud de los siguientes, ANTECEDENTES PRIMERO: Con fecha 25/01/2016 se recibe escrito en esta Agencia de D.  A.A.A.  (Presidente de la Comunidad de Propietarios (C/...1) de Madrid) frente a la  ADMINISTRACION DE FINCAS MERONA, S.L. comunicando:  <<…Para realizar su función, cuenta con datos de carácter personal de los clientes,  tales como teléfonos, correos electrónicos y nombres completos. TERCERO. Pues bien, estos datos me fueron facilitados como propietario de la finca  cuando a la citada administración le convenía para el desarrollo privado de sus  gestiones. Sin embargo los mismos datos, han sido negados al presidente de la citada  finca cuando la pretensión de éste era la de informar al conjunto de propietarios sobre  cuestiones de interés general…>> SEGUNDO: Con fecha 7/03/2016 tiene entrada nuevo escrito de D.  A.A.A. adjuntando  diversa documentación, entre la misma, correo de 6 de junio de 2015 de la citada  Administración de Fincas comunicando:  <<…En cuanto al contrato que tiene esta Administración con la Comunidad, es  muy frecuente y pasa en muchísimas administraciones que no se firma ningún contrato  (…) Si prefieres tener un contrato firmado no tengo ningún problema, pero te adelanto  que siendo siete propietarios, nadie nos ha manifestado disconformidad con nuestros  servicios…>> TERCERO: Con fecha 28 de abril de 2016, la Directora de la Agencia Española de  Protección de Datos acordó de oficio someter a trámite de audiencia previa el presente  procedimiento de apercibimiento A/00186/2016 a la Comunidad de Propietarios (C/...1)  de Madrid (aunque por error se consignó C/ San Marcos) con arreglo a lo dispuesto en  el artículo 45.6 de la LOPD, por infracción de su artículo 11.1, tipificada como grave en  el artículo 44.3.k). Con fecha 3/05/2016 se intentó la notificación del citado acuerdo a través del  Servicio de Correos, siendo devuelto con la anotación de dirección incorrecta. En fecha 9/05/2016, se notificó del citado acuerdo mediante su remisión al  domicilio del Presidente de la citada Comunidad de Propietarios. C/ Jorge Juan, 6 www.agpd.es 28001 – Madrid sedeagpd.gob.es 2/6 CUAR    TO:     Con fecha 8/07/2016 se recibe en esta Agencia escrito de la Administración  de Fincas Merona, S.L. en el que comunica que ha cesado en su relación contractual  con la Comunidad de Propietarios (C/...1) de Madrid en el día de la fecha de la  celebración de la Junta General Ordinaria de 18 de mayo de 2016. HECHOS PROBADOS PRIMERO: Con fecha 25/01/2016 se recibe escrito en esta Agencia de D.  A.A.A.  (Presidente de la Comunidad de Propietarios (C/...1) de Madrid) frente a la  ADMINISTRACION DE FINCAS MERONA, S.L. comunicando:  <<…Para realizar su función, cuenta con datos de carácter personal de los clientes,  tales como teléfonos, cor"
00199-2016,2016,https://www.aepd.es/documento/00199-2016.pdf,https://web.archive.org/web/20240704103302id_/https://www.aepd.es/documento/00199-2016.pdf,"1/7 Procedimiento Nº: A/00199/2016 RESOLUCIÓN: R/01721/2016 En el procedimiento A/00199/2016, instruido por la Agencia Española de  Protección de Datos a Doña  C.C.C. (***CARGO.1 del  Partido Popular del  Ayuntamiento de Mijas), vista la denuncia presentada por Don  B.B.B.  y en virtud de  los siguientes, ANTECEDENTES PRIMERO: Con fecha de 15 de abril de 2016, tuvo entrada en esta Agencia un escrito  remitido por Don  B.B.B., en el que denuncia lo siguiente: “***CARGO.1 del Partido Popular de Mijas,  C.C.C., en su perfil de Facebook, muestra  datos de carácter personal (DNI, NOMBRE, APELLIDOS y FIRMA) de personas que ha  cedido estos datos en el contexto de una ............. Dichos datos han sido depositados  en la Sede el Propio Partido Popular en Mijas en hojas de las cuales, la citada  ***CARGO.1 muestra una. Hay que resaltar que esta misma persona, en un pleno,  también ha expuesto públicamente el diagnóstico médico de una persona que acuda  como público al Pleno. La denuncia va dirigida, tanto al propio partido por incumplir lo  establecido en custodia de datos, como hacia la citada ***CARGO.1 que  aprovechando su acceso, hace públicos los mismos sin contar con autorización alguna  de los cedentes.” El denunciante aporta copia impresa de la fotografía objeto de la denuncia, en la  que aparece la ***CARGO.1 mostrando un listado que contiene los siguientes datos  personales: nombre, apellidos, DNI y firma de varias personas. Asimismo, se incluye la  leyenda siguiente: “Hoy ............! Gracias a todos! ”. SEGUNDO: Con fecha 23 de mayo de 2016, la Directora de la Agencia Española de  Protección de Datos acordó someter a trámite de audiencia previa el presente  procedimiento de apercibimiento A/00199/2016. Dicho acuerdo fue notificado al  denunciante y a la denunciada. TERCERO: Con fecha 13 de junio de 2016, se recibieron las alegaciones presentadas  por Doña  C.C.C., en las que indica lo siguiente: - La foto se ha publicado en su perfil personal al que tiene acceso todas aquellas  personas que previamente han solicitado amistad a la denunciada por lo que no  se trata de ningún archivo público. - En su calidad de cargo público del Ayuntamiento de Mijas, realiza diversas  campañas de recogida de firmas, que no de datos personales. - En concreto se trata de recogida de firmas para la eliminación del impuesto  de  sucesiones y donaciones en Andalucía, campaña política que ha iniciado el  Partido Popular. C/ Jorge Juan, 6 www.agpd.es 28001 – Madrid sedeagpd.gob.es 2/7 - No se trata de la creación de ningún archivo o fichero. La recogida se produce de  forma voluntaria con exposición de hojas de firmas en las que se hace constar el  nombre y DNI. Es decir, se trata de una cesión voluntaria de la firma. - Tal y como se expresa en el pie de la hoja de los datos que se ceden, se tratarán  por el Partido Popular para uso exclusivo de la tramitación de la Proposición no  de ley en el Parlamento andaluz, estos datos no serán cedidos y se reconoce el  dere"
00208-2016,2016,https://www.aepd.es/es/documento/00208-2016.pdf,https://web.archive.org/web/20220302145112id_/https://www.aepd.es/es/documento/00208-2016.pdf,"1/7 Procedimiento Nº: A/00208/2016 RESOLUCIÓN: R/02245/2016 En el procedimiento A/00208/2016, instruido por la Agencia Española de  Protección de Datos a la UNIVERSIDAD PRIVADA DE MADRID, S.A., vista la denuncia  presentada por Dña.  B.B.B. y en virtud de los siguientes, ANTECEDENTES PRIMERO: Con fecha de 9 de julio de 2015 tiene entrada en esta Agencia un escrito de  la Dirección General de Consumo adjuntando copia de documentación correspondiente  a la reclamación presentada en esa Dirección general por Dña.  B.B.B. (en lo sucesivo  la denunciante) contra el Centro Odontológico de Innovación y Especialidades  Avanzadas de la Universidad Alfonso X el Sabio (UNIVERSIDAD PRIVADA DE  MADRID, S.A. en lo sucesivo la denunciada). En la citada reclamación se pone de  manifiesto que habiendo solicitado copia de su expediente el 5/3/2015 y entregado el  21/3/2015 se han adjuntado hojas de otra persona en las que consta su nombre,  apellidos y DNI. Con fecha 1/9/2015 se solicita a la denunciante que acredite que junto con los  datos suyos que le entregaron al ejercer el derecho de acceso le facilitaron datos de otra  persona. La denunciante aporta documentos a nombre de D.  A.A.A. donde consta su  DNI. SEGUNDO: A la vista de los hechos denunciados, en fase de actuaciones previas, por  los Servicios de Inspección de esta Agencia se tuvo conocimiento de los siguientes  extremos: a) Con fecha 3 de noviembre de 2015 se solicitan ampliación de información a la  denunciante quien da respuesta con fecha 13/11/2015 aportando la documentación  solicitada que permite comprobar que solicitó su historia clínica a la denunciada así  como copia íntegra de lo recibido y donde constan los documentos objeto de la denuncia  así como declaración jurada de no tener ningún vínculo con D.  A.A.A.. b) Con fecha 3 de noviembre de 2015 se solicita información a la denunciada y  de la respuesta facilitada se desprende lo siguiente: 1. Desconocen si existe algún vínculo entre la denunciante y el Sr.  A.A.A.. 2. La clínica dispone de los datos personales de ambas personas. 3. Reconocen y aportan copia del documento presentado por la denunciante  solicitando copia de su historia clínica aunque no va fechado. 4. Aportan copia de la documentación se le entregó el día 21/3/2015 como  resultado de su solicitud y reconocen que junto con los citados documentos, a la  denunciante le fue remitido por un error de archivo, dos formularios de  consentimiento del paciente D.  A.A.A. cuyas copias adjuntan. C/ Jorge Juan, 6 www.agpd.es 28001 – Madrid sedeagpd.gob.es 2/7 5. Manifiestan que dichas copias fueron incluidas por el personal de la clínica en el  expediente de la denunciante por error. TERCERO: Con fecha 20 de junio de 2016, la Directora de la Agencia Española de  Protección de Datos acordó someter a trámite de audiencia previa el presente  procedimiento de apercibimiento A/00208/2016, con arreglo a lo dispuesto en el artículo  45.6 de la Ley Orgánica 15/1999, de 13 de diciembre, de Prote"
00230-2016,2016,https://www.aepd.es/es/documento/00230-2016.pdf,https://web.archive.org/web/20220307210542id_/https://www.aepd.es/es/documento/00230-2016.pdf,"1/9 Procedimiento Nº: A/00230/2016 RESOLUCIÓN: R/02278/2016 En el procedimiento A/00230/2016, instruido por la Agencia Española de  Protección de Datos a Dña.  C.C.C., vista la denuncia presentada por D.  B.B.B. y en  virtud de los siguientes, ANTECEDENTES PRIMERO: Con fecha 20/05/2016 tiene entrada en esta Agencia escrito de D.  B.B.B.  (en lo sucesivo el denunciante), comunicando que Doña  C.C.C. (en lo sucesivo la  denunciada) interpuso una denuncia contra el mismo. El Juzgado de Instrucción nº 11  de Madrid declaró prescripción y respecto a los presuntos hechos más actuales su  sobreseimiento. Posteriormente, la Audiencia Provincial de Madrid, el 10 de octubre de  2013, dictó un auto definitivo rechazando los recursos de apelación y confirmando el  sobreseimiento y archivo de la causa al no encontrar delito alguno no prescrito.  Habida cuenta del daño que se había producido a su honor, interpuso un  procedimiento solicitando la Protección Civil del mismo, contra la denunciada y otros que  recayó en el Juzgado de Primera Instancia e Instrucción nº ** de ***LOCALIDAD.1, que  dictó sentencia desestimatoria el 10 de septiembre de 2015, y fue notificada el 15 de  septiembre de 2015. Dicha sentencia ha sido recurrida ante la Audiencia Provincial de  Madrid en lo referente a los pronunciamientos que atañen a Doña  C.C.C. y dos  recurridos más.  Con independencia de la repercusión pública del caso, habida cuenta su  condición de ex seleccionador nacional, la denunciada a través de su cuenta de Twitter  que es pública y se puede comprobar,  A.A.A., le dio publicidad a la sentencia, que  publicó integra y sin disociar, que además fue recurrida en tiempo y forma.  SEGUNDO: Con fecha 22 de junio de 2016, la Directora de la Agencia Española de  Protección de Datos acordó someter a trámite de audiencia previa el presente  procedimiento de apercibimiento A/00230/2016 con arreglo a lo dispuesto en el artículo  45.6 de la Ley Orgánica 15/1999, de 13 de diciembre, de Protección de Datos de  Carácter Personal (LOPD), con relación a la denuncia por infracción de su artículo 6.1,  tipificada como grave en el artículo 44.3.b). Dicho acuerdo fue notificado al denunciante  y la denunciada. TERCERO: Con fecha 28/07/2016 se recibe en esta Agencia escrito de la denunciada  en el que comunica: <<…Si bien resulta evidente que el conflicto puede surgir cuando  alguien puede entender vulnerado su derecho a la intimidad, al honor y la dignidad, con  la publicación de una sentencia. Si bien a este respecto tenemos que reseñar que la  publicación puede tener lugar de muy diversas formas, cuando en el presente caso, se  ha tratado de una difusión privada a través de una red social de mi representada con  escaso alcance, a lo cual también debemos sumar, que no nos encontramos ante un  C/ Jorge Juan, 6 www.agpd.es 28001 – Madrid sedeagpd.gob.es 2/9 procedimiento penal sobre cuya publicación ya se ha pronunciado en diversas  ocasiones el Tribunal Supremo limitando la publicación "
00242-2016,2016,https://www.aepd.es/es/documento/00242-2016.pdf,https://web.archive.org/web/20220302145343id_/https://www.aepd.es/es/documento/00242-2016.pdf,"1/9 Procedimiento Nº: A/00242/2016 RESOLUCIÓN: R/02863/2016 En el procedimiento A/00242/2016, instruido por la Agencia Española de  Protección de Datos a D.  C.C.C., vista la denuncia presentada por Dña.  D.D.D. y en  virtud de los siguientes, ANTECEDENTES PRIMERO: En fecha 16 de noviembre de 2015 tiene entrada en la Agencia un escrito de  doña  D.D.D. (en lo sucesivo la denunciante) en el que denuncia a don  C.C.C. (en lo  sucesivo el denunciado) por publicar en internet las fotografías de sus hijos menores de  edad.  En fecha 20 de noviembre se solicita a la denunciante que aporte documentación  adicional, en particular, los documentos que puedan acreditar la relación establecida con  el denunciado para la prestación de servicios profesionales. Se solicita asimismo que  especifique las iniciativas llevadas a cabo para lograr la cancelación de las fotografías  en internet, incluyendo las solicitudes dirigidas al denunciado o a las plataformas donde  se publican las fotos (Facebook, YouTube, 500pix).  En fecha 1 de febrero de 2016, no habiéndose recibido contestación a la solicitud  de la Inspección, por la Directora de la Agencia se acuerda el archivo de las actuaciones  con referencia E/07260/2016. SEGUNDO: En fecha 19 de abril de 2016 tiene entrada en la Agencia un nuevo escrito  de la afectada en el que manifiesta haber solicitado al denunciado, a través de su  abogada, la retirada de las fotografías mediante burofax de 29 de marzo, del que  acompaña copia. En este documento se indica: “En cierta ocasión y en tanto que Vd. se  dedica profesionalmente y de manera ocasional a la fotografía, realizó un reportaje  fotográfico a los dos hijos menores de mis clientes. Este reportaje fue un encargo de mis  clientes y pertenece única y exclusivamente a estos y por ello su difusión pública queda  totalmente desautorizada por mis representados”.  Adjunta asimismo copia de la contestación recibida, fechada el 31 de marzo, en  la que el fotógrafo expone que realizó las fotografías “con el debido consentimiento  paterno y dada la relación amistosa que antes nos unía”. En el escrito afirma que “a  fecha 30 de marzo de 2016 he retirado todas las fotografías de sus hijos de mis  diferentes páginas web, sin tener intención alguna de volver a publicarlas para continuar  con su divulgación ni promoción”.  La denunciante aporta copia impresa de varias fotografías que, según expone,  siguen publicadas en las plataformas Flickr y YouTube. En fecha 25 de abril de 2016 por la Inspección de Datos se verifica que algunas  de las fotografías referidas siguen accesibles en Flickr, en el perfil “ B.B.B.”. En fecha 1  C/ Jorge Juan, 6 www.agpd.es 28001 – Madrid sedeagpd.gob.es 2/9 de junio por la Inspección de Datos se verifica que otras fotografías son accesibles a  través de un video publicado en YouTube, en la cuenta “ A.A.A.”. TERCERO: Con fecha 22 de junio de 2016, la Directora de la Agencia Española de  Protección de Datos acordó someter a trámite de audiencia previ"
00402-2016,2016,https://www.aepd.es/documento/00402-2016.pdf,https://web.archive.org/web/20240703144436id_/https://www.aepd.es/documento/00402-2016.pdf,"1/7 Procedimiento Nº: A/00402/2016  RESOLUCIÓN: R/02552/2017 En el procedimiento A/00402/2016, instruido por la Agencia Española de Protección de Datos a Don A.A.A.  y Don B.B.B., vista la denuncia presentada por Doña C.C.C. y en virtud de los siguientes, HECHOS PRIMERO: Con fecha 16 de septiembre de 2016 tiene entrada en esta Agencia escrito de Doña C.C.C. comunicando posible infracción a la Ley Orgánica 15/1999, de 13 de diciembre, motivada por cámaras de videovigilancia cuyo titulares son Don A.A.A.  y Don B.B.B.  instaladas en  ***DIRECCIÓN.1 En concreto, denuncia que sus vecinos “(…) tienen instalada una cámara de videovigilancia en el patio trasero en la ventana de la vivienda contigua, (…)”, con enfoque a su vivienda, sin autorización. Adjunta fotografía donde se observa la instalación de una cámara de vídeo vigilancia en la ventana de la vivienda denunciada con enfoque a la vivienda de la denunciante. SEGUNDO: A la vista de los hechos denunciados, la Inspección de Datos de esta Agencia Española de Protección de Datos considera que el tratamiento de los datos personales que se realiza por los denunciados a través de la cámara a la que se refiere la denuncia, no cumple las condiciones que impone la normativa sobre protección de datos. TERCERO: Con fecha 4 de mayo de 2017, la Directora de la Agencia Española de Protección de Datos acordó someter a trámite de audiencia previa el presente procedimiento de apercibimiento A/00402/2016. Dicho acuerdo fue notificado a los denunciados. CUAR    TO:     Con fecha 31/05/2017 se recibe en esta Agencia escrito de Don A.A.A.  en el que comunica: 1. Que la vivienda la tiene alquilada. Adjunta copia contrato de alquiler de fecha 27 de agosto de 2016. C/ Jorge Juan, 6 www.agpd.es 28001 – Madrid sedeagpd.gob.es 2/7 2. Que “(…) B.B.B.  es su hermano y que nada tiene que ver con la vivienda (…). 3. Que los inquilinos de la vivienda “(…) según me comenta D.D.D. (…)” tiene instalada la cámara “(…) pero con carácter disuasorio (…)”. Que “(…) la propia Policía Nacional estuvo allí y vio in situ como no funciona ni está conectada. (…)”. No aporta documentación que lo acredite.  El 09/06/2017 en un escrito de la Agencia se le requiere a Don A.A.A.   “Documentación gráfica (fotografías) en las que se aprecie que se trata de cámara simulada, que NO FUNCIONA y/o que se encuentra DESCONECTADA.  También podrán aportarse otros documentos válidos en Derecho que acrediten los puntos anteriores (por ejemplo, facturas o tickets de compra de las cámaras simuladas).  En caso contrario y en el supuesto de que la cámara continuara orientada hacia la vía pública, o hacia áreas o espacios ajenos, se le requiere formalmente para que la retire o redirija, de modo que no enfoque la vía pública (y lo acredite mediante fotografías).”  Don A.A.A.  con fecha 28/06/2017 contesta a este requerimiento que “(…) No podemos mandar las fotos requeridas ya que el día de los hechos la retiramos para evitar más conflicto con la vecina (…)”. N"
00410-2016,2016,https://www.aepd.es/documento/00410-2016.pdf,https://web.archive.org/web/20240626075447id_/https://www.aepd.es/documento/00410-2016.pdf,"1/8 Procedimiento Nº: A/00410/2016 RESOLUCIÓN: R/00042/2017 En el procedimiento de apercibimiento A/00410/2016, instruido por la Agencia  Española de Protección de Datos a la entidad DUMIN, S.A., vista la denuncia  presentada por  A.A.A. y en virtud de los siguientes, ANTECEDENTES PRIMERO: Con fecha 28/12/2015 tiene entrada en esta Agencia escrito remitido por  Dña.  A.A.A. (en adelante la denunciante) comunicando posible infracción a la Ley  Orgánica 15/1999 motivada por la existencia de cámaras de videovigilancia en el recinto  del COLEGIO XXXX sito en (C/...1) (MÁLAGA) y cuyo titular es la entidad DUMIN S.A.  (en adelante la denunciada).  En escrito la denunciante manifiesta “Las cámaras se localizan en los pasillos, sala de  profesores que también es usada como sala de descanso y secretaría del centro. No  existen carteles informativos de zona videovigilada y los trabajadores no han sido  informados. Las cámaras captan imágenes concretas de su área de trabajo y de los  menores que acceden a la misma, sin que los padres hayan sido informados al  respecto”. La denunciante solicitó información a la Dirección del Colegio y la subsanación de  aquellos preceptos vulnerados en materia de protección de datos. Recibió respuesta en  la que se le comunicaba que la finalidad del sistema no era el control laboral y que se  instaló como  medida de seguridad y vigilancia del Centro, debido a los robos sufridos  en el mismo”. Adjunta a su denuncia: - Reportaje fotográfico del sistema. En la  primera foto se indica que es su lugar de  trabajo, la Secretaria del Centro, en la foto 2 se visionan dos operarios colocando  algo al lado de la ventana en su parte superior, y en la foto 3 en dicho espacio,  una cámara enfocando a su frontal, la habitación. Indica que la foto  2 se hizo el  día de la colocación, 26/11/2015. En la foto 4 aparece el mismo espacio con indicación de la denunciante de que es una  cámara mayor que sustituyó a la anterior. En la foto 5 se visiona otra cámara,  colocada en otro lugar de la misma Secretaria que  se visiona en la foto1. La foto 6 es una toma más cercana de la misma cámara. C/ Jorge Juan, 6 www.agpd.es 28001 – Madrid sedeagpd.gob.es 2/8 La foto 7 es otra cámara en otra habitación distinta, que según la denunciante es la sala  de profesores usada también como sala de descanso. Añade que a los pocos meses se instalaron cámaras en los pasillos de las clases. En ningún espacio figuraba cartel informativo del uso y finalidad de la obtención de  imágenes ni sede ante al que ejercitar los derechos.  -  Copia de escrito presentado por la denunciante con fecha 16/12/2015 a la Dirección  del COLEGIO XXXX sobre la instalación de cámaras en el espacio de la Secretaria  donde presta servicios, pidiendo información de los fines de dicha cámara, advirtiendo  de una posible infracción de la LOPD. SEGUNDO: Tras la recepción de la denuncia la Subdirección General de Inspección de  Datos procedió a la realización de  actuaciones previas de investi"
00413-2016,2016,https://www.aepd.es/documento/00413-2016.pdf,https://web.archive.org/web/20240626204330id_/https://www.aepd.es/documento/00413-2016.pdf,"1/9 Procedimiento Nº: A/00413/2016 RESOLUCIÓN: R/00854/2017 En el procedimiento A/00413/2016, instruido por la Agencia Española de  Protección de Datos a la entidad AUTOESCUELA KARSA, S.L. (AUTOESCUELA  MARVIC), vista la denuncia presentada por Dª.  A.A.A. y en virtud de los siguientes, ANTECEDENTES PRIMERO: Con fecha de 16 de diciembre de 2015 tiene entrada en esta Agencia un  escrito de Dª.  A.A.A. en el que declara: <<Recibo en mi domicilio carta remitida por ""Euroejecutiva del Sur"", empresa  domiciliada en la (C/...1) (MADRID) con teléfono  C.C.C., requiriéndome por error el  pago de una deuda con su cliente la AUTOESCUELA MARVIC. No habiendo tenido  jamás relación comercial alguna con ninguna de las dos empresas mencionadas quiero  denunciar que obren en su poder datos de carácter personal como es mi domicilio>>. Aporta copia de un escrito de requerimiento de deuda en que se observa que  aparece el nombre completo de la denunciante, así como su dirección postal, incluyendo  el piso y puerta. SEGUNDO: A la vista de los hechos denunciados, en fase de actuaciones previas, por  los Servicios de Inspección de Datos de esta Agencia se realizó la investigación ante las  entidades más abajo detalladas.  De esta manera, en el informe de actuaciones de investigación E/01238/2016 se  detalla lo siguiente:  1. <<De la información y documentación aportada por EUROEJECUTIVA se  desprende: a. Manifiesta la entidad que en fecha 17 de noviembre de 2015 se  firmó un contrato de prestación de servicios entre la entidad y  MARVIC. Aporta la entidad copia de dicho contrato en donde consta, en el que no se  encuentra ninguna previsión en que se regule la cesión de datos ni que constituya a  EUROEJECUTIVA como encargada del trabamiento en nombre de MARVIC. En el  contrato aparece: <<PRIMERA.- EL CLIENTE encomienda y encarga a la ENTIDAD DE COBRO,  todas y cada una de las gestiones necesarias para la localización y cobro de los  importes adeudados al primero por las personas y/o entidades que se identifican en  ANEXO aparte a este documento junto con los importes debidos. EL CLIENTE, hace entrega en este acto a la ENTIDAD DE COBRO, de  C/ Jorge Juan, 6 www.agpd.es 28001 – Madrid sedeagpd.gob.es 2/9 fotocopias de la documentación original tras su cotejo con esta acreditativa de la deuda  a reclamar a cada uno de los deudores.>> Ha sido solicitada a la entidad copia de la información recibida del acreedor  referente a la deudora, aportando únicamente una lista de los nombres de los deudores  de MARVIC así del importe adeudado, no apareciendo DNI ni dirección postal que  identifique unívocamente al deudor, apareciendo entre los deudores figura una persona  homónima de la denunciante. Aunque, según el contrato, el acreedor ha proporcionado  a EUROEJECUTIVA copia de la documentación original acreditativa de la deuda, dicha  documentación no ha sido aportada a esta Agencia.  b. El trabajador de EUROEJECUTIVA que gestionó el expediente de  cobro, el cual a día de hoy ya n"
00458-2016,2016,https://www.aepd.es/es/documento/00458-2016.pdf,https://web.archive.org/web/20220307210603id_/https://www.aepd.es/es/documento/00458-2016.pdf,"1/10 Procedimiento Nº: A/00458/2016 RESOLUCIÓN: R/00490/2017 En el procedimiento A/00458/2016, instruido por la Agencia Española de  Protección de Datos a la entidad Randstad España SLU, vista la denuncia presentada  por A.A.A. y en virtud de los siguientes, ANTECEDENTES PRIMERO: Fecha de 9/08/2016 tiene entrada en esta Agencia una escrito en el que se  denuncia al sitio web: www.randstad.es y se identifica como responsable a Randstad  España SLU poniendo de manifiesto que la información sobre la utilización de  Dispositivos de Almacenamiento o Recuperación de Datos (DARD) es incompleta  anexando a  la misma la siguiente documentación: Capturas de pantalla de la navegación por el sitio web denunciado que evidencian la  utilización de DARD. SEGUNDO: Del examen de la documentación aportada por el denunciante y de las  actuaciones practicadas se desprende lo siguiente: 1. Con fecha 17 de agosto de 2016, se constata que el sitio web denunciado  pertenece a Randstad España SLU según consta en las diligencias de  inspección. 2. En la misma fecha, se constata, como se recoge en las diligencias, la promoción  de servicios de empleo en la página web. 3. En la misma fecha, se constata, como se recoge en las diligencias, que el sitio  web denunciado utiliza DARD con las siguientes finalidades:  Publicitarias  Analítica web de tercera parte 4. En la misma fecha, se constata que el sitio web denunciado contiene la siguiente  información relativa a la utilización de DARD, según consta en las diligencias de  inspección: La información de primera capa es: C/ Jorge Juan, 6 www.agpd.es 28001 – Madrid sedeagpd.gob.es 2/10 Utilizamos cookies propias y de terceros para ofrecerte una mejor experiencia y servicio. Si  continúas navegando, consideramos que aceptas el uso de cookies en nuestro sitio. Consulta  aquí nuestra política de cookies. (Enlace a una página con el aviso de segunda capa). La información de segunda capa consta en el Informe de Actuaciones Previas de  Inspección E/04517/2016. TERCERO: Con fecha 29/11/2016, la Directora de la Agencia Española de Protección  de Datos acordó someter a trámite de audiencia previa el presente procedimiento de  apercibimiento A/00458/2016. Dicho acuerdo fue notificado a los denunciantes y al  denunciado. CUARTO: En fecha de 21/12/2016 se recibe en esta Agencia escrito del denunciado en  el que comunica:(…) que el sitio web ha cambiado no existiendo el texto que fue  examinado en el acceso a la web en el mes de agosto de 2016.  Se ha procedido a  modificar el texto de la primera capa, en concreto: Utilizamos cookies propias y de  terceros para mejorar nuestros servicios y mostrar a los usuarios publicidad,  exclusivamente de Randstad, relacionada con sus preferencias mediante el análisis de  sus hábitos de navegación. Es posible cambiar la configuración u obtener más  información, para ello consulta aquí nuestra política de cookies. FUNDAMENTOS DE DERECHO I De conformidad con lo establecido en el artículo 43 de la LSSI, l"
00469-2016,2016,https://www.aepd.es/es/documento/00469-2016.pdf,https://web.archive.org/web/20220307211048id_/https://www.aepd.es/es/documento/00469-2016.pdf,"1/12 Procedimiento Nº: A/00469/2016 RESOLUCIÓN: R/01174/2017 En el procedimiento A/00469/2016, instruido por la Agencia Española de  Protección de Datos a  SERVICIOS Y MANTENIMIENTOS DE GEOLOCALIZACIÓN,  S.L., vistas las denuncias presentadas por la DIRECCION GENERAL DE LA POLICIA  (POLICIA JUDICIAL A CORUÑA), y D.  A.A.A., y en virtud de los siguientes, ANTECEDENTES PRIMERO: En fecha 05/07/2016 tuvo entrada esta Agencia Española de Protección de  Datos (AEPD) escrito del Jefe de Servicio Operativo de Policía Judicial de la Comisaría  de Distrito Norte de A Coruña (DIRECCION GENERAL DE LA POLICIA) en el que pone  de manifiesto que el AYUNTAMIENTO DE A CORUÑA (en adelante el  AYUNTAMIENTO) licitó el “Alquiler de un puesto de vigilancia mediante cámaras domo  telecontroladas para la celebración dispositivo de Hogueras de San Juan 2016”  El  contrato fue adjudicado a SERVICIOS Y MANTENIMIENTOS DE GEOLOCALIZACIÓN,  S.L. para su ejecución entre las 16:00 horas del día 23 de junio hasta las 8:00 horas del  24 de junio de 2016. En la noche del 23 al 24 de junio de 2016 el Grupo de Policía Judicial de la  Comisaría de Distrito Norte estableció un dispositivo de seguridad ciudadana en las  zonas de playa de Riazor-Orzan-Matadero, Paseo Marítimo e inmediaciones,  observando que en el lugar conocido como “La Coraza de Orzán” estaba instalado el  “Puesto de mando avanzado” del referido sistema de video vigilancia, consistente en un  vehículo tipo camión ligero en cuya parte posterior estaba instalado un habitáculo donde  se ubicaban los monitores con visualización de las imágenes de las cámaras en tiempo  real, encontrándose en su interior tres personas que, tras ser identificadas resultaron no  pertenecer a ninguna Fuerza o Cuerpo de Seguridad, ni ser vigilantes de Seguridad  Privada. El habitáculo no disponía de ningún sistema de control de accesos, accediendo  el personal del Servicio de Extinción de Incendios y Salvamento y el Coordinador de  seguridad ciudadana del AYUNTAMIENTO.   Se adjuntó la siguiente documentación: - Pliego de Cláusulas administrativas firmado en fecha 06/04/2016 por el  Coordinador del Área de Seguridad Ciudadana del AYUNTAMIENTO con, entre  otro, el siguiente contenido: “ASUNTO: ALQUILER DE UN PUESTO DE VIGILANCIA MEDIANTE CAMARAS  DOMO TELECONTROLADAS PARA LA CELEBRACION DEL DISPOSITIVO DE  HIGUERAS DE SAN JUAN 2016. … C/ Jorge Juan, 6 www.agpd.es 28001 – Madrid sedeagpd.gob.es 2/12 2.- OBJETO DEL CONTRATO ALQUILER DE UN PUESTO DE VIGILANCIA MEDIANTE CAMARAS DOMO  TELECONTROLADAS PARA LA CELEBRACION DEL DISPOSITIVO DE  HIGUERAS DE SAN JUAN 2016. El presente documento se ampara en el artículo 8 de la Ley Orgánica 4/1997, de 4  de agosto, por el que se regula la utilización de videocámaras por las Fuerzas y  Cuerpos de Seguridad en lugares públicos. 3.- OBJETIVOS DEL DISPOSITIVO Los objetivos que persigue el dispositivo son fundamentalmente dos: 1. Controlar los accesos a las playas para impedir la bajada a las mismas de  materiale"
00470-2016,2016,https://www.aepd.es/es/documento/00470-2016.pdf,https://web.archive.org/web/20230330020742id_/https://www.aepd.es/es/documento/00470-2016.pdf,"1/4 Procedimiento Nº: A/00470/2016 RESOLUCIÓN: R/00799/2017 En el procedimiento A/00470/2016, instruido por la Agencia Española de Protección de  Datos a la entidad Reto Empresarial S.L., vista la denuncia presentada por  A.A.A. y en  virtud de los siguientes, ANTECEDENTES PRIMERO: Fecha de 15/06/2016 tiene entrada en esta Agencia una escrito en el que se  denuncia al sitio web: www.totvic.cat y se identifica como responsable a Reto  Empresarial S.L., poniendo de manifiesto que no existe información sobre la utilización  de Dispositivos de Almacenamiento o Recuperación de Datos (DARD) anexando a  la  misma la siguiente documentación: Capturas de pantalla de navegación por el sitio web denunciado que evidencian la  utilización de DARD. SEGUNDO: Del examen de la documentación aportada por el denunciante y de las  actuaciones practicadas se desprende lo siguiente: 1. Con fecha 28 de junio de 2016, se constata que el sitio web denunciado  pertenece a Reto Empresarial S.L. con NIF B******** con domicilio en (C/...3)  (BARCELONA) según consta en las diligencias de inspección. 2. En la misma fecha, se constata, como se recoge en las diligencias, la promoción  de servicios y anuncios en el sitio web denunciado. 3. En la misma fecha, se constata, como se recoge en las diligencias, que el sitio  web denunciado utiliza DARD con las siguientes finalidades:  Publicitarias  Analítica web de tercera parte Se constata que el sitio web denunciado utiliza DARD con finalidades desconocidas  ya que no se ha podido localizar información sobre éstas ni en el sitio denunciado ni  en el del dominio al que están vinculados dichos DARD. 4. En la misma fecha, se constata que el sitio web denunciado no incluye ninguna  información relativa a la utilización de DARD según consta en las diligencias de  C/ Jorge Juan, 6 www.agpd.es 28001 – Madrid sedeagpd.gob.es 2/4 inspección. TERCERO: Con fecha 28 de noviembre de 2016, la Directora de la Agencia Española  de Protección de Datos acordó someter a trámite de audiencia previa el presente  procedimiento de apercibimiento A/00470/2016. Dicho acuerdo fue notificado al  denunciado. CUAR    TO:     Con fecha de 5/01/2017 se recibe en esta Agencia escrito del denunciado en  el que comunica, en síntesis, que si bien el dominio totvic.ca es de su titularidad desde  10/05/2012, es el Sr.  C.C.C. el gestor y real titular desde el 20/12/2014, tal como se  acredita mediante el contrato de cesión de titularidad del dominio que se aporta. Finalmente y tras recibir el acuerdo de apercibimiento se procedió a modificar dicha  titularidad en el registro, y ya consta el dominio a nombre de Sr.  B.B.B.. La página web tiene pocas visitas por lo que es muy poca la audiencia. QUINTO: En fechas de 17/02/2017 y 06/03/2017 se accede al sitio web www.totvic.cat y  la navegación se redirige al sitio web www.totvic.com. FUNDAMENTOS DE DERECHO I Es competente para resolver este procedimiento la Directora de la Agencia  Española de Protección de Datos, de co"
00482-2016,2016,https://www.aepd.es/es/documento/00482-2016.pdf,https://web.archive.org/web/20220307210902id_/https://www.aepd.es/es/documento/00482-2016.pdf,"1/7 Procedimiento Nº: A/00482/2016 RESOLUCIÓN: R/00025/2017 En el procedimiento A/00482/2016, instruido por la Agencia Española de  Protección de Datos ante la COMUNIDAD DE PROPIETARIOS DE LA GALERIA  COMERCIAL XXXX, y la entidad  D.D.D.., vista la denuncia presentada por Don  C.C.C.,  Doña  B.B.B., Don  E.E.E. y Doña  A.A.A., y en virtud de los siguientes ANTECEDENTES PRIMERO: Con diferentes fechas de entre el  20 de enero de 2016 y el 8 de julio de  2016, tienen entrada en esta Agencia escritos remitidos por los denunciantes  mencionados en los que declaran que: <<Todos los denunciantes pertenecen a la Comunidad de Propietarios “CENTRO  COMERCIAL XXXX” de MADRID. En la Junta General Ordinaria de la citada Comunidad, de fecha 1 de abril de  2014, se trató el tema de “Aprobación y autorización por escrito al Administrador para  facilitar datos personales de contacto y dirección privada a otros copropietarios que lo  soliciten”. Este punto no fue aprobado, según consta en el Acta de la Junta, cuya copia  aportan. Con fecha 27 de abril de 2015, tuvo lugar otra Junta General Ordinaria de la  Comunidad. En el Acta de ésta junta se incluye una relación de todos los asistentes:  Nombre y apellidos y domicilio particular, en total son 83 asistentes, entre los que se  incluyen los denunciantes. El acta completa fue remitida, por correo postal,  por parte de  la Administración de la Comunidad:  D.D.D.., al domicilio particular de todos los  propietarios. No han autorizado a la administración para que revele los datos de sus  domicilios particulares al resto de los propietarios.>> En particular, una de las denunciantes Doña  B.B.B., ha interpuesto una  denuncia policial, con fecha 29 de julio de 2015, de la que aporta copia, en la que pone  de manifiesto que ha recibido amenazas por parte de otros propietarios, los cuales  conocen ahora su domicilio particular.   La Subdirección General de Inspección de Datos solicitó a los denunciantes  información sobre el procedimiento por el que habían recibido la copia del Acta en sus  domicilios, informando todos ellos haberla recibido mediante carta de la citada  Administración, algunos de ellos han aportado el sobre que la contenía. SEGUNDO: A la vista de los hechos denunciados, en fase previa de investigación, por  los Servicios de Inspección de esta Agencia se llevaron a cabo, actuaciones mediante  las cuales se tuvo conocimiento de los siguientes extremos:  D.D.D.., ha remitido a esta Agencia la siguiente información en relación con los  C/ Jorge Juan, 6 www.agpd.es 28001 – Madrid sedeagpd.gob.es 2/7 hechos denunciados: 1. La empresa (Administración de Fincas), tiene suscrito, desde el 1 de junio de  2015,  un contrato de prestación de servicios con la Comunidad de Propietarios  GALERIA COMERCIAL XXXX, que tiene por objeto de administración de la  comunidad.  2. Así mismo, han suscrito con la citada comunidad, el contrato que regula el  acceso a datos por terceros, en el que la empresa se define como encargado d"
00521-2016,2016,https://www.aepd.es/documento/00521-2016.pdf,https://web.archive.org/web/20240626184719id_/https://www.aepd.es/documento/00521-2016.pdf,"1/7 Procedimiento Nº: A/00521/2016 RESOLUCIÓN: R/00620/2017 En el procedimiento A/00521/2016, instruido por la Agencia Española de  Protección de Datos a la entidad SEUR GEOPOST, S.L., vista la denuncia presentada  por Doña  A.A.A., y en virtud de los siguientes ANTECEDENTES PRIMERO: Con fecha 18 de abril de 2016, tiene entrada en esta Agencia un escrito  remitido por Doña  A.A.A., en el que expone lo siguiente: SEUR GEOPOST, S.L.U. ha entregado un paquete de la denunciante a un  tercero Adjunto a la denuncia se ha aportado copia del albarán de entrega de pedido  cuyo destinatario es la denunciante y en el que figura un número de DNI, una firma y la  fecha de entrega el 06/04/2016 a las 15:02.  SEGUNDO: A la vista de los hechos denunciados, en fase previa de investigación, por  los Servicios de Inspección de esta Agencia se tuvo conocimiento de los siguientes  extremos: 1. Se solicitó información a la denunciante y se recibió escrito de contestación del  que se desprende:   La denunciante solicitó a SEUR GEOPOST, S.L.U., copia del albarán de  entrega que le fue remitido por correo electrónico.  La persona que recogió el pedido era una vecina de la comunidad  desconocida para la denunciante, la cual firmó el albarán de entrega e  indico su DNI.   El número de DNI que figura en el albarán no coincide con el DNI de la  denunciante.  2. Con fecha 1 de junio de 2016 se requiere información a SEUR GEOPOST,  S.L.U. y de la respuesta recibida se desprende lo siguiente:  SEUR GEOPOST, S.L.U. forma parte de la RED SEUR la cual regula el  procedimiento de reparto.  En el apartado 5.3.2. del procedimiento consta: “En caso de entregas en  las que el destinatario no se encuentra en el domicilio consignado, es  obligatorio notificar al cliente la ausencia en el domicilio…  En caso de  que estén informados en la expedición el móvil o email del destinatario se  enviará una notificación electrónica y, si no es así, el repartidor está  obligado a dejar una nota de paso en papel… También en situaciones de  C/ Jorge Juan, 6 www.agpd.es 28001 – Madrid sedeagpd.gob.es 2/7 contingencia en las que no se disponga de conexión con la PDA, siempre  se dejara nota física. El acuse de aviso en papel debe dejarse lo más  cerca posible del domicilio de entrega”. En el apartado 5.4. se prohíbe expresamente: “Entregar la mercancía a  personas ajenas al destinatario sin identificación o en otro domicilio  diferente al de la entrega, excepto en casos de acuerdo expreso con el  destinatario y si el servicio lo permite”.  SEUR GEOPOST, S.L.U., manifiesta que consultado sus archivos no  consta la existencia de ningún documento que acredite el consentimiento  otorgado por la denunciante para su entrega a un tercero de la mercancía  de la que era destinataria.   SEUR GEOPOST, S.L.U., manifiesta que en sus Sistemas de  Información figura:  Con fecha 07/04/2016 a las 15:33 horas, la destinataria contactó  con la compañía reclamando la entrega de un paquete e  indicando que no había "
00359-2016,2016,https://www.aepd.es/es/documento/00359-2016.pdf,https://web.archive.org/web/20220307210548id_/https://www.aepd.es/es/documento/00359-2016.pdf,"1/13 Procedimiento Nº: A/00359/2016 RESOLUCIÓN: R/00621/2017 En el procedimiento A/00359/2016, instruido por la Agencia Española de Protección de  Datos a la entidad RACCOON GAMES, S.L., vista la denuncia presentada por Don  Don  A.A.A.  y en virtud de los siguientes, ANTECEDENTES PRIMERO: Con fecha   15 de febrero de 2016    tiene entrada en esta Agencia una  denuncia presentada por  A.A.A.,  (en lo sucesivo, el denunciante), en la que denuncia a  la mercantil  RACCOON GAMES, S.L. por las siguientes irregularidades observadas en  el sitio web  www.raccoongames.com, del que dicha sociedad es  responsable:    No hay información sobre la utilización de Dispositivos de Almacenamiento o  Recuperación de Datos (en adelante DARD o cookies) en su página principal.  La información sobre la utilización de DARD  en su página de condiciones de uso  es incompleta. Que según el denunciante tuvieron lugar a fecha de: 4 de febrero de 2016 El denunciante  anexa impresión de la página de condiciones de uso del sitio web  denunciado, en cuya condición 8 se informa, en forma incompleta, sobre  la utilización  de DARD. SEGUNDO: Del examen de la documentación aportada por el denunciante  y de las  actuaciones practicadas  de investigación practicadas se desprende lo siguiente:  2.1 Con fecha 24 de febrero de 2016 se constata que al acceder a la página web  denunciada no se ofrece información   sobre el uso de DARD ni aparece ningún enlace  visible  que dirija a dicha  información, a pesar de que se verifica la utilización de los  DARD  permanentes  no exentos de tercera parte de analítica web “_ga” y “_gat” del  Servicio de Google Analytics y el DARD “CAKEPHP” del dominio raccooongames.es.  Asimismo, se verifica   que  a través de enlace que conduce a las “Condiciones  de Uso” del portal  se localiza un apartado relativo a “Cookies”, cuyo contenido es el  mismo que figuraba en el documento aportado por el denunciante, siendo su literal: “Te informamos igualmente que para mejorar tu experiencia de navegación,  gestionar el contenido de tu cesta, ofrecerte nuestros consejos personalizados, e  informarte online de nuestras ofertas para clientes o socios, nuestra página web utiliza  dispositivos de implantación de cookies y almacenamiento de IP. La cookie es un fichero  que depositamos en tu equipo, y cuyo único objetivo es simplificar tu navegación en  www.raccoongames.es (esta cookie no puede contener virus ni ser ejecutada, porque  no es un fichero activo). La cookie sólo puede ser leída por RaccoonGames.es y por ti, y  puedes borrarla si lo deseas, accediendo a la opciones de tu navegador. Consulta el  menú de ayuda para más información.”. C/ Jorge Juan, 6 www.agpd.es 28001 – Madrid sedeagpd.gob.es 2/13 2.2 Durante el acceso efectuado con fecha 19 de mayo de 2016 a la  página web denunciada  se constata que: El sitio web www.raccoongames.es, en el que    se comercializan    comics,  ropa, figuras  y juegos, pertenece a RACCOON GAMES S.L., en adelante la  denunciada"
00370-2016,2016,https://www.aepd.es/es/documento/00370-2016.pdf,https://web.archive.org/web/20220307211242id_/https://www.aepd.es/es/documento/00370-2016.pdf,"1/11 Procedimiento Nº: A/00370/2016 RESOLUCIÓN: R/00882/2017 En el procedimiento A/00370/2016, instruido por la Agencia Española de Protección de  Datos a la entidad SIBARUM SITGES, S.L., vista la denuncia presentada por PATRICIA  CUPCAKES & PATISSERIE, S.L., y en virtud de los siguientes, ANTECEDENTES PRIMERO    :  Con fecha de 23 de mayo de 2016 tiene entrada en esta Agencia un escrito de  PATRICIA CUPCAKES & PATISSERIE SL, en adelante la denunciante, en el que en relación con  el sitio web www.sibarum.com, manifiesta que:  No hay información sobre la utilización de Dispositivos de Almacenamiento o  Recuperación de Datos  Se recogen datos de carácter personal pero no se proporciona la información prevista en  el artículo 5 de la LOPD.  Se recogen datos de carácter personal pero no hay ficheros inscritos en el Registro  General de Protección de Datos. Y anexa la siguiente documentación:  Capturas de pantalla de la navegación por el sitio web denunciado que evidencian la  recogida de datos de carácter personal. SEGUNDO: A la vista de los hechos denunciados, en fase de actuaciones previas, por los  Servicios de Inspección de esta Agencia se tiene conocimiento de los  siguientes hechos:   1. Con fecha 30 de mayo de 2016, se constata que el sitio web denunciado pertenece a  SIBARUM SITGES, S.L. (en lo sucesivo SIBARUM). 2. En la misma fecha se constata que no existen ficheros registrados en el RGPD a nombre  de la entidad denunciada. 3. En la misma fecha se constata que el sitio web denunciado recoge datos de carácter  personal. Los datos son: a. Nombre b. Correo electrónico c. Teléfono 4. Se constata que no existe política de privacidad. 5. En la misma fecha se constata la venta de productos/promoción de servicios/anuncios. 6. En la misma fecha se constata que el sitio web denunciado utiliza DARD con las  siguientes finalidades:  Analítica web de tercera parte 7. En la misma fecha se constata que el sitio web denunciado no incluye ninguna  información relativa a la utilización de DARD y no incluye un enlace que haga referencia a  C/ Jorge Juan, 6 www.agpd.es 28001 – Madrid sedeagpd.gob.es 2/11 la política de cookies. TERCERO: Con fecha 21/11/2016, la Directora de la Agencia Española de Protección de Datos  acordó someter a la entidad SIBARUM a trámite de audiencia previa, en relación con la denuncia  por infracción de los artículos 5 y 26 de la Ley Orgánica 15/1999, de 13 de diciembre, de  Protección de Datos de Carácter Personal (en lo sucesivo LOPD), tipificadas como leves en los  artículos 44.2.c) y 44.2.b), respectivamente, de la citada Ley Orgánica; y artículo 22.2 de la  34/2002, de 11 de julio, de Servicios de la Sociedad de la Información y Comercio Electrónico (en  lo sucesivo LSSI), tipificada como leve en el artículo 38.4.g) de la mencionada Ley. CUAR    TO:     Con fecha 09/12/2016 se recibe en esta Agencia escrito de la denunciada en el que  comunica que ha procedido a informar a través de la web sobre la utilización de cookies. E"
00380-2016,2016,https://www.aepd.es/es/documento/00380-2016.pdf,https://web.archive.org/web/20220307211728id_/https://www.aepd.es/es/documento/00380-2016.pdf,"1/9 Procedimiento Nº: A/00380/2016 RESOLUCIÓN: R/00344/2017 En el procedimiento A/00380/2016, instruido por la Agencia Española de Protección de  Datos a D.  A.A.A., vista la denuncia presentada por la Dirección General de la Guardia Civil,  Puesto de Posada, y en virtud de los siguientes, ANTECEDENTES PRIMERO: Con fecha 21 de julio de 2016, tuvo entrada en esta Agencia Española de Protección  de Datos un escrito de la Dirección General de la Guardia Civil, Cuartel de Posada, en el que  formula denuncia contra D.  A.A.A. (en lo sucesivo el denunciado), indicando que el día  03/07/2016 se personó en las dependencias oficiales de Guardia Civil de la localidad de Posada  de Llanes a fin a de que se le sellase la Hoja-registro de entrada de viajeros del establecimiento  que regenta, “ B.B.B.”, y que al no haber nadie en el acuartelamiento optó por dejar en la valla  externa del mismo, a la vista de todo el mundo, las hojas de registro de viajeros y una nota con el  texto “el lunes vengo a recogerlo”. Con la denuncia se aportan dos fotografías en las que puede verse el lugar en el que  fueron depositados los documentos y el detalle de una de ellos. En el mismo se hacen constar  los “datos del viajero” con indicación de su nombre, apellidos, DNI, sexo, fecha de nacimiento,  nacionalidad y firma del afectado.   SEGUNDO    :  Con fecha 11/11/2016, la Directora de la Agencia Española de Protección de Datos,  por virtud de lo dispuesto en el artículo 45.6 de la Ley Orgánica 15/1999, de 13 de diciembre, de  Protección de Datos de Carácter Personal (en lo sucesivo LOPD), acordó someter a D.  A.A.A. a  trámite de audiencia previa al apercibimiento por la presunta infracción del artículo 9 de dicha  norma, en relación con el artículo 108 del Real Decreto 1720/2007, de 21 de diciembre, por el  que se aprueba el Reglamento de desarrollo de la LOPD, tipificada como grave en el artículo  44.3.h) de la citada Ley Orgánica.  TERCERO    :  Iniciado el procedimiento, el denunciado presentó escrito de alegaciones en el que  solicita el archivo del expediente en base a las consideraciones siguientes: . Se consideró que los hechos no infringían la normativa, dado que la valla de las dependencias  de la Guardia Civil no se halla inmediatamente contigua a la vía pública, existiendo un pasillo  interior antes de acceder a la cancela, por lo que la posibilidad de que las hojas dejadas en dicha  valla fuesen interceptadas no era fácil, como lo prueba el hecho de que fueron recogidas de  forma inmediata por la Guardia Civil a su llegada al cuartel y que no se haya evidenciado  incidencia alguna. . Una vez advertido el error cometido, ha tomado las medidas correctoras pertinentes a iniciativa  propia, no reiterándose la conducta. C/ Jorge Juan, 6 www.agpd.es 28001 – Madrid sedeagpd.gob.es 2/9 HECHOS PROBADOS 1. Con fecha 21 de julio de 2016, tuvo entrada en esta Agencia Española de Protección de Datos  un escrito de la Dirección General de la Guardia Civil, Cuartel de Posada, e"
00536-2016,2016,https://www.aepd.es/es/documento/00536-2016.pdf,https://web.archive.org/web/20220307210444id_/https://www.aepd.es/es/documento/00536-2016.pdf,"1/6 Procedimiento Nº: A/00536/2016 RESOLUCIÓN: R/00808/2017 En el procedimiento A/00536/2016, instruido por la Agencia Española de  Protección de Datos a la entidad CRALBO DENT, S.L. (VITALDENT), vista la denuncia  presentada por la POLICIA DE MADRID - DPTO. GESTIÓN ADMINISTRATIVA, y en  virtud de los siguientes, ANTECEDENTES PRIMERO: Con fecha 16 de junio de 2016, tuvo entrada en esta Agencia un escrito  remitido por la Policía Municipal del Ayuntamiento de Madrid en el que se indica que,  con fecha 27 de mayo de 2016, dos agentes comprobaron que junto a contenedores de  vidrio situados en la calle (C/...1) con (C/...2), había   diferente documentación con datos  personales, así como historias clínicas, junto con residuos biológicos, pertenecientes a  la clínica CRALBO DENT, S.L. Se anexa la siguiente documentación:  Originales de varios de los documentos encontrados. SEGUNDO: A la vista de los hechos denunciados, en fase previa de investigación, por  los Servicios de Inspección de esta Agencia se solicitó información a la entidad  denunciada, que expuso lo siguiente: o Desconocen el motivo por el cual se encontraba la documentación junto  con residuos biológicos, dado que el procedimiento de custodia y  destrucción de los mismos no es ese. o La documentación encontrada en la vía pública, se corresponde a la  agenda de varios doctores de la clínica, que de forma usual no se  destruyen hasta que han dejado de ser útiles. o El Procedimiento de custodia, es su almacenamiento en archivadores  hasta que deja de ser necesaria, caso en el que se destruye en una  destructora de papel existente en la clínica. Se adjunta copia de la hoja  del Documento de Seguridad donde consta el Procedimiento. TERCERO: Con fecha 13 de enero de 2017, la Directora de la Agencia Española de  Protección de Datos acordó someter a trámite de audiencia previa el presente  procedimiento de apercibimiento A/00536/2016. Dicho acuerdo se envió por correo  certificado al denunciado, siendo devuelto por el Servicio de Correos con la leyenda  “desconocido”. Con fecha 31 de enero de 2017, se publicó la notificación del trámite de  audiencia en el Boletín Oficial del Estado. C/ Jorge Juan, 6 www.agpd.es 28001 – Madrid sedeagpd.gob.es 2/6 HECHOS PROBADOS PRIMERO: Con fecha 27 de mayo de 2016, dos agentes de la Policía Municipal del  Ayuntamiento de Madrid comprobaron que, junto a contenedores de vidrio situados en la  calle (C/...1) con (C/...2), había residuos biológicos pertenecientes a la clínica CRALBO  DENT, S.L., y algunos documentos.  SEGUNDO: La Policía Municipal del Ayuntamiento de Madrid acompañó los  documentos originales encontrados y que son: dos hojas denominadas “Agenda diaria”  con los datos de los pacientes que verán ese día y medio folio con el nombre de pila de  dos personas y su teléfono escrito a mano. TERCERO: CRALBO DENT, S.L., tiene documento de seguridad donde se incluye un  procedimiento de almacenamiento de la documentación en archivadores hasta que deja  de "
00537-2016,2016,https://www.aepd.es/documento/00537-2016.pdf,https://web.archive.org/web/20240627044247id_/https://www.aepd.es/documento/00537-2016.pdf,"1/9 Procedimiento Nº: A/00537/2016 RESOLUCIÓN: R/00256/2017 En el procedimiento A/00537/2016, instruido por la Agencia Española de  Protección de Datos a Don  D.D.D., vistas las denuncias presentadas por dos  denunciantes relacionados en el Anexo 1, y MESTOLAYA, S.L., y en virtud de los  siguientes ANTECEDENTES PRIMERO: Que con fecha 29 de febrero de 2016, el denunciante1 y MESTOLAYA, S.L.,  denuncian a Don  D.D.D., indicando que el denunciante1 es socio y administrador de la  mercantil Mestolaya, S.L. y el denunciado fue administrador hasta ser cesado, el día 9  de marzo de 2015, y socio hasta que fue realizada escritura pública de exclusión.  Que se encuentran en tramitación diversos procedimientos judiciales, tanto en la vía  penal como en la civil, entre el denunciante1 y el denunciado. Que el denunciante1 ha tenido conocimiento de que el denunciado ha estado haciendo  públicos documentos de los procedimientos judiciales a listas de contactos de la  mercantil Mestolaya, entre los que se encuentran: trabajadores, proveedores, entidades  de crédito y clientes de la empresa, por lo que difunde datos personales del  denunciante1, como domicilio particular, testigos, abogados, documentos, reuniones y  wasap que se intercambian los abogados. Que las comunicaciones se han realizado por correo electrónico con el sistema de copia  revelando las direcciones de correo electrónico, nombre, apellidos y lugar de trabajo, sin  permiso expreso de los destinatarios. Con fecha 1 de marzo de 2016, se recibió denuncia de la denunciante2, que indica que  es abogado de la mercantil Mestolaya, S.L. y que en la demanda inicial de impugnación  de acuerdos, de fecha 20 de abril de 2015, interpuesta por el denunciado contra  Mestolaya, S.L., en la página 32, en el apartado de proposición de prueba testifical se  revelan los datos de carácter personal de la denunciante2: nombre, apellidos y domicilio  personal. Se adjunta dicha demanda. También, se están desvelando temas tratados  entre la letrada, su cliente y el abogado del contrario, por lo que se está rompiendo el  secreto profesional. Se adjunta con los escritos de denuncia diversa documentación que cabe destacar la  siguiente:  Correo electrónico enviado a los trabajadores de la empresa Mestolaya, S.L., desde  la dirección < C.C.C.>, el 23 de septiembre de 2015, a los destinatarios: < K.K.K.>, < I.I.I.>, < M.M.M.>, < F.F.F.>, < H.H.H.>, < E.E.E.>, <N.N.N.>, <G.G.G.>  y < L.L.L.>. Asunto: RV: falsificación nombramiento administrador Mestolaya  J.J.J.. C/ Jorge Juan, 6 www.agpd.es 28001 – Madrid sedeagpd.gob.es 2/9 En el cuerpo del mensaje se informa de distintos aspectos de la Mercantil Mestolaya Como datos adjuntos se incluyen diversos archivos con documentación de los  procedimientos judiciales como: demanda inicial de impugnación de acuerdos de  fecha 20 de abril de 2015.  Correo electrónico enviado a bancos y proveedores de la sociedad, desde la  dirección < C.C.C.>, el 23 de septiembre de 2015. Como destinat"
E-03594-2016,2016,https://www.aepd.es/documento/E-03594-2016.pdf,https://web.archive.org/web/20240616232056id_/https://www.aepd.es/documento/E-03594-2016.pdf,"1/6 Expediente Nº: E/03594/2016 RESOLUCIÓN DE ARCHIVO DE ACTUACIONES De las actuaciones practicadas por la Agencia Española de Protección de Datos  ante el AYUNTAMIENTO DE BRION - ESCUELA DE MÚSICA XXXX, y la CONSEJERIA  DE CULTURA, EDUCACION Y ORDENACION UNIVERSITARIA - CEIP DE ##### en  virtud de denuncia presentada por Don  A.A.A., y teniendo como base los siguientes HECHOS PRIMERO: Con fecha 10 de junio de 2016, tuvo entrada en esta Agencia escrito  remitido por Don  A.A.A., en el que manifiesta lo siguiente: Que fotografías del hijo del denunciante, menor de edad, han sido publicadas en  las páginas webs del Centro Escolar CEIP de ##### y de la ESCUELA DE MUSICA  MUNICIPAL XXXX.  El denunciante contactó con el Centro Escolar, el cual le muestra una  autorización para la utilización de imágenes firmada por una tercera persona que no es  tutor del menor.  Y, entre otra, anexa la siguiente documentación:  Sentencia del Juzgado de primera Instancia número 2 de Ferrol donde se refleja  que la patria potestad del menor es compartida por ambos progenitores y la  guardia y custodia se atribuye a la madre.   Documento “permiso de utilización de imágenes de menores” cumplimentado y  firmado en fecha 25 de julio de 2015.  Imágenes capturadas de la web del CEIP DE #####   Impresión de pantalla de la web de la ESCUELA DE MUSICA XXXX. En escrito posterior, previo requerimiento de la Inspección de Datos, el  denunciante aporta la siguiente documentación:  Accesos realizados a las direcciones http://www.edu.xunta.gal..........1   y  http://www.edu.xunta.gal..........2 en fecha 22 de julio de 2016 en las que figuran  imágenes del menor.   Imagen capturada de la ESCUELA DE MUSICA XXXX en fecha 20 de febrero de  2016 donde consta la imagen del menor.  En fecha 22 de julio de 2016 el denunciante no obtiene constancia de la  publicación de imágenes del menor en la web de la ESCUELA DE MUSICA XXXX.  El denunciante manifiesta haber tenido conocimiento de los hechos en fecha 3  de mayo de 2016 y aporta imágenes de febrero publicadas en web de la ESCUELA DE  MUSICA XXXX.  SEGUNDO: Tras la recepción de la denuncia la Subdirección General de Inspección de  Datos procedió a la realización de  actuaciones previas de investigación para el  esclarecimiento de los hechos denunciados, teniendo conocimiento de los siguientes  C/ Jorge Juan, 6 www.agpd.es 28001 – Madrid sedeagpd.gob.es 2/6 extremos: 1. Con fecha 14 de julio de 2016, desde la Inspección de Datos se realiza una  consulta   a   la   dirección  http://www.edu.xunta.gal..........1  xxxxxxxxxxxxxxxxxxxxxxxxxxxxxxxxxxxxx. 2. Con fecha 18 de abril de 2017, desde la Inspección de Datos se accede a las  direcciones http://www.edu.xunta.gal..........1  y http://www.edu.xunta.gal..........2  sin obtener ningún resultado. En esta misma fecha se accede a la web de la ESCUELA DE MUSICA XXXX sin  obtener constancia de la publicación de la imagen del menor. Con fecha 14 de julio de 2016 se requirió información al CEIP d"
REPOSICION-PS-00155-2016,2016,https://www.aepd.es/es/documento/REPOSICION-PS-00155-2016.pdf,https://web.archive.org/web/20220121021853id_/https://www.aepd.es/es/documento/REPOSICION-PS-00155-2016.pdf,"1/5 ....Procedimiento nº.:  PS/00155/2016 ASUNTO: Recurso de Reposición Nº RR/00790/2016 Examinado el recurso de reposición interpuesto por D.  B.B.B. contra la resolución dictada por la Directora de la Agencia Española de Protección de Datos en el procedimiento sancionador, PS/00155/2016, y en base a los siguientes, HECHOS PRIMERO: Con fecha 30 de septiembre de 2016, se dictó resolución por la Directora de la Agencia Española de Protección de Datos en el procedimiento sancionador, PS/00155/2016, en virtud de la cual se imponía a la entidad COLEGIO BRITÁNICO DE SEVILLA, S.L. una sanción de 900 € (....), por la vulneración de lo dispuesto en el artículo 6 de la Ley Orgánica 15/1999, de 13 de diciembre, de Protección de Datos de Carácter Personal (en lo sucesivo LOPD), infracción tipificada como grave en el artículo 44.3.b), de conformidad con lo establecido en el artículo 45.1, 2, 4 y 5 de la citada Ley Orgánica. Dicha resolución, que fue notificada al recurrente en fecha 07/10/2016, fue dictada previa la tramitación del correspondiente procedimiento sancionador, de conformidad con lo dispuesto en el artículo 127 del reglamento de desarrollo de la LOPD aprobado por el Real Decreto 1720/2007, de 21 de diciembre. SEGUNDO: Como hechos probados del citado procedimiento sancionador, PS/00155/2016, quedó constancia de los siguientes: <<PRIMERO: Con fecha 30 de octubre de 2013, Don  B.B.B., denunció al Colegio Británico de Sevilla por la recogida, tratamiento y el ilegítimo uso de la imagen (fotografías) de sus hijas menores sin mediar su consentimiento inequívoco en calidad de padre (tampoco de la madre) ni información previa de la finalidad de la recogida de éstas ni de su divulgación en folletos comerciales y carteles publicitarios, así como en diferentes web tanto del colegio como ajenas al mismo, e incluso mediante la incorporación en formato vídeo a través de youtube.  SEGUNDO: Como consecuencia de la denuncia, el Director de la Agencia Española de Protección de Datos acordó someter a la entidad COLEGIO BRITANICO DE SEVILLA a trámite de audiencia previa el presente procedimiento de apercibimiento A/00148/2014, en relación con la denuncia por infracción de los artículos 6 y 10 de la LOPD. El procedimiento finalizó con apercibimiento al COLEGIO BRITANICO DE SEVILLA, por la infracción del artículo 6 de la Ley Orgánica 15/1999, de 13 de diciembre, de Protección de los Datos de Carácter Personal (en lo sucesivo LOPD), requiriéndole que retirase las fotografías de las menores hijas del denunciante. (Folios 61 a 71) TERCERO: Con fecha 7 de noviembre de 2014, se archivaron las actuaciones iniciadas para realizar el seguimiento del requerimiento efectuado, al recibirse un escrito del Colegio Británico de Sevilla en el que se indicaba que habían llevado a C/ Jorge Juan, 6 www.agpd.es 28001 – Madrid sedeagpd.gob.es 2/5 cabo todas las medidas necesarias para la eliminación de las fotografías de su página web y de las de terceros. (Folios 58 a 60). CUARTO: Con "
a-00027-2016,2016,https://www.aepd.es/documento/a-00027-2016.pdf,https://web.archive.org/web/20251114214650id_/https://www.aepd.es/documento/a-00027-2016.pdf,"1/8 Procedimiento Nº: A/00027/2016 RESOLUCIÓN: R/00878/2016 En el procedimiento A/00027/2016, instruido por la Agencia Española de Protección de  Datos frente a D. A.A.A., vista la denuncia presentada por la DIRECCIÓN GENERAL  DE LA GUARDIA CIVIL y en virtud de los siguientes HECHOS PRIMERO: Con fecha 24 de marzo de 2015 tiene entrada en esta Agencia escrito de la  DIRECCIÓN GENERAL DE LA GUARDIA CIVIL (en lo sucesivo el denunciante) en el  que se comunica una posible infracción a la LOPD, motivada por la instalación de  videocámaras en la vivienda situada en el POLÍGONO ** - PARCELAS ****1 y ****2 -  (C/....1) - (Lleida) y cuyos titulares son D. A.A.A. y Dª C.C.C. (en adelante el  denunciado). La Dirección General de la Guardia Civil recibió una denuncia realizada por parte de D.  B.B.B., en relación con la vivienda denunciada. La Guardia Civil ha aportado copia de  esta denuncia en la que se dice lo siguiente:  Los denunciados ocupan la parcela y casa situada  en (C/....1) (POLIGONO 21).  El camino que da acceso a la vivienda de los  denunciados y al resto de propiedades, entre las  cuales se encuentra la propiedad del denunciante,  es un camino público tal y como se recoge en el  Catastro.   Los denunciados han instalado una cámara de  videovigilancia en la fachada exterior de la vivienda,  cuya grabación alcanza a la propiedad del  denunciante y al camino vecinal que discurre junto  a su propiedad, grabando imágenes de terceros.   La Guardia Civil remite certificado donde se indica que en fecha 27 de febrero de 2015  se personaron en las PARCELAS ****1 Y ****2- POLIGONO 21 - (C/....1) – LLEIDA con  objeto de realizar una Inspección Técnico Ocular, aportando el siguiente reportaje  fotográfico:  Fotografía núm.1 – Realizada al camino y accesos a la vivienda  ubicada en el (C/....1), propiedad de los denunciados.  Fotografía núm.2- Placa identificativa de zona de video vigilancia.  Fotografía núm.3- Fachada frontal de la vivienda y en una esquina se  ubican dos cámaras de videovigilancia, de las cuales una de ellas se  halla enfocada a la entrada del camino y otra a la escalera ubicada al  fondo por donde se accede a la vivienda.  Fotografía núm.4- Fachada lateral izquierda de la vivienda y al fondo  C/ Jorge Juan, 6 www.agpd.es 28001 – Madrid sedeagpd.gob.es 2/8 una escalera por donde se accede al interior de la misma.  La denuncia contiene también copia del documento de “Diligencia de Gestiones  Practicadas”, en el que se recoge que en fecha 17 de marzo de 2015 se personaron  componentes de la Guardia Civil en la vivienda denunciada y obtuvieron la siguiente  información de los responsables del sistema:  Los propietarios comunican que han realizado  gestiones con el instalador y que les comunicó que  no hace falta ninguna autorización para instalación  puesto que el camino es de propiedad privada y que  el denunciante tiene otro camino para acceder a su  propiedad.   Puestos en contacto con el instalador por medio  telefónico, ratifi"
a-00132-2016,2016,https://www.aepd.es/documento/a-00132-2016.pdf,https://web.archive.org/web/20251113161037id_/https://www.aepd.es/documento/a-00132-2016.pdf,"1/17 Procedimiento Nº: A/00132/2016 RESOLUCIÓN: R/02543/2016 En el procedimiento A/00132/2016, instruido por la Agencia Española de  Protección de Datos a  ACTIN ASSOCIATION, vista la denuncia presentada por Don  A.A.A. y en virtud de los siguientes, ANTECEDENTES PRIMERO    :  Con fecha de 18 de agosto de 2015 tiene entrada en esta Agencia un escrito  de Don   A.A.A., en adelante el denunciante, en el que manifiesta que ANIMAL CARE  TREATMENT INTERNATION NETWORK : 1. El sitio web www.actin-spain.com  utiliza   dispositivos de almacenamiento y  recuperación de datos, en adelante DARD   sin informar  al respecto.  2. Además recaba datos personales, como correo electrónico, nombre teléfono sin  solicitar el consentimiento y sin que figure en ningún apartado de la página web la  existencia de un fichero inscrito en el Registro General de Protección de Datos, el  uso que se va a dar a estos datos o las de medidas de seguridad que aplican. El escrito adjunta captura de pantalla del formulario de contacto del sitio web. SEGUNDO: A la vista de los hechos denunciados, en fase de actuaciones previas, por  los Servicios de Inspección de esta Agencia se tiene conocimiento de los  siguientes  hechos:  1. El dominio actin-spain.com está registrado a través de un servicio de privacidad  prestado por una sociedad con sede en Londres que oculta la identidad del titular  real del dominio. 2. El sitio web alojado en el dominio actin-spain.com contiene información sobre  ANIMAL CARE TREATMENT INTERNATION NETWORK la rama española de una  asociación internacional cuyo objetivo principal es la lucha contra el maltrato animal,  en adelante ACTIN ASSOCIATION o denunciada. 3. Se accede al sitio web los días 23 de septiembre, 4 y 6 de noviembre de 2015  comprobándose que: El sitio web dispone de una página de contacto que contiene un formulario de  contacto en el que se recaban nombre, dirección de correo electrónico y mensajes  como datos obligatorios y el teléfono como dato opcional. La misma página dispone de otro formulario que permite suscribirse al boletín de  la entidad y que únicamente recaba la dirección de correo electrónico. La página de contacto identifica al responsable como “Animal Care Treatment  International Network - G*****” y proporciona un domicilio postal. La dirección de  correo electrónico se muestra en la cabecera  de todas las páginas del sitio web.  En la página principal no se encuentra ninguna información en relación a los  DARD utilizados. C/ Jorge Juan, 6 www.agpd.es 28001 – Madrid sedeagpd.gob.es 2/17 En el pie de la página principal constan dos enlaces, uno que dirige   a los  términos y condiciones del sitio y otro a su política de privacidad.  La página de política de privacidad y la de condiciones del servicio se  encuentran únicamente en lengua inglesa. No se ha observado en las visitas  realizadas que el botón con  el texto “TRANSLATE” funcione.  La página de política de privacidad informa sobre el tratamiento de datos  personales in"
a-00242-2016,2016,https://www.aepd.es/documento/a-00242-2016.pdf,https://web.archive.org/web/20251126030409id_/https://www.aepd.es/documento/a-00242-2016.pdf,"1/9 Procedimiento Nº: A/00242/2016 RESOLUCIÓN: R/02863/2016 En el procedimiento A/00242/2016, instruido por la Agencia Española de  Protección de Datos a D.  C.C.C., vista la denuncia presentada por Dña.  D.D.D. y en  virtud de los siguientes, ANTECEDENTES PRIMERO: En fecha 16 de noviembre de 2015 tiene entrada en la Agencia un escrito de  doña  D.D.D. (en lo sucesivo la denunciante) en el que denuncia a don  C.C.C. (en lo  sucesivo el denunciado) por publicar en internet las fotografías de sus hijos menores de  edad.  En fecha 20 de noviembre se solicita a la denunciante que aporte documentación  adicional, en particular, los documentos que puedan acreditar la relación establecida con  el denunciado para la prestación de servicios profesionales. Se solicita asimismo que  especifique las iniciativas llevadas a cabo para lograr la cancelación de las fotografías  en internet, incluyendo las solicitudes dirigidas al denunciado o a las plataformas donde  se publican las fotos (Facebook, YouTube, 500pix).  En fecha 1 de febrero de 2016, no habiéndose recibido contestación a la solicitud  de la Inspección, por la Directora de la Agencia se acuerda el archivo de las actuaciones  con referencia E/07260/2016. SEGUNDO: En fecha 19 de abril de 2016 tiene entrada en la Agencia un nuevo escrito  de la afectada en el que manifiesta haber solicitado al denunciado, a través de su  abogada, la retirada de las fotografías mediante burofax de 29 de marzo, del que  acompaña copia. En este documento se indica: “En cierta ocasión y en tanto que Vd. se  dedica profesionalmente y de manera ocasional a la fotografía, realizó un reportaje  fotográfico a los dos hijos menores de mis clientes. Este reportaje fue un encargo de mis  clientes y pertenece única y exclusivamente a estos y por ello su difusión pública queda  totalmente desautorizada por mis representados”.  Adjunta asimismo copia de la contestación recibida, fechada el 31 de marzo, en  la que el fotógrafo expone que realizó las fotografías “con el debido consentimiento  paterno y dada la relación amistosa que antes nos unía”. En el escrito afirma que “a  fecha 30 de marzo de 2016 he retirado todas las fotografías de sus hijos de mis  diferentes páginas web, sin tener intención alguna de volver a publicarlas para continuar  con su divulgación ni promoción”.  La denunciante aporta copia impresa de varias fotografías que, según expone,  siguen publicadas en las plataformas Flickr y YouTube. En fecha 25 de abril de 2016 por la Inspección de Datos se verifica que algunas  de las fotografías referidas siguen accesibles en Flickr, en el perfil “ B.B.B.”. En fecha 1  C/ Jorge Juan, 6 www.agpd.es 28001 – Madrid sedeagpd.gob.es 2/9 de junio por la Inspección de Datos se verifica que otras fotografías son accesibles a  través de un video publicado en YouTube, en la cuenta “ A.A.A.”. TERCERO: Con fecha 22 de junio de 2016, la Directora de la Agencia Española de  Protección de Datos acordó someter a trámite de audiencia previ"
a-00370-2016,2016,https://www.aepd.es/documento/a-00370-2016.pdf,https://web.archive.org/web/20251113162037id_/https://www.aepd.es/documento/a-00370-2016.pdf,"1/11 Procedimiento Nº: A/00370/2016 RESOLUCIÓN: R/00882/2017 En el procedimiento A/00370/2016, instruido por la Agencia Española de Protección de  Datos a la entidad SIBARUM SITGES, S.L., vista la denuncia presentada por PATRICIA  CUPCAKES & PATISSERIE, S.L., y en virtud de los siguientes, ANTECEDENTES PRIMERO    :  Con fecha de 23 de mayo de 2016 tiene entrada en esta Agencia un escrito de  PATRICIA CUPCAKES & PATISSERIE SL, en adelante la denunciante, en el que en relación con  el sitio web www.sibarum.com, manifiesta que:  No hay información sobre la utilización de Dispositivos de Almacenamiento o  Recuperación de Datos  Se recogen datos de carácter personal pero no se proporciona la información prevista en  el artículo 5 de la LOPD.  Se recogen datos de carácter personal pero no hay ficheros inscritos en el Registro  General de Protección de Datos. Y anexa la siguiente documentación:  Capturas de pantalla de la navegación por el sitio web denunciado que evidencian la  recogida de datos de carácter personal. SEGUNDO: A la vista de los hechos denunciados, en fase de actuaciones previas, por los  Servicios de Inspección de esta Agencia se tiene conocimiento de los  siguientes hechos:   1. Con fecha 30 de mayo de 2016, se constata que el sitio web denunciado pertenece a  SIBARUM SITGES, S.L. (en lo sucesivo SIBARUM). 2. En la misma fecha se constata que no existen ficheros registrados en el RGPD a nombre  de la entidad denunciada. 3. En la misma fecha se constata que el sitio web denunciado recoge datos de carácter  personal. Los datos son: a. Nombre b. Correo electrónico c. Teléfono 4. Se constata que no existe política de privacidad. 5. En la misma fecha se constata la venta de productos/promoción de servicios/anuncios. 6. En la misma fecha se constata que el sitio web denunciado utiliza DARD con las  siguientes finalidades:  Analítica web de tercera parte 7. En la misma fecha se constata que el sitio web denunciado no incluye ninguna  información relativa a la utilización de DARD y no incluye un enlace que haga referencia a  C/ Jorge Juan, 6 www.agpd.es 28001 – Madrid sedeagpd.gob.es 2/11 la política de cookies. TERCERO: Con fecha 21/11/2016, la Directora de la Agencia Española de Protección de Datos  acordó someter a la entidad SIBARUM a trámite de audiencia previa, en relación con la denuncia  por infracción de los artículos 5 y 26 de la Ley Orgánica 15/1999, de 13 de diciembre, de  Protección de Datos de Carácter Personal (en lo sucesivo LOPD), tipificadas como leves en los  artículos 44.2.c) y 44.2.b), respectivamente, de la citada Ley Orgánica; y artículo 22.2 de la  34/2002, de 11 de julio, de Servicios de la Sociedad de la Información y Comercio Electrónico (en  lo sucesivo LSSI), tipificada como leve en el artículo 38.4.g) de la mencionada Ley. CUAR    TO:     Con fecha 09/12/2016 se recibe en esta Agencia escrito de la denunciada en el que  comunica que ha procedido a informar a través de la web sobre la utilización de cookies. E"
a-00413-2016,2016,https://www.aepd.es/documento/a-00413-2016.pdf,https://web.archive.org/web/20251113163925id_/https://www.aepd.es/documento/a-00413-2016.pdf,"1/9 Procedimiento Nº: A/00413/2016 RESOLUCIÓN: R/00854/2017 En el procedimiento A/00413/2016, instruido por la Agencia Española de  Protección de Datos a la entidad AUTOESCUELA KARSA, S.L. (AUTOESCUELA  MARVIC), vista la denuncia presentada por Dª.  A.A.A. y en virtud de los siguientes, ANTECEDENTES PRIMERO: Con fecha de 16 de diciembre de 2015 tiene entrada en esta Agencia un  escrito de Dª.  A.A.A. en el que declara: <<Recibo en mi domicilio carta remitida por ""Euroejecutiva del Sur"", empresa  domiciliada en la (C/...1) (MADRID) con teléfono  C.C.C., requiriéndome por error el  pago de una deuda con su cliente la AUTOESCUELA MARVIC. No habiendo tenido  jamás relación comercial alguna con ninguna de las dos empresas mencionadas quiero  denunciar que obren en su poder datos de carácter personal como es mi domicilio>>. Aporta copia de un escrito de requerimiento de deuda en que se observa que  aparece el nombre completo de la denunciante, así como su dirección postal, incluyendo  el piso y puerta. SEGUNDO: A la vista de los hechos denunciados, en fase de actuaciones previas, por  los Servicios de Inspección de Datos de esta Agencia se realizó la investigación ante las  entidades más abajo detalladas.  De esta manera, en el informe de actuaciones de investigación E/01238/2016 se  detalla lo siguiente:  1. <<De la información y documentación aportada por EUROEJECUTIVA se  desprende: a. Manifiesta la entidad que en fecha 17 de noviembre de 2015 se  firmó un contrato de prestación de servicios entre la entidad y  MARVIC. Aporta la entidad copia de dicho contrato en donde consta, en el que no se  encuentra ninguna previsión en que se regule la cesión de datos ni que constituya a  EUROEJECUTIVA como encargada del trabamiento en nombre de MARVIC. En el  contrato aparece: <<PRIMERA.- EL CLIENTE encomienda y encarga a la ENTIDAD DE COBRO,  todas y cada una de las gestiones necesarias para la localización y cobro de los  importes adeudados al primero por las personas y/o entidades que se identifican en  ANEXO aparte a este documento junto con los importes debidos. EL CLIENTE, hace entrega en este acto a la ENTIDAD DE COBRO, de  C/ Jorge Juan, 6 www.agpd.es 28001 – Madrid sedeagpd.gob.es 2/9 fotocopias de la documentación original tras su cotejo con esta acreditativa de la deuda  a reclamar a cada uno de los deudores.>> Ha sido solicitada a la entidad copia de la información recibida del acreedor  referente a la deudora, aportando únicamente una lista de los nombres de los deudores  de MARVIC así del importe adeudado, no apareciendo DNI ni dirección postal que  identifique unívocamente al deudor, apareciendo entre los deudores figura una persona  homónima de la denunciante. Aunque, según el contrato, el acreedor ha proporcionado  a EUROEJECUTIVA copia de la documentación original acreditativa de la deuda, dicha  documentación no ha sido aportada a esta Agencia.  b. El trabajador de EUROEJECUTIVA que gestionó el expediente de  cobro, el cual a día de hoy ya n"
a5-00001-2016,2016,https://www.aepd.es/documento/a5-00001-2016.pdf,https://web.archive.org/web/20251113171226id_/https://www.aepd.es/documento/a5-00001-2016.pdf,"1/15 Procedimiento Nº A5/00001/2016 RESOLUCIÓN: R/02396/2016 Con fecha 11/04/2016, tuvo entrada una solicitud de la DIRECCIÓN GENERAL  DE EDUCACIÓN Y COLECTIVOS SOCIALES (CONSEJERÍA DE EDUCACIÓN,  JUVENTUD Y DEPORTES DE LA CIUDAD ANOTÓNOMA DE MELILLA), en la que  solicita la exención del deber de información a los afectados contenido en el artículo 5.5  de la Ley Orgánica 15/1999, de 13/12, de Protección de Datos de Carácter Personal (en  lo sucesivo LOPD). ANTECEDENTES PRIMERO: La solicitud presentada solicita la exención del deber de informar a los  afectados en relación con la convocatoria de ayuda para libros de texto, material y  transporte escolar para ESO curso 2015/2016, (BOME 6/10/2015). Detalla que se han  incorporado datos personales de personas del entorno familiar de los solicitantes  para los que solicita “la exención del deber de informar a que se refiere el artículo 5.4 de  la LOPD”, indicando a continuación que dichos datos se han obtenido sin el  consentimiento de los afectados, y que el número de las  solicitudes recibidas  asciende  a 3.260.       Manifiesta  que los datos de los miembros del entorno familiar que figuran en las  solicitudes pueden ser DNI, domicilio, situación de empadronamiento, información fiscal,  estado civil, parentesco de personas del entorno familiar. Como medida compensatoria propone la publicación de una clausula informativa  A.A.A. y en la página institucional de la ciudad.            El contenido de la cláusula propuesta es: “De conformidad con el artículo 5.1 de la LOPD, se informa: Que en el fichero de  la CONVOCATORIA DE AYUDAS DE LA CIUDAD  AUTONOMA DE MELILLA PARA LIBROS DE TEXTO MATERIAL Y TRANPORTE  ESCOLAR PARA ESO  correspondiente a la convocatoria para el curso 2015/2016,  publicada  A.A.A. 5275, de 6/10/ 2015, se han incorporado datos personales de las  personas del entorno familiar de los solicitantes referentes a la titularidad del DNI o  tarjeta de residencia, domicilio, situación de empadronamiento, información fiscal,  estado civil, de parentesco o convivencia. Que los titulares de tales datos personales incorporados pueden ejercitar  sus derechos de acceso, cancelación y oposición ante el responsable del fichero. Que el responsable del fichero es la Dirección General de Educación y  Colectivos Sociales de la Ciudad Autónoma de Melilla, sita en Melilla, (C/....1). C/ Jorge Juan, 6 www.agpd.es 28001 – Madrid sedeagpd.gob.es 2/15 En consideración a lo expuesto, se solicita la exención del deber de  informar a que se refiere el artículo 5.4 de la LOPD en los términos anteriormente  expuestos.”                Si bien se refiere  al 5.4 de la LOPD habría que entender al 5.5 que es  el que  indica la actuación de la AEPD.  SEGUNDO: Junto a la solicitud aporta: 1)   Copia del BOME de 6/10/2015,  que recoge la aprobación de las bases de la  convocatoria de ayudas referida. Se destaca: a) Objeto: Concesión de ayudas destinadas a cubrir la adquisición de libros de texto y  demás material escol"
a5-00002-2016,2016,https://www.aepd.es/documento/a5-00002-2016.pdf,https://web.archive.org/web/20251113175027id_/https://www.aepd.es/documento/a5-00002-2016.pdf,"1/12 Procedimiento Nº A5/00002/2016 RESOLUCIÓN: R/00211/2017 PROCEDIMIENTO DEL ARTÍCULO 5.5 DE LA LOPD Con fecha 9/08/2016, tuvo entrada una solicitud de HLA LAVINIA SALUD SL,  para la autorización de la exención del deber de información contenido en el artículo 5.5  de la Ley Orgánica 15/1999, de 13/12, de Protección de Datos de Carácter Personal (en  lo sucesivo LOPD). ANTECEDENTES PRIMERO: Con fecha 9/08/2015, se presenta un escrito por  B.B.B. (en procedimiento  anterior, A5/0002/2015, figuraba como Secretario del Consejo de Administración de  INMO ASISA SL),  manifestando: a) El GRUPO ASISA formado por un conjunto de Sociedades, son titulares de 14  clínicas y Hospitales distribuidos por España que enumera en el ANEXO 1. Hasta el  pasado mes de noviembre 2015, todas eran titularidad al 100% de la mercantil  ASISA ASISTENCIA SANITARIA INTERPORVINCIAL DE SEGUROS SAU,  habiéndose llevado a cabo desde entonces un proceso de reestructuración  societaria  que incluía la modificación de su socio único que ha pasado a ser HLA  LAVINIA SALUD SLU. Este cambio ha supuesto cambios de denominación social  de algunos Centros y Hospitales y en otros casos escisiones, algunos de los cuales  aún no se han llevado a cabo pues el proceso se desarrollará paulatinamente.  Asimismo cada una de tales Sociedades tenía a su cargo tanto la gestión de la  parte asistencial como de la parte inmobiliaria de los Centros referidos.  En tal sentido,  INMO ASISA SLU creada ex profeso para la gestión de parte inmobiliaria, pasó a asumir  la titularidad de la gestión de esa parte en  Clínicas y Hospitales. Manifiestan que el  23/02/2016, la AEPD autorizó la exoneración de informar a los interesados del cambio  de titularidad de la gestión de la parte inmobiliaria de los Centros a los efectos del 5.5 de  la LOPD en el expediente A5/0002/2015. En el procedimiento resuelto por la AEPD  A5/00002/2015 Manifiesta que se dan las mismas o similares circunstancias de las  contempladas en la exención otorgada a INMO ASISA  A partir de noviembre 2015 comenzó a llevarse un proceso de reestructuración  societaria, habiéndose procedido a constituir un holding de Sociedades, de modo que  cada una de las anteriores ha sido escindida, o en su caso ha modificado su  denominación social. En las entidades a que se refiere su escrito indica que  se ha  modificado su socio único, el cual ha pasado de ser ASISA ASISTENCIA  SANITARIA INTERPROVINCIAL DE SEGUROS SAU a HLA LAVINIA SALUD SLU.  Precisa que hasta el día de la fecha se ha completado la escisión     de 3 de las      Sociedades que se relacionan:  1.CLÍNICA NTRA. SRA. DEL ROSARIO, EN ALBACETE, SAU  por nuevo  titular  CLÍNICA NTRA. SRA. DEL ROSARIO, EN ALBACETE, GRUPO  C/ Jorge Juan, 6 www.agpd.es 28001 – Madrid sedeagpd.gob.es 2/12 HLA SLU. 2.CLÍNICA MATERNAL NTRA. SRA. DE BELÉN SAU,  EN MURCIA,  por  nuevo titular  CLÍNICA BELÉN GRUPO HLS SLU. 3.y CLÍNICA LOS NARANJOS DE HUELVA SAU, por CLÍNICA LOS  NARANJOS GRUPO HLA SLU. Enumera otras 7 "
aapp-00013-2016,2016,https://www.aepd.es/es/documento/aapp-00013-2016.pdf,https://web.archive.org/web/20220307211713id_/https://www.aepd.es/es/documento/aapp-00013-2016.pdf,"1/17 Procedimiento Nº AP/00013/2016 RESOLUCIÓN: R/02647/2016 En el procedimiento de Declaración de Infracción de Administraciones Públicas  AP/00013/2016, instruido por la Agencia Española de Protección de Datos a la  CONSEJERÍA DE SANIDAD DE LA JUNTA DE CASTILLA Y LEÓN, SACYL, constan  los siguientes, ANTECEDENTES PRIMERO: Con fecha de 22/01/2016 la Directora de la Agencia Española de Protección  de Datos insta a la Subdirección General de Protección de Datos que inicie de oficio  actuaciones previas de investigación encaminadas a acreditar la veracidad de las  noticias publicadas en prensa referentes a la pérdida de imágenes médicas radiológicas  en el Complejo Asistencial de Ávila, Hospital Ntra. Sra. de Sonsoles, en Avda. Juan  Carlos I, s/n de Ávila. SEGUNDO: Tras la recepción de la denuncia la Subdirección General de Inspección de  Datos procedió a la realización de  actuaciones previas de investigación para el  esclarecimiento de los hechos denunciados, teniendo conocimiento de los siguientes  extremos: A) Con fecha 3/02/2016 se lleva a cabo visita de Inspección por la Agencia  Española de Protección de Datos, al Complejo Asistencial de Ávila,  Hospital Nuestra Señora de Sonsoles. Los representantes del Complejo  Asistencial de Ávila y de la Gerencia Regional de Salud de la Consejería  de Salud de Castilla-León han realizado las siguientes manifestaciones: 1. El fichero que contiene imágenes médicas está declarado en el Registro General de  Protección de Datos constando como responsable del mismo el Complejo  Asistencial de Ávila, siendo el encargado del tratamiento la Gerencia Regional de  Salud que depende de la Consejería de Salud. En la práctica todas las instrucciones y decisiones sobre los tratamientos que se  realizan sobre este fichero, así como los medios informáticos provienen de la  Gerencia Regional de Salud. A pesar de las manifestaciones anteriores se ha constatado que, en el  DOCUMENTO DE SEGURIDAD correspondiente al fichero de imágenes médicas,  se especifica que el responsable del fichero es el DIRECTOR GERENTE DEL  COMPLEJO ASISTENCIAL DE ÁVILA y el encargado del tratamiento es el  Responsable de los Sistemas de Información del Complejo Asistencial de Ávila. Se  aporta copia parcial de “documento de seguridad” del Complejo Asistencial,  pagina  6 epígrafe 6 y 7 en documento 6. 2. La Gerencia Regional de Salud ha iniciado hace dos años un proyecto para la  migración de todo el sistema de información, pasando de un modelo distribuido, en  el que cada hospital tiene su propio sistema, a un modelo centralizado en grandes  C/ Jorge Juan, 6 www.agpd.es 28001 – Madrid sedeagpd.gob.es 2/17 Centros de Proceso de Datos ubicados en Valladolid y León. Hasta la fecha se ha migrado con éxito las aplicaciones de personal, anticoagulados  y anatomía patológica. 3. Las imágenes clínicas están en proceso de migración pero debido al gran volumen  de información que suponen se está realizando por fases. En la actualidad reside en los sistema"
aapp-00014-2016,2016,https://www.aepd.es/documento/aapp-00014-2016.pdf,https://web.archive.org/web/20251113170623id_/https://www.aepd.es/documento/aapp-00014-2016.pdf,"1/4 Procedimiento Nº AP/00014/2016 RESOLUCIÓN: R/02440/2016  En el procedimiento de Declaración de Infracción de Administraciones Públicas AP/00014/2016,  instruido por la Agencia Española de Protección de Datos a la entidad  CONCELLO DE A  CORUÑA, y en base a los siguientes HECHOS PRIMERO: Que en base a lo resuelto en el expediente E/07500/14, tramitado en esta Agencia,  se acordó remitir requerimiento al  CONCELLO DE A CORUÑA para que procediera a inscribir  un nuevo fichero independiente relativo a “videovigilancia en la vía pública ante posibles  incidencias en materia de seguridad ciudadana en determinados eventos puntuales SEGUNDO: Con objeto de constatar el cumplimiento de lo requerido, Se efectuaron dos  requerimientos notificados con fechas 20/11/15 y 28/12/15 acordados en el marco del expediente  E/07500/14 no constando contestación a los mismos. TERCERO: Con fecha 01/04/10 la Directora de la Agencia Española de Protección de Datos  acordó iniciar procedimiento de Declaración de Infracción de Administraciones Públicas a  CONCELLO DE A CORUÑA con por la presunta infracción del artículo 20  de la LOPD, tipificada  como grave en el artículo  44.3.A  de la citada Ley Orgánica. CUARTO: Consta certificado del Servicio de Correos acreditando la entrega de dicho Acuerdo en  la dirección del  CONCELLO DE A CORUÑA con fecha 8/4/16  QUINTO:      Transcurrido el plazo concedido para alegaciones sin que se hayan recibido las  mismas, se procede a elevar el procedimiento a la Directora de la Agencia Española de  Protección de Datos a los efectos de dictar resolución al respecto, dado que en la notificación del  acuerdo de apertura del procedimiento se informaba que, en caso de no realizar alegaciones  contra dicho acuerdo, se entenderá el mismo como propuesta de resolución en virtud de lo  previsto en el  artículo 13 del Real Decreto 1398/1993, de 4 de agosto, por el que se aprueba el  Reglamento del procedimiento para el ejercicio de la potestad sancionadora. HECHOS PROBADOS 1º Consta el expediente E/07500/14, tramitado en esta Agencia, por el que se acordó remitir  requerimiento al  CONCELLO DE A CORUÑA para que procediera a inscribir un nuevo fichero  independiente relativo a “videovigilancia en la vía pública ante posibles incidencias en materia de  seguridad ciudadana en determinados eventos puntuales 2º Que con objeto de constatar el cumplimiento de lo requerido, por el Director de la Agencia  Española de Protección de Datos se inició un Expediente de Actuaciones Previas de  Investigación  3º Que dentro el expediente de actuaciones previas, consta que no se habían acreditado el  cumplimiento de las medidas requeridas. 4º Consta notificado el acuerdo de inicio del expediente sancionador con fecha 8/4/16.  5º: No han efectuado alegaciones al acuerdo de inicio del procedimiento de  Declaración de  Infracción de Administraciones Públicas por parte de  CONCELLO DE A CORUÑA. C/ Jorge Juan, 6 www.agpd.es 28001 – Madrid sedeagpd.gob.es 2/4 FUNDAMENTOS "
aapp-00016-2016,2016,https://www.aepd.es/documento/aapp-00016-2016.pdf,https://web.archive.org/web/20251113163359id_/https://www.aepd.es/documento/aapp-00016-2016.pdf,"1/5 Procedimiento Nº AP/00016/2016 RESOLUCIÓN: R/01851/2016 En el procedimiento de Declaración de Infracción de Administraciones Públicas  AP/00016/2016, instruido por la Agencia Española de Protección de Datos al EXCMO.  AYUNTAMIENTO DE BELLREGUARD y en virtud de los siguientes, ANTECEDENTES PRIMERO: En la resolución recaída en el expediente E/01009/2015, se requirió al  Ayuntamiento de Bellreguard en orden a la necesidad de proceder a crear e inscribir en  el Registro General de Protección de Datos (en lo sucesivo RGPD) el fichero de  videovigilancia de Tráfico. SEGUNDO: A la vista de los hechos constatados, se pasó nota el RGPD, quien impulsó  nuevos requerimientos en relación con dicha exigencia:  - Con fecha 29 de abril de 2015, el Ayuntamiento contestó a los requerimientos del  Registro General señalando que no era necesaria la creación del fichero de  videovigilancia. - De vuelta a la Inspección de Datos, se incoó de oficio el nuevo expediente de  actuaciones previas E/04329/2015, volviendo a requerir al Ayuntamiento que,  con fecha 1 de julio de 2015, acusó recibo de dicho requerimiento sin responder  al mismo. TERCERO: En el Acuerdo de inicio del presente procedimiento se informó que, de la  información contenida en las actuaciones previas de investigación, y sin perjuicio de lo  que se derivase de la instrucción del presente procedimiento de Declaración de  Infracción de las Administraciones Públicas, se desprendía que el  Ayuntamiento de  Bellreguard, dispone de un sistema de vídeo vigilancia destinado al control de tráfico  que graba imágenes y sonido sin que hubiera inscrito el fichero en el Registro General  de Protección de Datos. CUARTO: Con fecha 5 de abril de 2016, la Directora de la Agencia Española de  Protección de Datos acordó iniciar procedimiento de declaración de infracción de  Administraciones Públicas al  Ayuntamiento de Bellreguard por la presunta infracción del  artículo 20  de la Ley Orgánica 15/1999, de 13 de diciembre, de Protección de Datos de  Carácter Personal (en lo sucesivo LOPD), tipificada como grave  en el   artículo 44.3.a)  de dicha norma. QUINTO: Notificado el citado acuerdo de inicio de procedimiento de declaración de  infracción de Administraciones Públicas, en fecha 3 de mayo de 2016, el Ayuntamiento  de Bellreguard presentó escrito de alegaciones en el que manifestaba su disconformidad  respecto a la apertura del presente procedimiento ya que manifiesta que cumplió el  requerimiento de la resolución, procediendo a realizar los trámites oportunos que notificó  a la AEPD con fecha 6 de julio de 2015, en base al requerimiento efectuado. C/ Jorge Juan, 6 www.agpd.es 28001 – Madrid sedeagpd.gob.es 2/5 Según alega,  los cambios requeridos se realizaron por Internet con la ayuda de un  técnico de la AEPD, que consistieron en dar de alta en el campo finalidad, modificando  el registro de ficheros, añadiendo al campo de control y vigilancia del tráfico urbano, el  concepto de vehículos, como consta en el requ"
aapp-00022-2016,2016,https://www.aepd.es/es/documento/aapp-00022-2016.pdf,https://web.archive.org/web/20220307210425id_/https://www.aepd.es/es/documento/aapp-00022-2016.pdf,"1/13 Procedimiento Nº AP/00022/2016 RESOLUCIÓN: R/02110/2016 En el procedimiento de Declaración de Infracción de Administraciones Públicas  AP/00022/2016, instruido por la Agencia Española de Protección de Datos a la entidad  SECRETARIA GENERAL DE INSTITUCIONES PENITENCIARIAS, vista la denuncia  presentada y en virtud de los siguientes, ANTECEDENTES PRIMERO: Con fecha 9/2/16 la Directora de la Agencia remite nota interior a la  Inspección de Datos, en la que hace constar que ante las noticias publicadas en prensa,  referentes a la existencia de cientos de documentos conteniendo datos personales de  reclusos, que se encuentran esparcidos por el suelo del Centro Penitenciario de XXXXX  (Huelva), cerrado en el año 2008 y que, en la actualidad, parece estar en estado ruinoso  siendo posible entrar en su interior sin ningún problema; por lo que se insta a la  Subdirección General de Inspección de Datos a que inicie de OFICIO Actuaciones  Previas de Investigación, tendentes a acreditar los hechos. SEGUNDO: Por parte del Subdirector General de Inspección de Datos, en base a dichas  informaciones se procedió a la apertura de actuaciones previas con referencia  E/689/2016. Con fecha 09/03/2016, se realiza visita de Inspección en los locales del  Ministerio del Interior- Secretaría General de Instituciones Penitenciarias, levantándose  Acta de Inspección E/689/2016-I/1 en la que se pone de manifiesto lo siguiente: <<<<< 1. Las inspectoras informan a los presentes de que su visita está relacionada con  los hechos ocurridos en el antiguo Centro Penitenciario de XXXXX (Huelva), donde al  parecer, según la noticia de prensa del Diario “Huelva Información” del día 9 de febrero  de 2016, existían cientos de documentos conteniendo datos personales de reclusos que  se encontraban esparcidos por el suelo del citado Centro, el cual lleva cerrado desde el  año 2008 y se encuentra en estado ruinoso, siendo posible, al parecer, la entrada a su  interior sin ningún problema. Así mismo, con fecha 18 de febrero el citado Diario publicó que con fecha 17 de febrero  la Policía había procedido a la retirada de todos los documentos. Las inspectoras  muestran a los presentes las portadas del citado Diario donde aparece la noticia 2. Los representantes de la SGIP realizan las siguientes manifestaciones en  contestación a las cuestiones planteadas por las inspectoras: 2.1 En el año 1996 se cierra el Centro Penitenciario para presos internos, quedando  sólo para presos en régimen abierto hasta el año 2008 en que se cierra definitivamente.  2.2 En el año 2010 el edificio pasa a depender de la Sociedad Estatal de  Infraestructuras y Equipamientos Penitenciarios (SIEPSA), empresa pública  dependiente del Ministerio de Economía y Hacienda, quedando desvinculado de la SGIP  con fecha 14 de julio de 2010. 2.3 Después de la aparición de la noticia en la Prensa,  se desplazan al Centro  C/ Jorge Juan, 6 www.agpd.es 28001 – Madrid sedeagpd.gob.es 2/13 Penitenciario un arquitecto y un Nota"
aapp-00038-2016,2016,https://www.aepd.es/es/documento/aapp-00038-2016.pdf,https://web.archive.org/web/20220307211046id_/https://www.aepd.es/es/documento/aapp-00038-2016.pdf,"1/8 Procedimiento Nº AP/00038/2016 RESOLUCIÓN: R/00238/2017 En el procedimiento de Declaración de Infracción de Administraciones Públicas  AP/00038/2016, instruido por la Agencia Española de Protección de Datos al  CONCELLO DE SAN SADURNIÑO, vista la denuncia presentada por Dña.  A.A.A. y en  virtud de los siguientes, ANTECEDENTES PRIMERO: Con fechas 10 de marzo y 5 de abril de 2016, tienen entrada en esta  Agencia escritos de  A.A.A. (en lo sucesivo la denunciante) comunicando que ha sido  conocedora de que el Ayuntamiento de San Sadurniño (A Coruña) (en lo sucesivo el  denunciado), ha accedido a datos catastrales de su titularidad y los ha cedido a un  tercero sin su consentimiento. Adjunta carta remitida al Ayuntamiento con fecha 2 de  marzo de 2016 y una copia de un listado donde consta el acceso. Con fecha 15 de abril de 2016, se recibe nuevamente escrito de la denunciante,  con el que adjunta una carta remitida por la Dirección General del Catastro, donde le  informan de que realizaran las gestiones oportunas para esclarecer lo ocurrido. Así mismo, con fecha 6 de mayo de 2016, se recibe otro escrito de la  denunciante con el que adjunta copia de un escrito suscrito por D.  B.B.B., y enviado al  Consejo de Defensa del Consumidor, en el que manifiesta haber tenido consentimiento  de un familiar de la denunciante para realizar el acceso a los datos del catastro, no  obstante la denunciante remitió escrito al Ayuntamiento con fecha 3 de mayo de 2016,  desmintiendo la citado información (adjunta copia del dicho escrito). SEGUNDO: A la vista de los hechos denunciados, en fase de actuaciones previas, por  los Servicios de Inspección de esta Agencia se solicita información al denunciado,  teniendo conocimiento de los siguientes hechos: a) Con fecha 13 de mayo de 2016, se recibe escrito del citado Ayuntamiento,  manifestando que el 6 de abril de 2016 tuvieron conocimiento de estos hechos por parte  del Gerente Regional del Catastro sobre el acceso realizado desde ese Ayuntamiento  con fecha 10 de diciembre de 2015. Se comprobó que el acceso había sido realizado, desde el Ayuntamiento por un  funcionario constando el motivo del acceso “consulta”. Una vez solicitada información al  mismo, éste aportó escrito donde manifiesta tener el consentimiento de una familiar de  la titular de la información. No obstante, el mismo no ha aportado ninguna autorización por escrito de la  titular ni de ningún familiar, por lo que se ha solicitado a la Gerencia Regional del  Catastro en Galicia, con fecha 2 de mayo de 2016, se retire de forma provisional las  C/ Jorge Juan, 6 www.agpd.es 28001 – Madrid sedeagpd.gob.es 2/8 habilitaciones de acceso a la información catastral, al citado funcionario. b) Con fecha 23 de junio de 2016, se recibe escrito de la Diputación de Coruña,  Servicio de Gestión Tributaria, manifestando que por resolución de fecha 13/05/2016, el  citado Ayuntamiento, ha acordado incoar expediente disciplinario a un funcionario de  dicho Ayuntamiento, "
aapp-00057-2016,2016,https://www.aepd.es/documento/aapp-00057-2016.pdf,https://web.archive.org/web/20251113173341id_/https://www.aepd.es/documento/aapp-00057-2016.pdf,"1/16 Procedimiento Nº AP/00057/2016 RESOLUCIÓN: R/01146/2017 En el procedimiento de Declaración de Infracción de Administraciones Públicas  AP/00057/2016, instruido por la Agencia Española de Protección de Datos a la entidad AGENCIA  ESTATAL DE ADMINISTRACION TRIBUTARIA, vista la denuncia presentada por DÑA.  A.A.A.,  y en virtud de los siguientes, ANTECEDENTES PRIMERO: Con fecha de 15/04/2016, tuvo entrada en esta Agencia a través de su sede  electrónica un escrito de Dña.  A.A.A. (en lo sucesivo la denunciante), en el que manifiesta lo  siguiente: . La AGENCIA ESTATAL DE ADMINISTRACION TRIBUTARIA (en lo sucesivo AEAT) ha enviado  un mensaje con datos de mi declaración de IRPF del ejercicio anterior que incluye el importe  reflejado en la casilla 490, correspondiente a los ingresos totales del ejercicio. . El mensaje se ha enviado a un número de móvil antiguo que pertenecía a una empresa para la  que prestó servicios y que fue reasignado a otra persona, distinto al proporcionado como móvil  personal. . Como resultado, se ha expuesto un dato personal y confidencial ante el colectivo de sus  excompañeros de empresa, lo que le perjudica gravemente. Con el escrito de denuncia aporta: . Copia parcial de la declaración de la renta de la denunciante correspondiente al ejercicio AA1.  La casilla 31 de esta declaración, que contiene el teléfono móvil, tiene el valor  C.C.C..  . Imagen del terminal de la denunciante en el que se muestra el mensaje que le reenvía el actual  usuario de la línea que recibió el SMS remitido por la AEAT, objeto de la denuncia. El SMS  reenviado contiene el siguiente texto “El importe de la casilla (490) RENTA AA1 es  D.D.D. del  NIF *** E.E.E.** para solicitar su referencia con la que gestionar RENTA AA.” El 01/05/2016, tuvo entrada en esta Agencia a través de su sede electrónica un nuevo  escrito de la denunciante en el que, a requerimiento de la AEPD, aporta la siguiente información: . La línea que recibió el SMS es la  B.B.B., cuyo titular es Das Photonics, S.L. . Fue usuaria de la línea  B.B.B. mientras mantuvo relación laboral con la citada sociedad, hasta  el 2 de julio de 2010. Aporta copia de su vida laboral como acreditación de tal hecho. . Desde hace más de 5 años, para todas sus declaraciones utiliza como teléfono de contacto la  línea  C.C.C. (esta línea figura en todas las declaraciones presentadas a la AEAT desde 2010). SEGUNDO: A la vista de los hechos denunciados, en fase de actuaciones previas, por los  Servicios de Inspección de esta Agencia se solicitó información a la entidad AEAT y se realizó  visita de inspección, al objeto de aclarar las circunstancias puestas de manifiesto en la denuncian  C/ Jorge Juan, 6 www.agpd.es 28001 – Madrid sedeagpd.gob.es 2/16 reseñada, teniendo conocimiento de lo siguiente: 1. La casilla 490 de la declaración de la renta contiene la ""Base liquidable general sometida a  gravamen"", que resulta de efectuar sobre el importe del saldo positivo de la base liquidable  general del ej"
aapp-00059-2016,2016,https://www.aepd.es/es/documento/aapp-00059-2016.pdf,https://web.archive.org/web/20220308215902id_/https://www.aepd.es/es/documento/aapp-00059-2016.pdf,"1/21 Procedimiento Nº AP/00059/2016 RESOLUCIÓN: R/01084/2017 En el procedimiento de Declaración de Infracción de Administraciones Públicas  AP/00059/2016, instruido por la Agencia Española de Protección de Datos al  AYUNTAMIENTO DE MADRID, vistas las denuncias presentadas por los denunciantes  que se relacionan en el Anexo I y en base a los siguientes, ANTECEDENTES PRIMERO: Ha tenido entrada en la Agencia Española de Protección de Datos (AEPD),  con fecha de 6 de noviembre de 2015, escrito presentado por el denunciante primero, en  nombre y representación del Grupo Municipal del Partido Popular, en el que manifiesta  que ha tenido conocimiento de que el Ayuntamiento de Madrid se ha dirigido a los  ciudadanos mediante correo electrónico, solicitando a los vecinos y vecinas, que envíen  ideas para mejorar la ciudad. Las direcciones de correo se han obtenido de los modelos y formularios que los  ciudadanos rellenan cuando realizan algún trámite ante la administración municipal y  que el envío se ha producido sin que se hayan dado los supuestos a los que alude el  artículo 11 de la Ley Orgánica 15/1999, consentimiento del interesado o estar en alguno  de los establecidos en el apartado 2 de dicho artículo. Que el envío se debe enmarcar en el proyecto de puesta en marcha en la página  web denominado “decide.madrid.es”. Se adjunta dicho escrito remitido desde la dirección de correo electrónico  <comunicadosgobiernoabierto@madrid.es>, el día 3 de noviembre de 2015, Asunto: Dile  lo que piensas a Manuela Carmena, en el que se informa de lo siguiente: <<…Queridos vecinos y vecinas de Madrid: Mientras leéis este correo miles de ciudadanos desde Vallecas hasta Malasaña están  votando, colgando ideas o debatiendo cómo acercarnos un poquito más a un Madrid  más accesible, más amable y mucho más humano. Conseguir que el transporte público se adapte a nuestras necesidades, decidir dónde  van nuestros impuestos, sugerir nuevas multas, quitarlas… Hace pocas semanas, desde el Ayuntamiento pusimos en marcha una plataforma en  la que cualquiera puede lanzarnos las propuestas que queréis que pongamos en  marcha, y si consiguen los apoyos suficientes, organizaremos una votación donde  toda la ciudad decida si llevarlas a cabo o no. En el Ayuntamiento nos  comprometemos a asumir lo que decidáis y hacerlo realidad. Participa. Dile lo que piensas a Manuela Carmena. C/ Jorge Juan, 6 www.agpd.es 28001 – Madrid sedeagpd.gob.es 2/21 ¿Te imaginas que una de tus propuestas lo consigue? ¡Cuéntanosla!  Participa. Dile lo que piensas a Manuela Carmena. Si es la primera vez que entras en el portal necesitarás registrarte. Pero no te  preocupes, cuando vayas a crear una propuesta o a apoyar una que ya exista  aparecerá una ventana que te explicará cómo verificar tus datos. Es muy sencillo.  B.B.B. Delegado Área de Gobierno de Participación Ciudadana, Transparencia y Gobierno Abierto. Ayuntamiento de Madrid P.D. Puedes participar en este nuevo servicio del Ayuntamiento de Madrid a t"
aapp-00069-2016,2016,https://www.aepd.es/documento/aapp-00069-2016.pdf,https://web.archive.org/web/20240223172320id_/https://www.aepd.es/documento/aapp-00069-2016.pdf,"1/15 Procedimiento Nº AP/00069/2016 RESOLUCIÓN: R/01304/2017 En el procedimiento de Declaración de Infracción de Administraciones Públicas  AP/00069/2016, instruido por la Agencia Española de Protección de Datos al  AYUNTAMIENTO DE ZARAGOZA, vista la denuncia presentada por A.A.A., y en virtud  de los siguientes, ANTECEDENTES PRIMERO: Con fecha de 5/02/2016, tiene entrada en la Agencia Española de  Protección de Datos (AEPD) escrito de A.A.A., Policía Municipal, en el que declara que  se le ha iniciado expediente sancionador, por parte del Ayuntamiento de Zaragoza, y en  la tramitación del mismo se entrega un documento en el que se referencian las calles y  horas que han sido registradas en el walkie (dispositivo de transmisión y de recepción)  durante el servicio del día DD/MM/AA. Añade el denunciante que no fue informado de la existencia del dispositivo de  posicionamiento global (GPS) en los walkies ni del nombre del fichero en el que registra  la información y que los datos fueron utilizados para una finalidad distinta de la que  originó su recogida. Estima el denunciante que su finalidad es la de servir de  herramienta de seguridad controlando el vehículo en casos de necesitar apoyo o poder  asignar mejor los recursos en las intervenciones. Se adjunta con el escrito de denuncia la siguiente documentación: 1) Notificación de incoación de expediente disciplinario al denunciante, de fecha  24/12/2015. En la notificación se contiene la designación de Instructora y que se  inicia por los “hechos puestos de manifiesto por el Superintendente de la Policía  Local con fecha 17/12/2015.”. Junto a el, copia de escrito de remisión de ese  escrito de  17/12/2015, firmado por Superintendente Jefe del Cuerpo de la  Policía Local, dirigido a Jefa de Servicio de relaciones laborales.  En el mismo,  se indica que se adjunta informe remitido a esta Jefatura por parte del Intendente  Principal del Área de Tráfico y Seguridad Vial y Área de Unidades especiales,  relativa a hechos acaecidos con el Policía ***** A.A.A., lo que se comunica a los  efectos oportunos que procedan. La copia de dicho Informe que se acompaña es  un escrito de dos folios a una cara, y se aprecia que no es completo, cortándose  en la página dos y aparecen muchos apartados tachados, y  no se visiona la  firma del mismo. Se titula “asunto. VALORACION DE LO SUCEDIDO LOS DIAS  DD y DD1/MM1/AA1”-“Fecha: DD2/MM2/AA2” que es la fecha de su confección.  El escrito porta el logo de POLICIA LOCAL-AREA DE UNIDADES ESPECIALES- UNIDAD DE PROTECCION AMBIENTAL Y CONSUMO. A esos dos folios se le  añaden otros dos que contienen el registro de movimientos de DD/MM/AA,  figurando distintas horas, y calles y que se deduce que asocian  walkie/vehículo/denunciante con las áreas por donde a esas horas estuvo  transitando. 2) Se transcribe el escrito : ”Valoración de lo sucedido los días DD y  DD1/MM1/AA1” “Al objeto de esclarecer los hechos sucedidos el DD/MM/AA el ***CARGO.1 ha  C/ Jorge Juan, 6 www.agpd.es 280"
ci-000-2016,2016,https://www.aepd.es/documento/ci-000-2016.pdf,https://web.archive.org/web/20240219044332id_/https://www.aepd.es/documento/ci-000-2016.pdf,"1      CRITERIO INTERPRETATIVO    N/REF:      FECHA:        ASUNTO: Información relativa a las agendas de los responsables públicos    1. Antecedentes    En fecha reciente se han formulado ante el Consejo de Transparencia y Buen  Gobierno diversas reclamaciones, al amparo del artículo 24 de la Ley 19/2013, de 9 de  diciembre, de Transparencia, acceso a la información pública y buen gobierno  (LTAIBG), referidas a la denegación, por parte de diversos sujetos obligados por dicha  Ley, del acceso a información relacionada con las reuniones celebradas por miembros  del Gobierno, altos cargos o empleados públicos y la identificación de quienes  asistieron a las mismas. En unos casos, la información solicitada se refería  únicamente a los datos relacionados con el cargo o posición de los asistentes dentro  de su organización mientras que en otros incluía también la identificación de los  mismos mediante sus nombres y apellidos, en tanto representantes de la  Administración por razón de su cargo o de entidades de carácter privado en su calidad  de representantes o personal del equipo de dirección.    La problemática planteada por estas reclamaciones es compleja y afecta a diversas  cuestiones que exceden el ámbito del caso concreto por lo que, a efectos de resolver  los procedimientos ya iniciados y los de similar naturaleza que puedan plantearse en el  futuro, el Consejo de Transparencia y Buen Gobierno (CTBG) y la Agencia Española  de Protección de Datos (AEPD) han considerado conveniente formular un criterio de  interpretación uniforme que solvente de modo adecuado los casos planteados y  permita a los distintos órganos, organismos y entidades públicas competentes en  materia de acceso a la información pública aplicar una solución unívoca y coherente a  las solicitudes o reclamaciones que deban resolver.    2. Justificación de la emisión de un criterio conjunto     La disposición adicional quinta de la LTAIBG establece que “el Consejo de  Transparencia y Buen Gobierno y la Agencia Española de Protección de Datos  adoptarán conjuntamente los criterios de aplicación, en su ámbito de actuación, de las          2        reglas contenidas en el artículo 15 de esta Ley, en particular en lo que respecta a la  ponderación del interés público en el acceso a la información y la garantía de los  derechos de los interesados cuyos datos se contuviesen en la misma, de conformidad  con lo dispuesto en esta Ley y en la Ley Orgánica 15/1999, de 13 de diciembre (en  adelante, LOPD)”.    A este efecto, hay que tener en cuenta que la materia a que se refieren las  reclamaciones planteadas ante el CTBG incide en el ámbito de la protección de datos  de carácter personal desde distintos puntos de vista:     No cabe duda de que la información referida a las reuniones celebradas por  personas que desempeñen funciones en el ámbito de los sujetos obligados por la  LTAIBG, cuando estas se relacionen directamente con el ejercicio de las funciones  que le son atribuidas y no a s"
e-00001-2016,2016,https://www.aepd.es/es/documento/e-00001-2016.pdf,https://web.archive.org/web/20220302145232id_/https://www.aepd.es/es/documento/e-00001-2016.pdf,"1/3 Expediente Nº: E/00001/2016 RESOLUCIÓN DE ARCHIVO DE ACTUACIONES De las actuaciones practicadas por la Agencia Española de Protección de Datos  ante la entidad  AVANTIS LEGAL en virtud de denuncia presentada ante la misma por  D.  A.A.A. y en base a los siguientes, HECHOS PRIMERO: Con fecha 20 de noviembre de 2015, tuvo entrada en esta Agencia escrito  de D.  A.A.A. (en lo sucesivo el denunciante) en el que denuncia que el 1 de agosto de  2008 alquiló una vivienda y firmó tanto el contrato como el modelo. PNAG (garantía de  alquiler), y el 11 de Octubre de 2008 presentó ante la corte de arbitraje una reclamación  de arrendamientos por impago del alquiler.  El 28 de Octubre de 2008 me notificaron la sentencia arbitral a mi favor. Y ahora  el día 3 de noviembre de 2015 recibo una carta del bufete de abogados Avantis Legal en  la cual se me requiere una cantidad a pagar de 2032,80, no habiendo firmado nada con  ellos, sin embargo  mis datos están en ese bufete de abogados. Dicha denuncia resultó inadmitida por carecer de pruebas, mediante escrito de  fecha 27 de noviembre de 2015. Con fecha 14 de diciembre de 2016 el denunciante recurre dicha decisión,  realizando aportación documental. A la vista de los nuevos documentos aportados, mediante resolución de fecha 11  de enero de 2016 la Directora de la Agencia estima dicho recurso, ordenando el inicio de  las presentes actuaciones. Entre la documentación aportada por el denunciante aparece un escrito remitido  al denunciante por  AVANTIS LEGAL, en que le reclama el pago de los honorarios. La  minuta de la entidad aparece fechada el 26 de octubre de 2015.  SEGUNDO: A la vista de los hechos denunciados, en fase de actuaciones previas, por  los Servicios de Inspección de esta Agencia se solicita información a la entidad  AVANTIS LEGAL,  teniendo conocimiento de que: 1. Mediante escrito con registro de salida de fecha 24 de junio de 2016 se  remitió solicitud de información a  AVANTIS LEGAL, del que consta  entrega en fecha 30 de junio de 2016. 2. Mediante escrito con registro de salida de fecha 6 de septiembre de  2016 se reiteró dicha solicitud de información a  AVANTIS LEGAL,  señalando a la entidad que puede ser constitutivo de infracción el no  proporcionar la información que solicite la Agencia Española de  C/ Jorge Juan, 6 www.agpd.es 28001 – Madrid sedeagpd.gob.es 2/3 Protección de Datos en el ejercicio de las competencias que tiene  legalmente atribuidas, siendo en tal caso aplicable el régimen  sancionador previsto en su artículo 45. Consta entrega de dicho escrito  en fecha 14 de septiembre de 2016. FUNDAMENTOS DE DERECHO I Es competente para resolver la Directora de la Agencia Española de Protección  de Datos, conforme a lo establecido en el artículo 37.d) en relación con el artículo 36,  ambos de la Ley Orgánica 15/1999, de 13 de diciembre, de Protección de Datos de  Carácter Personal (en lo sucesivo LOPD). II La Ley Orgánica 15/1999, de 13 de diciembre, de Protección de Datos de  Carácte"
e-00177-2016,2016,https://www.aepd.es/documento/e-00177-2016.pdf,https://web.archive.org/web/20240706162530id_/https://www.aepd.es/documento/e-00177-2016.pdf,"1/8 Expediente Nº: E/00177/2016 RESOLUCIÓN DE ARCHIVO DE ACTUACIONES De las actuaciones practicadas por la Agencia Española de Protección de Datos  ante la entidad TELEFONICA MOVILES ESPAÑA, S.A.U. en virtud de denuncia  presentada por A.A.A. y teniendo como base los siguientes HECHOS PRIMERO: Con fecha 1 de diciembre de 2015, tuvo entrada en esta Agencia escrito de  Dña. A.A.A.  (en lo sucesivo la denunciante) en el que señala que su entidad bancaria le  informa de la inclusión de sus datos en un fichero de reclamación de deuda. Solicita  información a la empresa EXPERIAN BUREAU DE CRÉDITO, la cual le informa de que  sus datos se encuentran registrados en el fichero BADEXCUG con fecha de alta  21/09/2011, respecto a dos operaciones comunicadas por TELEFÓNICA MÓVILES. En  esa fecha no era cliente de TELEFÓNICA. Nunca ha recibido información al respecto, ni  requerimiento de la deuda.  Adjunta a su denuncia, la siguiente documentación:  Fotocopia del escrito de acceso formal al fichero BADEXCUG a fecha de consulta  21/08/2015, en el que figuran los datos personales de la denunciante con dirección en  (C/...1) (Madrid), informados por la entidad TELEFÓNICA MÓVILES y asociados a las  siguientes operaciones:  o Operación nº *****1, relativa a un producto de telecomunicación por  un importe impagado de 524,98€, con fecha de alta 21/09/2011. o Operación nº *****2, relativa a un producto de telecomunicación por  un importe impagado de 985,69€, con fecha de alta 21/09/2011. SEGUNDO: Tras la recepción de la denuncia la Subdirección General de Inspección de  Datos procedió a la realización de  actuaciones previas de investigación para el  esclarecimiento de los hechos denunciados, teniendo conocimiento de los siguientes  extremos: RESULTADO DE LAS ACTUACIONES DE INVESTIGACIÓN  1. La entidad TELEFÓNICA MÓVILES ESPAÑA S.A.U (en adelante TME) en su  escrito de respuesta al requerimiento formulado por esta Agencia, comunica:  En los sistemas de TME consta la siguiente dirección asociada a Dña.  A.A.A.: (C/...1) (Madrid).  Se adjuntan copias de los “2º avisos de pago” remitidos a la denunciante a  la dirección que consta en el sistema de la compañía, correspondientes a  las siguientes facturas emitidas durante el período mayo/noviembre 2011  (Anexo 1):  o En relación a la línea     ***TEL.1    :  Factura nº ***FACTURA.1, con fecha de emisión 17/05/2011,  C/ Jorge Juan, 6 www.agpd.es 28001 – Madrid sedeagpd.gob.es 2/8 por importe de 164,41€.  Factura nº ***FACTURA.2, con fecha de emisión 14/06/2011,  por importe de 155,17€.  Factura nº ***FACTURA.3, con fecha de emisión 12/07/2011,  por importe de 18,29€.  Factura nº ***FACTURA.4, con fecha de emisión 09/08/2011,  por importe de 17,70€.  Factura nº ***FACTURA.5, con fecha de emisión 12/09/2011,  por importe de 17,70€.  Factura nº ***FACTURA.6, con fecha de emisión 16/10/2011,  por importe de 594,72€.  Factura nº ***FACTURA.7, con fecha de emisión 12/11/2011,  por importe de 17,70€. o En relación a la lí"
e-00255-2016,2016,https://www.aepd.es/documento/e-00255-2016.pdf,https://web.archive.org/web/20230927020100id_/https://www.aepd.es/documento/e-00255-2016.pdf,"1/11 Expediente Nº: E/00255/2016 RESOLUCIÓN DE ARCHIVO DE ACTUACIONES De las actuaciones practicadas por la Agencia Española de Protección de Datos ante la  entidad UBER SYSTEMS SPAIN, S.L. en virtud de denuncia presentada por  A.A.A. y teniendo  como base los siguientes HECHOS PRIMERO: Con fecha 20/04/2015, tuvo entrada en esta Agencia un escrito de D.  A.A.A. (en lo  sucesivo el denunciante) en el que denuncia a la entidad UBER SYSTEMS SPAIN, S.L. (en lo  sucesivo UBER SYSTEMS SPAIN o la denunciada) por no haber atendido su derecho de acceso  a sus datos personales. En dicho escrito, el denunciante puso de manifiesto lo siguiente: 1. Uber, una compañía del sector de la intermediación y el transporte opera en España a través  de UBER SYSTEMS SPAIN, sociedad contra la que se dirige la denuncia. 2. Ha sido usuario del servicio Uber durante más de un año, periodo en el cual ha realizado  decenas de viajes. El 21 de marzo de 2015 Uber canceló su cuenta de manera injustificada y sin que hay podido  obtener explicación alguna. Como consecuencia del bloqueo no ha podido acceder a sus datos personales desde marzo  de 2015. 3. El 21 de abril de 2015 Uber le informó de que le proporcionaría acceso a sus datos a través  de su filial holandesa y en una carta en inglés a pesar de que nunca ha sido cliente de Uber  en Holanda y de haberse dirigido a la entidad en español. 4. Solicita que UBER SYSTEMS SPAIN SL, y en su caso las empresas de su grupo  empresarial, le faciliten el acceso a todos sus datos y se compruebe el cumplimiento por  parte de la entidad española de la normativa en materia de protección de datos. Dicho escrito dio lugar a la apertura del procedimiento de tutela de derechos señalado con el  número TD/01369/2015, en el que se dictó la resolución R/00012/2016 de 25/01/2016, que  desestimó la reclamación al considerar que “…no es posible concluir en este momento que el  tratamiento objeto de la presente Tutela de Derechos se encuentre sujeto a la Ley Orgánica  15/1999, de 13 de diciembre…” y ordenó la apertura del presente expediente de Actuaciones de  Investigación Previa para determinar la naturaleza de las actividades desarrolladas por UBER  SYSTEMS SPAIN. SEGUNDO: Tras la recepción de la denuncia la Subdirección General de Inspección de Datos  procedió a la realización de  actuaciones previas de investigación para el esclarecimiento de los  hechos denunciados, teniendo conocimiento de los siguientes extremos: 1. Información sobre las sociedades investigadas 1. “UBER” es una plataforma tecnológica cuya finalidad es poner en contacto conductores y  C/ Jorge Juan, 6 www.agpd.es 28001 – Madrid sedeagpd.gob.es 2/11 viajeros. La plataforma presta sus servicios a través del sitio web www.uber.com y una  aplicación para teléfonos inteligentes (app) denominada “Uber”, a través de las cuales  pueden utilizarse sus servicios.  A pesar de que el denunciante manifiesta que la plataforma opera en España a través de la  sociedad UBER SYSTEMS SPAIN, de los"
aapp-00046-2016,2016,https://www.aepd.es/documento/aapp-00046-2016.pdf,https://web.archive.org/web/20251201034350id_/https://www.aepd.es/documento/aapp-00046-2016.pdf,"1/19 Procedimiento Nº AP/00046/2016 RESOLUCIÓN: R/01929/2017 En el procedimiento de Declaración de Infracción de Administraciones Públicas  AP/00046/2016, instruido por la Agencia Española de Protección de Datos a la  CONSEJERIA DE JUSTICIA E INTERIOR DE LA JUNTA DE ANDALUCIA  (DIRECCIÓN GENERAL DE INFRAESTRUCTURAS Y SISTEMAS) y al MINISTERIO  DE JUSTICIA (SECRETARIA GENERAL DE LA ADMINISTRACION DE JUSTICIA),  vista la denuncia presentada por A.A.A., y en virtud de los siguientes, ANTECEDENTES PRIMERO: Con fecha 22/01/2016 se recibe denuncia de A.A.A. en la que se pone de  manifiesto: “Soy Abogada”, y con fecha “18/01/2016, accedí” con mi carnet Colegial con firma  electrónica (ACA) a la plataforma LEXNET ABOGACÍA, y en “mi bandeja de enviados  pendientes aparecían dos escritos que yo no he enviado, de hecho no son míos”.  “Ambos escritos de dos compañeros distintos van dirigidos al Juzgado Mixto núm. 2  de***LOC.1, y yo puedo acceder a todos los datos del envío. Posteriormente accedió a la misma plataforma pero por “LEXNET MINISTERIO  DE JUSTICIA para comprobar si se daba la misma circunstancia” y “el resultado ha sido  más sorprendente aun puesto que aparezco con el rol de XXXX de la Administración de  Justicia-fui Secretaria Judicial sustituta del Juzgado mixto 2 de***LOC.1 hace más de  dos años- Con ese rol aparece en mi bandeja de entrada un escrito que no he abierto y  en la bandeja de acuses de recibo hay 579 documentos. Lógicamente no los he abierto,  pero en la bandeja aparecen los datos de los escritos y de las partes que lo presentan y  supongo que si pinchara en cada uno de ellos podría acceder a todos los datos del  procedimiento de las personas intervinientes”. “Los documentos que me aparecen en  LEXNET ABOGACIA y LEXNET MINISTRIO DE JUSTICIA no son los mismos, aunque  en ningún caso me pertenecen, sino que todos son de otros compañeros” Adjunto a la denuncia ha aportado ACTA NOTARIAL DE REQUERIMIENTO, de  20/01/2016, de la que destaca: 1)  La denunciante pone de manifiesto que ha observado “una serie de errores  en las comunicaciones al utilizar las plataformas LEXNET ABOGACIA  y  LEXNET MINISTERIO DE JUSTICIA” 2) Requiere al Notario para que “acceda con su certificado digital ACA a las  webs http://www.abogacia.es.................. y https://lexnet.justicia.es “para  dejar constancia de “notificaciones y acuses de recibo recibidos  erróneamente.” “La Sra. requirente accede con su certificado digital en su ordenador portátil  C/ Jorge Juan, 6 www.agpd.es 28001 – Madrid sedeagpd.gob.es 2/19 a la página LEXNET ABOGACIA, entrando en la carpeta correo enviados y  pendientes figurando dos asuntos que según manifiesta la requirente nada  tienen que ver con ella, tal y como aprecio en dicho correo son asuntos  relativos al Juzgado de Primera Instancia 2 de***LOC.1, ejecución  provisional ***/2014, enviado el 14/01 del corriente, y al mismo Juzgado,  diligencias previas ***/2015 enviado el 13/01”. Manifiesta la requirente que  estuvo “ejer"
aapp-00047-2016,2016,https://www.aepd.es/es/documento/aapp-00047-2016.pdf,https://web.archive.org/web/20220307210719id_/https://www.aepd.es/es/documento/aapp-00047-2016.pdf,"1/11 Procedimiento Nº AP/00047/2016 RESOLUCIÓN: R/01591/2017 En el procedimiento de Declaración de Infracción de Administraciones Públicas  AP/00047/2016, instruido por la Agencia Española de Protección de Datos a la entidad  MINISTERIO DEL INTERIOR - DIRECCIÓN GENERAL DE LA POLICÍA, vista la  denuncia presentada por ALTERNATIVA SINDICAL DE POLICIA DE ALICANTE, y en  virtud de los siguientes, ANTECEDENTES PRIMERO: Con fecha 30/12/2015 tiene entrada en esta Agencia escrito remitido por el  Secretario de ALTERNATIVA SINDICAL DE POLICÍA ALICANTE (en adelante el  denunciante), comunicando posible infracción a la Ley Orgánica 15/1999, de 13/12, de  Protección de Datos de Carácter Personal (en lo sucesivo LOPD), por la existencia de  cámaras de videovigilancia en la COMISARÍA PROVINCIAL DE ALICANTE cuyo titular  es MINISTERIO DEL INTERIOR, DIRECCIÓN GENERAL DE POLICÍA (en adelante el  denunciado).  El denunciante manifiesta que: “la instalación de un sistema de videovigilancia  en la citada Comisaría, afecta de manera desproporcional tanto a la entrada principal  como a los alrededores del recinto. Los carteles informativos de zona videovigilada no  indican el responsable ante quien poder ejercitar los derechos ARCO. Una de las  finalidades del sistema es el control laboral, no habiendo sido previamente informados  los trabajadores o sus representantes. El uso y tratamiento dado a las imágenes  captadas por el sistema ha dado lugar a la apertura de un expediente disciplinario a uno  de los funcionarios de esta Comisaría, sin que hubiera sido informado de dicho fin” Adjunta a su denuncia una  fotografía  que carece de calidad alguna, pareciendo  ser la foto de un cartel, pero nada más se visiona, por lo que se solicita la subsanación  de la solicitud pidiendo que aportara acreditación de lo denunciado. Con fecha 4/02/2016 aporta: 1) Fotografía de cartel de videovigilancia colocado en un acceso y que no  contiene la sede para ejercitar los derechos. 2) Fotografía en la que se ve un vestíbulo de acceso y en el techo una  cámara. 3) Fotografía de cartel de videovigilancia colocado en lo que podría ser un  pasillo, no   se contiene la sede para ejercitar los derechos. 4) Fotografía en la que se ve una puerta de salida, y en el techo una cámara. SEGUNDO: A la vista de los hechos denunciados, en fase de actuaciones previas, por  los Servicios de Inspección de esta Agencia se solicita información a la DIRECCIÓN  GENERAL DE POLICÍA (DGP), que responde con fecha de entrada 28/03/2016.   1)  “El Ministerio del Interior, Dirección General de Policía, es el organismo  responsable de la instalación del sistema de videovigilancia, en la Comisaría Provincial  C/ Jorge Juan, 6 www.agpd.es 28001 – Madrid sedeagpd.gob.es 2/11 de Alicante (en adelante la Comisaría.”  “El mencionado sistema se ampara en la LO 4/1997 de 4/08 que regula la  utilización de videocámaras por las Fuerzas y Cuerpos de Seguridad en lugares  públicos, y sus disposiciones de desarrollo y concordante"
aapp-00052-2016,2016,https://www.aepd.es/documento/aapp-00052-2016.pdf,https://web.archive.org/web/20251113194408id_/https://www.aepd.es/documento/aapp-00052-2016.pdf,"1/9 Procedimiento Nº AP/00052/2016 RESOLUCIÓN: R/00349/2019 En el procedimiento de Declaración de Infracción de Administraciones Públicas AP/00052/2016, instruido por la Agencia Española de Protección de Datos a la entidad REAL FEDERACION ESPAÑOLA DE HOCKEY, vista la denuncia presentada por DE OFICIO, y en virtud de los siguientes, ANTECEDENTES PRIMERO: Por la Agencia Española de Protección de Datos se acordó, de oficio, la realización de actuaciones de investigación ante la REAL FEDERACION ESPAÑOLA DE HOCKEY, como consecuencia de las actuaciones E/00389/2016, E/00391/2016, E/00392/2016, E/00393/2016, E/00394/2016, E/00395/2016 y E/00396/2016, que tuvieron origen en diversas denuncias formuladas por la inscripción de varios menores de edad como jugadores federados por distintos entidades deportivas de Ourense y la Federación Gallega de Hockey, sin el consentimiento de los padres o representantes legales. En concreto, se denunció el tratamiento de los datos personales de los respectivos hijos de los denunciantes, menores de edad, sin que hubieran prestado su consentimiento para ello. En estas denuncias se advertía que el nombre y apellidos de los menores aparecía recogido en diversas actas oficiales de partidos, en las que figuran como pertenecientes a los clubs de hockey denunciados, así como en la página web de la Real Federación Española de Hockey, en la que figuran como pertenecientes a los clubs de hockey denunciados y como jugadores federados. Los denunciantes añadieron que sus hijos no han jugado nunca a hockey de forma federada y que nunca se les solicitó autorización por parte de ningún club para tramitar la correspondiente licencia federativa. SEGUNDO: Por los Servicios de Inspección de esta Agencia se solicitó información a la entidad REAL FEDERACION ESPAÑOLA DE HOCKEY. En respuesta a este requerimiento, dicha entidad informó que los menores A.A.A., B.B.B., C.C.C., D.D.D., E.E.E. e F.F.F. fueron inscritos en diferentes equipos y modalidades de Hockey durante las últimas tres temporadas, con el detalle que consta reseñado en el acuerdo de apertura del presente procedimiento, que se declara reproducido en este acto. Asimismo, añadió que las respectivas inscripciones fueron validadas por la Federación Gallega de Hockey. TERCERO: En el Informe de Actuaciones Previas, la inspección actuante añade los siguientes detalles sobre la información que la Federación Gallega de Hockey facilitó en el expediente E/1450/2016, seguido por los mismos hechos: Que no es responsable de las licencias emitidas por las Entidades Deportivas para federar a sus jugadores, siendo su función la de tramitar las licencias para dar de alta a dichos jugadores que se incluyen en la relación presentada por dichas C/ Jorge Juan, 6 www.agpd.es 28001 – Madrid sedeagpd.gob.es 2/9 entidades dentro del plazo que le corresponde según categoría, competición, etc. Que tras recibir los listados de las entidades, se procede a la inscripción de los jugadores por medio del programa "
e-00269-2016,2016,https://www.aepd.es/documento/e-00269-2016.pdf,https://web.archive.org/web/20251113174056id_/https://www.aepd.es/documento/e-00269-2016.pdf,"1/4 Expediente Nº: E/00269/2016 RESOLUCIÓN DE ARCHIVO DE ACTUACIONES De las actuaciones practicadas por la Agencia Española de Protección de Datos  ante la entidad HIDRAQUA, GESTIÓN INTEGRAL DE AGUAS DE LEVANTE S.A en  virtud de denuncia presentada por Dña.  A.A.A. y teniendo como base los siguientes: HECHOS PRIMERO: Con fecha 4 de diciembre de 2015, tuvo entrada en esta Agencia escrito de  Dña.  A.A.A. (en lo sucesivo la denunciante) en el que denuncia que no tiene ningún  contrato suscrito con la compañía HIDRAQUA y que ha recibido en su número de móvil  dos mensajes de texto “sms”, a través de los cuales, la empresa le reclama una deuda  pendiente de pago por importe de 491,50€, en relación al contrato  F.F.F. y le informa  que su contrato  G.G.G. se encuentra en proceso de suspensión de suministro. SEGUNDO: Tras la recepción de la denuncia la Subdirección General de Inspección de  Datos procedió a la realización de actuaciones previas de investigación para el  esclarecimiento de los hechos denunciados, teniendo conocimiento de los siguientes  extremos: 1) Con fecha 16 de febrero de 2016 se solicita a Hidraqua Gestión Integral  de Aguas de Levante S.A (en adelante HIDRAQUA) información relativa  a Dña.  A.A.A. con NIF  D.D.D. (en adelante la denunciante). De la respuesta recibida en esta Agencia con fecha 21 de marzo y 13 de junio de  2016, se desprende lo siguiente: Respecto a la contratación:  HIDRAQUA manifiesta que la denunciante no figura en su base de datos como  titular de ningún contrato, por lo que la compañía no dispone de documentación relativa  a la misma. El número de teléfono de la reclamante se encontraba asociado por error a dos  contratos de servicio.  Con fecha 05/10/2015 la compañía recibe requerimiento de información desde el  Servicio de Consumo de la Junta de Andalucía, en relación a la reclamación formulada  por la denunciante respecto a la recepción de mensajes de texto en su número de móvil  requiriéndole el pago por unos servicios no contratados. Inmediatamente, con fecha  07/10/2015 HIDRAQUA procede a borrar del sistema el número de teléfono asociado. Al respecto, el escrito incorpora pantallazo del sistema con el detalle del cliente  B.B.B. con NIF  C.C.C., en el que puede observarse el número de móvil  E.E.E.  asociado al mismo, en cinco registros creados durante el período 27/02/2004 -  07/10/2015.  A partir de fecha 07/10/2015 y hasta el 02/03/2016, no figura el  móvil  C/ Jorge Juan, 6 www.agpd.es 28001 – Madrid sedeagpd.gob.es 2/4 asociado a ninguno de los registros existentes en el sistema. Aportan copia del requerimiento de información formulado a HIDRAQUA con  fecha 28/09/2015, por el Servicio de Consumo Delegación Territorial de Igualdad, Salud  y Políticas Sociales en Cádiz FUNDAMENTOS DE DERECHO I Es competente para resolver la Directora de la Agencia Española de Protección  de Datos, conforme a lo establecido en el artículo 37.d) en relación con el artículo 36,  ambos de la Ley Orgánica 15/1999, de 13 de"
e-00352-2016,2016,https://www.aepd.es/es/documento/e-00352-2016.pdf,https://web.archive.org/web/20220307211923id_/https://www.aepd.es/es/documento/e-00352-2016.pdf,"1/4 Expediente Nº: E/00352/2016 RESOLUCIÓN DE ARCHIVO DE ACTUACIONES De las actuaciones practicadas por la Agencia Española de Protección de Datos  ante la entidad EMPORIUM en virtud de denuncia presentada por A.A.A. y teniendo  como base los siguientes HECHOS PRIMERO: Con fecha 25 de septiembre de 2012, tuvo entrada en esta Agencia escrito  de A.A.A., iniciándose las Actuaciones en el marco del E/07105/2012, en el que  denunciaba la recepción de llamadas telefónicas en su domicilio y en el de familiares y  vecinos, desde el número de teléfono ***TEL.1, al parecer realizadas por una entidad  denominada EMPORIUM. Se inadmite su denuncia por considerar que no hay indicios suficientes, y se desestima  su recurso de reposición porque no se aportan hechos o argumentos jurídicos que  permitan reconsiderar la validez de la resolución impugnada. No se acredita mediante documentación ni la llamada en su número de teléfono ni las de  los familiares y vecinos. No se informa en la denuncia de la finalidad de la llamada, según la información remitida  desde la Audiencia el denunciante manifiesta recibir esa llamada desde la empresa  EMPORIUM, sin aportar ningún otro dato sobre la misma, ni si existe o no relación con  ésta.  El 30 de noviembre de 2015, se notifica a la Agencia Española de Protección de Datos,  la sentencia estimatoria de la Audiencia Nacional, condenando a este Organismo a  incoar actuaciones inspectoras a fin de llevar a cabo las actuaciones previas de  investigación necesarias para determinar si concurren circunstancias que justifiquen la  iniciación de un procedimiento sancionador frente a la entidad EMPORIUM. La llamada objeto de denuncia se produjo el 11 de septiembre de 2012, por lo que la  posible infracción denunciada habría prescrito en la fecha en la que se remite la  Resolución de la Audiencia Nacional, de conformidad en lo dispuesto en el artículo 47.1  de la LOPD. SEGUNDO: Tras la recepción de la denuncia la Subdirección General de Inspección de  Datos procedió a la realización de  actuaciones previas de investigación para el  esclarecimiento de los hechos denunciados, teniendo conocimiento de los siguientes  extremos: 1. Se realizan diferentes búsquedas mediante el nombre de EMPORIUM, a través de  internet, y en el Registro Mercantil, verificando que dicho nombre figura asociado a  C/ Jorge Juan, 6 www.agpd.es 28001 – Madrid sedeagpd.gob.es 2/4 diferentes actividades según consta en las impresiones de pantalla que se adjuntan  mediante Diligencia a estas investigaciones. 2. Con fecha 6 de abril de 2016, se verifica a través de la página web de la CNMC, que  el número ***TEL.1 no existe. Se verifica que el número ***TEL.1 corresponde al  Operador ORANGE ESPAGNE, S.A.U 3. Con fecha 8 de mayo y 6 de junio de 2016, se reciben en esta Agencia escritos de  ORANGE ESPAGNE, S.A.U., en el que informan que el citado número de teléfono  en la citada fecha correspondía a la entidad MEGA TELECOM, S.L., y que en la  actualidad sigue dado de a"
e-00376-2016,2016,https://www.aepd.es/documento/e-00376-2016.pdf,https://web.archive.org/web/20240707013319id_/https://www.aepd.es/documento/e-00376-2016.pdf,"1/9 Expediente Nº: E/00376/2016 RESOLUCIÓN DE ARCHIVO DE ACTUACIONES De las actuaciones practicadas por la Agencia Española de Protección de Datos  ante las entidades EQUIFAX IBERICA, S.L., EXPERIAN BUREAU DE CRÉDITO S.A.,  SIERRA CAPITAL MANAGEMENT 2012, S.L. en virtud de denuncia presentada por  A.A.A. y teniendo como base los siguientes HECHOS PRIMERO:  Fecha de entrada de la denuncia: 30 de diciembre de 2015  Denunciante: A.A.A. Denuncia a: SIERRA CAPITAL MANAGEMENT 2012 S.L. Por los siguientes hechos según manifestaciones del denunciante: 1. SIERRA CAPITAL MANAGEMENT 2012 S.L en adelante SIERRA, ha comunicado  sus datos a los ficheros de solvencia patrimonial ASNEF y BADEXCUG por deudas  de 179,15 y 116,94 euros. 2. Ignora el origen de las deudas por las que se le ha incluido en los ficheros ya que  nunca ha contratado servicios con SIERRA. 3. En el presunto caso de que SIERRA hubiese adquirido la deuda no se le ha  notificado la cesión del crédito ni se le ha requerido el pago por parte del acreedor. Que según el denunciante tuvieron lugar a fecha de: 18/12/2015 y 19/11/2015 Y, entre otra, anexa la siguiente documentación:  Respuesta negativa del responsable del fichero BADEXCUG de fecha 19 de  noviembre de 2015 a una solicitud de cancelación de sus datos en el que la  entidad informante confirma los datos.  Consulta a los datos que del denunciante constaban en ASNEF a 5 de  noviembre de 2015 informados por SIERRA. SEGUNDO: Tras la recepción de la denuncia la Subdirección General de Inspección de  Datos procedió a la realización de actuaciones previas de investigación para el  esclarecimiento de los hechos denunciados, teniendo conocimiento de los siguientes  extremos: Información incluida en ficheros de solvencia patrimonial 1. Según acredita la información proporcionada por EQUIFAX IBERICA SL,  responsable del fichero ASNEF, en su escrito registrado con número 261414/2016: 1.1. En los sistemas de la entidad consta (Documento 3) el envío de las siguientes  C/ Jorge Juan, 6 www.agpd.es 28001 – Madrid sedeagpd.gob.es 2/9 notificaciones de inclusión a A.A.A. (el denunciante):  Notificación de inclusión emitida el 30/08/12 por una deuda de 116,75 euros  informada por VODAFONE con fecha de alta el 03/08/2012.  Notificación de inclusión emitida el 25/10/2012 por una deuda de 179,15  euros informada por VODAFONE con fecha de alta el 28/09/2012.  Notificación de inclusión emitida el 29/01/2014 por una deuda de 116,94  euros informada por SIERRA con fecha de alta el 03/08/2012.  Notificación de inclusión emitida el 29/01/2014 por una deuda de 179,15  euros informada por SIERRA con fecha de alta el 28/09/2012. El responsable del fichero manifiesta que las notificaciones de SIERRA se  realizaron por la cesión de la deuda de VODAFONE a ésta. Todas las notificaciones constan como remitidas al domicilio (C/...1) (Granada) y  ninguna figura como devuelta. 1.2. Los datos del denunciante fueron incluidos en el fichero ASNEF entre el  03/08/2012 y el "
e-00536-2016,2016,https://www.aepd.es/documento/e-00536-2016.pdf,https://web.archive.org/web/20240704005810id_/https://www.aepd.es/documento/e-00536-2016.pdf,"1/6  Procedimiento Nº: E/00536/2016 RESOLUCIÓN DE ARCHIVO DE ACTUACIONES De las actuaciones practicadas por la Agencia Española de Protección de Datos y teniendo como base los siguientes HECHOS PRIMERO: Con fecha 28 de diciembre de 2015, tuvo entrada en esta Agencia escrito de D. A.A.A. (en lo sucesivo el reclamante) en el que se dirige contra ORANGE ESPAGNE, S.A.U. por los siguientes hechos: El reclamante tiene un contrato con la entidad ORANGE ESPAGNE, S.A.U. (número de contrato ***CONTRATO.1). ORANGE ESPAGNE, S.A.U. facilitó al reclamante la posibilidad de acceder a sus servicios a través de la página web, con varias claves de acceso, secretas y personales. Tras tener problemas con su línea telefónica, el reclamante acude al establecimiento comercial de ORANGE ESPAGNE, S.A.U. sito en C/ Uría de Oviedo, donde le comunican que una persona no identificada había efectuado un pedido de un teléfono por importe 800 € a su nombre, pero para entregar en la ***DIRECCIÓN.1, y con el número de teléfono de contacto ***TELÉFONO.1. Dicho pedido se anula en el establecimiento en ese momento. El 17/12/2015 la abogada Dña. B.B.B., en representación del reclamante, envía Burofax a ORANGE ESPAGNE, S.A.U., en el que solicita el expediente completo asociado a la incidencia número ***INCIDENCIA.1 (en la que supuestamente informa a ORANGE ESPAGNE, S.A.U. del uso fraudulento), y solicita el ejercicio del derecho de acceso a los datos personales del reclamante que obren en los ficheros de ORANGE ESPAGNE, S.A.U.  Tras recibir comunicación fechada el 21/12/2015 de ORANGE ESPAGNE, S.A.U en la que se requiere ejercer de nuevo la solicitud adjuntando copia del documento nacional de identidad, la abogada, en representación del reclamante, envía de nuevo con fecha 29/12/2015 escrito de solicitud de ejercicio del derecho de acceso a ORANGE ESPAGNE, S.A.U. Manifiesta que no ha recibido respuesta por parte de esta entidad. Entre tanto, se tramitó un nuevo pedido fraudulento de un teléfono a nombre del recurrente (y con cargo al mismo). Dicho pedido se cancela. Ante este nuevo hecho fraudulento el reclamante revisa su área personal en la web de ORANGE ESPAGNE, S.A.U y se percata de que todos sus datos personales a excepción de la cuenta bancaria (que permanecía la del reclamante) habían sido alterados. Por los hechos descritos el reclamante ha interpuesto denuncian penal por posible delito de revelación de secretos y estafa. C/ Jorge Juan, 6 www.aepd.es 28001 – Madrid sedeagpd.gob.es 2/6 Entiende que, a la luz de los citados hechos, ORANGE ESPAGNE S.A.U debería responder en su calidad de infractor de varias conductas, a saber:  Impedimento para acceder a la información solicitada por el otorgante  Contratar sin consentimiento  Vulnerar el deber de secreto  Falta de seguridad El reclamante aporta copia de la siguiente documentación: Fotocopia del Documento Nacional de Identidad Copia del contrato de fecha 15/4/2015 y número ***CONTRATO.1 de cliente particular de telefonía móvil e"
e-00921-2016,2016,https://www.aepd.es/es/documento/e-00921-2016.pdf,https://web.archive.org/web/20220307211852id_/https://www.aepd.es/es/documento/e-00921-2016.pdf,"1/6 Expediente Nº: E/00921/2016 RESOLUCIÓN DE ARCHIVO DE ACTUACIONES De las actuaciones practicadas por la Agencia Española de Protección de Datos ante la  entidad SLEEP AND GO, S.L. en virtud de denuncia presentada por DÑA.  A.A.A., y teniendo  como base los siguientes HECHOS PRIMERO: En fecha 2 de febrero de 2016, tuvo entrada en la Agencia una notificación de  quiebra de seguridad realizada por la entidad SLEEP AND GO, S.L. (en lo sucesivo SLEEP AND  GO), detectada en la misma fecha por un departamento interno de la misma, la cual supuso la  quiebra de la confidencialidad de datos de tipo financiero (acceso no autorizado). Como medidas preventivas, informa SLEEP AND GO que está en fase de aplicación de  normativa PCI DSS, por lo que ya tenía implantadas una serie de medidas, como el cifrado de los  datos, entorno separado con Firewall y no accesible desde el exterior, escaneos de red  preventivos por proveedor certificado (las normas PCI DSS son unas normas de seguridad de la  información destinadas a proteger los datos de los titulares de las tarjetas bancarias). Como medidas reactivas, tras detectar que hay software malicioso en el servidor de base de  datos en el cual se almacenan los datos de las tarjetas de crédito, se procedió a la parada y  migración de los datos a otro servidor no infectado. Además, se advirtió que en el momento del  informe de la quiebra se estaba realizando un análisis forense sobre lo ocurrido en ese servidor. SEGUNDO: Con fecha 17 de febrero de 2016, tuvo entrada en esta Agencia escrito de DÑA.  A.A.A. (en lo sucesivo la denunciante) en el que denuncia a la entidad SLEEP AND GO (titular  de la web www.fnsrooms.com). En dicho escrito pone de manifiesto los hechos siguientes: <<Quiero manifestar mi denuncia hacía la empresa FNS Rooms, por vulnerar el derecho de no  proteger mi tarjeta bancaria. El pasado día 3 de Febrero recibí una notificación de la empresa FNS Rooms indicando que  unos hackers habían accedido a los datos bancarios de los clientes vulnerando los datos  bancarios de los que somos usuarios de la empresa FNS Rooms. Dice así dicha notificación: “Le escribimos para notificarle que hemos detectado un posible  ataque en uno de nuestros servidores y es posible que los datos de la tarjeta de crédito estén  afectados. … espero que impongan una sanción tanto a las personas involucradas en la comisión del delito,  cómo a la empresa correspondiente por “no adaptar las medidas de seguridad oportunas para  evitar la alteración, la pérdida o el acceso no autorizado...”. (…) Les dejo copia del mensaje recibido… “Estimado cliente, Somos FNS Rooms, una empresa proveedora de servicios tecnológicos a Hoteles. C/ Jorge Juan, 6 www.agpd.es 28001 – Madrid sedeagpd.gob.es 2/6 Le escribimos para notificarle que hemos detectado un posible ataque en uno de nuestros  servidores y es posible que sus datos de tarjeta de crédito estén afectados. Hemos seguido el protocolo recomendado en estos casos denunciando el caso a la Policía"
e-01119-2016,2016,https://www.aepd.es/documento/e-01119-2016.pdf,https://web.archive.org/web/20251124204450id_/https://www.aepd.es/documento/e-01119-2016.pdf,"1/5 Expediente Nº: E/01119/2016 RESOLUCIÓN DE ARCHIVO DE ACTUACIONES De las actuaciones practicadas por la Agencia Española de Protección de Datos ante la  entidad CONFORAMA ESPAÑA, S.A. en virtud de denuncia presentada por A.A.A. y teniendo  como base los siguientes HECHOS PRIMERO: Con fecha de 3 de febrero de 2016 tiene entrada, a través de su sede electrónica,  en esta Agencia una denuncia interpuesta por A.A.A., en adelante el denunciante, en la que  manifiesta que a día de hoy y desde el 26/06/2012, fecha en que compró un sofá-cama a dicha  empresa, viene recibiendo SMS publicitarios de CONFORAMA ESPAÑA, S.A. en su número  de teléfono particular y del trabajo, (***TEL.1 y ***TEL.2) datos de contacto facilitados para la  entrega del objeto comprado, pese a haber solicitado el 22/08/2013 y el 22/10/2015, la  cancelación de sus datos personales.  El 03/02/2016, se le requiere al denunciante número de las líneas receptoras de los SMS,  objeto de su denuncia, así como el nombre de la compañía con la que tenía contratado el  servicio telefónico, la fecha y hora de recepción, factura o contrato que acrediten la titularidad  de las líneas y en cuanto a la cancelación de sus datos copia de la documentación acreditativa  de su recepción por el destinatario (acuse de recibo o de lectura), las cabeceras asociadas a  ese mensaje y, en su caso, copia de la respuesta facilitada por el destinatario de la petición. Con fecha 15/03/2016 tiene entrada un nuevo escrito del denunciante en respuesta a la  solicitud de documentación adicional requerida el 03/02/2016 por el Subdirector General de  Inspección de Datos en el que manifiesta que su denuncia se centra en la línea particular  ***TEL.1 de la operadora PEPEPHONE, aportando imágenes del terminal con los mensajes  recibidos, no constando la hora de recepción. SEGUNDO: Tras la recepción de la denuncia la Subdirección General de Inspección de Datos  procedió a la realización de actuaciones previas de investigación para el esclarecimiento de los  hechos denunciados, teniendo conocimiento de los siguientes extremos: 1. El denunciante aporta impresiones de pantalla de dos mensajes recibidos en las fechas 14  de enero de 2016 y 22 de octubre de 2015. En ambos mensajes consta como remitente  “CONFORAMA”.  El mensaje de fecha 14 de enero contiene el siguiente texto: “PRECIOS DE COSTE en  más de 200 electrodomésticos y Tv Solo 15,16 y 17 de enero en tus tiendas y en  conforama.es desde el 14 de enero confom.com.....”. No contiene información del  procedimiento para solicitud de baja de publicidad. En la página web www.conforama.es no  consta un enlace directo para ejercer derecho de baja de publicidad. 2. Se ha requerido por la inspección de datos al operador PEPEMOBILE, S.L. la relación de  mensajes recibidor por la línea ***TEL.1 el día 14 de enero de 2016 en los que conste  como remitente CONFORAMA ESPAÑA, S.A., recibiéndose con fecha de entrada 22 de  abril de 2016 escrito de dicho operador informando de que en s"
e-01189-2016,2016,https://www.aepd.es/es/documento/e-01189-2016.pdf,https://web.archive.org/web/20220307211556id_/https://www.aepd.es/es/documento/e-01189-2016.pdf,"1/6 Expediente Nº: E/01189/2016 RESOLUCIÓN DE ARCHIVO DE ACTUACIONES De las actuaciones practicadas por la Agencia Española de Protección de Datos  ante la entidad VODAFONE ESPAÑA SAU en virtud de denuncia presentada por D.  A.A.A. y teniendo como base los siguientes: HECHOS PRIMERO: Con fecha 22 de enero de 2016, tuvo entrada en esta Agencia escrito de D.  A.A.A. (en lo sucesivo el denunciante) en el que denuncia a VODAFONE ESPAÑA SAU  por haber incluido sus datos personales en el fichero BADEXCUG, a pesar de haber  formulado reclamación ante la SETSI. SEGUNDO: Tras la recepción de la denuncia la Subdirección General de Inspección de  Datos procedió a la realización de actuaciones previas de investigación para el  esclarecimiento de los hechos denunciados, teniendo conocimiento de los siguientes  extremos: La empresa EXPERIAN BUREAU DE CREDITO, SA en su escrito de fecha de registro  9/5/2016 (número de registro 171587/2016) ha remitido información relativa al  denunciante de la que se desprende: - Respecto del fichero BADEXCUG:  No consta información a fecha 25/4/2016. - Respecto del fichero de NOTIFICACIONES:  Consta una notificación enviada al denunciante como consecuencia de la inclusión  de sus datos personales en el fichero BADEXCUG por la entidad VODAFONE  ESPAÑA SAU. La notificación fue emitida con fecha 6/1/2015, por deuda de 200,03  euros asociada al número de operación  B.B.B.. Consta una notificación enviada al denunciante como consecuencia de la inclusión  de sus datos personales en el fichero BADEXCUG por la entidad VODAFONE  ESPAÑA SAU. La notificación fue emitida con fecha 21/4/2015, por deuda de  228,17 euros asociada al número de operación  B.B.B.. - Respecto de fichero de ACTUALIZACIONES DE BADEXCUG.  Consta una operación impagada numerada  B.B.B. informada por VODAFONE  ESPAÑA SAU que: Se dio de alta el 4/1/2015 y de baja el 12/2/2015 según indica como consecuencia  del ejercicio del derecho de cancelación. Se dio de alta el 19/4/2015 y de baja el 26/4/2015 según indica como consecuencia  de un proceso automático semanal de actualización de datos. C/ Jorge Juan, 6 www.agpd.es 28001 – Madrid sedeagpd.gob.es 2/6 Respecto de los expedientes asociados al denunciante por el servicio de  protección al consumidor de BADEXCUG: Solicitud de cancelación del afectado fechada el 4/2/2015 que manifiesta recibida  por correo certificado el día 06/02/2015.   Respecto a la gestión del tramitación del ejercicio del derecho de cancelación,  indica que EXPERIAN BUREAU DE CREDITO, SA “realiza la tramitación de los  derechos de cancelación, rectificación y oposición a través de “eSPaCio 6”, que permite  trasladar a las entidades participantes en el fichero BADEXCUG las solicitudes de  ejercicio de estos derechos, por vía telemática. A tal efecto, el Servicio de Protección al  Consumidor abre un expediente, y coloca la solicitud de ejercicio de derechos,  previamente escaneada, en dicho expediente, a disposición sólo de la entidad que ha  aportado "
e-01202-2016,2016,https://www.aepd.es/documento/e-01202-2016.pdf,https://web.archive.org/web/20240702191905id_/https://www.aepd.es/documento/e-01202-2016.pdf,"1/6 Expediente Nº: E/01202/2016 RESOLUCIÓN DE ARCHIVO DE ACTUACIONES De las actuaciones practicadas por la Agencia Española de Protección de Datos ante la entidad IDFINANCE SPAIN SL en virtud de denuncia presentada por A.A.A. y teniendo como base los siguientes HECHOS PRIMERO: Con fecha 20 de enero de 2016, tuvo entrada en esta Agencia escrito de A.A.A. (en lo sucesivo el denunciante) con domicilio en calle (C/...1) (PONTEVEDRA) con NIF ***NIF.1 denuncia a IDFINANCE SPAIN SL por no poner en práctica las medidas de verificación y control suficientes para identificar fehacientemente a las personas en la contratación de los productos y servicios que comercializan y en consecuencia realizar la recogida y tratamiento de datos para el otorgamiento de préstamos sin informar, ni recabar consentimiento ni atender a los  principios de calidad y seguridad establecidos en la Normativa aplicable a la Protección de Datos Personales. El denunciante aporta copia de la siguiente documentación:  Solicitud del ejercicio del derecho de acceso ejercida por correo electrónico el 28/12/2015  Política de privacidad de la entidad denunciada extraída de su sitio web con referencia a la fecha 2/1/2016  Respuesta de la entidad denunciada al ejercicio del derecho de acceso dirigida por correo electrónico fechado el 7/1/2016 que incluye: o En el cuerpo del correo electrónico le facilitan al denunciante los siguientes datos personales: Nombre completo del cliente: A.A.A.   DNI: ***NIF.1   Solicitud de crédito realizada: DD/MM/AA   Dirección: CASTELLÓN DE LA PLANA, (C/...2)  Fecha de solicitud de préstamo: DD/MM/AA   Fecha acordada de vencimiento: DD1/MM1/AA1   Cantidad solicitada: 300€   Recibida el 30/10/2015 a la cuenta bancaria: ***CCC.1   A devolver en: 30 días  Cantidad a devolver: 390€   Deuda actual 07/01/2016): 642€   Datos de contacto ofrecidos para el fin de la comunicación con la empresa por el cliente: 1) Móvil: ***TEL.1. 2) Fijo: ***TEL.2, 3) Oficina: ***TEL.3 (DYM PROPERTY SL.) o DNI del denunciante C/ Jorge Juan, 6 www.agpd.es 28001 – Madrid sedeagpd.gob.es 2/6 o “Escaneado de la nómina”, consistente en un extracto de fecha 16/10/2015 (fecha de operación 2/10/2015) con membrete de la entidad ING DIRECT y referencia “Nómina recibida” en el que figura como titular y beneficiario el denunciante, y como ordenante “PROMOGROUP ECONSA S.L.” o Contrato de préstamo no firmado en el que como prestamista figura la entidad denunciada, como prestatario el denunciante (con nombre, apellidos y DNI como únicos datos personales que según expone el denunciante se ajustan a la realidad), como fecha de contratación DD/MM/AA y como fecha de vencimiento 28/11/2015.  Informe de vida laboral del denunciante fechado el 8/1/2016 en el que no figuran las entidades “PROMOGROUP ECONSA S.L.” y “DYM PROPERTY SL”.  Fotocopia del Documento Nacional de Identidad. SEGUNDO: Tras la recepción de la denuncia la Subdirección General de Inspección de Datos procedió a la realización de  actuacione"
e-01225-2016,2016,https://www.aepd.es/documento/e-01225-2016.pdf,https://web.archive.org/web/20240626085405id_/https://www.aepd.es/documento/e-01225-2016.pdf,"1/6 Expediente Nº: E/01225/2016 RESOLUCIÓN DE ARCHIVO DE ACTUACIONES De las actuaciones practicadas por la Agencia Española de Protección de Datos  ante CIUDADANOS PARTIDO DE LA CIUDADANIA, en virtud de denuncia presentada  por Don A.A.A., y teniendo como base los siguientes HECHOS PRIMERO: Con fecha 24 de febrero de 2016, tuvo entrada en esta Agencia escrito  remitido por Don A.A.A. en el que se pone de manifiesto los siguientes hechos:  En fecha 3 de noviembre de 2015, el denunciante ha recibido en su dirección de  correo electrónico ....@.... un correo remitido desde ....@hotmail.com en el que se  adjunta un fichero en formato EXCEL que contiene datos personales de afiliados al  partido de CIUDADANOS, entre los que se encuentran datos del denunciante. El denunciante manifiesta que Doña B.B.B. es ***CARGO.1 del partido de  CIUDADANOS en Ibiza. Adjunto a la denuncia se ha aportado la siguiente documentación:  Copia del correo, de fecha 3 de noviembre de 2015, donde figura el asunto  LISTA DE AFILIADOS junto con impresión de un fichero con los datos  personales de: nombre y apellidos, DNI, teléfono móvil, teléfono fijo, dirección de  email, municipio, Cargos y Observaciones de aproximadamente 103 afiliados.  SEGUNDO: Tras la recepción de la denuncia la Subdirección General de Inspección de  Datos procedió a la realización de  actuaciones previas de investigación para el  esclarecimiento de los hechos denunciados, teniendo conocimiento de los siguientes  extremos: Con fecha 29 de marzo de 2016 se ha solicitado información al partido CIUDADANOS y  de la respuesta recibida, en fecha 13 de abril de 2016, se desprende:  1. CIUDADANOS manifiesta que en la fecha de remisión del correo electrónico Doña  B.B.B. ostentaba el cargo de ***CARGO.1 de la Agrupación de CIUDADANOS en  Ibiza-Formentera y era la titular de la dirección de correo ....@hotmail.com. Asimismo manifiesta que el denunciante Don A.A.A. era el Coordinador del esta  misma formación.  A este respecto, en el fichero adjunto al correo aportado por el denunciante figuran  los datos personales de Doña B.B.B., como ***CARGO.1, con la dirección de correo  ....@hotmail.com y Don A.A.A. como Coordinador con la dirección de correo  ....@..... C/ Jorge Juan, 6 www.agpd.es 28001 – Madrid sedeagpd.gob.es 2/6 2. CIUDADANOS manifiesta que únicamente los cargos de ***CARGO.1 y  ***CARGO.2  tienen acceso directo a la base de datos de afiliados y simpatizantes  de su Agrupación, siendo el ***CARGO.2 el único que puede expandir desde la base  de datos cualquier comunicación a los afiliados, ya que el ***CARGO.2 tiene acceso  a la zona web que permite remitir información a los afiliados censados de la  Agrupación. 3. CIUDADANOS manifiesta que el correo remitido desde ....@hotmail.com  corresponde a un correo remitido por el ***CARGO.1 al ***CARGO.2 de la  Agrupación, no existiendo difusión alguna, ya que ambos están facultados  estatutariamente por el partido para conocer los datos de los afiliados.  4. Resp"
e-01567-2016,2016,https://www.aepd.es/documento/e-01567-2016.pdf,https://web.archive.org/web/20251113180315id_/https://www.aepd.es/documento/e-01567-2016.pdf,"1/2 Expediente Nº: E/01567/2016 RESOLUCIÓN DE ARCHIVO DE ACTUACIONES De las actuaciones practicadas por la Agencia Española de Protección de Datos ante la  entidad  MEDINA CUADROS Y ASOCIADOS, S.L.. en virtud de denuncia presentada por  C.C.C. y teniendo como base los siguientes HECHOS PRIMERO: Con fecha de 23 de febrero de 2016 tiene entrada en esta Agencia un escrito de  B.B.B. en representación de  C.C.C. en el que declara que se reciben cartas sin fechar a  nombre de  C.C.C. con contenido amenazante derivados de la reclamación de una deuda de  286.44 € contraída con Movistar y remitidas por el despacho de abogados Medina Cuadros y  Asociados. SEGUNDO: Tras la recepción de la denuncia la Subdirección General de Inspección de Datos  procedió a la realización de actuaciones previas de investigación para el esclarecimiento de los  hechos denunciados, teniendo conocimiento de los siguientes extremos: De las actuaciones de inspección realizadas se ha tenido conocimiento que D.  C.C.C. falleció  el DD/MM/AA. FUNDAMENTOS DE DERECHO I Es competente para resolver el Director de la Agencia Española de Protección de  Datos, conforme a lo establecido en el artículo 37.d) en relación con el artículo 36, ambos de la  Ley Orgánica 15/1999, de 13 de diciembre, de Protección de Datos de Carácter Personal (en lo  sucesivo LOPD). II De las actuaciones de inspección realizadas se ha tenido conocimiento que el  denunciante  C.C.C. falleció el DD/MM/AA, en este sentido señalar que la Agencia Española de  Protección de Datos en su informe, de 23 de mayo de 2003, a la luz de lo señalado en la STC  292/2000, de 30 de noviembre, señaló que “si el derecho fundamental a la protección de datos  ha de ser considerado como el derecho del individuo a decidir sobre la posibilidad de que un  tercero pueda conocer y tratar la información que le es propia, lo que se traduce en la  prestación de su consentimiento al tratamiento, en el deber de ser informado y en el ejercicio  por el afectado de sus derechos de acceso, rectificación, cancelación y oposición, es evidente  que dicho derecho desaparece por la muerte de las personas, por lo que los tratamientos de  datos de personas fallecidas no podrían considerarse comprendidos dentro del ámbito de  aplicación de la Ley Orgánica 15/1999”.  Dicha argumentación fue recogida, asimismo, en diversas resoluciones de la Agencia.  Así, en la resolución de 23 de mayo de 2006, se reproduce la motivación que acaba de  señalarse. Igualmente, en resolución de 12 de junio de 2007, se recoge que “la LOPD tiene por  objeto garantizar y proteger, en lo que concierne al tratamiento de los datos personales, las  libertades públicas y los derechos fundamentales de las personas físicas, y especialmente de  su honor e intimidad personal y familiar, según dispone el artículo 1. En consecuencia, a tenor  de lo dispuesto en el artículo 32 del Código Civil, que dispone que la personalidad civil  C/ Jorge Juan, 6 www.agpd.es 28001 – Madrid sedeagpd.gob.es 2/2"
e-02116-2016,2016,https://www.aepd.es/documento/e-02116-2016.pdf,https://web.archive.org/web/20251113163816id_/https://www.aepd.es/documento/e-02116-2016.pdf,"1/9 Expediente Nº: E/02116/2016 RESOLUCIÓN DE ARCHIVO DE ACTUACIONES De las actuaciones practicadas [de oficio] por la Agencia Española de Protección  de Datos ante la  UNIVERSIDAD AUTONOMA DE MADRID en virtud de denuncia  presentada por D.  B.B.B. y teniendo como base los siguientes HECHOS PRIMERO: Con fecha de 26 de febrero de 2016 tuvo entrada en esta Agencia un escrito  de D.  B.B.B. en el que denuncia a la Universidad Autónoma de Madrid ( en lo  sucesivo UAM), en base a que el Servicio Interdepartamental de Investigación –SIDI-, ha  implantado un sistema de control de presencia basado en la huella digital., que no ha  sido notificado a los representantes de los trabajadores de manera oficial ni se les ha  facilitado información al respecto. Según manifiesta, parece ser que los trabajadores han sido informados de manera  indebida, dado que no se les ha informado de las repercusiones disciplinarias de la  negativa al uso de dicho sistema de control. SEGUNDO: Tras la recepción de la denuncia la Subdirección General de Inspección de  Datos procedió a la realización de  actuaciones previas de investigación para el  esclarecimiento de los hechos denunciados, teniendo conocimiento de los siguientes  extremos: Con fecha 11 de mayo de 2016, la Universidad Autónoma de Madrid ha remitido a esta  Agencia la siguiente información en relación con los hechos denunciados: 1. El Servicio Interdepartamental de Investigación –SIDI-, es una infraestructura de  investigación de la Universidad Autónoma de Madrid (UAM) y dispone de unas  instalaciones con acceso contralado situadas en la Facultad de Ciencias. 2. En relación con el procedimiento por el que se ha informado a los trabajadores  de la implantación del sistema de control de presencia basado en la huella  digital, se envió información por correo electrónico a los trabajadores y usuarios  del SIDI, sobre la instalación del sistema, su uso y finalidad. Aportan copia del correo electrónico remitido por el Director del SIDI, con fecha 4  de diciembre de 2015,  a Lista del SIDI (....@uam.es) sobre  la implantación del  citado sistema desde el 15 de diciembre de 2015, en el que se informa, entre  otros extremos, de que:  El sistema cumplirá la función de Control de Acceso a través de huella  dactilar, que permitirá, además de la identificación inequívoca de cada  uno, el registro de la hora de entrada y salida del personal contratado. C/ Jorge Juan, 6 www.agpd.es 28001 – Madrid sedeagpd.gob.es 2/9  Además el control de usuarios se realizara mediante una tarjeta que  permitirá: Control de Asistencia, Solicitudes de Permisos, Solicitudes de  Moscosos  y Vacaciones, Control de usuarios 3. Así mismo, aportan copia de los siguientes correos electrónicos remitidos, al  igual que el anterior, por el  Director de SIDI, a la Lista del SIDI:  De fecha 16 de diciembre de 2015: En el que se recuerda que los  trabajadores deben pasar por administración para el registro de la huella, ya  que desde el viernes dejaran de t"
e-02202-2016,2016,http://www.aepd.es/documento/e-02202-2016.pdf,https://web.archive.org/web/20221005064830id_/http://www.aepd.es/documento/e-02202-2016.pdf,"1/22 Expediente Nº: E/02202/2016 RESOLUCIÓN DE ARCHIVO DE ACTUACIONES De las actuaciones practicadas por la Agencia Española de Protección de Datos ante la  entidad  KREDITECH SPAIN, S.L.  en virtud de denuncia  presentada por  DER  HAMBURGISCHE BEAUFTRAGTE FUR DATENSCHUTZ UND INFORMATIONSFREIHEIT y  teniendo como base los siguientes HECHOS PRIMERO:  Con fecha de 20 de enero de 2016 tiene entrada en esta Agencia un escrito de DER  HAMBURGISCHE BEAUFTRAGTE FUR DATENSCHUTZ UND INFORMATIONSFREIHEIT,  autoridad de protección de datos de Hamburgo, en el que declara:  El Comisionado de Protección de Datos y Libertad de Información de Hamburgo está  llevando a cabo actualmente una investigación contra KREDITECH HOLDING SSL  GMBH, cuya sede se encuentra en Alemania. El Grupo KREDITECH ofrece a los  consumidores préstamos a través de varios sitios web nacionales. Dichos sitios web  están todos administrados fuera de Alemania. El método de aprobación de créditos de  KREDITECH se basa en procesos de puntuación totalmente automatizados. Durante el  proceso de solicitud de crédito en línea, los clientes proporcionan a KREDITECH sus  datos personales relevantes subiendo documentos al sitio web y dan su consentimiento  a una serie de recopilaciones de datos (p. ej. por parte de agencias de solicitud de  crédito accesibles por Internet). El modelo de negocio, así como su implementación, suscitan objeciones por varios  motivos. En concreto, no parece cumplir numerosos requisitos de la legislación europea  relativa a la protección de datos. La estructura organizativa del Grupo KREDITECH nos dificulta la persecución de estas  infracciones. El motivo es que solo KREDITECH Holding, como empresa matriz, tiene  su sede en Alemania, mientras que el negocio de KREDITECH se desarrolla en los  distintos países a cargo de las empresas filiales locales. Una de estas filiales es  KREDITO24 SPAIN, S.L., sita en la (C/...1) Barcelona. De acuerdo con la información  de la que disponemos, KREDITO24 SPAIN debe considerarse el responsable del  tratamiento de los datos. Supuestamente, el holding alemán KREDITECH solo procesa  los datos de los clientes en nombre de estos responsables del tratamiento de los datos. Según la legislación europea, ustedes son la autoridad de protección de datos  responsable que debe ocuparse del tratamiento de datos llevado a cabo por  KREDITO24 SPAIN. Le ofrecemos a continuación nuestra evaluación a fin de que  puedan tomar las medidas necesarias. Observamos principalmente lo siguiente: 1. Recopilación extensa de datos Para preparar la aprobación del crédito, las empresas filiales de KREDITECH recopilan  un amplio abanico de datos de carácter personal que se inmiscuyen de lleno en la  intimidad de sus clientes. C/ Jorge Juan, 6 www.agpd.es 28001 – Madrid sedeagpd.gob.es 2/22 Además de la información proporcionada por el solicitante, utilizan datos que se hallan  a disposición pública en Internet. También analizan el comportamiento del solicitante al  nav"
e-02596-2016,2016,https://www.aepd.es/documento/e-02596-2016.pdf,https://web.archive.org/web/20231001014920id_/https://www.aepd.es/documento/e-02596-2016.pdf,"1/7 Expediente Nº: E/02596/2016 RESOLUCIÓN DE ARCHIVO DE ACTUACIONES De las actuaciones practicadas por la Agencia Española de Protección de Datos  ante el Hospital General Juan Cardona, en virtud de denuncia presentada por Don  A.A.A., y teniendo como base los siguientes HECHOS PRIMERO: Con fecha 29 de abril de 2016, tuvo entrada en esta Agencia un  escrito remitido por Don  A.A.A., en el que denuncia que con motivo de sus ingresos  hospitalarios, de fechas 15 y 24 de abril  de 2016, en el Hospital General Juan Cardona  (Ferrol-A Coruña), solicitó una copia de su historial médico, comunicándole que debía  abonar 12€ por la entrega de la copia del historial y de las pruebas. Asimismo, adjunta documento con las tarifas aplicables en el caso de solicitud de  placas o CD con imágenes radiológicas. SEGUNDO: Tras la recepción de la denuncia la Subdirección General de Inspección de  Datos procedió a la realización de  actuaciones previas de investigación para el  esclarecimiento de los hechos denunciados, teniendo conocimiento de los siguientes  extremos: 1. Con fecha 22 de julio de 2016, tiene entrada en esta Agencia un escrito del Hospital  Juan Cardona, en el que pone de manifiesto que: 1.1. Cuando un paciente solicita el acceso a su historia clínica se le informa de: - La existencia de la posibilidad de poder realizar el acceso a su Historia  Clínica, a través de visualización de la misma, y de modo gratuito, en una  reunión programada con la Dirección del Centro. - Si solicita copia de uno o varios documentos de la misma, se entregan de  forma gratuita y en el mismo momento de la solicitud, cualquier informe  médico de ingreso, alta, pruebas diagnósticas, etc. Independientemente del  número de hojas y del número de informes solicitados. - En caso de que solicite copia de placas radiológicas, CD de imágenes  radiológicas o copia en papel del historial completo, se informa al paciente  de los costes asociados a través de la entrega de un documento y que éste  debe firmar aceptando las tarifas. FUNDAMENTOS DE DERECHO I Es competente para resolver la Directora de la Agencia Española de Protección  C/ Jorge Juan, 6 www.agpd.es 28001 – Madrid sedeagpd.gob.es 2/7 de Datos, conforme a lo establecido en el artículo 37.d) en relación con el artículo 36,  ambos de la Ley Orgánica 15/1999, de 13 de diciembre, de Protección de Datos de  Carácter Personal (en lo sucesivo LOPD). II El artículo 15 de la LOPD en relación con el derecho de acceso establece que:  “1.- El interesado tendrá derecho a solicitar y obtener gratuitamente información  de sus datos de carácter personal sometidos a tratamiento, el origen de dichos datos,  así como las comunicaciones realizadas o que se prevén hacer de los mismos. 2.- La información podrá obtenerse mediante la mera consulta de los datos por  medio de su visualización, o la indicación de los datos que son objeto de tratamiento  mediante escrito, copia, telecopia o fotocopia, certificada o no, en forma legible e  inteligible, s"
e-02641-2016,2016,https://www.aepd.es/es/documento/e-02641-2016.pdf,https://web.archive.org/web/20220307211406id_/https://www.aepd.es/es/documento/e-02641-2016.pdf,"1/6 Expediente Nº: E/02641/2016 RESOLUCIÓN DE ARCHIVO DE ACTUACIONES De las actuaciones practicadas por la Agencia Española de Protección de Datos  ante la entidad VODAFONE ESPAÑA SAU en virtud de denuncia presentada por D.  B.B.B. y teniendo como base los siguientes: HECHOS PRIMERO: Con fecha 19 de abril de 2016, tuvo entrada en esta Agencia escrito de D.  B.B.B. (en lo sucesivo el denunciante) en el que denuncia a VODAFONE ESPAÑA SAU  por suplantación de identidad en la contratación de una línea telefónica. SEGUNDO: Tras la recepción de la denuncia la Subdirección General de Inspección de  Datos procedió a la realización de actuaciones previas de investigación para el  esclarecimiento de los hechos denunciados, teniendo conocimiento de los siguientes  extremos: La empresa VODAFONE ESPAÑA SAU en su escrito de fecha de registro  20/6/2016 (número de registro *****/2016) ha remitido información relativa al denunciante  de la que se desprende:  Respecto de los datos personales del denunciante que constan en los sistemas. Consta nombre, apellidos y NIF del denunciante. También consta, un número de  cuenta bancaria. Figura como domicilio la dirección que el denunciante  manifiesta que no le corresponde ( A.A.A.).   Respecto de los productos que constan de alta a su nombre: Sólo consta un servicio asociado al denunciante, en concreto la línea  C.C.C.. La  contratación del mismo se formalizó telefónicamente. El alta se produjo el  30/3/2015 y la baja el 21/4/2015. Aporta copia de la grabación, realizada según se indica en la misma con fecha  26/3/2015, refiere el proceso de verificación de VODAFONE ESPAÑA SAU en el  que: o La agente comercial informa de que el código de solicitud es *****. o El interlocutor responde afirmativamente cuando el agente comercial le  solicita que confirme:   Que los datos de nombre, apellidos, DNI (los del denunciante),  domicilio (la dirección que el denunciante manifiesta que no le  corresponde). C/ Jorge Juan, 6 www.agpd.es 28001 – Madrid sedeagpd.gob.es 2/6  Que es titular de la línea  D.D.D. que se va a migrar a  VODAFONE ESPAÑA SAU.  Que acepta las condiciones de contratación. En su escrito de respuesta señala que la entidad que presta el servicio de  verificación a VODAFONE ESPAÑA SAU es “Digitel Documentos, S.L. sita en la  (C/...1) de Valladolid, siendo su CIF el *****”.  Respecto de las comunicaciones y contactos que han existido entre esa entidad  y el cliente, aportan la siguiente información:   Imágenes extraídas de sus sistemas de información, que aluden al “Caso  ***CASO.1”, que registra las interacciones con la OMIC del Ayuntamiento de La  Solana. Adjunta el escrito remitido por VODAFONE ESPAÑA SAU a la OMIC del  Ayuntamiento de La Solana fechado a 4/4/2016.   Manifiesta que se han emitido dos facturas a nombre del denunciante por la línea  C.C.C.: o Factura de fecha de emisión 1/4/2015 y número ***FACTURA.1 por  importe de 20,22 euros que ha sido abonada. o Factura de fecha de emisión 1/5/2015 y númer"
e-02659-2016,2016,https://www.aepd.es/documento/e-02659-2016.pdf,https://web.archive.org/web/20251113165206id_/https://www.aepd.es/documento/e-02659-2016.pdf,"1/6 Expediente Nº: E/02659/2016 RESOLUCIÓN DE ARCHIVO DE ACTUACIONES De las actuaciones practicadas por la Agencia Española de Protección de Datos  ante el HOSPITAL UNIVERSITARIOY POLITECNICO LA FE, en virtud de denuncia  presentada por Don A.A.A., y teniendo como base los siguientes HECHOS PRIMERO: Con fecha 6 de mayo de 2016, tuvo entrada en esta Agencia un escrito  remitido por  Don A.A.A. en el que denuncia a Don B.B.B., que trabaja como Jefe de  Sección en el Hospital La Fe. Expone lo siguiente: El denunciante suscribió contrato de arrendamiento con la esposa del  denunciado (B.B.B.), con fecha de 4 de julio de 2009, y con fecha de 14 de julio de 2015  se procedió a la resolución del contrato. Durante dicho periodo de tiempo se producen  problemas entre el denunciante y el arrendador. El 4 de abril y el 10 de octubre de 2014 el denunciante fue objeto de intervención  quirúrgica en el Hospital Universitario y Politécnico La Fe de Valencia (en adelante  Hospital La Fe) en el que trabaja el denunciado como Jefe de Sección de traumatología. Que el denunciante tiene conocimiento de que los días 27 de abril y 25 de mayo  de 2015 se producen accesos por parte del denunciado a sus datos personales a los  ficheros del hospital que considera que es una intromisión ilícita y falta de  confidencialidad en el tratamiento de sus datos personales. Que el día 1 de junio de 2015 el denunciado accede a la historia clínica de la  madre del denunciante (C.C.C.) lo que supone una reiteración en la conducta  continuada de agresión a la intimidad del denunciante y sus familiares. Que según el denunciante los hechos tuvieron lugar: en el periodo comprendido  entre el 27 de abril y el 1 de junio de 2015. Con el escrito de denuncia se aporta, entre otros, la siguiente documentación:  Contrato de arrendamiento de vivienda suscrito entre el denunciante y la  arrendadora con fecha de 4 de julio de 2009. Diversa documentación intercambiada  entre la arrendadora y el arrendatario.  Relación de accesos a la historia clínica del denunciante nº ***NÚM.1, desde enero  de 2013 hasta mayo 2015, del Hospital La Fe en el que constan, entre otros, los  siguientes: Persona que accede: denunciado  Cargo profesional: Jefe de sección de trauma Fecha de acceso: 27/04/2015 12:35 Persona que accede: denunciado Cargo profesional: Jefe de sección de trauma Fecha de acceso: 25/05/2015 08:51  Relación de accesos a la historia clínica nº ***NÚM.2 (madre del denunciante),  desde octubre de 2010 hasta enero de 2016, del Hospital La Fe en el que consta,  entre otros, lo siguiente: C/ Jorge Juan, 6 www.agpd.es 28001 – Madrid sedeagpd.gob.es 2/6 Persona que accede: denunciado Cargo profesional: Jefe de sección de trauma Fecha acceso: 01/06/2015 08:38 SEGUNDO: Tras la recepción de la denuncia la Subdirección General de Inspección de  Datos procedió a la realización de  actuaciones previas de investigación para el  esclarecimiento de los hechos denunciados, teniendo conocimiento de los siguientes"
e-02670-2016,2016,https://www.aepd.es/documento/e-02670-2016.pdf,https://web.archive.org/web/20251113175348id_/https://www.aepd.es/documento/e-02670-2016.pdf,"1/10 Expediente Nº: E/02670/2016 RESOLUCIÓN DE ARCHIVO DE ACTUACIONES De las actuaciones practicadas por la Agencia Española de Protección de Datos  ante la entidad GRUPO ATICO34, S.L., en virtud de denuncia presentada por Doña  E.E.E., y teniendo como base los siguientes HECHOS PRIMERO: Con fecha 2 de mayo de 2016, tuvo entrada en esta Agencia un escrito  remitido por Doña  E.E.E., en el que expone lo siguiente:  Que es abogada y se dedica a asesorar en materia de protección de datos y que  unos clientes habían recibido una carta en la que se instaba a que se adaptaran a la Ley  Orgánica 15/1999. Añade que dicha carta imita a una resolución administrativa y pretende tener  sello de salida y registro electrónico. En ella se sugiere que su cliente, M5 LEGAL, S.L.,  llame a un teléfono o visite una página web; que el formato del documento adopta  una  estructura similar a la de la Agencia Española de Protección de Datos (AEPD), y  pretende hacerse pasar por una Administración Pública, en el sello de salida figura  ADMON Nº1 DE MADRID, por lo que, a su criterio, podría tratarse incluso de un ilícito  penal. Que según la denunciante tuvieron lugar los hechos a fecha de: ABRIL 2016. Se adjunta con el escrito de denuncia un documento, no consta destinatario, con  el siguiente formato y contenido: En el encabezamiento sello en cuyo interior consta: <<ADMON Nº 1 MADRID Salida 628201 N. ********* 26/04/16 12:52:31 Orig: SPDG******>> A continuación, en un recuadro: <<Cualquier trámite relacionado con esta comunicación se podrá efectuar en la  siguiente dirección: SEDE ELECTRÓNICA Tlf.:  G.G.G.   Web: www.leylopd.es NOTIFICACIÓN INFORMATIVA>> En el cuerpo de la carta figura el texto: <<“OBLIGACION DE LA INSCRIPCION DE FICHEROS EN EL REGISTRO DE  ENTIDADES PRIVADAS DE LA AGENCIA ESPAÑOLA DE PROTECCIÓN DE DATOS. C/ Jorge Juan, 6 www.agpd.es 28001 – Madrid sedeagpd.gob.es 2/10 A propuesta del Departamento Jurídico de Protección de Datos, ha acordado en  virtud de las informaciones que figuran en los artículos 60 y 61 del Reglamento de  desarrollo de la Ley Orgánica 15/1999, aprobado por Real Decreto 1720/2007, y el  artículo 12.2.a del Real Decreto 428/1993, vigente de conformidad con lo dispuesto en  la Disposición Transitoria Tercera de la citada Ley Orgánica 15/1999, proceder a  recomendarle el/los siguiente/s procedimiento/s: Inscripción/es en el Registro General de Protección de Datos correspondiente/s  al/los fichero/s en el/los que figurando como responsable (tachado),con domicilio  (tachado) representante:  (tachado). Las inscripciones en el Registro General de Protección de Datos únicamente  acreditan que se ha cumplido con la obligación de notificación dispuesta en la Ley  Orgánica 15/1999, sin que de esta anotación se pueda desprender el cumplimiento por  parte del responsable del fichero del resto de las obligaciones previstas en dicha Ley y  demás disposiciones reglamentarias (estas obligaciones se pueden consultar en  www.leylopd.es). De conformi"
e-02672-2016,2016,https://www.aepd.es/documento/e-02672-2016.pdf,https://web.archive.org/web/20240703171027id_/https://www.aepd.es/documento/e-02672-2016.pdf,"1/7 Expediente Nº: E/02672/2016 RESOLUCIÓN DE ARCHIVO DE ACTUACIONES De las actuaciones practicadas por la Agencia Española de Protección de Datos  ante la entidad ASOCIACION COMERCIANTES VARA DEL REY Y ADYACENTES  (ACOVARA) en virtud de denuncia presentada por Dña.  A.A.A. y teniendo como base  los siguientes, HECHOS PRIMERO: Con fecha 6 de mayo de 2016, tuvo entrada en esta Agencia escrito de Dña.  A.A.A.  (en lo sucesivo la denunciante) en el que manifiesta que la ASOCIACION  COMERCIANTES VARA DEL REY Y ADYACENTES (ACOVARA,) en lo sucesivo  ACOVARA está realizando un sorteo entre los clientes que compran en los  establecimientos de los socios y que para participar en el sorteo hay que cumplimentar  un boleto donde se recogen datos personales del participante. Una vez realizado el sorteo se facilitan los datos a los socios para enviar publicidad a los  clientes y en el boleto no figura donde poder dirigirse para darse de baja u oponerse al  registro de los datos. ACOVARA tiene inscritos en el Registro General de Protección de Datos tres ficheros  pero ninguno de ellos de clientes o participantes en sorteos. Adjunta a su denuncia copia de un boleto con el siguiente contenido: “AcovarA Sorteo de Primavera Comprando en los comercios asociados: el sorteo se celebrará el 11 de mayo de 2016  Se debe cumplimentar: Nombre, domicilio, teléfono y comercio.” También, aporta cartel: AcovarA Sorteo de Primavera en el que se detalla los comercios  participantes. SEGUNDO: Tras la recepción de la denuncia la Subdirección General de Inspección de  Datos procedió a la realización de  actuaciones previas de investigación para el  esclarecimiento de los hechos denunciados, teniendo conocimiento de los siguientes  extremos conforme al informe de actuaciones de inspección E/02672/2016 que se  transcribe:  “La Asociación AcovarA ha informado a la Inspección de Datos en relación con el Sorteo  de Primavera lo siguiente: Los clientes de los establecimientos asociados reciben, en el momento de sus compras,  un número variable de “boletos” que voluntariamente cumplimentan y depositan en las  “cajas” o “buzones” que se encuentran en los establecimientos, en las que figura una  leyenda con información sobre el tratamiento de los datos personales recogidos. C/ Jorge Juan, 6 www.agpd.es 28001 – Madrid sedeagpd.gob.es 2/7 El día del sorteo se recogen todas las cajas y se deposita su contenido en una mesa y  se extraen quince boletos al azar, una vez puestos en contacto con los agraciados, los  boletos se recogen en una caja y son destruidos (incinerados). Por lo que los boletos se utilizan exclusivamente para el sorteo y no se incorporan a  ningún fichero manual o informatizado una vez realizado el sorteo, la mayoría de los  asociados son comercios de pequeña entidad y la actividad está subvencionada por el  Ayuntamiento de Logroño. Ni la asociación ni los socios han realizado comunicaciones  publicitarias a las personas que han participado en el sorteo. No les consta que la "
e-02691-2016,2016,https://www.aepd.es/documento/e-02691-2016.pdf,https://web.archive.org/web/20251124075817id_/https://www.aepd.es/documento/e-02691-2016.pdf,"1/7 Expediente Nº: E/02691/2016 RESOLUCIÓN DE ARCHIVO DE ACTUACIONES                 De las actuaciones practicadas por la Agencia Española de Protección de Datos ante la entidad CHRONOS STRATEGIES S.A., en virtud de la denuncia presentada por D.  B.B.B. y en consideración a los siguientes  HECHOS PRIMERO: Con fecha 20/04/2016 tiene entrada en la Agencia Española de Protección de Datos (AEPD) un escrito de D.  B.B.B. (en lo sucesivo, el denunciante) en el que expone que CHRONOS STRATEGIES S.A., (en lo sucesivo, CHRONOS o la denunciada), entidad con la que no mantiene ni ha mantenido relación contractual alguna, ha efectuado un cargo en fecha 23/02/2016 en una cuenta bancaria de su titularidad en la entidad financiera BANKIA, por importe de 24 euros, correspondiente a un préstamo identificado con el número  F.F.F.. Aporta copia de un documento de fecha 03/03/2016 en el que solicita a BANKIA la devolución del adeudo.        Con posterioridad, en fechas 29/06/2016 y 13/09/2016, se recibieron en la AEPD sendos escritos del denunciante en los que alude a la recepción en su domicilio, mediante correo postal de fecha 14/06/2016, de una carta remitida por ESPAND ABOGADOS reclamándole en nombre de CHRONOS una deuda pendiente de 6.516,43 euros y menciona la llamada telefónica recibida el 06/09/2016 exigiéndole el pago de una deuda con CHRONOS. El denunciante presentó nuevos escritos en la AEPD, en los que reitera los hechos expuestos, en fechas 29/08/2017 y 13/06/2018.                          El denunciante solicita a la AEPD la apertura de un expediente sancionador contra CHRONOS, ESPAND ABOGADOS y contra la persona o personas que les han facilitado sus datos.              Aporta copia de los documentos siguientes:  - El  recibo de adeudo por domiciliación de 24 euros contra una cuenta de BANKIA, en el que figura como titular D.ª N.N.N.., expedido por CHRONOS por el concepto “Recibo préstamo  F.F.F.”. En este documento figura el número  G.G.G.. - Documento de BANKIA referente a la solicitud de devolución del recibo “con clave de identificación interna  G.G.G.” correspondiente al préstamo  F.F.F. siendo el emisor del recibo la entidad denunciada. En el documento se indica que el “Mandato (orden de domiciliación)” es el número  G.G.G. y como “Tipo de adeudo” consta “periódico”.  - Carta dirigida al denunciante y remitida por ESPAND ABOGADOS con fecha de 08/06/2016, reclamándole en nombre de su cliente, CHRONOS, una deuda de 6.516,43 euros.  C/ Jorge Juan, 6 www.agpd.es 28001 – Madrid sedeagpd.gob.es 2/7 SEGUNDO: Tras la recepción de la denuncia la Subdirección General de Inspección de Datos procedió a realizar actuaciones previas de investigación para el esclarecimiento de los hechos  teniendo conocimiento de los siguientes extremos que se reflejan en el Informe de Actuaciones de Investigación que reproducimos:  <<RESULTADO DE LAS ACTUACIONES DE INVESTIGACIÓN En virtud del Contrato de Prestación de Servicios de fecha 18 de diciembre de 2014, SAVIA ASSET MA"
e-02771-2016,2016,https://www.aepd.es/documento/e-02771-2016.pdf,https://web.archive.org/web/20240617203136id_/https://www.aepd.es/documento/e-02771-2016.pdf,"1/12 Expediente Nº: E/02771/2016 RESOLUCIÓN DE ARCHIVO DE ACTUACIONES De las actuaciones practicadas por la Agencia Española de Protección de Datos ante  la JUNTA DE COMPENSACIÓN ""XXXXX"", TRABLISA S.A en virtud de denuncia  presentada por DEFENSA CIUDADANA ACTIVA y teniendo como base los siguientes HECHOS PRIMERO: Fecha de entrada de la denuncia: 6 de mayo y 1 de junio de 2016  Denunciante: DEFENSA CIUDADANA ACTIVA Denuncia a:  ASOCIACIÓN DE VECINOS XXXXX JUNTA DE COMPENSACIÓN ""XXXXX"" Por los siguientes hechos según manifestaciones del denunciante:  DEFENSA CIUDADANA ACTIVA (en adelante el denunciante) ha comunicado posible infracción a  la Ley Orgánica 15/1999 motivada por la existencia de un sistema de cámaras instaladas en  URBANIZACIÓN XXXXX sita en el término municipal de ***MUNICIPIO.1 (CÁDIZ) cuyo responsable  es la JUNTA DE COMPENSACIÓN XXXXX PLAYA SECTOR ******** con (en adelante el  denunciado). En los citados escritos el denunciante manifiesta: ""la instalación de cámaras de videovigilancia en  la garita de seguridad sita en (C/...1), sin que se informe sobre el responsable de las mismas. El  sistema capta imágenes de vehículos y personas que acceden a los accesos a la citada  Urbanización, además de Hoteles, establecimientos y playas adyacentes a la misma. El  Presidente de la Junta de Compensación ha publicado algunas de las imágenes en redes  sociales"". Y, entre otra, anexa la siguiente documentación:  Impresión de pantalla con la imagen de un vehículo presuntamente captada por una de  las cámaras, difundida en redes sociales.   Fotografía de ubicación de la cámara en la garita de entrada a la urbanización.  Con fecha 27 de julio de 2016 se solicita información complementaria al denunciante, teniendo entrada en esta Agencia escritos con fechas 1 y 8 de agosto de 2016, en los que manifiesta que habiendo realizado una consulta a la empresa de  seguridad TABLISA  que figura como responsable en los rótulos instalados en la caseta de entrada  donde se ubican las cámaras, ésta informa que su cliente es la JUNTA DE  COMPENSACIÓN SECTOR ******** (XXXXX PLAYA). Asimismo manifiesta que “los sistemas de  captación y gestión de imágenes, son propiedad del cliente. La empresa de seguridad gestiona  el sistema con arreglo a la Legislación vigente en materia de Seguridad Privada, Ley 5/2014  de 4 de abril. Añade que vista la información y tras buscar los datos de la imagen publicada,  C/ Jorge Juan, 6 www.agpd.es 28001 – Madrid sedeagpd.gob.es 2/12 concretan que ha salido de un Informe de Seguridad enviado al cliente. En esto escritos se acompaña reportaje fotográfico de los carteles informativos de zona videovigilada instalados en los que se identifica los datos de la citada empresa de seguridad contratada. SEGUNDO: Tras la recepción de la denuncia la Subdirección General de Inspección de  Datos procedió a la realización de  actuaciones previas de investigación para el  esclarecimiento de los hechos denunciados, teniendo conocimiento de los sigu"
e-02950-2016,2016,https://www.aepd.es/documento/e-02950-2016.pdf,https://web.archive.org/web/20250711112239id_/https://www.aepd.es/documento/e-02950-2016.pdf,"1/11 Expediente Nº: E/02950/2016 RESOLUCIÓN DE ARCHIVO DE ACTUACIONES De las actuaciones practicadas por la Agencia Española de Protección de Datos  ante la entidad LABORATORIO LUCAS NICOLAS, S.L., en virtud de denuncia  presentada por la ASOCIACION NACIONAL DE FRANQUICIADOS VITALDENT, y  teniendo como base los siguientes HECHOS PRIMERO: Con fecha 12 de abril de 2016, se recibió en esta Agencia un escrito remitido  por Don  A.A.A., en representación de la Asociación Nacional de Franquiciados  VITALDENT, en el que denuncia que todos los franquiciadas suscriben un contrato de  franquicia con la entidad denunciada en el que, entre otros aspectos, se indica que son  responsables de los ficheros de sus pacientes. No obstante, con el sistema informático  implantado por el franquiciador y su sistema de acceso, impide al franquiciado cumplir  con lo establecido en la LOPD. Asimismo, manifiesta que tras la intervención judicial producida en febrero de  2016, el sistema quedó bloqueado, impidiendo el acceso a los franquiciados, a la  totalidad de los datos de los pacientes. Además, con fecha 14/03/2016 se comunicó por  Burofax a los franquiciados, la habilitación de un nuevo entorno  alternativo, no obstante  éste es inoperativo, ya que a través del mismo no puede recopilarse toda la información  de los pacientes. SEGUNDO: Tras la recepción de la denuncia la Subdirección General de Inspección de  Datos procedió a la realización de  actuaciones previas de investigación para el  esclarecimiento de los hechos denunciados, teniendo conocimiento de los siguientes  extremos: 1. Con fecha 4 de octubre de 2016, se realizó inspección en los locales de la entidad  Laboratorio Lucas Nicolás, S.L. (VITALDENT), en el transcurso de la cual se puso de  manifiesto que: 1.1. El Objeto social de la entidad LABORATORIO LUCAS NICOLAS, S.L. (en  adelante el Franquiciador), es entre otros: El montaje, instalación, explotación,  administración de clínicas médicas, odontológicas y estomatológicas, de cirugía  estética y de cualquier otra especialidad médica. 1.2. El franquiciador tiene una antigüedad de aproximadamente 25 años y cuenta  con 150 clínicas propias y 180 franquicias, aproximadamente. 1.3. Tanto las empresas que deciden suscribir un contrato de Franquicia, como las  clínicas propias utilizan para su funcionamiento una Plataforma centralizada a  través de un programa de gestión de pacientes, denominado ULYSES. 1.4. El acceso a la citada Plataforma se realiza a través de Internet, para ello se  realiza una adecuación tecnológica para cada clínica, asignando desde el  Proveedor de servicios de internet, una línea cifrada y segura para que se  conecte a la Red Privada de la entidad, a través de la cual la información se  C/ Jorge Juan, 6 www.agpd.es 28001 – Madrid sedeagpd.gob.es 2/11 transmite cifrada. Mediante esta conexión segura cada clínica accede a la citada  Plataforma. 1.5. Desde el Departamento de Sistemas de la entidad se asignan los usuarios y  contraseñas a la"
e-02954-2016,2016,https://www.aepd.es/es/documento/e-02954-2016.pdf,https://web.archive.org/web/20220307210433id_/https://www.aepd.es/es/documento/e-02954-2016.pdf,"1/7 Expediente Nº: E/02954/2016 RESOLUCIÓN DE ARCHIVO DE ACTUACIONES De las actuaciones practicadas por la Agencia Española de Protección de Datos  ante la COMUNIDAD DE PROPIETARIOS EDIFICIO XXXX, en virtud de denuncia  presentada por Doña A.A.A., y teniendo como base los siguientes HECHOS PRIMERO: Con fecha 22 de marzo de 2016, tuvo entrada en esta Agencia un escrito  remitido por Doña A.A.A., en el que denuncia que han publicado en el Tablón de  Anuncios de la Comunidad de Propietarios del Edificio XXXX, la Convocatoria a Junta  General Extraordinaria de Propietarios del Edificio XXXX, de fecha 10 de marzo de  2016, en la que consta la lista de los comuneros que tienen una deuda contraída con la  Comunidad, y en la que figura no solo, el piso y la letra, sino el nombre y apellidos de los  propietarios deudores. También, la publicitan en los cristales de las dos puertas de  acceso al edificio, puertas por las que entran amigos, familiares y servicios de los  propietarios. Que ha contactado con el administrador de la finca pero que se ha celebrado la Junta y  los carteles aún no han sido retirados, se adjunta escrito al respecto de fecha 14 de  marzo de 2016. Se adjunta con el escrito de denuncia la citada Convocatoria en la que consta una  relación de “8” personas físicas con nombre, apellidos y piso que no se encuentran al  corriente en el pago de las deudas vencidas a la Comunidad. También, se aporta “2”  fotografías en una de ellas se aprecia un Tablón de Anuncios con dispositivo de cierre  en cuyo interior se encuentra un documento que podría ser la Convocatoria y en la otra  fotografía figura la parte superior de la citada Convocatoria pero no se acredita la  ubicación de la misma, si bien la denunciante manifiesta que se encuentra en el portal. SEGUNDO: Tras la recepción de la denuncia la Subdirección General de Inspección de  Datos procedió a la realización de  actuaciones previas de investigación para el  esclarecimiento de los hechos denunciados, teniendo conocimiento de los siguientes  extremos: El administrador de la Comunidad de Propietarios ha confirmado que se publicó  en el Tablón de Anuncios el documento Convocatoria a Junta General Extraordinaria de  Propietarios del Edificio XXXX, de fecha 10 de marzo de 2016, con la relación de  vecinos (nombre y apellidos) que no estaban al corriente de pago por un error, ya que es  práctica habitual publicarlo pero omitiendo los datos de carácter personal. Para acreditar  dicha circunstancia aportan Convocatoria a Junta General Extraordinaria de Propietarios  del Edificio XXXX, de fecha 24 de julio de 2015. La Convocatoria con el nombre y apellidos de los deudores estuvo publicada  entre los días 11 y 14 de marzo de 2016, fue retirada con carácter inmediato al ser  puesto de manifiesto mediante escrito remitido por la denunciante. No tienen constancia de que el documento relativo a la Convocatoria fuera  colgado en las puertas de acceso al edificio, no siendo colocado ni por la presidenta ni"
e-03097-2016,2016,https://www.aepd.es/documento/e-03097-2016.pdf,https://web.archive.org/web/20240626152330id_/https://www.aepd.es/documento/e-03097-2016.pdf,"1/6 Expediente Nº: E/03097/2016 RESOLUCIÓN DE ARCHIVO DE ACTUACIONES De las actuaciones practicadas por la Agencia Española de Protección de Datos  ante las entidades GAMELOFT IBERICA SA, PROADS INVESTMENT SL,  TELEFÓNICA DE ESPAÑA, S.A.U., TELEFONICA MOVILES ESPAÑA, S.A.U. en  virtud de denuncia presentada por A.A.A., y teniendo como base los siguientes HECHOS PRIMERO: Con fecha de 24 de mayo de 2016 tiene entrada en esta Agencia un escrito  de A.A.A., en adelante la denunciante, en el que manifiesta lo siguiente: 1. Tras comprar un teléfono móvil y contratar con TELEFONICA MOVILES ESPAÑA,  S.A.U., en adelante MOVISTAR, una línea que conllevaba el pago de una cuota fija  de 24 euros mensuales, observó que en las facturas emitidas en agosto y  septiembre de 2014 los importes eran superiores. 2. Puesta en contacto con el servicio telefónico de atención al cliente de MOVISTAR se  le informa de que los cargos son debidos a servicio de mensajería Premium que ella  había solicitado, pero eso no es cierto ya que no los solicitó ni uso. 3. El 3 de septiembre de 2014 presentó ante el INSTITUTO GALEGO DE CONSUMO  reclamación contra MOVISTAR por las cantidades indebidamente cobradas. Durante la tramitación de la reclamación MOVISTAR le informa de que son servicios  prestados por la compañía GAMELOFT, cuando ella no ha dado su consentimiento  para que dicha entidad acceda a sus datos personales, al margen de que la entidad  le esté facturando a través de otra entidad servicios que no pidió. 4. Tras no haber obtenido resultados satisfactorios en su reclamación ante el Instituto  Galego de Consumo, interpuso reclamación ante la SECRETARÍA DE ESTADO DE  TELECOMUNICACIONES Y PARA LA SOCIEDAD DE LA INFORMACIÓN (SETSI)  en la que nuevamente MOVISTAR no se hace responsable señalando como  responsable de la tramitación a GAMELOFT. La resolución de la reclamación reconoce su derecho a la devolución de lo  indebidamente facturado. 5. Entiende que sus datos han sido cedidos sin su autorización a GAMELOFT y que  ello vulnera la normativa vigente en materia de protección de datos. Junto con el escrito de denuncia se aporta copia de la siguiente documentación: a) Reclamación presentada ante el INSTITUTO GALEGO DE CONSUMO. b) Respuesta dada por MOVISTAR al INSTITUTO GALEGO DE CONSUMO. c) Respuesta dada por MOVISTAR a la reclamación presentada ante la SETSI. d) Alegaciones de la denunciante a la respuesta del punto anterior. e) Resolución de la SETSI. C/ Jorge Juan, 6 www.agpd.es 28001 – Madrid sedeagpd.gob.es 2/6 SEGUNDO: Tras la recepción de la denuncia la Subdirección General de Inspección de  Datos procedió a la realización de actuaciones previas de investigación para el  esclarecimiento de los hechos denunciados, teniendo conocimiento de los siguientes  extremos: 1. Las facturas emitidas por MOVISTAR a la denunciante el 1 de agosto y 1 de  septiembre de 2014 para la línea ***TEL.1 contienen cargos por el concepto  “Accesos a Contenidos” por importe de 46,79 euros y 68"
e-03161-2016,2016,https://www.aepd.es/es/documento/e-03161-2016.pdf,https://web.archive.org/web/20220307211208id_/https://www.aepd.es/es/documento/e-03161-2016.pdf,"1/9 Expediente Nº: E/03161/2016 RESOLUCIÓN DE ARCHIVO DE ACTUACIONES De las actuaciones practicadas por la Agencia Española de Protección de Datos ante la   entidad  HAPPY   SOCIAL   MEDIA   LTD (WWW.CURSOSDECOMMUNITYMANAGERGRATIS.COM) en virtud de denuncias presentadas por denunciante 1, denunciante 2, denunciante 3, denunciante 4 y denunciante 5 y teniendo como base los siguientes HECHOS PRIMERO: Con fecha 20/04/2016, 14/06/2016, 05/07/2016, 19/11/2016 y 22/11/2016 tienen entrada en esta Agencia escritos de denunciante 1, denunciante 2, denunciante 3, denunciante 4 y denunciante 5 declarando que habían recibido publicidad no solicitada desde la dirección www.cursosdecommunitymangergratis.com, (perteneciente a la empresa HAPPY SOCIAL MEDIA LTD (en lo sucesivo HAPPY SOCIAL), y que a pesar solicitar la supresión de los datos y que se abstengan de enviar publicidad a través del formulario que figura en su web, siguen recibiendo mensajes. SEGUNDO: Tras la recepción de la denuncia la Subdirección General de Inspección de Datos procedió a la realización de  actuaciones previas de investigación para el esclarecimiento de los hechos denunciados, teniendo conocimiento de los siguientes extremos: El dominio CursosDeComunityManagerGratis.com es titularidad de la entidad HAPPY SOCIAL MEDIA LTD, domiciliada en 20-22 Wenlock Road, London (England), Company No. 09660041. Asimismo, la web www.cursosdecommunitymangergratis.com, es propiedad de la entidad HAPPY SOCIAL MEDIA LTD y además, en ella se informa que está disuelta desde diciembre de 2016. Por la Inspectora actuante se solicitó la colaboración de la autoridad británica Information Commissioner’s Office, en relación con la entidad HAPPY SOCIAL MEDIA LTD, sin que se haya recibido en esta Agencia información alguna al respecto.  FUNDAMENTOS DE DERECHO I Es competente para resolver la Directora de la Agencia Española de Protección de Datos, conforme a lo establecido en el artículo 43.1 de la Ley 34/2002, de 11 de julio, de Servicios de la Sociedad de la Información y de Comercio Electrónico (en adelante la LSSI). II El artículo 126.1, apartado segundo, del Real Decreto 1720/2007, de 21 de diciembre, por el que se aprueba el Reglamento de desarrollo de la Ley Orgánica 15/1999, de 13 de diciembre, de protección de datos de carácter personal establece: C/ Jorge Juan, 6 www.agpd.es 28001 – Madrid sedeagpd.gob.es 2/9 “Si de las actuaciones no se derivasen hechos susceptibles de motivar la imputación de infracción alguna, el Director de la Agencia Española de Protección de Datos dictará resolución de archivo que se notificará al investigado y al denunciante, en su caso”. III En el presente caso, se solicitó la colaboración de la autoridad británica Information Commissioner’s Office, en relación con la entidad HAPPY SOCIAL MEDIA LTD, que tiene su sede en Inglaterra.   Sin embargo no se ha recibido en esta Agencia respuesta a la colaboración solicitada. Hay que señalar que el artículo 45 de la LSSI establece que “la"
e-03184-2016,2016,https://www.aepd.es/es/documento/e-03184-2016.pdf,https://web.archive.org/web/20230402090515id_/https://www.aepd.es/es/documento/e-03184-2016.pdf,"1/9 Expediente Nº: E/03184/2016 RESOLUCIÓN DE ARCHIVO DE ACTUACIONES De las actuaciones practicadas por la Agencia Española de Protección de Datos  ante la entidad LEROY MERLIN ESPAÑA, SLU en virtud de denuncia presentada por  D. A.A.A. y teniendo como base los siguientes HECHOS PRIMERO: Con fecha 19 de abril de 2016 tiene entrada en esta Agencia escrito de D.  A.A.A. (en adelante el denunciante) comunicando posible infracción a la Ley Orgánica  15/1999 motivada por cámaras de videovigilancia cuyo titular es la entidad LEROY  MERLIN ESPAÑA, SLU (en adelante el denunciado) instaladas en (C/...1) (VALENCIA),  sin carteles de zona videovigilada. Adjunta: reportaje fotográfico de tres cámaras exteriores sin cartel de  videovigilancia con indicación del responsable en tres zonas: exterior acceso de  mercancías, exterior aparcamiento y entrega de mercancía al servicio técnico. SEGUNDO: Tras la recepción de la denuncia la Subdirección General de Inspección de  Datos procedió a la realización de  actuaciones previas de investigación para el  esclarecimiento de los hechos denunciados, teniendo conocimiento de los siguientes  extremos: Con fecha 14 de junio de 2016 se solicita información al responsable del  establecimiento teniendo entrada en esta Agencia con fecha 6 de julio escrito del  representante (que acredita con escritura de poder) en el que manifiesta: 1. El responsable del local es el LEROY MERLIN ESPAÑA, SLU. Aporta  copia de tarjeta censal. 2. La empresa instaladora del sistema fue SIEMENS BUILDING  TECHNOLOGIES SECURITY, S.A. Aporta copia del contrato de  instalación. 3. El motivo de la instalación de las cámaras es salvaguardar la seguridad  de los clientes y trabajadores de la tienda y seguridad patrimonial, así  como supervisión sobre las obligaciones laborales de los trabajadores. 4. Adjunta fotografía del cartel informativo con indicación del responsable  ante el que ejercitar los derechos de la LOPD, plano de ubicación en  interior y exterior del local, y fotografía de los carteles en su ubicación.  a. Se comprueba que tres de las ubicaciones se corresponden con  las denunciadas en doc. nº 7: exterior acceso de mercancías,  exterior aparcamiento y entrega de mercancía al servicio técnico. 5. Adjunta modelo del formulario informativo con indicación de los datos del  responsable del fichero. 6. Adjunta plano de situación con ubicación de cámaras interiores y  exteriores. C/ Jorge Juan, 6 www.agpd.es 28001 – Madrid sedeagpd.gob.es 2/9 7. Aporta fotografía de las cámaras y de las imágenes captadas, que  corresponden al interior del establecimiento y a su zona exterior dentro  de su perímetro. 8. Aporta fotografía del monitor sino que se graba directamente.  9. El acceso al sistema está limitado a tres empleados. Se graban las  imágenes durante un mes. 10. El código de inscripción del fichero en el Registro General de Protección  de Datos es el ***CÓD.1. Mediante una diligencia de inspección se ha comprobado la inscripción del citado  ficher"
e-03206-2016,2016,https://www.aepd.es/es/documento/e-03206-2016.pdf,https://web.archive.org/web/20220307210359id_/https://www.aepd.es/es/documento/e-03206-2016.pdf,"1/2 Expediente Nº: E/03206/2016 RESOLUCIÓN DE ARCHIVO DE ACTUACIONES Examinado el escrito presentado por la Comunidad de Propietarios de la  (C/...1), relativo a la ejecución del requerimiento de la resolución de referencia  R/01519/2016 dictada por la Directora de la Agencia Española de Protección de Datos  en el procedimiento de apercibimiento A/00122/2016, seguido en su contra, y en virtud  de los siguientes    ANTECEDENTES DE HECHO PRIMERO: En esta Agencia Española de Protección de Datos se tramitó el  procedimiento de apercibimiento de referencia A/00122/2016, a instancia de Doña  A.A.A., con Resolución de la Directora de la Agencia Española de Protección de Datos  por infracción del artículo 10 de la Ley Orgánica 15/1999, de 13 de diciembre, de  Protección de los Datos de Carácter Personal (en lo sucesivo LOPD). Dicho  procedimiento concluyó mediante resolución R/01519/2016, de fecha 17 de junio de  2016 por la que se resolvía “REQUERIR a la Comunidad de Propietarios de la (C/...1) a  adoptar, de manera efectiva, las medidas necesarias para cesar en la información  accesible al público acerca de la denunciada, recordando que antes de la publicación en  el tablón de anuncios se ha de seguir el procedimiento marcado legalmente (Ley de  Propiedad Horizontal) anteriormente expuesto y requerir al titular de la deuda, que se  corresponde con el propietario actual del inmueble causante de la misma, de acuerdo  con lo establecido en el apartado 6 del artículo 45 de la LOPD, debiéndolo acreditarlo  ante esta Agencia en el plazo de UN MES desde este acto de notificación, para lo que  se abre expediente de actuaciones previas E/03206/2016, advirtiéndole que en caso  contrario se procederá  a acordar la apertura de un procedimiento sancionador.”   Con objeto de realizar el seguimiento de las medidas a adoptar la Directora de la  Agencia Española de Protección de Datos insto a la Subdirección General de Inspección  de Datos la apertura del expediente de actuaciones previas de referencia E/03206/2016.  SEGUNDO: Con motivo de lo instado en la resolución, el denunciado remitió a esta  Agencia escrito en el que informaba a esta Agencia en los siguientes términos:  1. La Comunidad de Propietarios procedió a retirar, en enero de 2016, del tablón de  anuncios la diligencia de convocatoria de la asamblea, del mes de julio de 2015, que  quedó colocado por un error involuntario. Aporta fotografías acreditativas al no estar ya  expuesta la mencionada Convocatoria 2. No ha sido intención de la Comunidad vulnerar la normativa de protección de datos,  habiéndose hecho pública la convocatoria al no recibir los escritos que se remitieron a la  denunciante. 3. La denunciante no comunicó a la Comunidad el cambio de propiedad del inmueble,  por lo que de buena fe se trató de notificar en el domicilio que constaba como suyo. C/ Jorge Juan, 6 www.agpd.es 28001 – Madrid sedeagpd.gob.es 2/2 F  UNDAMENTOS DE DERECHO     I Es competente para resolver la Directora de la Agencia "
e-03231-2016,2016,https://www.aepd.es/documento/e-03231-2016.pdf,https://web.archive.org/web/20240703153328id_/https://www.aepd.es/documento/e-03231-2016.pdf,"1/6 Expediente Nº: E/03231/2016 RESOLUCIÓN DE ARCHIVO DE ACTUACIONES De las actuaciones practicadas por la Agencia Española de Protección de Datos  ante la entidad VODAFONE ONO, S.A.U. en virtud de denuncia presentada por Dña.  A.A.A. y teniendo como base los siguientes HECHOS PRIMERO: Con fecha 11 de mayo de 2016, tuvo entrada en esta Agencia escrito de  Dña.  A.A.A. (en lo sucesivo la denunciante) contra VODAFONE ONO, S.A.U. (en lo  sucesivo el denunciado) por la recepción de llamadas comerciales no solicitadas. Aporta  datos de las fechas y horas de recepción de las llamadas, que según la denunciante  tuvieron lugar en abril y mayo de 2016 SEGUNDO: Tras la recepción de la denuncia la Subdirección General de Inspección de  Datos procedió a la realización de actuaciones previas de investigación para el  esclarecimiento de los hechos denunciados, realizando visita de inspección y levantando  Acta E/03231/2016/I/01 teniendo conocimiento de los siguientes extremos: 1. Constan en los sistemas de información de ONO la realización de las siguientes  llamadas a la denunciante: Fecha Número Fecha Número 11/04/2016  ***TEL.1 12/04/2016  ***TEL.2 15/04/2016  0 16/04/2016  ***TEL.3 19/04/2016  ***TEL.4 19/04/2016  0 20/04/2016  ***TEL.5 20/04/2016  ***TEL.6 21/04/2016  ***TEL.7 22/04/2016  0 22/04/2016  0 22/04/2016  ***TEL.8 23/04/2016  ***TEL.9 23/04/2016  0 26/04/2016  0 26/04/2016  ***TEL.10 26/04/2016  ***TEL.11 27/04/2016  ***TEL.12 27/04/2016  ***TEL.13 29/04/2016  0 07/06/2016  ***TEL.1 07/06/2016  ***TEL.1 08/06/2016  ***TEL.1 09/06/2016  ***TEL.1 09/06/2016  ***TEL.1 10/06/2016  ***TEL.1 13/06/2016  ***TEL.1 13/06/2016  ***TEL.1 C/ Jorge Juan, 6 www.agpd.es 28001 – Madrid sedeagpd.gob.es 2/6 2. Se realiza una consulta respecto del titular de la línea ***TEL.1 comprobándose  que dicha línea figura asignada a Cableuropa. Informan los representantes de la entidad que dicha línea es de uso de calls centers  externos para campañas propias. 3. Se realiza una consulta respecto del cliente con NIF  D.D.D. verificándose que  está asociado a Dña.  B.B.B. siendo un cliente activo a fecha de la presente  inspección. Se realiza una consulta respecto del ejercicio de derechos ARCO verificándose que  consta la oposición a la recepción de llamadas promocionales por teléfono fijo y  móvil (entre otros). Entre los comentarios consta que el cliente ejerció los derechos  en fecha 23/7/2014 donde no adjuntó copia de su DNI y el 25/8/2014 donde sí lo  hizo y se atendió.  4. Los representantes de la entidad informan que, debido a un cambio de  infraestructura de la red, era necesario que se realizase un cambio de  configuración de los terminales de los clientes. En la mayor parte de los casos se  podía realizar de forma automática, pero en algunos de ellos debían realizarse  manualmente o realizar un cambio de SIM. En estos casos se realizaron  campañas informativas para que los clientes realizasen los cambios necesarios,  o perderían el servicio de telefonía móvil. A "
e-03279-2016,2016,https://www.aepd.es/documento/e-03279-2016.pdf,https://web.archive.org/web/20251126082408id_/https://www.aepd.es/documento/e-03279-2016.pdf,"1/5 Expediente Nº: E/03279/2016 RESOLUCIÓN DE ARCHIVO DE ACTUACIONES De las actuaciones practicadas por la Agencia Española de Protección de Datos ante la entidad  BANCO SANTANDER, S.A. en virtud de denuncia presentada por  B.B.B. y teniendo como  base los siguientes HECHOS PRIMERO:  Con fecha 26 de mayo de 2016, tuvo entrada en esta Agencia escrito de  B.B.B.  manifestando  los siguientes hechos:   Desde octubre de 2015 LUCANIA GESTION le reclama telefónicamente una presunta  deuda de 437,44 euros sin haberle informado del acreedor ni del responsable del fichero a  pesar de haberlo requerido.  Tras ejercer su derecho de acceso ante los responsables de los ficheros  E.E.E. y  C.C.C.  se le informa de que sus datos han sido incluidos en ambos por BANCO SANTANDER.  BANCO SANTANDER ha incumplido la obligación de requerí el pago con carácter previo a  la inclusión de sus datos en los ficheros de solvencia.  Que según el denunciante tuvieron lugar a fecha de: 04/10/2016 y 05/10/2015 Y, entre otra, anexa la siguiente documentación:  Consulta realizada el 09/05/2016 al fichero  E.E.E. de los datos asociados a la  denunciante.  Respuesta de 04/05/2016 al ejercicio del derecho de acceso ejercido ante el  responsable del fichero  C.C.C..  Escrito de reclamación dirigido al BANCO SANTANDER fechado el 27/04/2016. SEGUNDO:  Tras la recepción de la denuncia la Subdirección General de Inspección de Datos procedió a la  realización de actuaciones previas de investigación para el esclarecimiento de los hechos  denunciados, teniendo conocimiento de los siguientes extremos: La denunciante manifiesta lo siguiente: o Con el fin de firmar un contrato de alquiler de un piso ubicado en  A.A.A.  el  año 2008 formaliza un aval bancario con BANSA por importe de 3.603,72  euros. o Después de resolver el contrato de alquiler con fecha  30/09/2014, comienza a  recibir requerimientos de pago telefónicos de BANSA en los que se le reclama  el pago de 2.621,77 euros sin dar explicación del origen de la deuda. o El 31/12/2015 efectúa un ingreso de 2.621,77 euros y un empleado de BANSA  le manifiesta que la deuda ha sido saldada. C/ Jorge Juan, 6 www.agpd.es 28001 – Madrid sedeagpd.gob.es 2/5 o La denunciante no aporta documentación acreditativa del ingreso. o El febrero de 2016 comienza a recibir llamadas de LUCANIA GESTION  reclamando el pago de 437,44 euros. o El aviso de reclamación del pago parcial se lo enviaron con fecha 14/05/2015  a la vivienda que desde el 30/09/2014 no tenía arrendada y el burofax acredita  no haber sido entregado y haber dejado aviso.  BANCO SANTANDER, manifiesta que el 28/08/2015, remite a la denunciante a la  dirección  A.A.A.) carta para requerirle el pago de la deuda contraída por importe de 2.621,77  euros y se advierte de que sus datos podrían incluirse en ficheros de solvencia patrimonial y de  crédito de mantenerse la situación de impago en el plazo de 30 días. Se aporta certificado expedido por NEXEA GESTION DOCUMENTAL SA de la  generació"
e-03554-2016,2016,https://www.aepd.es/documento/e-03554-2016.pdf,https://web.archive.org/web/20251124070012id_/https://www.aepd.es/documento/e-03554-2016.pdf,"1/3 Expediente Nº: E/03554/2016 RESOLUCIÓN DE ARCHIVO DE ACTUACIONES De las actuaciones practicadas por la Agencia Española de Protección de Datos en  virtud de denuncia presentada por A.A.A.y teniendo como base los siguientes HECHOS PRIMERO: Con fecha 1 de junio de 2016, tuvo entrada en esta Agencia escrito de  D.A.A.A. (en lo sucesivo el denunciante) en el que denuncia que en la referida fecha,  recibe una llamada telefónica publicitaria no solicitada en su línea ***TEL.1 con origen  en la línea ***TEL.2. El llamante, un comercial de VODAFONE ONO, trató de  convencerle para que contrate sus servicios. Y, entre otra, anexa la siguiente documentación: Recibo de servicios de telefonía de la línea ***TEL.1 a nombre del denunciante  emitido el 23/05/2016 por ORANGE ESPAGNE SAU. En fecha de 05/07/2016 tiene entrada un escrito de subsanación del denunciante en el  que manifiesta que la llamada se repite a diario y en el que aporta escrito que evidencia  que la línea ***TEL.1 se encuentra incluida en el servicio Lista Robinson desde el  01/11/2013. SEGUNDO: Tras la recepción de la denuncia la Subdirección General de Inspección de  Datos procedió a la realización de  actuaciones previas de investigación para el  esclarecimiento de los hechos denunciados, teniendo conocimiento de los siguientes  extremos: 1. Consultado el operador del denunciante, en sus registros únicamente consta la  realización de una llamada con origen en la línea ***TEL.2 y destino en la línea  ***TEL.1, pero en el registro dicha llamada no consta realizada  el día  01/06/2016, sino el 31/03/2016. 2. El titular de la línea ***TEL.2 a 21/11/2016 es VOXBONE SA BOXVONE SA es la filial española de un grupo empresarial que proporcionan  servicios de telecomunicaciones como Voz sobre IP1. 3. Consultado BOXVONE SA sobre la identidad del cliente titular de la línea  ***TEL.2 entre el 31/03/2016 y el 01/06/2016 es NET VOISS SAC, una sociedad  con sede en Lima, Peru. 1 https://www.voxbone.com.....  C/ Jorge Juan, 6 www.agpd.es 28001 – Madrid sedeagpd.gob.es 2/3 NET VOISS SAC es una empresa que presta, entre otros, servicios de voz sobre IP  y de call center2. 4. La información obtenida no permite identificar al responsable de realizar la  llamada denunciada. FUNDAMENTOS DE DERECHO I Es competente para resolver la Directora de la Agencia Española de Protección  de Datos, conforme a lo establecido en el artículo 37.d) en relación con el artículo 36,  ambos de la Ley Orgánica 15/1999, de 13 de diciembre, de Protección de Datos de  Carácter Personal (en lo sucesivo LOPD). II El artículo 122.1   del Real Decreto 1720/2007, de 21 de diciembre, por el que se  aprueba el Reglamento de desarrollo de la Ley Orgánica 15/1999, de 13 de diciembre,  de protección de datos de carácter personal, (RDLOPD en lo sucesivo) establece: 1.  Con anterioridad a la iniciación del procedimiento sancionador, se podrán realizar  actuaciones previas con objeto de determinar si concurren circunstancias que justifiquen  tal"
e-03676-2016,2016,https://www.aepd.es/documento/e-03676-2016.pdf,https://web.archive.org/web/20240706223151id_/https://www.aepd.es/documento/e-03676-2016.pdf,"1/9 Expediente Nº: E/03676/2016 RESOLUCIÓN DE ARCHIVO DE ACTUACIONES De las actuaciones practicadas por la Agencia Española de Protección de Datos  ante la entidad CENTRO ESTETICO XXXXX. S.L. en virtud de denuncia presentada por  D. A.A.A. y teniendo como base los siguientes HECHOS PRIMERO: Con fecha 7 de junio de 2016 tiene entrada en esta Agencia escrito de D.  A.A.A. (en adelante el denunciante) comunicando posible infracción a la Ley Orgánica  15/1999 motivada por cámaras de videovigilancia cuyo titular es la entidad CENTRO  ESTETICO XXXXX. S.L. (en adelante el denunciado) instaladas en  denominación  comercial ""CENTRO ESTETICO XXXXX, S.L."" ubicado en (C/...1) (MURCIA).  El denunciante manifiesta la instalación de una webcam móvil en la entrada del  establecimiento que captaría imagen y sonido de empleados y clientes, informado según  cláusula contrato de trabajo realizado a una empleada. Aporta reportaje fotográfico de dos cámaras en el interior del establecimiento y  copia de cláusula de videovigilancia en contrato de trabajo con la empresa LEAL  JIMENEZ S.C., de la que manifiesta instaló las cámaras y regentó el establecimiento  hasta 1/5/2016 y después lo regenta la entidad denunciada. SEGUNDO: Tras la recepción de la denuncia la Subdirección General de Inspección de  Datos procedió a la realización de  actuaciones previas de investigación para el  esclarecimiento de los hechos denunciados, teniendo conocimiento de los siguientes  extremos: Con fechas 9 y 22 de diciembre de 2016 y 10 de enero de 2017 se solicita  información al responsable del establecimiento teniendo entrada en esta Agencia con  fechas 19 y 30 de diciembre y 23 de enero de 2017 escritos en los que manifiesta: 1. El responsable del local es el denunciado. Aporta nº de CIF. 2. La empresa instaladora del sistema fue SARAWORLD INFORMATICA,  S.L. bajo la demanda del anterior inquilino del local.  3. El actual inquilino lo es desde mayo de 2016. Aporta copia de contrato de  traspaso de 1/5/2016 por LEAL JIMENEZ S.C. 4. El motivo de la instalación de la única cámara es la seguridad del local, así  como la de controlar a los empleados en el ejercicio de sus funciones,  como así consta en su contrato de trabajo. 5. La cámara no funciona actualmente y cumple funciones disuasorias.  Aporta escrito de la empresa instaladora que certifica que la cámara se  encuentra inactiva. 6. Adjunta fotografía del cartel informativo en pared a la entrada del local con  indicación del responsable ante el que ejercitar los derechos de la LOPD. 7. Adjunta modelo del formulario informativo con indicación de los datos del  responsable del fichero. 8. Adjunta plano de situación con ubicación de una cámara en el interior del  C/ Jorge Juan, 6 www.agpd.es 28001 – Madrid sedeagpd.gob.es 2/9 local que enfoca al mostrador. La cámara permanece fija, aunque permite  movimiento y zoom. 9. Aporta fotografía de la cámara. 10. Aporta fotografía del interior del local donde solo se observa la instalación  de una s"
e-03846-2016,2016,https://www.aepd.es/es/documento/e-03846-2016.pdf,https://web.archive.org/web/20220307211708id_/https://www.aepd.es/es/documento/e-03846-2016.pdf,"1/6 Expediente Nº: E/03846/2016 RESOLUCIÓN DE ARCHIVO DE ACTUACIONES De las actuaciones practicadas   por la Agencia Española de Protección de  Datos ante la entidad  ENDESA ENERGÍA, S.A.U. en virtud de    varias  denuncias  presentadas ante la misma  y teniendo como base los siguientes HECHOS PRIMERO: Entre el 7   de junio  y el   6 de julio de 2016   se registran de entrada en esta  Agencia  un total de cuatro escritos  formulados  por otros tantos denunciantes,   cuya  identidad figura en el Anexo I  de esta resolución,  poniendo de manifiesto     una posible  quiebra de seguridad por parte  que  ENDESA ENERGÍA, S.A.U.,  (en lo sucesivo la  denunciada o ENDESA),   en la  custodia de los datos  personales de los mismos  obrantes en los ficheros de dicha empresa. Las denuncias  recibidas, en síntesis,  se centran en los siguientes hechos: El Denunciante  nº 1, que se identifica como cliente de la denunciada, indica que  ha recibido en su cuenta de correo electrónico  dos correos de facturas de ENDESA  sospechosos de ser un fraude. Tras contactar con dicha compañía ésta le confirma que  muchos clientes están recibiendo este tipo de correos electrónicos fraudulentos. El  denunciante aporta copia de dos correos electrónicos de 6 de junio de 2016  con dos  resúmenes de facturas distintas  con   dos CUPS (código universal de punto de  suministro) diferentes en cada una de ellas,  ninguno coincidente con el del denunciante. El Denunciante nº 2,  que indica es cliente de la denunciada, informa que ha  recibió  un correo electrónico de una entidad que se  identifica como ENDESA  adjuntando  una factura electrónica   que al abrirla le infecta el ordenador, cifrando sus  ficheros. Posteriormente recibe una notificación solicitando una cantidad de dinero para  enviarle la clave para descifrar los ficheros. El denunciante aporta copia del correo  electrónico de 29 de junio de 2016 con el resumen  de la factura y de la notificación el  pago para poder recuperar sus archivos.. El Denunciante nº 3 informa que  quince días después de contratar  el suministro  de luz y gas con la denunciada  recibió  en su  correo electrónico  una factura  con el  logotipo de ENDESA, la cual resultó ser falsa  según le indicó  la citada  compañía tras  remitírsela. Posteriormente recibió una llamada en  su línea de teléfono  móvil en  nombre de ENDESA   comunicándole  que, por la referida contratación, tenía cinco  noches de hotel,    remitiéndole  para más  información a  un nº de teléfono 800. El  denunciante  aporta copia del correo electrónico de 21 de junio de 2016 con el resumen  de  la factura. C/ Jorge Juan, 6 www.agpd.es 28001 – Madrid sedeagpd.gob.es 2/6 El  Denunciante nº 4, que afirma no haber contratado con  la denunciada, informa  que ha recibido  tres correos electrónicos correspondientes a diferentes  facturas  electrónicas de ENDESA,    con origen en cuentas   de correo  distintas   y desconocidas  y con  datos de CUPS diferentes en cada una de las facturas.  El"
e-03861-2016,2016,https://www.aepd.es/documento/e-03861-2016.pdf,https://web.archive.org/web/20240706204836id_/https://www.aepd.es/documento/e-03861-2016.pdf,"1/5 Expediente Nº: E/03861/2016 RESOLUCIÓN DE ARCHIVO DE ACTUACIONES De las actuaciones practicadas  por la Agencia Española de Protección de Datos  ante la entidad ENDESA ENERGÍA, S.A.U. y Don  A.A.A. en virtud de denuncia  presentada por  Don B.B.B. y teniendo como base los siguientes HECHOS PRIMERO: Con fecha 25 de mayo de 2016, tuvo entrada en esta Agencia escrito de  Don  B.B.B.  (en lo sucesivo el denunciante)   poniendo de manifiesto el tratamiento de  sus datos personales  por parte  de ENDESA ENERGÍA, S.A.U. (en lo sucesivo  ENDESA)  para  realizar  dos cargos en la cuenta corriente  en la que tiene domiciliado  el servicio de suministro eléctrico   de su vivienda con esa compañía, los cuales  no se  corresponden con el contrato  del que es titular El denunciante aporta, entre otra documentación, dos justificantes de adeudos por  domiciliación fechados el 20 de febrero de  2015 y 15 de septiembre de 2015 de dos  facturas de ENDESA  números ***FACTURA.1 y ***FACTURA.2, ambas cargadas en la  cuenta corriente ***CCC.1. Igualmente, indica que las cantidades   adeudadas  ya le han sido reintegradas por  ENDESA. SEGUNDO: Tras la recepción de la denuncia la Subdirección General de Inspección de  Datos procedió a la realización de  actuaciones previas de investigación para el  esclarecimiento de los hechos denunciados, teniéndose conocimiento de los siguientes  extremos: 1.  El denunciante es titular de la cuenta corriente nº  ***CCC.1 de OPENBANK,  S.A. 2. ENDESA  ha aportado  copia  de la siguiente documentación: 2.1 Contrato  nº ***CONTRATO.1 suscrito por Don  A.A.A., (en adelante A.A.A.),  con ENDESA con fecha 14 de octubre de  2014 para el punto de suministro  ubicado en (C/...1) (Jaén).  La cuenta en la que se domicilian los pagos de  dicho contrato es la nº ***CCC.2, distinta de la cuenta en que se realizaron los  cargos denunciados.  Junto a dicho contrato se  aporta copia del DNI  de  A.A.A. y  fotocopia de la  primera página de una Libreta Ahorro a la Vista   donde figura el número de  cuenta corriente antes señalado asociado  a dicha persona  y a un tercero  como titulares indistintos.  2.2  Contrato  nº ***CONTRATO.2  suscrito  por A.A.A. con fecha 6 de julio de 2015  con ENDESA para el punto de suministro está ubicado en (C/...2) (Jaén). La  cuenta en la que se domicilian los pagos de dicho contrato es ***CCC.1, cuyo  titular es el denunciante. El contrato aparece firmado. C/ Jorge Juan, 6 www.agpd.es 28001 – Madrid sedeagpd.gob.es 2/5 2.3 En fecha 11 de febrero de 2015 ENDESA emite la factura número  ***FACTURA.1  a  nombre de Don  A.A.A. por importe de  436,49 € .   2.4 En fecha 4 de septiembre de 2015 ENDESA emite la factura número  ***FACTURA.2 a nombre de A.A.A. por importe de  236,16 € Como en el documento aportado no consta cuenta de cargo,  solicitada  información al respecto a ENDESA dado que consta que  dicha factura fue  cargada al denunciante, la empresa eléctrica manifiesta que se debe a que, en el  momento de la emisió"
e-03871-2016,2016,https://www.aepd.es/documento/e-03871-2016.pdf,https://web.archive.org/web/20240707051850id_/https://www.aepd.es/documento/e-03871-2016.pdf,"1/4 Expediente Nº: E/03871/2016 RESOLUCIÓN DE ARCHIVO DE ACTUACIONES De las actuaciones practicadas por la Agencia Española de Protección de Datos  ante la entidad BANKIA, S.A. en virtud de denuncia presentada por D. A.A.A. y  teniendo como base los siguientes HECHOS PRIMERO: Con fecha 23 de junio de 2016, tuvo entrada en esta Agencia escrito de D.  A.A.A.  (en lo sucesivo el denunciante) en el que manifiesta lo siguiente: 1. Cada vez que carga su línea móvil de prepago ***TEL.1, recibe un SMS con  publicidad no solicitada de BANKIA donde la línea origen es +34***TEL.2. 2. Ha solicitado a BANKIA que no se le envíen más mensajes mediante reclamación  presentada en la Oficina Municipal de Información al Consumidor (OMIC) de  Villafranca. El 19 de abril de 2016 se le contesta que no existe ningún servicio de mensajería  activado para esa línea. 3. El 4 de mayo de 2016 ha vuelto a recibir el mismo mensaje. El denunciante aporta imágenes del terminal con el mensaje recibido y de la reclamación  presentada ante la OMIC de Villafranca del Penedés. SEGUNDO: Tras la recepción de la denuncia la Subdirección General de Inspección de  Datos procedió a la realización de  actuaciones previas de investigación para el  esclarecimiento de los hechos denunciados, teniendo conocimiento de los siguientes  extremos: 1. “En la imagen aportada por el denunciante se muestra un SMS con el texto “Bankia  04/05: cargo recibo RESIDENCIA CATALL de 1.583,59 EUR. Aplace en 12 cuotas  de 147 EUR (TAE 22,42%, total 1.761.30 EUR) enviando RECIBO. Oferta valida 5  dias”. La descripción del origen es “+34***TEL.2” 2. El denunciante figuró como titular de la línea ***TEL.1 en ORANGE SPAGNE SAU  entre el 4 de julio de 2013 y el 29 de agosto de 2016. En los sistemas de ORANGE consta la recepción de un mensaje SMS en la línea  ***TEL.1 con origen en la línea ***TEL.2 el 4 de mayo de 2016 a las 9:26 horas. 3. El 4 de mayo de 2016 la línea ***TEL.2 le constaba al operador que la gestiona  como vacante. 4. En respuesta a las solicitudes de información realizada por el inspector actuante, los  representantes de BANKIA manifiestan en referencia a los hechos denunciados que: 4.1. El SMS incluido en la denuncia se envió a la línea ***TEL.1, que está asociado  C/ Jorge Juan, 6 www.agpd.es 28001 – Madrid sedeagpd.gob.es 2/4 a nuestro cliente D. B.B.B. con DNI ***DNI.1. La entidad no aporta evidencias que acrediten dicha manifestación o los datos  aportados a la entidad por parte de ambos clientes. 4.2. “Dado que, según su escrito, el titular de dicho número de teléfono es titular de  D. A.A.A., hemos procedido inmediatamente a la cancelación de dicho dato en  nuestros sistemas.” 4.3. En relación a la reclamación que se cita en el punto 2 de los antecedentes, ésta  se realizó en base a una reclamación del denunciante en la que facilitó el  número de teléfono ***TEL.1 para el cual, conforme se indica en la citada carta  de contestación, no consta la existencia de ningún servicio activo de  mensaj"
e-03889-2016,2016,https://www.aepd.es/es/documento/e-03889-2016.pdf,https://web.archive.org/web/20230328220111id_/https://www.aepd.es/es/documento/e-03889-2016.pdf,"1/3 Expediente Nº: E/03889/2016 RESOLUCIÓN DE ARCHIVO DE ACTUACIONES Examinado el escrito presentado por NEUMATICOS SOLEDAD.S.L. relativo  a la ejecución del requerimiento de la resolución de referencia R/02189/2015 dictada por  la Directora de la Agencia Española de Protección de Datos en el procedimiento de  apercibimiento A/00096/2015, seguido en su contra, y en virtud de los siguientes    ANTECEDENTES DE HECHO PRIMERO: En esta Agencia Española de Protección de Datos se tramitó el  procedimiento de apercibimiento de referencia A/00096/2015, a instancia de la  CONSEJERIA DE SANIDAD Y ASUNTOS SOCIALES DE LA JUNTA DE  COMUNIDADES DE CASTILLA LA MANCHA, con Resolución de la Directora de la  Agencia Española de Protección de Datos por infracción del artículo 5 de la Ley  Orgánica 15/1999, de 13 de diciembre, de Protección de los Datos de Carácter Personal  (en lo sucesivo LOPD). Dicho procedimiento concluyó mediante resolución  R/01827/2016, de fecha 25 de agosto de 2016 por la que se resolvía “REQUERIR a  NEUMÁTICOS SOLEDAD, S.L., de acuerdo con lo establecido en el apartado 6 del  artículo 45 de la Ley 15/1999 para que en el plazo de un mes desde este acto de  notificación 2.1.- CUMPLA lo previsto en el artículo 5 de la LOPD. En concreto se insta  al denunciado a adoptar medidas para que en el formulario de recogida de datos los  usuarios sean informados de los concretos sectores de actividad sobre los cuales, caso  de autorizarlo, recibirán publicidad. 2.2.-  INFORME a la Agencia Española de  Protección de Datos del cumplimiento de lo requerido en el apartado anterior, aportando  aquellos documentos en los que se ponga de manifiesto dicho cumplimiento.   Con objeto de realizar el seguimiento de las medidas a adoptar la Directora de la  Agencia Española de Protección de Datos instó a la Subdirección General de Inspección  de Datos la apertura del expediente de actuaciones previas de referencia E/03889/2016.  SEGUNDO: Con motivo de lo instado en la resolución, el denunciado remitió a esta  Agencia con fecha  de entrada 19/09/2016, escrito en el que informaba de la nueva  información incorporada a los impresos de presupuestos y partes de trabajo de la  entidad, en donde se requiere expresamente la firma del cliente y se le ofrece la  posibilidad de marcar una casilla para que sus datos no sean tratados con fines  comerciales de la actividad del sector. La cláusula informativa informa en los siguientes  términos:   “De conformidad con lo dispuesto en la Ley Orgánica 15/1999, de Protección de Datos  de Carácter Personal (LOPD), le informamos que sus datos personales proporcionados  por usted se incorporarán a un fichero de datos de carácter personal denominado  “CLIENTES Y PROVEEDORES” cuyo responsable o titular es  NEUMATICOS  C/ Jorge Juan, 6 www.agpd.es 28001 – Madrid sedeagpd.gob.es 2/3 SOLEDAD, S.L., cuya finalidad es, en el marco de la actividad profesional que es la  gestión de talleres de todo tipo de vehículos y comercialización de neumático"
e-04059-2016,2016,https://www.aepd.es/documento/e-04059-2016.pdf,https://web.archive.org/web/20240702220223id_/https://www.aepd.es/documento/e-04059-2016.pdf,"1/11 Expediente Nº: E/04059/2016 RESOLUCIÓN DE ARCHIVO DE ACTUACIONES De las actuaciones practicadas por la Agencia Española de Protección de Datos  en virtud de denuncia presentada por Dª  A.A.A.  contra el PARTIDO POPULAR DE  MONACHIL y teniendo como base los siguientes HECHOS PRIMERO: Con fecha 5 de abril de 2016, tuvo entrada en esta Agencia escrito de Dª  A.A.A.  (en lo sucesivo la denunciante) en el que denuncia que el PARTIDO POPULAR  de la localidad de Monachil, en Granada (en adelante el PP de Monachil) ha publicado  en su página web de la red social FACEBOOK un Decreto de la Alcaldía de Monachil, en  el que aparecen los datos relativos al nombre y apellidos de la denunciante referidos a  un adelanto de nómina, sin su consentimiento, revelando datos de la afectada. SEGUNDO: Tras la recepción de la denuncia la Subdirección General de Inspección de  Datos procedió a la comprobación de lo denunciado, dando cuenta en fecha 15 de abril  de 2016,  que en la página de FACEBOOK del PP de Monachil se encuentra  reproducida una Resolución de 22 de febrero de 2016 del Ayuntamiento de Monachil en  la que se concedía a la denunciante el “adelanto de las nóminas de los próximos meses  de marzo y abril de 2016” FUNDAMENTOS DE DERECHO I Es competente para resolver la Directora de la Agencia Española de Protección  de Datos, conforme a lo establecido en el artículo 37.d) en relación con el artículo 36,  ambos de la Ley Orgánica 15/1999, de 13 de diciembre, de Protección de Datos de  Carácter Personal (en lo sucesivo LOPD). II El artículo 6 de la LOPD, al respecto del consentimiento para el tratamiento de  datos, nos dice en su punto 1º lo siguiente: “1. El tratamiento de los datos de carácter personal requerirá el consentimiento  inequívoco del afectado, salvo que la ley disponga otra cosa.” Así, el consentimiento se erige en la piedra angular sobre la que ha de girar el  tratamiento de datos por parte de un tercero, distinto del titular de los datos afectado.  Así, el Tribunal Supremo , en su sentencia 292/2000, de 30 de noviembre, (F.J. 7 primer  párrafo),  ha definido el consentimiento como  “… un poder de disposición y de control  sobre los datos personales que faculta a la persona para decidir cuáles de esos datos  proporcionar a un tercero, sea el Estado o un particular, o cuáles puede este tercero  C/ Jorge Juan, 6 www.agpd.es 28001 – Madrid sedeagpd.gob.es 2/11 recabar, y que también permite al individuo saber quién posee esos datos personales y  para qué, pudiendo oponerse a esa posesión o uso(...).” Nos encontramos ante un ámbito en el que el tratamiento de datos se vincula, de  forma general, con la existencia previa del consentimiento del titular del dato para el  efectivo tratamiento de datos. III En el presente caso el PP de Monachil, sin mediar el consentimiento de la  denunciante, ha publicado en su página en la red social FACEBOOK, a la vista de  cualquier usuario de la red, una Resolución de la Alcaldía del Ayuntamiento de Monachil  en "
e-04297-2016,2016,https://www.aepd.es/es/documento/e-04297-2016.pdf,https://web.archive.org/web/20220307210651id_/https://www.aepd.es/es/documento/e-04297-2016.pdf,"1/7 Expediente Nº: E/04297/2016 RESOLUCIÓN DE ARCHIVO DE ACTUACIONES De las actuaciones practicadas  por la Agencia Española de Protección de Datos en  virtud de denuncia presentada por la  ESCUELA DE GUERRA DEL EJERCITO DE  TIERRA y teniendo como base los siguientes HECHOS PRIMERO: Con fecha de 12 de julio de 2016 tiene entrada en esta Agencia un escrito  del General de Brigada del Cuerpo General del Ejército, Director de la ESCUELA DE  GUERRA DEL EJERCITO DE TIERRA, (en lo sucesivo el/la denunciante), poniendo de  manifiesto que : “La Escuela de Guerra del Ejército de Tierra dispone de un programa para la realización  de exámenes de idiomas. Dicho programa se encuentra en el servidor del Centro y en  otras unidades del Ejército de Tierra. Alguien, cuya identidad no ha sido posible  identificar, copió el programa y lo ""subió"" a la página de software libre ****, en febrero  del año 2014. Al hacerlo, incluyó 7 archivos con nombres, empleos y DNIs de personal  militar (varios de ellos con errores). Una vez detectada esta situación (en el mes de abril  de este año) se han realizado las siguientes acciones: - Con fecha 28 de abril, se remitió una carta al administrador de la página  web (***EMAIL.1) solicitando el borrado de los datos personales. No se recibió  respuesta. - Con fecha 10 de mayo, se remitió un correo electrónico a la dirección de  contacto de la citada página. - Con fecha 10 de mayo, se remitió un correo electrónico a la dirección que  figura en github como la originaria de haber enviado los datos (***EMAIL.2). No se  recibió respuesta. - Con fecha 11 de mayo, se recibe respuesta de github solicitando las  direcciones exactas de los ficheros con datos personales. - Con fecha 12 de mayo, se le remiten los enlaces solicitados en el mensaje  anterior. - Con fecha 17 de mayo, github contesta que investigarán el tema. - También con fecha 17 de mayo, se insiste en la dirección de correo  ***EMAIL.2 sobre la conveniencia de ponerse en contacto con nosotros para  eliminar los datos de carácter personal. De esta dirección de e-mail nunca se ha  recibido respuesta alguna. - A día de hoy, todavía no se han eliminado los datos de la página, ni se han  recibido más correos. - Se han dado instrucciones a todos los usuarios del programa para que no  se repitan situaciones similares.” C/ Jorge Juan, 6 www.agpd.es 28001 – Madrid sedeagpd.gob.es 2/7 Los ficheros con datos de carácter personal son: ***WEB.1: - ***ARCHIVO.1 ***WEB.2: - ***ARCHIVO.2 - ***ARCHIVO.3 - ***ARCHIVO.4 - ***ARCHIVO.5 - ***ARCHIVO.6 - ***ARCHIVO.4 SEGUNDO: Tras la recepción de la denuncia la Subdirección General de Inspección de  Datos procedió a la realización de  actuaciones previas de investigación para el  esclarecimiento de los hechos denunciados, teniendo conocimiento de los siguientes  extremos: 1. Con fecha 8 de agosto de 2016 se verifica por la Inspección de Datos que se  encuentra accesible a través del buscador de Google  información relativa a la  cuenta ***EMAIL.2. S"
e-04381-2016,2016,https://www.aepd.es/es/documento/e-04381-2016.pdf,https://web.archive.org/web/20220307211440id_/https://www.aepd.es/es/documento/e-04381-2016.pdf,"1/6 Expediente Nº: E/04381/2016 RESOLUCIÓN DE ARCHIVO DE ACTUACIONES De las actuaciones practicadas por la Agencia Española de Protección de Datos ante la  entidad ORANGE ESPAGNE, S.A.U. (JAZZTEL) en virtud de denuncia presentada por D.  A.A.A., y teniendo como base los siguientes HECHOS PRIMERO: Con fecha 24/06/2016, tuvo entrada en esta Agencia escrito de D.  A.A.A., en lo  sucesivo el denunciante, en el que manifiesta que sus datos personales, en particular su número  de teléfono móvil, se han publicado en algunos directorios telefónicos como INFOBEL, HIBU y  KAIXO, y formula denuncia contra las entidades responsables de los directorios mencionados y  contra ORANGE ESPAGNE, S.A.U. (JAZZTEL), en lo sucesivo ORANGE, con la que contrató  dicha línea de telefonía móvil, por la cesión de tales datos a terceros sin su consentimiento.  Según manifiesta, el número que se pública es la línea móvil  C.C.C., que está asociada a una  línea fija no publicada en guías.    Añade que, con fecha 16/06/2016, solicitó la cancelación de sus datos ante su operador  JAZZTEL, mediante una llamada de teléfono al número 1565. Con su denuncia aporta la siguiente documentación:  Copia impresa de la publicación de sus datos (nombre y apellidos, dirección y teléfono  móvil) en infobel.com, a fecha 16/06/2016.  Copia  impresa de la publicación de sus datos (nombre y apellidos, dirección y teléfono  móvil) en PáginasBlancas.es, a fecha 17/06/2016.  Copia impresa de la publicación de sus datos (nombre y apellidos, dirección y teléfono  móvil) en Kaixo.com, a fecha 17/06/2016. Los datos accedidos corresponden al repertorio  “Páginas Blancas”, al que se accede mediante un enlace insertado en kaixo.com. El denunciante aportó copia de las Condiciones Generales del contrato de abonado a los  servicios móviles prestados por JAZZTEL, en las que no figura ninguna indicación relativa a la  publicación de los datos del abonado en guías. Posteriormente, con fecha 17/08/2016, el denunciante aportó copia de la primera hoja del  contrato suscrito con JAZZ TELECOM S.A.U, para la línea  C.C.C., sin fecha y sin firma del titular  del contrato. En dicho documento se solicita la portabilidad de dicha línea, que el denunciante  tenía suscrita con el operador DIA.       SEGUNDO: Tras la recepción de la denuncia la Subdirección General de Inspección de Datos  procedió a la realización de  actuaciones previas de investigación para el esclarecimiento de los  hechos denunciados, recibiendo la siguiente información de la entidad ORANGE:  1. Aportó copia impresa de los datos que constan en sus ficheros relativos al denunciante  C/ Jorge Juan, 6 www.agpd.es 28001 – Madrid sedeagpd.gob.es 2/6 como titular de las líneas de teléfono  B.B.B. y  C.C.C., con fecha de alta 03/07/2002 y  16/10/2012, respectivamente. Ambas líneas figuran marcadas con la opción “NO” en el  “Servicio de Directorio” y “Cesión a Terceros” (no consta la fecha en que se marcaron). 2. Aportó copia del contrato correspondiente a la "
