id,year,url_live,url_wayback,texto
00001-2019,2019,https://www.aepd.es/documento/00001-2019.pdf,https://web.archive.org/web/20240626215121id_/https://www.aepd.es/documento/00001-2019.pdf,"1/13 Procedimiento Nº: A/00001/2019 RESOLUCIÓN: R/00151/2019 En el procedimiento A/00001/2019, instruido por la Agencia Española de Protección de Datos a la entidad LIVING TERRITORIWEB, S.L., vista la denuncia presentada por Don A.A.A. y en virtud de los siguientes, ANTECEDENTES PRIMERO:  Con fecha 14 de septiembre de 2018 Don A.A.A., (en adelante el reclamante), interpuso reclamación ante la Agencia Española de Protección de Datos exponiendo, entre otras irregularidades, que el responsable de la página web  no informa sobre el uso de cookies   o  dispositivos de almacenamiento y recuperación de datos (DARD o cookies, en lo sucesivo), toda vez que carece de “Política de cookies” y no muestra ninguna pestaña emergente informativa sobre dichos dispositivos al acceder al sitio web.   Asimismo, el reclamante indica que al carecer de “Aviso Legal” en el que se especifiquen los datos obligatorios del titular del sitio web no puede facilitar información al respecto.   SEGUNDO:   Tras la recepción de la reclamación los Servicios de Inspección de esta Agencia efectuaron las siguientes actuaciones y tuvieron conocimiento de los siguientes hechos: 2.1 Con fecha 4 de octubre de 2018 se accede al mencionado sitio web constatándose que la mencionada página web utiliza los siguientes DARD de analítica web del Servicio de Google Analytics no exentos del deber de informar: _utma, _utmb, _utmc, _utmt, _utmz.   2.2 Con fecha 23 de noviembre de 2018 tiene entrada en esta Agencia escrito del representante legal del titular del mencionado sitio web comunicando que, a la vista de información solicitada en relación con la reclamación interpuesta por el reclamante, han procedido a actualizar la “Política de Cookies”, la “Política de Privacidad” y el “Aviso Legal” del sitio web ***URL.1, habiendo también dirigido, con fecha 21 de noviembre de 2018,  un correo electrónico al reclamante informándole que habían procedido a actualizar los contenidos de su sitio web. 2.3 Con fecha 14 de enero de 2019 se visita el mencionado sitio web, constatándose que: - En el “Aviso Legal” que se ha incorporado al sitio web citado se informa que la sociedad LIVING TERRITORIWEB, S.L., (en adelante, el reclamado), es titular de dicho portal web. - Que en la parte inferior de la página de inicio del sitio web se ha insertado, en forma visible, un enlace denominado “Cookies”, que al pincharlo conduce a la “Política de Cookies” C/ Jorge Juan, 6 www.agpd.es 28001 – Madrid sedeagpd.gob.es 2/13 - Que se ha incluido una primera capa de información o aviso sobre el uso de cookies, el cual aparece en la parte superior de la página de inicio, con el siguiente contenido: “Si continúa navegando entendemos que acepta nuestra política de cookies“,  junto a la cual aparecen dos botones, uno con el texto “Aceptar” y otro con el texto “Más  información” .  Esta primera capa o aviso no informa sobre el uso de cookies de tercera parte de analítica web ni de las finalidades para las que se utilizan dichos disposi"
00005-2019,2019,https://www.aepd.es/es/documento/00005-2019.pdf,https://web.archive.org/web/20220307210908id_/https://www.aepd.es/es/documento/00005-2019.pdf,"1/14 863-240719 Procedimiento Nº: A/00005/2019 RESOLUCIÓN: R/00203/2019 En el procedimiento A/00005/2019, instruido por la Agencia Española de Protección de Datos a la entidad CUATRO DATOS SOLUCIONES Y DESARROLLO, S.L., y en virtud de los siguientes, ANTECEDENTES PRIMERO:  Con fecha 3 de noviembre de 2018 de septiembre de 2018 Don A.A.A., (en adelante el reclamante), interpuso reclamación ante la Agencia Española de Protección de Datos exponiendo que el responsable de la   la página web “***URL.1” no proporciona información relativa al registro y tratamiento de datos ni al uso de dispositivos de almacenamiento y recuperación de datos (cookies o DARD). SEGUNDO:   Tras la recepción de la reclamación los Servicios de Inspección de esta Agencia han tenido conocimiento de los siguientes hechos como consecuencia de las actuaciones practicadas: 2.1 Con fecha 26 de diciembre de 2018 se registra de entrada en esta Agencia escrito de CUATRO DATOS SOLUCIONES Y DESARROLLO, S.L., entidad responsable de página web ***URL.1, (en adelante el reclamado o CUATRO DATOS), en el que, en contestación al requerimiento de información que le fue efectuado señalan lo siguiente: -   La web tiene como finalidad poner en contacto a usuarios para facilitarles el intercambio de cromos. -Con fecha 24 de diciembre de 2018 remitieron un envío postal por Burofax al reclamante, que es usuario registrado y activo del mencionado sitio web, indicándole que con fecha 6 de noviembre de 2011 aceptó la Política de Privacidad y Condiciones de uso de la página web citada al registrarse como usuario, aceptando con fecha 24 de marzo de 2018 las modificaciones introducidas en dichos documentos. Le informan que el sitio web muestra a todos los visitantes un aviso de uso de cookies, que se completa con un enlace que dirige a la “Política de Cookies”, en la dirección ***URL.2. Asimismo, le señalan que puede consultar la información sobre la Política de Privacidad del sitio a través del enlace que se encuentra en el pie de todas las páginas o dentro de la sección “Ayuda del menú” en el lateral izquierdo o bien directamente a través de la dirección ***URL.3. También le facilitan una dirección de correo electrónico para darse de baja de su cuenta de usuario o consultar cualquier duda relativa al  tratamiento de sus datos personales. - En cuanto a la Política de Privacidad, se señala que en la pantalla de registro de nuevos usuarios del sitio web se proporciona un enlace directo a la Política de C/ Jorge Juan, 6 www.aepd.es 28001 – Madrid sedeagpd.gob.es 2/14 Privacidad, admitiéndose únicamente el registro de un nuevo usuario si ha marcado la casilla de aceptación de la Política de Privacidad. Cada vez que se actualiza la Política de Privacidad se solicita la renovación del consentimiento otorgado a los usuarios activos una vez que se han identificado. La página de actuación de políticas cuenta con un acceso directo a la Política de privacidad para que el usuario la revise antes de renovar el consent"
00006-2019,2019,https://www.aepd.es/es/documento/00006-2019.pdf,https://web.archive.org/web/20220307211556id_/https://www.aepd.es/es/documento/00006-2019.pdf,"1/6 Procedimiento Nº: A/00006/2019 RESOLUCIÓN: R/00181/2019 En el procedimiento A/00006/2019, instruido por la Agencia Española de Protección de Datos a la entidad D. A.A.A.(DISTETIC) (en adelante el reclamado), vista la denuncia presentada por D. B.B.B. (en adelante el reclamante) y en virtud de los siguientes, ANTECEDENTES PRIMERO: El reclamante con fecha 15/11/2018 interpuso reclamación ante la Agencia Española de Protección de Datos. Los motivos en que basa la reclamación dirigida contra el reclamado, en síntesis, son: que, tras recibir correos publicitarios, el jueves día 25/10/2018 solicité al reclamado la revocación de todos los datos de carácter personal que pudieran tener guardados en sus sistemas, no recibiendo ninguna contestación ni formulario o procedimiento para solicitar la revocación de mis datos; posteriormente volvió a recibir otro correo publicitario del reclamado. SEGUNDO: Tras la recepción de la reclamación, la Subdirección General de Inspección de Datos procedió a realizar las siguientes actuaciones: El 03/12/2018, reiterada el 18/12/2018, fue trasladada al reclamado la reclamación presentada para su análisis y comunicación a la denunciante de la decisión adoptada al respecto. Igualmente, se le requería para que en el plazo de un mes remitiera a la Agencia determinada información: - Copia de las comunicaciones, de la decisión adoptada que haya remitido al reclamante a propósito del traslado de esta reclamación, y acreditación de que el reclamante ha recibido la comunicación de esa decisión. - Informe sobre las causas que han motivado la incidencia que ha originado la reclamación. - Informe sobre las medidas adoptadas para evitar que se produzcan incidencias similares. - Cualquier otra que considere relevante. El 12/02/2019 se le comunicaba a la reclamante la recepción de la reclamación y su traslado a la entidad reclamada. El reclamado no ha dado respuesta a ninguno de los requerimientos formulados por la Agencia Española de Protección de Datos. C/ Jorge Juan, 6 www.agpd.es 28001 – Madrid sedeagpd.gob.es 2/6 TERCERO: Con fecha 22/02/2019, la Directora de la Agencia Española de Protección de Datos acordó iniciar procedimiento de acuerdo previo al apercibimiento al reclamado por presunta infracción del artículo 21 de la de la Ley 34/2002, de 11 de julio, de Servicios de la Sociedad de la Información y Comercio Electrónico (en lo sucesivo, LSSI), tipificada como leve en el artículo 38.4.d) de dicha norma, de acuerdo con el artículo 39 bis, 2 de dicha Ley. CUARTO: Notificado el acuerdo de inicio y transcurrido el plazo correspondiente el reclamado no formuló escrito de alegaciones. QUINTO: En el presente procedimiento han quedado acreditado los siguientes: HECHOS PROBADOS PRIMERO: El reclamante presentó escrito de 15/11/2018 en la AEPD en el que declaraba que, tras recibir correos de tipo publicitario del reclamado, le había solicitado que eliminaran sus datos para el envío de publicidad, no recibiendo contestación alguna ni for"
00008-2019,2019,https://www.aepd.es/documento/00008-2019.pdf,https://web.archive.org/web/20240509233559id_/https://www.aepd.es/documento/00008-2019.pdf,"1/7 Procedimiento Nº: A/00008/2019 RESOLUCIÓN: R/00376/2019 En el procedimiento A/00008/2019, instruido por la Agencia Española de Protección de Datos a la entidad OVANIE AGENCY, S.L. y en virtud de los siguientes, ANTECEDENTES PRIMERO: Con fecha 13 de noviembre de 2018 de septiembre de 2018 Don A.A.A., (en adelante el reclamante), interpuso reclamación ante la Agencia Española de Protección de Datos contra la entidad OVANIE AGENCY, S.L., (en adelante la reclamada o remitente) por el envío de una comunicación comercial no solicitada, no existiendo tampoco una relación comercial previa ni con el remitente del envío ni con SANITAS, empresa a la que aparentemente representa. El reclamante adjunta copia de la siguiente documentación: -Una comunicación comercial remitida desde la dirección de correo electrónico ***EMAIL.1 a la dirección de correo del reclamante  ***EMAIL.2, con asunto: SANITAS, ofertándole  un seguro de salud de SANITAS del que podrá obtener más información  o un presupuesto personalizado  mandando  un correo  electrónico  a la cuenta desde la que se remite  el envío,  indicando la edad de los asegurados y si son autónomos  o particulares, pudiendo también dejar el número de  teléfono para  ser atendidos por esa vía.  El envío, firmado por B.B.B., no ofrece un correo electrónico o dirección electrónica válida para poder oponerse a la recepción de este tipo de comunicaciones. -Impresión del Aviso Legal   vigente a fecha 13 de noviembre de 2018 en la página web ***URL.1 obtenido por el reclamante con fecha 13 de noviembre de 2018, en el que figura que los ficheros automatizados de datos son responsabilidad de Ovanie Agency, SL, cuya dirección actual es ***DIRECCION.1.  SEGUNDO: Tras la recepción de la reclamación, la Subdirección General de Inspección de Datos procedió, con fecha 3 de diciembre de 2018, a trasladar dicha reclamación a la mencionada sociedad a través del sistema Notific@ para su análisis y comunicación al reclamante de la decisión adoptada al respecto, así como para que en el plazo de un mes remitiera a la Agencia Española de Protección de Datos determinada información para el esclarecimiento de los hechos señalados. Esta notificación fue rechazada transcurridos diez días naturales desde la puesta a disposición de la misma sin que se accediese a su contenido.  Posteriormente, se intentó trasladar dicha reclamación   mediante envío postal remitido con fecha 17 de diciembre de 2018 a la dirección del reclamado que figuraba en la página web ***URL.1 y con fecha 18 de enero de 2019 a la dirección ***DIRECCION.2, siendo en ambos casos devueltos los envíos por “Desconocido” en C/ Jorge Juan, 6 www.agpd.es 28001 – Madrid sedeagpd.gob.es 2/7 esas direcciones. TERCERO: Consultada con fecha 26 de febrero de 2019 la aplicación de la AEPD que muestra información sobre de antecedentes de sanciones y apercibimientos precedentes, no constan registros previos por infracción del artículo 21 de la Ley 34/2002, de 11 de julio, de Servicios"
00009-2019,2019,https://www.aepd.es/es/documento/00009-2019.pdf,https://web.archive.org/web/20220307210753id_/https://www.aepd.es/es/documento/00009-2019.pdf,"1/5 Procedimiento Nº: A/00009/2019 RESOLUCIÓN: R/00282/2019 En el procedimiento A/00009/2019, instruido por la Agencia Española de Protección de Datos a la entidad RESTAURANTE CASA TININ, vista la denuncia presentada por A.A.A. y en virtud de los siguientes, ANTECEDENTES PRIMERO: En fecha 22 de noviembre de 2018 tiene entrada en esta Agencia una denuncia presentada por A.A.A. (en lo sucesivo, el denunciante), en la que manifiesta lo siguiente: En mayo de 2018 con objeto de formalizar la reserva realizada en el restaurante CASA TININ para una comida de trabajo facilitó su número de teléfono móvil, pero sin autorizar en ningún momento el uso de dicho número de teléfono para recibir comunicaciones comerciales. No obstante, el 21/11/2018 ha recibido el siguiente mensaje comercial: “En www.casatinin.es les deseamos felices fiestas para ello les recordamos que ya tiene a su disposición los menús de navidad 915569145”. El reclamante señala además que no ha encontrado en la página web, formulario para solicitar la baja de sus datos en su base de datos. SEGUNDO: A la vista de los hechos expuestos en la reclamación y de los documentos aportados por el reclamante, la Subdirección General de Inspección de Datos procedió a la realización de actuaciones previas de investigación para el esclarecimiento de los hechos en cuestión, sin embargo, pese a que esta Agencia el 17/12/2018, realizó requerimiento de información a la entidad demandada, no ha obtenido respuesta al respecto. TERCERO: Con fecha 21 de marzo de 2019, la Directora de la Agencia Española de Protección de Datos acordó someter a trámite de audiencia previa el presente procedimiento de apercibimiento A/00009/2019. Dicho acuerdo fue notificado al denunciado. CUARTO: Notificado el mencionado trámite de Audiencia se le otorga un plazo de audiencia de QUINCE DÍAS HÁBILES para que formule las alegaciones y presente las pruebas que considere convenientes, de acuerdo con lo preceptuado en los artículos 73 y 76 de la Ley 39/2015 de Procedimiento Administrativo Común de las Administraciones Públicas. QUINTO: No habiendo formulado alegaciones ni presentado pruebas en el plazo dado, se procede a dictar la presente resolución teniendo en cuenta los siguientes: C/ Jorge Juan, 6 www.agpd.es 28001 – Madrid sedeagpd.gob.es 2/5 HECHOS PROBADOS PRIMERO: En mayo de 2018 con objeto de formalizar la reserva realizada en el citado restaurante para una comida de trabajo facilitó su número de teléfono móvil, pero sin autorizar en ningún momento el uso de dicho número de teléfono para recibir comunicaciones comerciales SEGUNDO: El 21/11/2018 ha recibido el siguiente mensaje comercial: “En www.casatinin.es les deseamos felices fiestas para ello les recordamos que ya tiene a su disposición los menús de navidad 915569145”. TERCERO: El reclamante señala que no ha encontrado en la página web, formulario para solicitar la baja de sus datos en su base de datos. CUARTO: No se han formulado alegaciones ni presentado pruebas por la en"
00010-2019,2019,https://www.aepd.es/documento/00010-2019.pdf,https://web.archive.org/web/20240706173207id_/https://www.aepd.es/documento/00010-2019.pdf,"1/13 863-240719 Procedimiento Nº: A/00010/2019 RESOLUCIÓN: R/00389/2019 En el procedimiento A/00010/2019, instruido por la Agencia Española de Protección de Datos a la entidad AGROMILLORA CATALANA, S.A.U., y en virtud de los siguientes, ANTECEDENTES PRIMERO: Con fecha 3 de septiembre de 2018 se registra de entrada escrito en la Agencia Española de Protección de Datos reclamación formulada por Don A.A.A., (en lo sucesivo, el reclamante) contra la entidad AGROMILLORA CATALANA, S.A.U., (en lo sucesivo AGROMILLORA o el reclamado), manifestando que “La web agromillora.com carece de pestaña emergente de cookies. Asimismo su política de cookies no da toda la información precisa y exacta sobre éstas”. SEGUNDO: A la vista de los hechos expuestos, con fecha 21 de septiembre de 2018 se accede a la página web https://www.agromillora.com constatándose que no advierte del uso de cookies al entrar al citado portal, si bien en el  “Aviso Legal” del sitio incluye un apartado denominado “Política de Cookies” en el que se señala que esa página web utiliza cookies  para una serie de finalidades, entre las que incluye las cookies analíticas, técnicas y de sesión para las finalidades que describe. Con fecha 7 de noviembre de 2018 se registra de entrada en esta Agencia escrito de  contestación de AGROMILLORA al requerimiento de información efectuado, en el que señalan que  teniendo en cuenta  lo establecido en el Dictamen 15/2011 del Grupo de Trabajo del artículo 29 y  la Guía sobre el uso de cookies de la AEPD,  han implantado  un sistema de información por capas  que incluía una pestaña emergente (primera capa) en la que se informaba sobre la recogida de cookies propias y de terceros; la finalidad de su recogida, la condición por la que se aprobaba su uso y las instrucciones con las indicaciones a seguir en caso de no estar de acuerdo con lo indicado. Para más información se incluía un enlace a la “Política de Cookies” (segunda capa), documento al que se han añadido los siguientes apartados:  - Quién las instala, donde informan para qué se utilizan y quién es el que las instala en el equipo del usuario, bien sean propias o de terceros. - Cómo se eliminan o bloquean.  Se explica cómo se pueden eliminar las cookies del sitio web de su titularidad, sea cual sea el navegador utilizado por el usuario y se dirige hacia más información de cada uno de los navegadores más utilizados. Se incluye información para descargar un complemento para inhabilitar Google Analytics del navegador con un enlace a la descarga propia de Google.   A los efectos de constatar dichas manifestaciones, con fechas 22 y 28 de febrero de 2018 desde la Subdirección General de Inspección de Datos se accede a la mencionada página web, constatándose los siguientes hechos:   En cuanto a la primera capa de información se comprueba que al entrar en el reseñado portal, en la parte inferior de la página de inicio aparece el siguiente aviso: C/ Jorge Juan, 6 www.aepd.es 28001 – Madrid sedeagpd.gob.es 2/13 “Util"
00011-2019,2019,https://www.aepd.es/es/documento/00011-2019.pdf,https://web.archive.org/web/20220307212221id_/https://www.aepd.es/es/documento/00011-2019.pdf,"1/7 Procedimiento Nº: A/00011/2019 RESOLUCIÓN: R/00198/2019 En el procedimiento A/00011/2019, instruido por la Agencia Española de Protección de Datos a la entidad DUEGA GAIMU, S.L., y en virtud de los siguientes, ANTECEDENTES PRIMERO: Con fecha 26 de noviembre de 2018 se registra de entrada en esta Agencia Española de Protección de Datos escrito de la Autoridad Catalana de Protección de Datos remitiendo la reclamación interpuesta, con fecha 23 de noviembre de 2018, por Don A.A.A., (en adelante el reclamante o destinatario), contra D.TRES por el envío de una comunicación comercial no solicitada  en la que se promocionan los descuentos  aplicados en la tienda de ropa de hombre  ubicada en la ***DIRECCION.1 con motivo del “Black Friday”, celebrado con fecha 23 de noviembre de 2018.  El reclamante aduce que el envío comercial se remitió desde la dirección de correo electrónico ***EMAIL.1 a la cuenta de correo ***EMAIL.2, añadiendo que no ofrecía ningún mecanismo de baja. Asimismo, señala que no le consta mantener relación alguna con el establecimiento publicitado en el correo electrónico recibido, del que aporta una captura con el contenido del envío. SEGUNDO: Tras la recepción de la reclamación, la Subdirección General de Inspección de Datos procedió, con fecha 19 de diciembre de 2018, a trasladar dicha reclamación a la dirección del establecimiento D.TRES-GAIMU anteriormente reseñada para su análisis y comunicación al reclamante de la decisión adoptada al respecto, así como para que en el plazo de un mes remitiera a la Agencia Española de Protección de Datos determinada información para el esclarecimiento de los hechos señalados.  A pesar de que el mencionado escrito de traslado de reclamación y solicitud de información fue entregado con fecha 4 de enero de 2018 en dicho establecimiento a Don B.B.B., no consta se haya recibido contestación a los extremos interesados en el mismo. Con fecha 12 de marzo de 2018 se constata que en el Registro Mercantil Central figura inscrita la sociedad DUEGA GAIMU, S.L., con domicilio social en la ***DIRECCION.2. Entre las actividades descritas en su objeto social figura la de “Compraventa, Import-Export de prendas de vestir”,  siendo uno de sus administradores Don B.B.B..  TERCERO: Consultada con fecha 12 de marzo de 2019 la aplicación de la AEPD que muestra información sobre de antecedentes de sanciones y apercibimientos precedentes, no constan registros previos por infracción del artículo 21 de la Ley 34/2002, de 11 de julio, de Servicios de la Sociedad de la Información y Comercio Electrónico asociados a la entidad DUEGA GAIMU, S.L. con NIF B60226982, (en adelante, el reclamado).  C/ Jorge Juan, 6 www.agpd.es 28001 – Madrid sedeagpd.gob.es 2/7 CUARTO: Con fecha 21 de marzo de 2019, la Directora de la Agencia Española de Protección de Datos acordó someter a trámite de audiencia previa el presente procedimiento de apercibimiento A/00011/2019, con arreglo a lo dispuesto en el artículo 39 bis 2 de la LSSI. La notifi"
00012-2019,2019,https://www.aepd.es/es/documento/00012-2019.pdf,https://web.archive.org/web/20220307210936id_/https://www.aepd.es/es/documento/00012-2019.pdf,"1/19 Procedimiento Nº: A/00012/2019 RESOLUCIÓN: R/00402/2019 En el procedimiento A/00012/2019, instruido por la Agencia Española de Protección de Datos a la entidad IDEARIUM 3.0 S.L., vista la denuncia presentada por las reclamantes Doña A.A.A. y Doña B.B.B., y en virtud de los siguientes ANTECEDENTES PRIMERO:  Con fecha 26 de diciembre de 2018 se registra de entrada en la Agencia Española de Protección de Datos reclamación formulada por Doña A.A.A. y Doña B.B.B. (en lo sucesivo, las reclamantes), dando cuenta de que  el día  4 de diciembre de 2018, haciendo una búsqueda por Internet, entraron en la página web https://www.idearium30.com/ de IDEARIUM 3.0., S.L. (en lo sucesivo  IDEARIUM o el reclamado),  comprobando que el “Aviso de cookies” que aparecía no permitía continuar con la navegación si no se aceptaban dichos dispositivos de almacenamiento y recuperación de datos. Las reclamantes añaden que, al no poder navegar sin aceptar las cookies, intentaron acceder a la información que sobre dichos dispositivos se indicaba se ofrecía a través del enlace “cookies” incluido en el aviso que se mostraba. No obstante, al clicar el link, en lugar de redirigir a la información que se anunciaba accedieron a la página https://www.idearium30.com/cookies, en la que volvía a mostrarse el mensaje que exigía la aceptación de las cookies para seguir navegando,     Adjuntan dos capturas de pantalla, correspondientes a cada una de las páginas web citadas, en las que se muestra el contenido del “Aviso de Cookies” al que se refieren las reclamantes, y cuyo texto literal es el que se indica en el siguiente hecho al describir la información ofrecida en la primera capa: SEGUNDO: Tras la recepción de la reclamación, con fecha 4 de febrero de 2019 la Subdirección General de Inspección de Datos procedió a requerir a IDEARIUM la remisión de a la AEPD de determinada información en relación con los hechos expuestos por las reclamantes y que comunicará a éste la decisión adoptada al respecto. Con fecha 18 de febrero de 2019 se registra de entrada en esta Agencia escrito de dicha empresa comunicando lo siguiente: C/ Jorge Juan, 6 www.aepd.es 28001 – Madrid sedeagpd.gob.es 2/19  Para navegar por su web es necesario el uso de cookies. “Por lo que el usuario puede elegir voluntariamente si quiere o no navegar y, únicamente se instalarán las cookies bajo aceptación explícita de las mismas en el aviso de cookies haciendo clic en el botón “Aceptar” del modal de aviso de cookies de la web: https://www.idearium30.com”  Han   eliminado   el   modal   de   la   página   de   Cookies https://www.idearium30.com/cookies que impedía visualizar correctamente las cookies utilizadas en la página web de IDEARIUM.  Garantizan a todos los usuarios de la página web el consentimiento libre e informado del tratamiento del uso de cookies, tal y como se estipula en el artículo 32 del Reglamento (UE) 2016/679, de 16 de abril de 2016, Reglamento general de Protección de Datos. El reclamado adjunta: Ca"
00013-2019,2019,https://www.aepd.es/es/documento/00013-2019.pdf,https://web.archive.org/web/20220307210953id_/https://www.aepd.es/es/documento/00013-2019.pdf,"1/12 863-240719 Procedimiento Nº: A/00013/2019   RESOLUCIÓN: R/00461/2019 En el procedimiento A/00013/2019, instruido por la Agencia Española de Protección de Datos a la entidad ID UNIQUE SNEAKERS, S.L., y en virtud de los siguientes, ANTECEDENTES PRIMERO:  Con fecha 14 de septiembre de 2018 se registra de entrada  en la Agencia Española de Protección de Datos reclamación formulada por Don A.A.A., (en lo sucesivo, el reclamante) contra el responsable del sitio web ***URL.1 por no informar conforme a la normativa vigente sobre el uso de cookies   o  dispositivos de almacenamiento y recuperación de datos (DARD o cookies, en lo sucesivo), toda vez que carece de “Política de cookies” y no muestra ninguna pestaña emergente informativa sobre dichos dispositivos al acceder al sitio web.   Asimismo, el reclamante indica que al carecer de “Aviso Legal” en el que deben aparecer los datos obligatorios del titular del sitio web no puede facilitar información al respecto. SEGUNDO: Tras la recepción de la reclamación, de conformidad con los artículos 9.4 y 14 del Real Decreto-ley 5/2018, de 27 de julio, la Subdirección General de Inspección de Datos procedió, con fecha ***FECHA.1, a trasladar dicha reclamación a Don  B.B.B.  (en adelante GSE)  en su condición de presunto responsable de la mencionada  página web, para su análisis y comunicación al reclamante de la decisión adoptada al respecto, así como para que remitiera a la AEPD determinada información. Con fecha 23 de noviembre de 2018 se registra de entrada en esta Agencia escrito de Don GSE comunicando que el dominio inicialmente inscrito a su nombre se cedió con fecha 16 de octubre de 2017 a ID UNIQUE SNEAKERS, S.L., entidad que registró el cambio de titularidad el 12 de noviembre de 2018. Añade que dicha sociedad ha procedido a actualizar la información ofrecida en el sitio web a fin de adaptarlo a la normativa vigente. A fin de acreditar dicho extremo, aporta “Acta de requerimiento” notarial de fecha 19 de noviembre de 2018 en la que figura diligencia de incorporación y comprobación de determinada documentación de fecha 18 de noviembre de 2018 obtenida de la web ***URL.1, entre la que se encuentra impresión de la página de inicio y, de los documentos de “Política de cookies”, “Aviso Legal” y “Protección de Datos” del reseñado portal. En lo que se refiere a la información sobre uso de cookies que aparece en la documentación incluida en la mencionada acta notarial, se comprueba que el  aviso de la primera capa presenta el siguiente texto: C/ Jorge Juan, 6 www.aepd.es 28001 – Madrid sedeagpd.gob.es 2/12 ”USO DE COOKIES: Al  visitar este sitio web se instalan “cookies” de terceros para analizar el tráfico web y publicitarias. Puede ampliar información, o saber cómo cambiar la configuración, visita la “POLÍTICA DE COOKIES” ACEPTO. Mas información” La información contenida en la segunda capa informativa o “Política de cookies” refiere el uso de cookies de análisis y publicitarias, incluyendo el siguiente det"
00014-2019,2019,https://www.aepd.es/documento/00014-2019.pdf,https://web.archive.org/web/20240707121738id_/https://www.aepd.es/documento/00014-2019.pdf,"1/14   863-240719 Procedimiento Nº: A/00014/2019 RESOLUCIÓN: R/00465/2019 En el procedimiento A/00014/2019, instruido por la Agencia Española de Protección de Datos a la entidad I.S.G.F. INFORMES COMERCIALES, S.L.y en virtud de los siguientes, ANTECEDENTES PRIMERO:  Con fecha 17 de diciembre de 2019 se registra de entrada  en la Agencia Española de Protección de Datos reclamación formulada por Don A.A.A., (en lo sucesivo, el reclamante), dando cuenta   que al visitar la página  web https://isgf.es, de la que es titular la entidad I.S.G.F. INFORMES COMERCIALES, S.L., (en adelante, el reclamado  o I.S.G.F.), se instalan  dispositivos de almacenamiento y recuperación de datos (DARD o cookies, en lo sucesivo), sin  mediar el consentimiento informado de los interesados, contraviniendo con ello el artículo 22.2 de la LSSI. En concreto, el reclamante aduce que se instalan las cookies “_ga”, “gid” y “_gat” del servicio Google Analytics. SEGUNDO: Tras la recepción de la reclamación, con fecha 14 de enero de 2019 se constata la instalación de tres cookies del dominio isgf.es en la mencionada página web, procediéndose con  fecha 30 de enero de 2019 por la Subdirección General de Inspección de Datos a requerir  a I.S.G.F. la remisión  a la AEPD de determinada información en relación con los hechos expuestos por el reclamante y la comunicación al mismo de la decisión adoptada al respecto. Con fecha 27 de febrero de 2019 se registra de entrada en esta Agencia escrito de I.S.G.F. comunicando que en la página web de esa empresa “no se utilizan cookies para recabar ningún tipo de información personal.  Las cookies utilizadas en este sitio web son temporales y con el único propósito de hacer más eficiente la navegación de la página web. En ningún caso las cookies se utilizan para recopilar información personal por lo que consideramos que no se produce ninguna acción contraria a los derechos de protección de daos de los usuarios.” “ Con fecha 22 de febrero de 2019 el reclamado dirigió comunicación al reclamante expresándose en idénticos términos a los utilizados para responder al requerimiento de información efectuado por la AEPD. Con fecha 4 de marzo de 2018 se registra de entrada en esta Agencia escrito del reclamante exponiendo su disconformidad con lo expresado por I.S.G.F en el reseñado escrito de fecha 22 de febrero de 2019. En particular, señala: C/ Jorge Juan, 6 www.aepd.es 28001 – Madrid sedeagpd.gob.es 2/14 “(…) admiten que se utilizan técnicas de almacenamiento de información en los terminales de usuarios finales, es decir, cookies, e indican que se almacenan con fines de rendimiento. Es destacable, que sin informar al usuario y obtener su consentimiento informado, la LSSI en su artículo 22.2 párrafo tercero no permite el uso de cookies y similares distintas a las cookies técnicas, entendiendo a éstas como aquéllas estrictamente necesarias para la transmisión de la comunicación o un servicio solicitado expresamente por el usuario. El uso de cookies para "
00015-2019,2019,https://www.aepd.es/documento/00015-2019.pdf,https://web.archive.org/web/20240706230828id_/https://www.aepd.es/documento/00015-2019.pdf,"1/8 Procedimiento Nº: A/00015/2019 RESOLUCIÓN: R/00228/2019 En el procedimiento A/00015/2019, instruido por la Agencia Española de Protección de Datos y en virtud de los siguientes, ANTECEDENTES PRIMERO: Con fecha 7 de diciembre de 2018 Don A.A.A., (en adelante el reclamante), interpuso reclamación ante la Agencia Española de Protección de Datos contra la entidad OFERTIX, S.L.U., (en adelante, OFERTIX o el reclamado) por seguir recibiendo comunicaciones comerciales electrónicas de esa entidad con posterioridad a haber solicitado el cese de ese tipo de envíos. El reclamante afirma que hace muchos años que se dio de baja en la web de OFERTIX, por lo que no puede acceder a dicha web para dejar de recibir dichos correos publicitarios.  El reclamante adjunta, entre otra, la siguiente documentación: -Copia de dos comunicaciones comerciales remitidas con fechas 30/11/2018 y 04/12/2018 desde la dirección de correo electrónico <***EMAIL.1> a la cuenta de correo del reclamante <***EMAIL.2>, ambas con asunto: Camper. Mustang. McGregor, ofertándole una serie de artículos de vestir de distintas marcas comerciales.   En el encabezamiento figura la marca “Nice&Crazy”. Venta Privada.  - Impresión de un envío   remitido con fecha 08/11/2018   desde la cuenta de correo electrónico del reclamante a la dirección de correo electrónico ***EMAIL.3, con asunto: No quiero volver a recibir SPAM desde su web.  SEGUNDO:  De la documentación aportada por el reclamante se desprende que las citadas comunicaciones comerciales fueron remitidas por el reclamado, toda vez que en ambos envíos figura la siguiente leyenda:  “Recibes ese correo porque eres socio de Ofertix.com. Si no quisieras formar parte de nuestro club puedes darte de baja clicando en baja. Te recordamos que puedes actualizar tus datos en el siguiente enlace tu cuenta. Si quieres ajustar la frecuencia de los envíos de nuestras ofertas puedes clicar en configuración em    ails.” (El subrayado se corresponde con enlaces) Debajo de la información anterior, aparece, también en ambos envíos, la denominación social, domicilio postal, datos de inscripción en el Registro Mercantil de Barcelona y número de CIF del reclamado. C/ Jorge Juan, 6 www.agpd.es 28001 – Madrid sedeagpd.gob.es 2/8 TERCERO: Consultada con fecha 5 de abril de 2019 la aplicación de la AEPD que muestra información sobre de antecedentes de sanciones y apercibimientos precedentes, no constan registros previos por infracción del artículo 21 de la Ley 34/2002, de 11 de julio, de Servicios de la Sociedad de la Información y Comercio Electrónico asociados al reclamado. CUARTO    : Con fecha 10 de abril de 2019, la Directora de la Agencia Española de Protección de Datos acordó someter a trámite de audiencia previa el presente procedimiento de apercibimiento A/00015/2019, otorgando al reclamado un plazo de audiencia de quince días hábiles para que formulase alegaciones y presentase las pruebas que considerase convenientes. Con fecha 11 de abril de 2019 se puso a"
00017-2019,2019,https://www.aepd.es/es/documento/00017-2019.pdf,https://web.archive.org/web/20220307210830id_/https://www.aepd.es/es/documento/00017-2019.pdf,"1/16 863-240719 Procedimiento Nº: A/00017/2019 RESOLUCIÓN: R/00403/2019 En el procedimiento A/00017/2019, instruido por la Agencia Española de Protección de Datos a la entidad COMUNICACIONES DEL CAMPO ESPAÑOL SLU, vista la denuncia presentada por Doña A.A.A., y en virtud de los siguientes ANTECEDENTES PRIMERO: Con fecha 15 de enero de 2019 se registra de entrada en la Agencia Española de Protección de Datos reclamación formulada por Doña A.A.A., (en lo sucesivo, la reclamante), dando cuenta que las páginas web ***URL.1 y ***URL.2 incumplen lo previsto en la normativa vigente sobre dispositivos de almacenamiento y recuperación de datos (DARD o cookies, en lo sucesivo). SEGUNDO: Tras constatar, en fecha 6 de febrero de 2019, la instalación de las cookies “_ga”, “gid” y “_gat” del servicio Google Analytics en ambas páginas web, con fecha 18 de febrero de 2019 se trasladó a la mercantil COMUNICACIONES DEL CAMPO ESPAÑOL SLU, (en adelante, el reclamado), la reclamación presentada requiriéndole, entre otros extremos, la remisión a la AEPD de determinada información relacionada con los hechos expuestos en la misma. La notificación de dicho escrito se intentó practicar por medios electrónicos a través de la plataforma Notific@, siendo rechazada la misma al transcurrir diez días naturales desde la puesta a disposición de dicha notificación sin que el reclamado accediera a su contenido.  De forma excepcional, con fecha 1 de marzo de 2019 se procedió a remitir nuevamente dicha notificación por correo postal certificado, constando que dicho envío fue devuelto a origen por sobrante con fecha 18 de marzo de 2019, al no haber sido retirado en la oficina de Correos por el reclamado. Con fecha 27 de marzo de 2019 se accede por Internet a los sitios web ***URL.1 y ***URL.2, comprobándose en ambas visitas que, sin realizarse ningún tipo de acción por parte del usuario, se instala una cookie de doubleclick.net  así como las cookies analíticas “_ga”, “gid” y “_gat”  del Servicio de  Google  Analytics, Por lo cual, dichos dispositivos de tercera parte  se almacenan  en los terminales de los usuarios sin mediar el consentimiento informado de los interesados que acceden a los citados portales web. Asimismo, al acceder a la pantalla de inicio de los reseñados sitios web no se localiza ningún tipo de aviso informativo sobre el uso de cookies. Se comprueba que únicamente en el documento de “Política de Privacidad” de los referidos sitios web se incluye un apartado relativo al “Uso de Cookies”, cuyo tenor literal era el siguiente: “Una cookie es un pequeño archivo de datos que tu navegador web aloja en el disco duro de tu ordenador y que contiene cierta información de la visita a la página. Nuestra página únicamente utiliza cookies con el fin de facilitar la navegación de los usuarios y C/ Jorge Juan, 6 www.aepd.es 28001 – Madrid sedeagpd.gob.es 2/16 sin que en ningún caso sea posible asociar tales cookies a los datos personales concretos de los usuarios ni identificar a ést"
00020-2019,2019,https://www.aepd.es/es/documento/00020-2019.pdf,https://web.archive.org/web/20220307211126id_/https://www.aepd.es/es/documento/00020-2019.pdf,"1/16 863-240719 Procedimiento Nº: A/00020/2019 RESOLUCIÓN: R/00405/2019 En el procedimiento A/00020/2019, instruido por la Agencia Española de Protección de Datos a la entidad CHOLLOMODA FASHION RETAIL, S.L., vista la denuncia presentada por Doña A.A.A., y en virtud de los siguientes ANTECEDENTES PRIMERO: Con fecha 10 de diciembre de 2018 Doña A.A.A. (en adelante, la reclamante), interpuso reclamación ante la Agencia Española de Protección de Datos contra la entidad CHOLLOMODA FASHION RETAIL, S.L., (en adelante, el reclamado), entre otros, con motivo de los hechos que a continuación se transcriben:  “Al entrar en la página Web www.chollomoda.com, aparece un cartel en el borde superior donde pone: ""Utilizamos cookies. Más información en Política de Privacidad"", y una caja donde pone ""Entendido"". Sin embargo, a los segundos de no hacer click en la caja de ""Entendido"", el cartel superior desaparece. Al entrar en el apartado ""Política de Cookies"" de la página web, se establece que ""La aceptación de cookies no es ningún requisito para visitar nuestra página web. Sin embargo, solo es posible realizar la función ""cesta de la compra"" y hacer pedidos de productos cuando nos permites activar cookies en tu navegador"". No obstante, al elegir un artículo de ropa y seleccionar la opción de meterlo en la ""cesta de la compra"" para proceder a comprar, la página web no pone ningún obstáculo. Por lo tanto, se están utilizando las cookies que nunca se llegaron a aceptar. Además, no aparece en la página web ningún apartado donde poder desactivar las cookies.” SEGUNDO: Tras la recepción de la reclamación, con fecha 20 de diciembre de 2018, se comprueba que al acceder a la mencionada página web se instalan automáticamente cookies no exentas del deber de informar, entre las que se encuentran las cookies analíticas _ga y _gat sin mediar el consentimiento informado    Posteriormente, la Subdirección General de Inspección de Datos procedió, con fecha 8 de enero de  2019, a trasladar dicha reclamación al reclamado a través de la plataforma Notific@” que envía las notificaciones a los sistemas Carpeta Ciudadana y Dirección Electrónica Habilitada del Ministerio de Hacienda y Administraciones C/ Jorge Juan, 6 www.aepd.es 28001 – Madrid sedeagpd.gob.es 2/16 Públicas, estando a su disposición hasta el 19 de enero de 2019, fecha en que se entendió  como rechazada al haber transcurrido diez días naturales desde la puesta a disposición de la notificación sin  que se acceda a su contenido. Con fecha 23 de enero de 2019 se procedió a trasladar nuevamente la citada reclamación a través de la Sociedad Estatal Correos y Telégrafos, S.A., al domicilio del reclamado, siendo devuelto por “Sobrante” (No retirado en oficina) el 6 de febrero de 2019, después de haberse intentado su entrega con fechas 28 y 29 de enero de 2019 en el domicilio conocido y resultar “Ausente” en ambas ocasiones Con fecha 3 de abril de 2019, la Directora de la Agencia Española de Protección de Datos acordó admitir a"
00025-2019,2019,https://www.aepd.es/documento/00025-2019.pdf,https://web.archive.org/web/20240706190136id_/https://www.aepd.es/documento/00025-2019.pdf,"1/4 Procedimiento Nº A/0025/2019 RESOLUCIÓN: R/00437/2019 En el procedimiento A/0025/2019, instruido por la Agencia Española de Protección de Datos, a la entidad, IPM ASOCIADOS (en adelante, “la entidad reclamada”), en virtud de la reclamación presentada por D. A.A.A., ANTECEDENTES PRIMERO: con fecha 24/01/19, el reclamante presentó escrito ante la Agencia Española de Protección de Datos, en la que, entre otras, indicaba: “Después de avisar el pasado 28/11/18 de que estaban incumpliendo la nueva ley RGPD respondiendo al mismo correo recibido. Vuelvo a recibir hoy 24/01/19 la misma comunicación sin que se haya realizado ninguna supresión de mis datos. En el correo tampoco especifica donde dirigirse para este fin y en su web tampoco”. Aporta, la siguiente documentación: - Correo electrónico recibido, el 28/11/18, enviado desde la dirección creditos@ipmasociados.es a la dirección de correo info@codeinformatica.es, con información comercial. - Correo electrónico enviado el 28/11/18 desde la dirección info@codeinformatica.es, a la dirección creditos@ipmasociados.es donde expone el deseo de no recibir más correos electrónicos publicitarios, además de reclamar la eliminación de todos sus datos personales de su base de datos. - Aporta correo electrónico recibido, el 24/01/19, enviado desde la dirección: creditos@ipmasociados.es a la dirección de correo info@codeinformatica.es, con información comercial. SEGUNDO: A la vista de los hechos expuestos en la reclamación y de los documentos aportados por el reclamante, la Subdirección General de Inspección de Datos procedió a realizar actuaciones para su esclarecimiento, al amparo de los poderes de investigación otorgados a las autoridades de control en el art 57.1 del Reglamento (UE) 2016/679 (RGPD). Así, con fechas 15/02/19 y 15/03/19, se dirige requerimientos informativos a la entidad reclamada, siendo devuelto por el servicio de Correos con la anotación de “ausente del reparto”, el 01/03/19 y el 29/03/19 respectivamente. CUARTO: Con fecha 27/05/19, la Directora de la Agencia Española de Protección de Datos acordó someter a trámite de audiencia previa el procedimiento de apercibimiento A/0025/2019 a la entidad reclamada, otorgándole un plazo de audiencia previa de diez días para que aportara la documentación o información que desease con respecto a la denuncia presentada. Según certificado emitido por el Servicio de Correos, la notificación dirigida a la entidad IPM ASOCIADOS en la dirección c/ Copérnico, Polígono A Grela 6; 15008 A CORUÑA, ha resultado devuelta a origen, con la anotación de, “Ausente del reparto”, el 05/06/19. Así las cosas, con fecha 01/07/19, se produce la publicación, en el Tablón Edictal C/ Jorge Juan, 6 www.aepd.es 28001 – Madrid sedeagpd.gob.es 2/4 Único del BOE, de la notificación del acuerdo de Trámite de Audiencia Precia A/0025/2019, ante la imposibilidad de notificación en el domicilio. QUINTO: Notificado el mencionado trámite de Audiencia, no se recibe en esta Agencia ningún escr"
00026-2019,2019,https://www.aepd.es/es/documento/00026-2019.pdf,https://web.archive.org/web/20220307211103id_/https://www.aepd.es/es/documento/00026-2019.pdf,"1/4 863-240719 Procedimiento Nº A/0026/2019 RESOLUCIÓN: R/00593/2019 En el procedimiento A/0026/2019, instruido por la Agencia Española de Protección de Datos, a la entidad LOS NIÑOS DE MONTESSORI S.L., con NIF B88155734., ***URL.1 (en adelante, “la entidad reclamada”), en virtud de la reclamación presentada por Dª. A.A.A., (en adelante, “la reclamante”) y teniendo como base los siguientes, ANTECEDENTES PRIMERO: con fecha 17/01/19 la reclamante presenta escrito ante la Agencia Española de Protección de Datos, en la que, entre otras, indica:  “Desde que se puso en marcha la Web de ***URL.1  en junio del 2018, se está incumpliendo con la ley de protección de datos: No se informa en la página del uso de cookies SEGUNDO: A la vista de los hechos expuestos en la reclamación y de los documentos aportados por el reclamante, la Subdirección General de Inspección de Datos procedió a realizar actuaciones para su esclarecimiento, al amparo de los poderes de investigación otorgados a las autoridades de control en el artículo 57.1 del Reglamento (UE) 2016/679 (RGPD). Así, con fechas 01/03/19 y 20/03/19, se dirige un requerimiento informativo a la entidad reclamada. Según certificado del El Servicio de Notificaciones Electrónicas y Dirección Electrónica Habilitada, el requerimiento realizado a través de Notific@, con fecha 01/03/19, fue rechazado con fecha 12/03/19. Según certificado del Servicio Postal de Correos, el requerimiento realizado, a través de SICER, con fecha 20/03/19, fue devuelto a origen el 27/03/19, con la anotación de “ausente” y “no recogido del servicio de lista de Correos”. TERCERO: Consultada la página web ***URL.1, con fecha 23/08/19, se observa que no existe ningún tipo de banner sobre cookies, ni enlace alguno a la política de cookies. Si se observa en cambio, que se cargan cookies propias y de terceros, cuando se accede a la página web. CUARTO:  Con fecha 06/09/19, al no haber recibido ningún tipo de información por parte de la persona reclamada, la Directora de la Agencia Española de Protección de Datos acordó iniciar procedimiento previo de audiencia contra la entidad reclamada, en virtud de los poderes establecidos en el art. 43 de la de la Ley 34/2002, de 11 de julio, de Servicios de la Sociedad de la Información y Comercio Electrónico (LSSI). y en el que se la requería para que tomase las medidas adecuadas para para que tome las medidas adecuadas para incluir en la página web de su titularidad un mecanismo que permita prestar el consentimiento o revocar el mismo con relación al tratamiento de cookies realizado por la página en cuestión, y que no se carguen cookies con la mera visita a la página web. C/ Jorge Juan, 6 www.aepd.es 28001 – Madrid sedeagpd.gob.es 2/4 QUINTO: Según certificado del El Servicio de Notificaciones Electrónicas y Dirección Electrónica Habilitada, el requerimiento realizado a través de Notific@, con fecha 09/09/19, fue rechazado con fecha 20/09/19. La entidad reclamada no ha presentado ante esta Agencia, ning"
00029-2019,2019,https://www.aepd.es/documento/00029-2019.pdf,https://web.archive.org/web/20240602210952id_/https://www.aepd.es/documento/00029-2019.pdf,"1/10 Procedimiento Nº: A/00029/2019 RESOLUCIÓN: R/00524/2019 En el procedimiento A/00029/2019, instruido por la Agencia Española de Protección de Datos a la entidad DIS TYVOLI, S.L.  y en virtud de los siguientes, ANTECEDENTES   PRIMERO: Con fecha 18 de diciembre de 2018 tiene entrada en esta Agencia escrito remitido por el Servicio Territorial de Economía de la Junta de Castilla y León, en el que daba cuenta de una posible infracción en materia de protección de datos por parte de la entidad DIS TYVOLI, S.L., (en adelante, el reclamado), al no pedir consentimiento expreso para el envío de ofertas comerciales.    Junto al escrito se aportaba copia de un “Contrato de Compra Venta de un Vehículo, con Garantía” suscrito en León, con fecha 11 de octubre de 2017, entre  DIS TYVOLI, S.L  (LEONCAR), en calidad de comerciante vendedor, y   Don  A.A.A., en calidad de comprador, (en adelante también RVM),  con motivo de la formalización de la compra-venta de ***VEHICULO.1, matrícula ***MATRICULA.1. En la condición Séptima del citado contrato se señalaba que: “El comprador autoriza de acuerdo con la Ley de protección de datos, a la utilización de los suyos, para que los incorpore a su fichero el vendedor y los utilice en su gestión administrativa y en el envío de ofertas comerciales, pudiendo ejercitar sus derechos de acceso, rectificación y cancelación, comunicando por escrito al vendedor su decisión.” Atendido que el reclamado no ofreció al comprador (RVM) en ese mismo documento un procedimiento para poder manifestar su negativa al tratamiento de sus datos personales con fines publicitarios, es decir, para fines no relacionados directamente con el mantenimiento y desarrollo de la relación contractual en cuestión, se estima que dicha entidad no solicitó ni obtuvo válidamente el consentimiento del comprador para que sus datos pudieran utilizarse para el envío de ofertas comerciales. SEGUNDO: Con fecha 15 de febrero de 2019, la Subdirección General de Inspección de Datos trasladó al reclamado el mencionado escrito para que, en el plazo de un mes desde su recepción, informase a esta Agencia, entre otros extremos, sobre las causas que habían motivado los hechos objeto de reclamación y las medidas adoptadas para evitar que se produjeran incidencias similares. A pesar de que el escrito de notificación del traslado de la reclamación y solicitud de información fue notificado al reclamado, con fecha 15 de febrero de 2019 por medios electrónicos, en concreto, a través de la plataforma Notific@, que envía las notificaciones a los sistemas Carpeta Ciudadana y Dirección Electrónica Habilitada del C/ Jorge Juan, 6 www.aepd.es 28001 – Madrid sedeagpd.gob.es 2/10 Ministerio de Hacienda y Administraciones Públicas, el reclamado no contestó la información solicitada en el plazo concedido a tal efecto. Con fecha 19 de junio de 2019 la Directora de la AEPD acordó admitir a trámite el escrito de reclamación.   TERCERO: Consultada el 2 de julio de 2019 la aplicación de la AEPD q"
00031-2019,2019,https://www.aepd.es/es/documento/00031-2019.pdf,https://web.archive.org/web/20220307211136id_/https://www.aepd.es/es/documento/00031-2019.pdf,"1/9 Procedimiento Nº: A/00031/2019 RESOLUCIÓN: R/00597/2019 En el procedimiento A/00031/2019, instruido por la Agencia Española de Protección de Datos a la entidad SHOP MACOYN SL (YBL ABOGADOS), vista la denuncia presentada por A.A.A. y en virtud de los siguientes, ANTECEDENTES PRIMERO: El reclamante, con fecha 09/05/2019 interpuso reclamación ante la Agencia Española de Protección de Datos. La reclamación se dirige contra SHOP MACOYN, S.L. (YBL ABOGADOS), con NIF B66987074 (en adelante, el reclamado). Los motivos en que basa la reclamación son, en síntesis:   que el reclamado ha utilizado las dos direcciones de correo electrónico de ADAN ADVOCATS (despacho del cual es titular) ***EMAIL.1 y ***EMAIL.2, de manera ilícita para remitir información y publicidad sobre los servicios que presta, no habiendo sido autorizado ni consentido para mandar tal publicidad ya que jamás se le ha sido solicitada. Aporta copia de los correos.  SEGUNDO: Tras la recepción de la reclamación, la Subdirección General de Inspección de Datos procedió a realizar las siguientes actuaciones: El 25/06/2019 fue trasladada al reclamado el escrito interpuesto para su análisis y comunicación a la denunciante de la decisión adoptada al respecto. Igualmente, se le requería para que en el plazo de un mes remitiera a la Agencia determinada información: - Copia de las comunicaciones, de la decisión adoptada que haya remitido al reclamante a propósito del traslado de esta reclamación, y acreditación de que el reclamante ha recibido la comunicación de esa decisión. - Informe sobre las causas que han motivado la incidencia que ha originado la reclamación. - Informe sobre las medidas adoptadas para evitar que se produzcan incidencias similares. - Cualquier otra que considere relevante. C/ Jorge Juan, 6 www.aepd.es 28001 – Madrid sedeagpd.gob.es 2/9 No consta que el reclamado haya dado respuesta al requerimiento formulado por la Agencia Española de Protección de Datos. TERCERO: El 28/08/2019, de conformidad con el artículo 65 de la LOPDGDD, la Directora de la Agencia Española de Protección de Datos acordó admitir a trámite la reclamación presentada por el reclamante contra el reclamado. CUARTO: Con fecha 24/10/2019, la Directora de la Agencia Española de Protección de Datos acordó iniciar procedimiento de acuerdo previo al apercibimiento al reclamado por presunta infracción del artículo 21 de la de la Ley 34/2002, de 11 de julio, de Servicios de la Sociedad de la Información y Comercio Electrónico (en lo sucesivo, LSSI), tipificada como leve en el artículo 38.4.d) de dicha norma. QUINTO: Notificado el acuerdo de inicio y transcurrido el plazo correspondiente el reclamado no formuló escrito de alegaciones. SEXTO: En el presente procedimiento han quedado acreditado los siguientes: HECHOS PROBADOS PRIMERO: El reclamante presentó escrito de reclamación el 09/05/2019 en la AEPD manifestando que tras recibir correos de tipo publicitario del reclamado, YBL ABOGADOS, les había solicitado que elimin"
PS-00251-2019,2019,https://www.aepd.es/documento/PS-00251-2019.pdf,https://web.archive.org/web/20240627051054id_/https://www.aepd.es/documento/PS-00251-2019.pdf,"1/8 Procedimiento Nº: PS/00251/2019 938-0419 RESOLUCIÓN DE PROCEDIMIENTO SANCIONADOR Del procedimiento instruido por la Agencia Española de Protección de Datos y en base a los siguientes ANTECEDENTES PRIMERO: D. A.A.A. (en adelante, el reclamante) con fecha 24 de julio de 2018 interpuso reclamación ante la Agencia Española de Protección de Datos. La reclamación se dirige contra TELEFONICA DE ESPAÑA, S.A.U. con NIF A82018474 (en lo sucesivo, la reclamada). Los motivos en que basa la reclamación son que la reclamada ha realizado diversos cargos en su cuenta bancaria, correspondientes a los consumos realizados por una línea de la que no es titular. Con fecha 3 de julio de 2018, comunica esta circunstancia a la reclamada, y el día 5 del mismo mes y año, le contestan por carta manifestando “hemos analizado su caso en detalle y no hemos observado ninguna incidencia en nuestros procesos…sentimos comunicarle que el importe es correcto…”. Además, en los recibos del banco, accede al nombre y teléfono de la otra persona. Así las cosas, ha podido devolver algunos de los recibos, pero con fecha 13 de julio de 2018, se los vuelven a cargar después de haber avisado del error. Junto con su escrito, se ha aportado la siguiente documentación: copia de los recibos erróneos cargados en su cuenta bancaría (de fechas 01/03/18, 03/04/18, 02/05/18, 01/06/18, 02/07/18 y dos de 13/07/18), contestación de la reclamada que señala que el importe es correcto y que es el propio cliente el que ha de solicitar a su entidad bancaria la devolución de los recibos que se hayan cargado incorrectamente. SEGUNDO: A la vista de los hechos expuestos en la reclamación y de los documentos aportados por el reclamante, la Subdirección General de Inspección de Datos procedió a realizar actuaciones para su esclarecimiento, al amparo de los poderes de investigación otorgados a las autoridades de control en el artículo 57.1 del Reglamento (UE) 2016/679 (Reglamento General de Protección de Datos, en adelante RGPD).          En fecha 9/10/2018 la Inspección de Datos de la AEPD dirige un requerimiento informativo a la reclamada. La reclamada con fecha 2/11/2018, manifiesta que el reclamante es titular del Contrato de servicio Movistar Fusión que incluye una línea de telefonía fija y las cuatro líneas de telecomunicaciones móviles que constan en el mismo.   Añade que al recibir la reclamación del titular de la cuenta bancaria sobre cargos de C/ Jorge Juan, 6 www.aepd.es 28001 – Madrid sedeagpd.gob.es 2/8 facturas que no son propias y tras realizar comprobaciones oportunas, dirige al reclamante a su banco para que pueda retroceder el mencionado cargo bancario, conforme a la legislación sobre servicios de pago. TERCERO: Con fecha 22 de julio de 2019, la Directora de la Agencia Española de Protección de Datos acordó iniciar procedimiento sancionador a la reclamada, por la presunta infracción del artículo 5.1d) del RGPD tipificada en el artículo 83.5 a) del citado RGPD. CUARTO:  Notificado el acuerdo de"
PS-00300-2019,2019,https://www.aepd.es/documento/PS-00300-2019.pdf,https://web.archive.org/web/20240518111740id_/https://www.aepd.es/documento/PS-00300-2019.pdf,"1/7 936-150719 Procedimiento Nº: PS/00300/2019 RESOLUCIÓN R/00499/2019 DE TERMINACIÓN DEL PROCEDIMIENTO POR PAGO VOLUNTARIO En el procedimiento sancionador PS/00300/2019, instruido por la Agencia Española de Protección de Datos a VUELING AIRLINES, S.L., vista la denuncia presentada por A.A.A., y en base a los siguientes, ANTECEDENTES PRIMERO: Con fecha 6 de septiembre de 2019, la Directora de la Agencia Española de Protección de Datos acordó iniciar procedimiento sancionador a VUELING AIRLINES, S.L. (en adelante, el reclamado), mediante el Acuerdo que se transcribe: << Procedimiento Nº: PS/00300/2019 166-240719 ACUERDO DE INICIO DE PROCEDIMIENTO SANCIONADOR De las actuaciones practicadas por la Agencia Española de Protección de Datos ante la entidad, VUELING AIRLINES, S.L con NIF A63422141 (en adelante, “la entidad reclamada), en virtud de denuncia presentada por D. A.A.A. (en adelante, “el reclamante”) y teniendo como base los siguientes: HECHOS PRIMERO: Con fecha 04/01/19 y 08/01/19, tuvo entrada en esta Agencia sendos escritos, presentados por el reclamante, en el que exponía, entre otras, lo siguiente: “Como cliente y usuario de la Web de Vueling (***URL.1) indicarles que, en el tratamiento de cookies no permiten al usuario utilizar las cookies estrictamente necesarias, y además huelga una acción afirmativa y positiva que no se pueda malinterpretar para el consentimiento y lo asumen simplemente al visitar su página web. Además, he solicitado información sobre la innumerable lista de servicios de terceros que se cargan en dicha web, comprometiendo datos personales como la IP“. SEGUNDO: Con fecha 30/01/19, a la vista de los hechos expuestos en la reclamación y de los documentos aportados por el reclamante, la Subdirección General de Inspección de Datos procedió a realizar actuaciones para su esclarecimiento, al amparo de los poderes de investigación otorgados a las autoridades de control en el artículo 57.1 del Reglamento (UE) 2016/679 (Reglamento General de Protección de Datos, (RGPD), se dirige un requerimiento informativo a la entidad reclamada.  C/ Jorge Juan, 6 www.aepd.es 28001 – Madrid sedeagpd.gob.es 2/7 TERCERO: Con fecha 01/03/19, la entidad reclamada, remite a esta Agencia, entre otras, la siguiente información y documentación:  “1.- El reclamante, el 6 de junio de 2018, ejerció su derecho de acceso mediante burofax dirigido al domicilio social de Vueling.  Su petición de derecho de acceso fue respondida formalmente. Se acompaña este escrito de una copia de la respuesta enviada, (Documento 2). El 2 de enero de 2019, el reclamante volvió a ejercer su derecho de acceso. Se adjunta copia del mismo, (Documento 3). La segunda petición del reclamante fue respondida el día 1 de febrero de 2019. El día 21 de febrero de 2019, el reclamante volvió a remitir una petición de acceso. Se adjunta copia, (Documento 6) y copia de la respuesta, (Documento 7). 2º.- Se está actualmente implementando un mecanismo que permita a los usuarios seleccionar lo"
PS-00301-2019,2019,https://www.aepd.es/documento/PS-00301-2019.pdf,https://web.archive.org/web/20240626143039id_/https://www.aepd.es/documento/PS-00301-2019.pdf,"1/13 936-150719 Procedimiento Nº: PS/00301/2019 RESOLUCIÓN R/00551/2019 DE TERMINACIÓN DEL PROCEDIMIENTO POR PAGO VOLUNTARIO En el procedimiento sancionador PS/00301/2019, instruido por la Agencia Española de Protección de Datos a VODAFONE ESPAÑA, S.A.U., vista la denuncia presentada por A.A.A., y en base a los siguientes, ANTECEDENTES PRIMERO: Con fecha 23 de septiembre de 2019, la Directora de la Agencia Española de Protección de Datos acordó iniciar procedimiento sancionador a VODAFONE ESPAÑA, S.A.U. (en adelante, el reclamado), mediante el Acuerdo que se transcribe: << Procedimiento Nº: PS/00301/2019 935-240719 ACUERDO DE INICIO DE PROCEDIMIENTO SANCIONADOR De las actuaciones practicadas por la Agencia Española de Protección de Datos y en base a los siguientes HECHOS PRIMERO:  D. A.A.A. (en adelante, el reclamante) con fecha 12 de febrero de 2019 interpuso reclamación ante la Agencia Española de Protección de Datos. La reclamación se dirige contra Vodafone España, S.A.U. con NIF A80907397 (en adelante, la reclamada). Los motivos en que basa la reclamación son que en abril o mayo de 2018, su hija, autorizada por él, facilitó a una trabajadora de Vodafone, datos del reclamante con objeto de que le realizaran una oferta. C/ Jorge Juan, 6 www.aepd.es 28001 – Madrid sedeagpd.gob.es 2/13 Días después recibió en su domicilio una llamada de la reclamada, ofreciendo sus servicios. El reclamante manifiesta que NO aceptó la oferta, no obstante, la reclamada procedió a realizar el cambio de su línea. Con fecha 16 de mayo de 2018, recibió un requerimiento de pago de I.S.G.F. Informes Comerciales S.L., por una deuda con la reclamada, empresa de la que el reclamante manifiesta no ser cliente. Tras recibir otros dos requerimientos de pago, con fecha 21 de agosto de 2018 solicitó la oposición al tratamiento de sus datos a la reclamada. El reclamante aporta copia de los requerimientos de pago recibidos en mayo y julio de 2018, de la reclamada y de ISGF Informes Comerciales S.L. y de las notificaciones de inclusión de sus datos en los ficheros Asnef y Badexcug de fechas 24 y 28 de agosto respectivamente. SEGUNDO: A la vista de los hechos denunciados en la reclamación y de los documentos aportados por la reclamante, la Subdirección General de Inspección de Datos procedió a la realización de actuaciones previas de investigación para el esclarecimiento de los hechos en cuestión, en virtud de los poderes de investigación otorgados a las autoridades de control en el artículo 57.1 del Reglamento (UE) 2016/679 (Reglamento General de Protección de Datos, en adelante RGPD), y de conformidad con lo establecido en el Título VII, Capítulo I, Sección segunda, de la Ley Orgánica 3/2018, de 5 de diciembre, de Protección de Datos Personales y garantía de los derechos digitales (en lo sucesivo LOPDGDD). Como resultado de las actuaciones de investigación practicadas, se constata que el responsable del tratamiento es la reclamada. Asimismo, se constatan los siguientes extremos: C"
a-00013-2019,2019,https://www.aepd.es/documento/a-00013-2019.pdf,https://web.archive.org/web/20251113175245id_/https://www.aepd.es/documento/a-00013-2019.pdf,"1/12 863-240719 Procedimiento Nº: A/00013/2019   RESOLUCIÓN: R/00461/2019 En el procedimiento A/00013/2019, instruido por la Agencia Española de Protección de Datos a la entidad ID UNIQUE SNEAKERS, S.L., y en virtud de los siguientes, ANTECEDENTES PRIMERO:  Con fecha 14 de septiembre de 2018 se registra de entrada  en la Agencia Española de Protección de Datos reclamación formulada por Don A.A.A., (en lo sucesivo, el reclamante) contra el responsable del sitio web ***URL.1 por no informar conforme a la normativa vigente sobre el uso de cookies   o  dispositivos de almacenamiento y recuperación de datos (DARD o cookies, en lo sucesivo), toda vez que carece de “Política de cookies” y no muestra ninguna pestaña emergente informativa sobre dichos dispositivos al acceder al sitio web.   Asimismo, el reclamante indica que al carecer de “Aviso Legal” en el que deben aparecer los datos obligatorios del titular del sitio web no puede facilitar información al respecto. SEGUNDO: Tras la recepción de la reclamación, de conformidad con los artículos 9.4 y 14 del Real Decreto-ley 5/2018, de 27 de julio, la Subdirección General de Inspección de Datos procedió, con fecha ***FECHA.1, a trasladar dicha reclamación a Don  B.B.B.  (en adelante GSE)  en su condición de presunto responsable de la mencionada  página web, para su análisis y comunicación al reclamante de la decisión adoptada al respecto, así como para que remitiera a la AEPD determinada información. Con fecha 23 de noviembre de 2018 se registra de entrada en esta Agencia escrito de Don GSE comunicando que el dominio inicialmente inscrito a su nombre se cedió con fecha 16 de octubre de 2017 a ID UNIQUE SNEAKERS, S.L., entidad que registró el cambio de titularidad el 12 de noviembre de 2018. Añade que dicha sociedad ha procedido a actualizar la información ofrecida en el sitio web a fin de adaptarlo a la normativa vigente. A fin de acreditar dicho extremo, aporta “Acta de requerimiento” notarial de fecha 19 de noviembre de 2018 en la que figura diligencia de incorporación y comprobación de determinada documentación de fecha 18 de noviembre de 2018 obtenida de la web ***URL.1, entre la que se encuentra impresión de la página de inicio y, de los documentos de “Política de cookies”, “Aviso Legal” y “Protección de Datos” del reseñado portal. En lo que se refiere a la información sobre uso de cookies que aparece en la documentación incluida en la mencionada acta notarial, se comprueba que el  aviso de la primera capa presenta el siguiente texto: C/ Jorge Juan, 6 www.aepd.es 28001 – Madrid sedeagpd.gob.es 2/12 ”USO DE COOKIES: Al  visitar este sitio web se instalan “cookies” de terceros para analizar el tráfico web y publicitarias. Puede ampliar información, o saber cómo cambiar la configuración, visita la “POLÍTICA DE COOKIES” ACEPTO. Mas información” La información contenida en la segunda capa informativa o “Política de cookies” refiere el uso de cookies de análisis y publicitarias, incluyendo el siguiente det"
a-00014-2019,2019,https://www.aepd.es/documento/a-00014-2019.pdf,https://web.archive.org/web/20251113163619id_/https://www.aepd.es/documento/a-00014-2019.pdf,"1/14   863-240719 Procedimiento Nº: A/00014/2019 RESOLUCIÓN: R/00465/2019 En el procedimiento A/00014/2019, instruido por la Agencia Española de Protección de Datos a la entidad I.S.G.F. INFORMES COMERCIALES, S.L.y en virtud de los siguientes, ANTECEDENTES PRIMERO:  Con fecha 17 de diciembre de 2019 se registra de entrada  en la Agencia Española de Protección de Datos reclamación formulada por Don A.A.A., (en lo sucesivo, el reclamante), dando cuenta   que al visitar la página  web https://isgf.es, de la que es titular la entidad I.S.G.F. INFORMES COMERCIALES, S.L., (en adelante, el reclamado  o I.S.G.F.), se instalan  dispositivos de almacenamiento y recuperación de datos (DARD o cookies, en lo sucesivo), sin  mediar el consentimiento informado de los interesados, contraviniendo con ello el artículo 22.2 de la LSSI. En concreto, el reclamante aduce que se instalan las cookies “_ga”, “gid” y “_gat” del servicio Google Analytics. SEGUNDO: Tras la recepción de la reclamación, con fecha 14 de enero de 2019 se constata la instalación de tres cookies del dominio isgf.es en la mencionada página web, procediéndose con  fecha 30 de enero de 2019 por la Subdirección General de Inspección de Datos a requerir  a I.S.G.F. la remisión  a la AEPD de determinada información en relación con los hechos expuestos por el reclamante y la comunicación al mismo de la decisión adoptada al respecto. Con fecha 27 de febrero de 2019 se registra de entrada en esta Agencia escrito de I.S.G.F. comunicando que en la página web de esa empresa “no se utilizan cookies para recabar ningún tipo de información personal.  Las cookies utilizadas en este sitio web son temporales y con el único propósito de hacer más eficiente la navegación de la página web. En ningún caso las cookies se utilizan para recopilar información personal por lo que consideramos que no se produce ninguna acción contraria a los derechos de protección de daos de los usuarios.” “ Con fecha 22 de febrero de 2019 el reclamado dirigió comunicación al reclamante expresándose en idénticos términos a los utilizados para responder al requerimiento de información efectuado por la AEPD. Con fecha 4 de marzo de 2018 se registra de entrada en esta Agencia escrito del reclamante exponiendo su disconformidad con lo expresado por I.S.G.F en el reseñado escrito de fecha 22 de febrero de 2019. En particular, señala: C/ Jorge Juan, 6 www.aepd.es 28001 – Madrid sedeagpd.gob.es 2/14 “(…) admiten que se utilizan técnicas de almacenamiento de información en los terminales de usuarios finales, es decir, cookies, e indican que se almacenan con fines de rendimiento. Es destacable, que sin informar al usuario y obtener su consentimiento informado, la LSSI en su artículo 22.2 párrafo tercero no permite el uso de cookies y similares distintas a las cookies técnicas, entendiendo a éstas como aquéllas estrictamente necesarias para la transmisión de la comunicación o un servicio solicitado expresamente por el usuario. El uso de cookies para "
a-00019-2019,2019,https://www.aepd.es/documento/a-00019-2019.pdf,https://web.archive.org/web/20251113183126id_/https://www.aepd.es/documento/a-00019-2019.pdf,"1/6 Procedimiento Nº A/0019/2019 RESOLUCIÓN: R/00431/2019 En el procedimiento A/0019/2019, instruido por la Agencia Española de Protección de Datos, a la entidad ROOFOODS SPAIN S.L.U. (DELIVEROO), NIF B87343265 (en adelante, “la entidad reclamada”), en virtud de la reclamación presentada por A.A.A. (en adelante, “el reclamante”) y teniendo como base los siguientes, ANTECEDENTES PRIMERO: Con fecha 11/01/19, tiene entrada en esta Agencia escrito presentado por el reclamante, en la que expone, entre otras, que: “Al realizar la búsqueda en la página web llamada ***URL.1 se puede apreciar como en la parte inferior de la pantalla aparece una notificación sobre las Cookies, en la que simplemente se indica el siguiente mensaje: “Nuestra web utiliza Cookies”. Dicho mensaje aparentemente solo da la opción de cerrar la pestaña, aunque también existe la opción de clicar en la palabra Cookies, para obtener más información. Sin embargo, esto último no se especifica en el mensaje mencionado anteriormente, sino que tiene que ser el propio usuario el que averigüe que para obtener dicha información hay que pinchar en esta palabra. Una vez pinchado en dicha palabra, el usuario es redireccionado a la información sobre las mismas. En esa sección, aparece una relación de todas las Cookies que se instalan. A pesar de la información que se muestra, no aparece en ninguna parte información sobre el consentimiento y la opción de no instalar Cookies. Tan solo menciona: “Normalmente verás un mensaje en la página web antes de que instalemos una Cookie en tu ordenador, lo cual parece indicar que te notifican de la instalación de una Cookie, pero en ningún momento el usuario otorga su consentimiento para dicho acto”.  SEGUNDO: A la vista de los hechos expuestos en la reclamación y de los documentos aportados por el reclamante, la Subdirección General de Inspección de Datos procedió a realizar actuaciones para su esclarecimiento, al amparo de los poderes de investigación otorgados a las autoridades de control en el art. 57.1 del Reglamento (UE) 2016/679 (Reglamento General de Protección de Datos, en adelante RGPD). Así, con fecha 18/02/19, se dirige un requerimiento informativo a la entidad reclamada.  TERCERO: Con fecha 18/03/19, la entidad reclamada, remite a esta Agencia, entre otras, la siguiente información: “Las medidas tomadas para prevenir la ocurrencia de incidencias similares, antes de recibir esta queja, ya teníamos un banner de cookies en la parte inferior de la pantalla de nuestro sitio web que contenía un enlace a nuestra Política de Cookies. Los datos de contacto de nuestro Servicio de Atención al Cliente y de nuestro responsable de protección de datos figuran en nuestra Política de Privacidad, que también está disponible en nuestro sitio web. Hemos realizado los siguientes cambios: 1. hemos incluido texto adicional en nuestro banner de cookies para asegurar que el enlace a más información sobre nuestro uso de cookies sea más obvio para el usuario; 2. hemos inclui"
a-00021-2019,2019,https://www.aepd.es/documento/a-00021-2019.pdf,https://web.archive.org/web/20251113171054id_/https://www.aepd.es/documento/a-00021-2019.pdf,"1/5 Procedimiento Nº A/0021/2019 RESOLUCIÓN: R/00432/2019 En el procedimiento A/0021/2019, instruido por la Agencia Española de Protección de Datos, a la entidad, TIENES MALABABA S.L. (www.malababa.com) (en adelante, “la entidad reclamada”), en virtud de la reclamación presentada por A.A.A. (en adelante, “la reclamante”) y teniendo como base los siguientes, ANTECEDENTES PRIMERO: con fecha 11/01/19, la reclamante presenta escrito ante la Agencia Española de Protección de Datos, en la que, entre otras, indica: “Somos clientes de la tienda “Malababa”. Al acceder a la página web, no permite la opción de rechazar la política de cookies, sólo da la opción de aceptar. Sí que permite acceder a la política de cookies a través de un enlace al que se accede pinchando en Política de cookies. Una vez dentro de la página, no da tampoco la opción de rechazar la política de cookies”. Se adjuntan las capturas de pantalla que lo aclaran. SEGUNDO: A la vista de los hechos expuestos en la reclamación y de los documentos aportados por el reclamante, la Subdirección General de Inspección de Datos procedió a realizar actuaciones para su esclarecimiento, al amparo de los poderes de investigación otorgados a las autoridades de control en el artículo 57.1 del Reglamento (UE) 2016/679 (Reglamento General de Protección de Datos, en adelante RGPD). Así, con fecha 18/02/19, se dirige un requerimiento informativo a la entidad reclamada. TERCERO: Con fecha 04/04/19, la entidad reclamada presenta alegaciones, indicando en las mismas, entre otras, lo siguiente: “Se adjunta: Copia del escrito de contestación que se ha remitido a nuestro cliente, indicándole el procedimiento que ha de seguir a efectos de eliminar las cookies que hayan podido haber sido instaladas en función del navegador que hubiese utilizado en aquel momento; así como, el análisis que se ha realizado y las medidas y ajustes implementados por Tienes Malababa S.L.. Se han tomado las siguientes medidas específicas: Modificaciones en el mensaje emergente para informar y aceptar cookies. Se han realizado modificaciones en el texto explicativo del uso de cookies indicando:  “Que utilizamos cookies propias y de terceros”; los tipos de cookies: medición y analítica; el responsable del tratamiento de la información; el enlace al detalle de la política de cookies, ofreciendo dos botones: uno que permite aceptar las cookies, y otro que permite configurar y/o rechazar cookies. El mensaje emergente se presenta en la parte inferior de la página, y no se oculta hasta que el usuario realiza una determinada acción.  Cuando el usuario pulsa sobre el botón de configurar el emergente permite seleccionar los tipos de cookies (medición y publicidad. Se ofrecen unos checks, que por defecto no están marcados, y que el usuario tendrá que marcar si quiere permitir que utilicemos cada uno de los tipos de cookies.  Se ofrecen dos botones para finalizar la configuración. El botón de, ”aceptar todo”, permite aceptar los dos tipos de cookies si"
a-00022-2019,2019,https://www.aepd.es/documento/a-00022-2019.pdf,https://web.archive.org/web/20251113163713id_/https://www.aepd.es/documento/a-00022-2019.pdf,"1/7 Procedimiento Nº A/0022/2019 RESOLUCIÓN: R/00433/2019 En el procedimiento A/0022/2019, instruido por la Agencia Española de Protección de Datos, a la entidad, PASTOR TOYS INTERNACIONAL, S.L (en adelante, “la entidad reclamada”), en virtud de la reclamación presentada por D. A.A.A., (en adelante, “el reclamante”) y teniendo como base los siguientes, ANTECEDENTES PRIMERO: con fecha 18/12/18, el reclamante presenta escrito ante la Agencia Española de Protección de Datos, en la que, entre otras, indica: “Se ha detectado la instalación de, al menos, cookies de los siguientes servicios sin consentimiento con la herramienta Ghostery: Google Analytics, Google Tag Manager, Google Ads, Criteo, Bing Ads, Google Dynamic Remarketing, Google Doubleclick y Sales Mango. Se adjuntan capturas de pantalla. No incorpora un mecanismo de doble opt-in en su formulario de suscripción a su boletín de noticias, pudiendo cualquier persona introducir el correo electrónico de un tercero para que reciba los e-mails. Se adjunta captura de pantalla. Infracción del deber de información en su formulario de suscripción al citado boletín de noticias, ya que la finalidad que se informa en su primera capa es la de ""responder a su consulta, así como gestionar el envío de información y prospección comercial y envío de boletines informativos en el caso que nos autorice"". Cuando un usuario olvida la contraseña, se le envía en texto claro otra contraseña a su correo electrónico, no obligando a cambiar la misma el sistema una vez se accede a éste”. SEGUNDO: A la vista de los hechos expuestos en la reclamación y de los documentos aportados por el reclamante, la Subdirección General de Inspección de Datos procedió a realizar actuaciones para su esclarecimiento, al amparo de los poderes de investigación otorgados a las autoridades de control en el art 57.1 del Reglamento (UE) 2016/679 (Reglamento General de Protección de Datos, (RGPD). Así, con fecha 31/01/19, se dirige un requerimiento informativo a la entidad reclamada. Se reitera dicho requerimiento con fecha 11/02/19, al no haber respondido en el plazo concedido. TERCERO: Con fecha 05/04/19, la entidad reclamada presenta alegaciones, indicando en las mismas, entre otras, lo siguiente: “Sobre la situación en el contexto de la página web de “Juguetilandia”, si bien hemos hecho esfuerzos en cumplir con el Reglamento Europeo de Protección de datos, estableciendo las cláusulas oportunas y las medidas técnicas, es cierto que hemos cometido algunos errores a la hora de la implementación real. Siendo actualmente conscientes de estos errores, hemos procedido a la subsanarlos. Se ha procedido a realizar las siguientes acciones con el fin de dar solución a las incidencias acaecidas. No obstante, lo anterior y dado nuestro compromiso de cumplimiento, en caso de que no se estimen dichas medidas adecuadas, estamos abiertos a cualquier acción que la Agencia estime oportuna. Con respecto a Cookies: 1. Implementación en Primera capa del siguiente avis"
a-00023-2019,2019,https://www.aepd.es/documento/a-00023-2019.pdf,https://web.archive.org/web/20251113165934id_/https://www.aepd.es/documento/a-00023-2019.pdf,"1/6 Procedimiento Nº A/0023/2019 RESOLUCIÓN: R/00434/2019 En el procedimiento A/0023/2019, instruido por la Agencia Española de Protección de Datos, a la entidad, VOYAGE PRIVE ESPAÑA SL (en adelante, “la entidad reclamada”), en virtud de la reclamación presentada por Dª. A.A.A., (en adelante, “el reclamante”) y teniendo como base los siguientes, ANTECEDENTES PRIMERO: con fecha 21/12/18, la reclamante presentó escrito ante la Agencia Española de Protección de Datos, en la que, entre otras, indicaba: “Al entrar en la página de la entidad “Voyage Privé”, https://www.voyage-prive.es, nos indica que al seguir navegando en el sitio web se entiende implícito nuestro consentimiento para aceptar las cookies.”. Se aporta, entre otras, la siguiente documentación: - Prueba sobre la aceptación tácita de las Cookies. - Prueba sobre la vulneración de la política de Cookies de “Voyage Privé”.  - Prueba de vulneración del consentimiento libre. SEGUNDO: A la vista de los hechos expuestos en la reclamación y de los documentos aportados por el reclamante, la Subdirección General de Inspección de Datos procedió a realizar actuaciones para su esclarecimiento, al amparo de los poderes de investigación otorgados a las autoridades de control en el artículo 57.1 del Reglamento (UE) 2016/679 (Reglamento General de Protección de Datos, en adelante RGPD). Así, con fecha 01/02/19, se dirige un requerimiento informativo a la entidad reclamada. TERCERO: Con fecha 04/03/19, la entidad reclamada presenta alegaciones, indicando en las mismas, entre otras, lo siguiente:  “Voyage Privé requiere, antes de cualquier navegación en nuestros sitios web, la aceptación explícita de nuestra Política de Privacidad: antes de comunicar cualquier dato personal, el Miembro debe marcarla casilla ""Acepto la Política de Privacidad del Sitio"". Voyage Privé ha redactado su política de privacidad de forma clara y comprensible para que nuestros miembros puedan entender y aceptar a sabiendas el tratamiento de sus datos personales.  Además, de acuerdo con las recomendaciones de la CNIL, la autoridad supervisora del principal establecimiento de Voyage Privé, que dice lo siguiente: ""Al continuar su navegación, usted acepta el uso de cookies para proporcionarle una experiencia óptima. Más información "". Al hacer clic en ""saber más"" el cliente es dirigido a nuestra política de privacidad: Por lo tanto, no se puede considerar que el consentimiento dado por el miembro es implícito. La autoridad supervisora recomienda que se informe a los usuarios de internet de la finalidad de las cookies, se obtenga su consentimiento y, por último, se facilite a los usuarios de internet un medio para rechazarlas.  La Política de Privacidad de Voyage Privé informa al miembro sobre el funcionamiento y la finalidad de las cookies utilizadas por Voyage Privé y también indica cómo gestionar sus opciones en relación con sus cookies en el apartado ""Cómo gestionar sus opciones en relación con las cookies"".  En este sentido, Voyage Pr"
a-00024-2019,2019,https://www.aepd.es/documento/a-00024-2019.pdf,https://web.archive.org/web/20251113162238id_/https://www.aepd.es/documento/a-00024-2019.pdf,"1/5 Procedimiento Nº A/0024/2019 RESOLUCIÓN: R/00435/2019 En el procedimiento A/0024/2019, instruido por la Agencia Española de Protección de Datos, a la entidad, SILBON CLASICO SL., (en adelante, “la entidad reclamada”), en virtud de la reclamación presentada por A.A.A., (en adelante, “el reclamante”) y teniendo como base los siguientes, ANTECEDENTES PRIMERO: con fecha 24/12/18, el reclamante presenta escrito ante la Agencia Española de Protección de Datos, en la que, entre otras, indica: “En la web ***URL.1 en la pestaña de aviso de cookies no aparece ningún botón con el que se pueda cancelar las cookies, sino que se presume tu voluntad de aceptarlas y de hecho se tienen por aceptadas. No hay posibilidad de rechazar el consentimiento ya que no disponemos de ningún botón que nos permita denegar el uso de las cookies ni uno que abra la configuración de éstas. La única forma de quitar las cookies es configurando nuestro navegador”. SEGUNDO: A la vista de los hechos expuestos en la reclamación y de los documentos aportados por el reclamante, la Subdirección General de Inspección de Datos procedió a realizar actuaciones para su esclarecimiento, al amparo de los poderes de investigación otorgados a las autoridades de control en el artículo 57.1 del Reglamento (UE) 2016/679 (Reglamento General de Protección de Datos, en adelante RGPD). Así, con fecha 30/01/19, se dirige un requerimiento informativo a la entidad reclamada, reiterado con fecha 11/02/19. TERCERO: Con fecha 02/04/19, la entidad reclamada presenta alegaciones, indicando en las mismas, entre otras, lo siguiente:  “Hemos comunicado al denunciante, reconocemos un error lamentable e inintencionado, al no haber incluido un enlace con la Política de Cookies en el aviso inicial del portal de Silbón sobre el uso de estos dispositivos en la web. Este lamentable descuido contraviene lo dispuesto en el art. 22.2 de la LSSI, en tanto no se facilita la información preceptiva previa el consentimiento en el uso de dichas cookies. Sin embargo, las cookies utilizadas por la web en la mayoría de las ocasiones son necesarias para el propio uso de la misma y están excluidos de la necesidad de consentimiento, mientras que en los casos en que no es así, en ningún momento recaban datos personales del usuario. Además, tal y como indicamos al denunciante, la Política de Cookies recogida en el portal web siempre ha ofrecido la información exigida legalmente entre la que se incluye lo referido a la posibilidad de poder bloquear o eliminar dichas cookies.  Hemos de insistir en que, del error descrito en el párrafo anterior, y que ya ha sido subsanado, no se ha beneficiado Silbón de ninguna manera y ha sido un fallo totalmente inintencionado que no consideramos que haya causado un perjuicio a los usuarios de la web. Sin embargo, si ha supuesto un perjuicio para la entidad por la presentación de esta reclamación y por la mala imagen que ha dado la web mientras que ha estado mostrando el aviso erróneo.   C/ Jorge Juan, "
a-00026-2019,2019,https://www.aepd.es/documento/a-00026-2019.pdf,https://web.archive.org/web/20251113170656id_/https://www.aepd.es/documento/a-00026-2019.pdf,"1/4 863-240719 Procedimiento Nº A/0026/2019 RESOLUCIÓN: R/00593/2019 En el procedimiento A/0026/2019, instruido por la Agencia Española de Protección de Datos, a la entidad LOS NIÑOS DE MONTESSORI S.L., con NIF B88155734., ***URL.1 (en adelante, “la entidad reclamada”), en virtud de la reclamación presentada por Dª. A.A.A., (en adelante, “la reclamante”) y teniendo como base los siguientes, ANTECEDENTES PRIMERO: con fecha 17/01/19 la reclamante presenta escrito ante la Agencia Española de Protección de Datos, en la que, entre otras, indica:  “Desde que se puso en marcha la Web de ***URL.1  en junio del 2018, se está incumpliendo con la ley de protección de datos: No se informa en la página del uso de cookies SEGUNDO: A la vista de los hechos expuestos en la reclamación y de los documentos aportados por el reclamante, la Subdirección General de Inspección de Datos procedió a realizar actuaciones para su esclarecimiento, al amparo de los poderes de investigación otorgados a las autoridades de control en el artículo 57.1 del Reglamento (UE) 2016/679 (RGPD). Así, con fechas 01/03/19 y 20/03/19, se dirige un requerimiento informativo a la entidad reclamada. Según certificado del El Servicio de Notificaciones Electrónicas y Dirección Electrónica Habilitada, el requerimiento realizado a través de Notific@, con fecha 01/03/19, fue rechazado con fecha 12/03/19. Según certificado del Servicio Postal de Correos, el requerimiento realizado, a través de SICER, con fecha 20/03/19, fue devuelto a origen el 27/03/19, con la anotación de “ausente” y “no recogido del servicio de lista de Correos”. TERCERO: Consultada la página web ***URL.1, con fecha 23/08/19, se observa que no existe ningún tipo de banner sobre cookies, ni enlace alguno a la política de cookies. Si se observa en cambio, que se cargan cookies propias y de terceros, cuando se accede a la página web. CUARTO:  Con fecha 06/09/19, al no haber recibido ningún tipo de información por parte de la persona reclamada, la Directora de la Agencia Española de Protección de Datos acordó iniciar procedimiento previo de audiencia contra la entidad reclamada, en virtud de los poderes establecidos en el art. 43 de la de la Ley 34/2002, de 11 de julio, de Servicios de la Sociedad de la Información y Comercio Electrónico (LSSI). y en el que se la requería para que tomase las medidas adecuadas para para que tome las medidas adecuadas para incluir en la página web de su titularidad un mecanismo que permita prestar el consentimiento o revocar el mismo con relación al tratamiento de cookies realizado por la página en cuestión, y que no se carguen cookies con la mera visita a la página web. C/ Jorge Juan, 6 www.aepd.es 28001 – Madrid sedeagpd.gob.es 2/4 QUINTO: Según certificado del El Servicio de Notificaciones Electrónicas y Dirección Electrónica Habilitada, el requerimiento realizado a través de Notific@, con fecha 09/09/19, fue rechazado con fecha 20/09/19. La entidad reclamada no ha presentado ante esta Agencia, ning"
a-00029-2019,2019,https://www.aepd.es/documento/a-00029-2019.pdf,https://web.archive.org/web/20251113163801id_/https://www.aepd.es/documento/a-00029-2019.pdf,"1/10 Procedimiento Nº: A/00029/2019 RESOLUCIÓN: R/00524/2019 En el procedimiento A/00029/2019, instruido por la Agencia Española de Protección de Datos a la entidad DIS TYVOLI, S.L.  y en virtud de los siguientes, ANTECEDENTES   PRIMERO: Con fecha 18 de diciembre de 2018 tiene entrada en esta Agencia escrito remitido por el Servicio Territorial de Economía de la Junta de Castilla y León, en el que daba cuenta de una posible infracción en materia de protección de datos por parte de la entidad DIS TYVOLI, S.L., (en adelante, el reclamado), al no pedir consentimiento expreso para el envío de ofertas comerciales.    Junto al escrito se aportaba copia de un “Contrato de Compra Venta de un Vehículo, con Garantía” suscrito en León, con fecha 11 de octubre de 2017, entre  DIS TYVOLI, S.L  (LEONCAR), en calidad de comerciante vendedor, y   Don  A.A.A., en calidad de comprador, (en adelante también RVM),  con motivo de la formalización de la compra-venta de ***VEHICULO.1, matrícula ***MATRICULA.1. En la condición Séptima del citado contrato se señalaba que: “El comprador autoriza de acuerdo con la Ley de protección de datos, a la utilización de los suyos, para que los incorpore a su fichero el vendedor y los utilice en su gestión administrativa y en el envío de ofertas comerciales, pudiendo ejercitar sus derechos de acceso, rectificación y cancelación, comunicando por escrito al vendedor su decisión.” Atendido que el reclamado no ofreció al comprador (RVM) en ese mismo documento un procedimiento para poder manifestar su negativa al tratamiento de sus datos personales con fines publicitarios, es decir, para fines no relacionados directamente con el mantenimiento y desarrollo de la relación contractual en cuestión, se estima que dicha entidad no solicitó ni obtuvo válidamente el consentimiento del comprador para que sus datos pudieran utilizarse para el envío de ofertas comerciales. SEGUNDO: Con fecha 15 de febrero de 2019, la Subdirección General de Inspección de Datos trasladó al reclamado el mencionado escrito para que, en el plazo de un mes desde su recepción, informase a esta Agencia, entre otros extremos, sobre las causas que habían motivado los hechos objeto de reclamación y las medidas adoptadas para evitar que se produjeran incidencias similares. A pesar de que el escrito de notificación del traslado de la reclamación y solicitud de información fue notificado al reclamado, con fecha 15 de febrero de 2019 por medios electrónicos, en concreto, a través de la plataforma Notific@, que envía las notificaciones a los sistemas Carpeta Ciudadana y Dirección Electrónica Habilitada del C/ Jorge Juan, 6 www.aepd.es 28001 – Madrid sedeagpd.gob.es 2/10 Ministerio de Hacienda y Administraciones Públicas, el reclamado no contestó la información solicitada en el plazo concedido a tal efecto. Con fecha 19 de junio de 2019 la Directora de la AEPD acordó admitir a trámite el escrito de reclamación.   TERCERO: Consultada el 2 de julio de 2019 la aplicación de la AEPD q"
a-00031-2019,2019,https://www.aepd.es/documento/a-00031-2019.pdf,https://web.archive.org/web/20251113171237id_/https://www.aepd.es/documento/a-00031-2019.pdf,"1/9 Procedimiento Nº: A/00031/2019 RESOLUCIÓN: R/00597/2019 En el procedimiento A/00031/2019, instruido por la Agencia Española de Protección de Datos a la entidad SHOP MACOYN SL (YBL ABOGADOS), vista la denuncia presentada por A.A.A. y en virtud de los siguientes, ANTECEDENTES PRIMERO: El reclamante, con fecha 09/05/2019 interpuso reclamación ante la Agencia Española de Protección de Datos. La reclamación se dirige contra SHOP MACOYN, S.L. (YBL ABOGADOS), con NIF B66987074 (en adelante, el reclamado). Los motivos en que basa la reclamación son, en síntesis:   que el reclamado ha utilizado las dos direcciones de correo electrónico de ADAN ADVOCATS (despacho del cual es titular) ***EMAIL.1 y ***EMAIL.2, de manera ilícita para remitir información y publicidad sobre los servicios que presta, no habiendo sido autorizado ni consentido para mandar tal publicidad ya que jamás se le ha sido solicitada. Aporta copia de los correos.  SEGUNDO: Tras la recepción de la reclamación, la Subdirección General de Inspección de Datos procedió a realizar las siguientes actuaciones: El 25/06/2019 fue trasladada al reclamado el escrito interpuesto para su análisis y comunicación a la denunciante de la decisión adoptada al respecto. Igualmente, se le requería para que en el plazo de un mes remitiera a la Agencia determinada información: - Copia de las comunicaciones, de la decisión adoptada que haya remitido al reclamante a propósito del traslado de esta reclamación, y acreditación de que el reclamante ha recibido la comunicación de esa decisión. - Informe sobre las causas que han motivado la incidencia que ha originado la reclamación. - Informe sobre las medidas adoptadas para evitar que se produzcan incidencias similares. - Cualquier otra que considere relevante. C/ Jorge Juan, 6 www.aepd.es 28001 – Madrid sedeagpd.gob.es 2/9 No consta que el reclamado haya dado respuesta al requerimiento formulado por la Agencia Española de Protección de Datos. TERCERO: El 28/08/2019, de conformidad con el artículo 65 de la LOPDGDD, la Directora de la Agencia Española de Protección de Datos acordó admitir a trámite la reclamación presentada por el reclamante contra el reclamado. CUARTO: Con fecha 24/10/2019, la Directora de la Agencia Española de Protección de Datos acordó iniciar procedimiento de acuerdo previo al apercibimiento al reclamado por presunta infracción del artículo 21 de la de la Ley 34/2002, de 11 de julio, de Servicios de la Sociedad de la Información y Comercio Electrónico (en lo sucesivo, LSSI), tipificada como leve en el artículo 38.4.d) de dicha norma. QUINTO: Notificado el acuerdo de inicio y transcurrido el plazo correspondiente el reclamado no formuló escrito de alegaciones. SEXTO: En el presente procedimiento han quedado acreditado los siguientes: HECHOS PROBADOS PRIMERO: El reclamante presentó escrito de reclamación el 09/05/2019 en la AEPD manifestando que tras recibir correos de tipo publicitario del reclamado, YBL ABOGADOS, les había solicitado que elimin"
aapp-00001-2019,2019,https://www.aepd.es/documento/aapp-00001-2019.pdf,https://web.archive.org/web/20251113193520id_/https://www.aepd.es/documento/aapp-00001-2019.pdf,"1/18 Procedimiento Nº AP/00001/2019 RESOLUCIÓN: R/00237/2019 En el procedimiento de Declaración de Infracción de Administraciones Públicas AP/00001/2019, instruido por la Agencia Española de Protección de Datos a la DIRECCION GENERAL DE LA POLICIA,  y en virtud de los siguientes, ANTECEDENTES PRIMERO: Con fecha 5 de noviembre de 2018 la Directora de la Agencia Española de Protección de Datos acuerda iniciar las presentes actuaciones de investigación en relación con la información difundida en medios de comunicación sobre posibles accesos a datos de ficheros policiales del Ministerio del Interior, que denotaría un posible incumplimiento de medidas de seguridad sobre los citados ficheros. SEGUNDO: Por los Servicios de Inspección de esta Agencia se practican diligencias de investigación teniendo conocimiento de lo siguiente: 1- Se han examinado las publicaciones en prensa (EL PAIS, LA VOZ DE GALICIA, LAS PROVINCIAS, EL DIARIO, EL MUNDO, LA VANGUARDIA), constatándose lo siguiente: 1.1 Diferentes medios publican información sobre accesos a bases de datos policiales por parte de A.A.A. en el marco del Proyecto Pintor, para recabar supuestamente información de un empresario y un abogado.  1.2 Para acceder a esta información se valió de otros dos policías, que son mencionados en los artículos publicados como un subinspector de lucha antiterrorista y un agente de seguridad ciudadana de Granada.  En concreto, en la información sobre la denominada Operación Tándem, se menciona que dos los agentes ayudaron a A.A.A. sin ser descubiertos, realizando accesos cuatro bases de datos:  a la aplicación ARGOS que engloba varias bases de datos policiales,  a SIDENPOL (Sistema de Información de Denuncias Policiales), a Control de Hospederías,  a Entradas y Salidas de España.  1.3 Se menciona que las consultas a ARGOS y a SIDENPOL se realizaron entre marzo y abril de 2017. C/ Jorge Juan, 6 www.agpd.es 28001 – Madrid sedeagpd.gob.es 2/18 1.4 No se han encontrado en los artículos publicados los nombres de los agentes que realizaron las consultas en los ficheros policiales, ni los del empresario o el abogado sobre los que se realizaron las citadas consultas. 2 -Con fecha 22 de noviembre de 2018 se ha girado una visita de inspección al Centro de Proceso de Datos de la Dirección General de la Policía ubicado en El Escorial, Madrid, realizando sus representantes las siguientes manifestaciones: 1. La Dirección General de la Policía es titular de los ficheros policiales denominados PERSONAS y OBJETOS, en los cuales se registra la información relativa a personas y objetos de interés policial. La gestión de dichos ficheros se realiza mediante sendas aplicaciones con las mismas denominaciones: PERSONAS y OBJETOS.  La información contenida en estos ficheros se actualiza (alta, bajas y modificaciones) por el personal autorizado del Cuerpo Nacional de la Policía utilizando dichas aplicaciones informáticas. La información contenida en los ficheros que cumple determinados requisito"
circular-1-2019,2019,https://www.aepd.es/documento/circular-1-2019.pdf,https://web.archive.org/web/20240228223605id_/https://www.aepd.es/documento/circular-1-2019.pdf,"I. DISPOSICIONES GENERALES AGENCIA ESPAÑOLA DE PROTECCIÓN DE DATOS 3423 Circular 1/2019, de 7 de marzo, de la Agencia Española de Protección de  Datos, sobre el tratamiento de datos personales relativos a opiniones  políticas y envío de propaganda electoral por medios electrónicos o sistemas  de mensajería por parte de partidos políticos, federaciones, coaliciones y  agrupaciones de electores al amparo del artículo 58 bis de la Ley Orgánica  5/1985, de 19 de junio, del Régimen Electoral General. La recopilación y tratamiento de datos por parte de las organizaciones políticas con  fines de comunicación política junto con el uso de técnicas modernas como el big data y  la inteligencia artificial han generado un amplio debate y preocupación respecto a los  límites que deben aplicarse, entre los que se encuentra el derecho a la protección de  datos de carácter personal. De ahí que ya en la 27 Conferencia Internacional de Autoridades de Protección de  Datos y Privacidad celebrada en Montreux (Suiza), de 14 al 16 de septiembre de 2005,  se aprobara la «Resolución sobre el Uso de Datos Personales para la Comunicación  Política». En los últimos años dicha preocupación se ha incrementado, singularmente al  hacerse públicos determinados casos de tratamiento ilícito de datos personales para  influir en la opinión política de los votantes como el de Cambridge Analytica, lo que ha  dado lugar a que diferentes autoridades nacionales de protección de datos hayan emitido  sus criterios restrictivos al respecto. El 6 de marzo de 2014, la Autoridad Italiana de  Protección de Datos (Garante para la Protezione dei Dati Personali) emitió su documento  «Provvedimento in materia de trattamento di dati presso i partiti politici e di esonero dall ´informativa per fini di propaganda elettorale». En noviembre de 2016 lo hizo la Autoridad  francesa (Commission Nationale de l'Informatique et des Libertés) con, entre otros, el  título «Communication politique: quelles sont les règles pour l'utilisation des données  issues des réseaux sociaux?». Y en abril de 2017 la Autoridad británica (Information  Commissioner´s Office) aprobó su «Guidance on political campaigning». Asimismo, el Supervisor Europeo de Protección de Datos emitió el 18 de marzo  de 2018 su Opinión 3/2018 sobre «manipulación online y datos personales («EDPS  Opinion on online manipulation and personal data») y la Comisión Europea, ante la  proximidad de las elecciones al Parlamento Europeo, el pasado 12 de septiembre  de 2018 aprobó su guía sobre la aplicación de la normativa europea de protección de  datos en el contexto electoral («Commission guidance on the application of Union data  protection law in the electoral context»). Todos estos documentos muestran su preocupación sobre el uso del big data, la  inteligencia artificial y la aplicación del microtargeting en los procesos electorales y que  pueden llevar a la manipulación de las personas mediante la realización de perfilados  exhaustivos y el fenómeno d"
codigo-conducta-farmaindustria-cc-0007-2019,2019,https://www.aepd.es/documento/codigo-conducta-farmaindustria-cc-0007-2019.pdf,https://web.archive.org/web/20231014064819id_/https://www.aepd.es/documento/codigo-conducta-farmaindustria-cc-0007-2019.pdf,"Código de Conducta  regulador del tratamiento  de datos personales  en el ámbito de los ensayos clínicos  y otras investigaciones clínicas y de  la farmacovigilancia Febrero 2022 2 Índice INTRODUCCIÓN .............................................................. 02 PARTE 1 Disposiciones generales y gobernanza  del código de conducta ...................................................... 07 PARTE 2  Protocolo de actuación en ensayos clínicos  y otras investigaciones clínicas .......................................... 25 PARTE 3 Protocolo de actuación  en farmacovigilancia ............................................................ 63 CÓDIGO DE CONDUCTA REGULADOR DEL TRATAMIENTO DE DATOS PERSONALES 2 I Farmaindustria es la Asociación Nacional Empresarial de  la Industria Farmacéutica establecida en España. Agrupa  a más de un centenar de Laboratorios Asociados, que  representan la práctica totalidad de las ventas de medica­ mentos de prescripción en España. La misión de Farmaindustria como asociación se centra en  los siguientes objetivos: •	 Colaborar con las Administraciones Públicas para con­ figurar un marco regulador y económico estable que  propicie el crecimiento equilibrado del mercado, el  aumento de las actividades de I+D y el desarrollo de la  industria farmacéutica. •	 Potenciar la percepción pública de la industria farma­ céutica y del medicamento, transmitiendo a ciudadanos,  líderes de opinión y responsables públicos el valor que  aportan las medicinas a nuestro progreso social y a  nuestra calidad de vida. •	 Proporcionar servicios de valor añadido a los labora­ torios asociados en los campos de la información, el  asesoramiento y la colaboración empresarial. •	 Representar a la industria farmacéutica establecida en  España, tanto a nivel nacional como internacional. II En el marco de la consecución de sus objetivos, garan­ tizando plenamente al propio tiempo los derechos y  libertades de las personas, Farmaindustria consideró  necesario llevar a cabo un proceso de adaptación de sus  actividades en el ámbito de la investigación clínica y la  farmacovigilancia a las garantías establecidas en la legis­ lación reguladora del derecho fundamental a la protección  de datos personales, teniendo en cuenta la esencial rele­ vancia de aquellas actividades para el progreso científico  y la necesidad de conciliar dicho desarrollo con los dere­ chos de las personas. Como consecuencia de este proceso, el 17 de junio de  2009 quedó inscrito en el Registro General de Protección  de Datos de la Agencia Española de Protección de Datos  el Código Tipo Farmaindustria de protección de datos  personales en el ámbito de la investigación clínica y de la  farmacovigilancia (en adelante el “Código Tipo”). Por otra parte, el 4 de mayo de 2016 se publicó en el Diario  Oficial de la Unión Europea el Reglamento (UE) 2016/679  del Parlamento Europeo y del Consejo, de 27 de abril de  2016, relativo a la protección de las personas físicas en  lo que respecta al t"
codigo-conducta-unespa-cc-0012-2019,2019,https://www.aepd.es/documento/codigo-conducta-unespa-cc-0012-2019.pdf,https://web.archive.org/web/20231014095611id_/https://www.aepd.es/documento/codigo-conducta-unespa-cc-0012-2019.pdf,"CÓDIGO DE CONDUCTA  REGULADOR DEL  TRATAMIENTO DE DATOS  PERSONALES EN LOS  SISTEMAS COMUNES DE  INFORMACIÓN DEL SECTOR  ASEGURADOR 12/04/2022          1  CÓDIGO DE CONDUCTA REGULADOR DEL TRATAMIENTO DE DATOS  PERSONALES EN LOS SISTEMAS COMUNES DE INFORMACIÓN DEL  SECTOR ASEGURADOR  ÍNDICE  PARTE 1. ASPECTOS GENERALES DEL CÓDIGO DE CONDUCTA  1. Objeto, ámbito de aplicación y entrada en vigor. .......................................... 6  2. Adhesión y baja del Código de Conducta. ........................................................ 7  2.1.  Adhesión de TIREA. ......................................................................................................... 7  2.2.  Adhesión de las Entidades Aseguradoras. .................................................................... 7  2.3.  Baja de las Entidades Aseguradoras Adheridas. .......................................................... 8  2.4.  Modificaciones societarias en las Entidades Aseguradoras Adheridas. ..................... 9  2.5.  Especialidades para las Entidades Aseguradoras ya adheridas a los Sistemas de  información regulados por este Código de Conducta. ........................................................... 9  3. Modificación del Código de Conducta. ............................................................. 9  4. Difusión del Código de Conducta y acciones formativas. ............................ 10  1. Organismo de Control del Código de Conducta (OCCC). .............................. 12  1.1.  Naturaleza. ..................................................................................................................... 12  1.2.  Órganos del OCCC. ........................................................................................................ 12  1.2.1.  El Órgano de Gobierno del OCCC. ........................................................................................ 12  1.2.2.  El Comité Técnico del OCCC. ................................................................................................. 13  1.2.3.  El Experto Independiente. ..................................................................................................... 14  1.2.4.  El Órgano de Apoyo del OCCC. ............................................................................................. 14  1.3.  Situaciones de conflicto de intereses. Régimen de abstención y recusación. ......... 14  1.4.  Duración del mandato, actuación independiente y causas de cese. ........................ 15  1.5.  Financiación del OCCC. ................................................................................................. 15  1.6.  Funciones del OCCC. ..................................................................................................... 16  1.7.  Comunicación con las Entidades Aseguradoras Adheridas y deber de secreto. ..... 17  2. Resolución extrajudicial de controversias. ................................................... 18  2.1.  Procedimiento. ................"
e-00113-2019,2019,https://www.aepd.es/documento/e-00113-2019.pdf,https://web.archive.org/web/20240804172610id_/https://www.aepd.es/documento/e-00113-2019.pdf,"1/10 Procedimiento Nº: E/00113/2019 940-0419 RESOLUCIÓN DE ARCHIVO DE ACTUACIONES De las actuaciones practicadas por la Agencia Española de Protección de Datos y en consideración a los siguientes HECHOS PRIMERO: Con fecha 14/09/2018 tiene entrada en la Agencia Española de Protección de Datos (AEPD) un escrito de D. A.A.A. (en lo sucesivo, el reclamante) mediante el que formula reclamación contra FORMACION EMPRESARIAL DUAL ALEMANA, con NIF ***NIF.1 (en adelante, la reclamada o FEDA) por “darle de alta en la Seguridad Social sin su consentimiento y por tener sus datos personales sin su consentimiento”.  Anexa al escrito de reclamación abundante documentación: La copia de su DNI y, entre otros, los siguientes documentos: a. Relacionados con la reclamada:  1. Documento con anagrama de FEDA denominado “Calendario, curso preparatorio para acceso a F.P. Dual Alemana Técnico en Hostelería”. En él consta, grupo tardes, FEDA ALEMÁN, de 26/02/2018 a 14/09/2018, Euro campus, y el nombre de la señora B.B.B.  2. Los documentos con el anagrama de FEDA y Euro Campus y el escudo del ***EM- PRESA.1nominados “Prueba Objetiva 1” y “Entrevista de idoneidad y cuestionario mo- tivacional”. Los documentos tienen varios campos relativos a datos personales del re- clamante que están cumplimentados de forma manuscrita siendo la letra empleada la misma que utilizó el reclamante en el escrito de reclamación presentado ante la AEPD. 3. Diversos correos electrónicos intercambiados entre el reclamante y (i) el director de finanzas de FEDA, desde la dirección ***EMAIL.1, y (ii) la coordinadora de ***LOCA- LIDAD.1 D.ª B.B.B., desde la dirección ***EMAIL.2     (i)  - De fecha 04/06/2018, en el que se dirige al reclamante en estos términos: “(…) Como ya lo indican las bases del curso, se trata de un curso preparativo del idio- ma alemán para poder optar posteriormente en la segunda fase a la formación dual en hostelería.  Esta primera fase de 600 horas está subvencionada por ***EMPRESA.1 para que jóvenes que no tengan los conocimientos lingüísticos puedan optar a una plaza para la formación. (…) Volviendo a tus acusaciones te indico que en ningún momento hay en esta prime- ra fase un contrato laboral entre ambas partes. En este caso recibes una beca con la que se subvenciona al alumno por el importe del abono transporte para que pueda acudir a diario a las clases y cumplir con el calendario de las 600 horas de alemán que son las que te pertenecen. Cosa de la que por ejemplo la primera pro- C/ Jorge Juan, 6 www.aepd.es 28001 – Madrid sedeagpd.gob.es 2/10 moción no se pudo beneficiar. (…) En resumen, esta primera fase se trata de un curso de 600 horas de alemán para poder optar a una plaza a partir de otoño en la formación dual”. - Del 05/06/2018, que dice: “(…) indicas que necesitas tramitar el desempleo. Te vuelvo a repetir que no hay relación laboral actualmente por lo que tampoco vas a tener derecho a ninguna prestación por parte del estado. Lo que recibes es una beca para el tra"
e-00171-2019,2019,https://www.aepd.es/es/documento/e-00171-2019.pdf,https://web.archive.org/web/20220302145340id_/https://www.aepd.es/es/documento/e-00171-2019.pdf,"1/4 Procedimiento Nº: E/00171/2019 RESOLUCIÓN DE ARCHIVO DE ACTUACIONES De las actuaciones practicadas por la Agencia Española de Protección de Datos ante ESTUDIO PERICIAL, S.L., en virtud de reclamación presentada por D. A.A.A. (en adelante, el reclamante) y teniendo como base los siguientes HECHOS PRIMERO: el 23/08/2018 tiene entrada en esta Agencia Española de Protección de Datos escrito de D. A.A.A. (en lo sucesivo el reclamante), en el que denuncia a ESTUDIO PERICIAL, S.L. (en lo sucesivo ESTUDIO PERICIAL), por los siguientes hechos: la revelación de los datos personales, como consecuencia de una pericial contradictoria derivada de un siniestro, a un tercero: empresa que había padecido asimismo un siniestro contratando el mismo perito que el reclamante. SEGUNDO: Tras la recepción de la reclamación, la Subdirección General de Inspección de Datos procedió a solicitar información acerca de lo siguiente: El 23/08/2018 fue trasladada a ESTUDIO PERICIAL la reclamación presentada para su análisis y comunicación al denunciante de la decisión adoptada al respecto. Igualmente, se le requería para que en el plazo de un mes remitiera a la Agencia determinada información: - Copia de las comunicaciones, de la decisión adoptada que haya remitido al reclamante a propósito del traslado de esta reclamación, y acreditación de que el reclamante ha recibido la comunicación de esa decisión. - Informe sobre las causas que han motivado la incidencia que ha originado la reclamación. - Informe sobre las medidas adoptadas para evitar que se produzcan incidencias similares. - Cualquier otra que considere relevante. En la misma fecha se le comunicaba al reclamante la recepción de la reclamación y su traslado a la entidad reclamada. TERCERO: Con fecha 26/11/2018, de conformidad con el artículo 9 del Real Decreto- ley 5/2018 de 27 de julio y a los efectos previstos en su artículo 11, la Directora de la Agencia Española de Protección de Datos acordó admitir a trámite la reclamación presentada por el reclamante ESTUDIO PERICIAL. CUARTO: ESTUDIO PERICIAL en escrito de 11/10/2018 aporta escrito de alegaciones manifestando que redactó un acta de disconformidad por no haber podido llegar a un acuerdo con el reclamante indicando erróneamente que un tercero actuaba C/ Jorge Juan, 6 www.aepd.es 28001 – Madrid sedeagpd.gob.es 2/4 como perito de este último en lugar del perito que había designado y que ante el error se procedió a subsanarlo inmediatamente. Asimismo, en fecha 22/10/2018 aportaba copia de la carta enviada al reclamante en la que se le informaba sobre la incidencia producida.   FUNDAMENTOS DE DERECHO I De acuerdo con los poderes de investigación y correctivos que el artículo 58 del Reglamento (UE) 2016/679 (Reglamento general de protección de datos, en adelante RGPD) otorga a cada autoridad de control, y según lo dispuesto en el artículo 47 de la Ley Orgánica 3/2018, de 5 de diciembre, de Protección de Datos Personales y garantía de los derechos digitales (en lo sucesi"
e-00175-2019,2019,https://www.aepd.es/documento/e-00175-2019.pdf,https://web.archive.org/web/20240703104533id_/https://www.aepd.es/documento/e-00175-2019.pdf,"1/5 Expediente Nº: E/00175/2019 RESOLUCIÓN DE ARCHIVO DE ACTUACIONES De las actuaciones practicadas por la Agencia Española de Protección de Datos ante la entidad VODAFONE ESPAÑA, S.A.U. en virtud de denuncia presentada por Don A.A.A. y teniendo como base los siguientes HECHOS PRIMERO: Con fecha 10 de septiembre de 2018, tuvo entrada en esta Agencia escrito de Don A.A.A., (en lo sucesivo el denunciante) comunicando que el correo electrónico comercial remitido por VODAFONE ESPAÑA, S.A.U., (en lo sucesivo, VODAFONE o la denunciada), ofrecía un mecanismo de baja consistente en ponerse en contacto mediante correo postal, lo que resulta contario a su derecho a darse de baja de forma sencilla y automática. El denunciante aduce que el envío indicaba, textualmente, lo siguiente: “Tu dirección de coreo electrónico está incluida en una base de datos de Vodafone España, S.A.U. CIF: A-********, con domicilio en ***DIRECCION.1, y es usada para comunicarnos contigo y para remitirte información comercial que puede ser de tu interés. Podrás ejercitar tus derechos de protección de datos y solicitar la exclusión del envío de estas comunicaciones comerciales mandando una solicitud escrita junto con tu DNI y la referencia Protección de Datos a la dirección indicada arriba. Consulta nuestra Política de Privacidad en www.vodafone.es/política- privacidad” Junto a la denuncia se aporta copia de una comunicación comercial remitida, con   fecha   10   de   septiembre   de   2018,   desde   la   cuenta vodafone@comunicación.vodafone.es a la dirección de correo electrónico ***EMAIL.1, con asunto “¡Disfruta Vodafone TV Total Gratis 1 año!, promocionando el alta en Vodafone TV.  Se constata que al pie del envío aparece la información a la que se refiere el denunciante. SEGUNDO: Tras la recepción de la denuncia, la Subdirección General de Inspección de Datos solicitó información a VODAFONE respecto de los hechos denunciados, registrándose con fecha 26 de diciembre de 2018 escrito de contestación de dicha compañía en la que, en síntesis, manifestaba los siguientes extremos: - La comunicación fue remitida al denunciante en su calidad de cliente de la entidad y porque no constaba en su ficha de cliente su oposición a recibir ese tipo de comunicaciones por medios electrónicos. Afirma que el denunciante ha mantenido relación contractual con VODAFONE desde el 9 de junio de 2017 hasta su baja definitiva en fecha 3 de octubre de 2018.   - Con fecha 22 de octubre de 2018 se han incluido los datos personales del denunciante en la lista Robinson de la compañía para evitar que reciba comunicaciones comerciales  en futuras campañas de VODAFONE. C/ Jorge Juan, 6 www.agpd.es 28001 – Madrid sedeagpd.gob.es 2/5 - Con fecha 21 de diciembre de 2018 se ha enviado una carta al denunciante comunicándole su inclusión en la reseñada Lista Robinson. También se le informaba sobre los medios alternativos de que disponía para solicitar la baja en la recepción de correos electrónicos publicitarios, adicio"
e-00234-2019,2019,https://www.aepd.es/documento/e-00234-2019.pdf,https://web.archive.org/web/20240715212951id_/https://www.aepd.es/documento/e-00234-2019.pdf,"1/6 Expediente Nº: E/00234/2019  RESOLUCIÓN DE ARCHIVO DE ACTUACIONES     De las actuaciones practicadas por la Agencia Española de Protección de Datos ante el COLEGIO OFICIAL DE PSICOLOGIA DE ANDALUCÍA OCCIDENTAL en virtud de denuncia presentada por Don A.A.A. y teniendo como base los siguientes HECHOS PRIMERO: Con fecha  18 de junio de 2018  tiene entrada en  la Agencia Española de Protección de Datos reclamación interpuesta por  Don A.A.A., (en adelante el denunciante), exponiendo que el COLEGIO OFICIAL DE PSICOLOGÍA DE ANDALUCÍA OCCIDENTAL, (en lo sucesivo COP-AO), le  viene  remitiendo  continuos correos  electrónicos  referentes a la realización de cursos de pago  organizados por dicho Colegio sin que se le haya solicitado, en ningún momento y por ningún medio, autorización  previa y expresa  para efectuar dichos envíos publicitarios. Asimismo, el denunciante señala la posible cesión de sus datos personales por parte del COP-AO a otros Colegios Oficiales en los que no está colegiado. El denunciante aporta copia de un correo electrónico comercial junto con el código fuente del mismo remitido, con fecha 7 de junio de 2018, desde la cuenta de correo electrónico gestioncomunicaciones@copao.es a las direcciones de correo electrónico incluidas en la lista de distribución ***EMAIL.2, entre las que se encontraba la cuenta ***EMAIL.1 del reclamante.  En dicho envío se informa sobre la realización de un curso de formación denominado “Regulación Emocional Mediante Mindfuness” organizado por el Grupo de trabajo de Psicología y Mindfulness del COP-AO, a celebrar en Córdoba los días 17 y 27 de septiembre y 1 y 8 de octubre de 2018.   El envío, en el que no se ofrecía ningún mecanismo para poder darse de baja de la recepción de los mismos, contenía una ficha con información del reseñado curso y dos ficheros adjuntos que incluían la ficha de difusión del curso y la solicitud de inscripción al mismo.  SEGUNDO: Requerida información al COLEGIO OFICIAL DE PSICOLOGÍA DE ANDALUCÍA OCCIDENTAL en relación con los hechos objeto de reclamación, con fecha 14 de septiembre de 2018 se registra de entrada en esta Agencia escrito formulado por el Decano y representante Legal del COP-AO en el que este manifiesta lo siguiente: Que el Colegio “envía regularmente a todos sus colegiados/as información de las C/ Jorge Juan, 6 www.agpd.es 28001 – Madrid sedeagpd.gob.es 2/6 acciones formativas que programa con el objeto de facilitar el desarrollo profesional de los colegiados. Consecuencia de uno de estos envíos, el denunciante ha interpuesto ante su Agencia una denuncia por Spam, al entender que los correos con información formativa tienen el carácter de comercial. Desde COP-AO, siempre se ha considerado que los envíos de información sobre formación relacionada con la psicología a sus colegiados/as, forman parte de los servicios que como colegio se prestan a sus colegiados/as y, nunca ha considerado que éstos tengan la consideración de comercial. De hecho, las acciones format"
e-00237-2019,2019,https://www.aepd.es/documento/e-00237-2019.pdf,https://web.archive.org/web/20251113164834id_/https://www.aepd.es/documento/e-00237-2019.pdf,"1/3 Expediente Nº: E/00237/2019 RESOLUCIÓN DE ARCHIVO DE ACTUACIONES De las actuaciones practicadas por la Agencia Española de Protección de Datos ante la entidad MINISTERIO DE DEFENSA en virtud de denuncia presentada por A.A.A. y teniendo como base los siguientes HECHOS PRIMERO: Con fecha 20/07/2018, tuvo entrada en esta Agencia escrito de A.A.A. (en lo sucesivo el denunciante) contra el MINISTERIO DE DEFENSA manifestando que el 14/10/2016, como consecuencia de una solicitud para la realización de un reconocimiento médico para valorar su aptitud para trabajar, se remitió un correo electrónico por la aplicación interna del Ministerio de Defensa a distintos destinatarios que no se encuentran habilitados para acceder a dicha información, por lo que el reclamante afirma que el contenido del mensaje revela datos médicos y que dicha actuación vulnera las instrucciones internas del Ministerio.  SEGUNDO: Tras la recepción de la denuncia la Subdirección General de Inspección de Datos procedió a la realización de actuaciones previas de investigación para el esclarecimiento de los hechos denunciados, teniendo conocimiento de los siguientes extremos: El reclamante aporta copia del mensaje remitido al Director del Hospital, al Director de asistencia y al personal del Ejército de Tierra.  En la solicitud enviada consta ""Solicitud reconocimiento en la especialidad de Psiquiatría"". FUNDAMENTOS DE DERECHO I Es competente para resolver la Directora de la Agencia Española de Protección de Datos, conforme a lo establecido en el artículo 37.d) en relación con el artículo 36, ambos de la Ley Orgánica 15/1999, de 13 de diciembre, de Protección de Datos de Carácter Personal (en lo sucesivo LOPD). II El artículo 126.1, apartado segundo, del Reglamento de desarrollo de la Ley Orgánica 15/1999, de 13 de diciembre, de protección de datos de carácter personal, aprobado por Real Decreto 1720/2007, de 21 de diciembre (RLOPD) establece: “Si de las actuaciones no se derivasen hechos susceptibles de motivar la imputación de infracción alguna, el Director de la Agencia Española de Protección de Datos dictará resolución de archivo que se notificará al investigado y al denunciante, en su caso.” C/ Jorge Juan, 6 www.agpd.es 28001 – Madrid sedeagpd.gob.es 2/3 III El artículo 10 de la Ley Orgánica 15/1999, de 13 de diciembre, de Protección de los Datos de Carácter Personal (en lo sucesivo LOPD), regula el deber de secreto estableciéndose que “el responsable del fichero y quienes intervengan en cualquier fase del tratamiento de los datos de carácter personal están obligados al secreto profesional respecto de los mismos y al deber de guardarlos, obligaciones que subsistirán aun después de finalizar sus relaciones con el titular del fichero o, en su caso, con el responsable del mismo.” Por otro lado, el artículo 11.1 de la LOPD establece que “los datos de carácter personal objeto del tratamiento sólo podrán ser comunicados a un tercero para el cumplimiento de fines directamente relaciona"
e-00239-2019,2019,https://www.aepd.es/es/documento/e-00239-2019.pdf,https://web.archive.org/web/20220307210804id_/https://www.aepd.es/es/documento/e-00239-2019.pdf,"1/4 Expediente Nº: E/00239/2019 RESOLUCIÓN DE ARCHIVO DE ACTUACIONES De las actuaciones practicadas por la Agencia Española de Protección de Datos ante la entidad MARIANO JESUS VERDEJO MORENO (WWW.TAXISCUENCA.ES) en virtud de denuncia presentada por A.A.A. y teniendo como base los siguientes HECHOS PRIMERO: Con fecha 21 de septiembre de 2018, tuvo entrada en esta Agencia escrito de A.A.A.  (en lo sucesivo la denunciante) contra MARIANO JESUS VERDEJO MORENO (WWW.TAXISCUENCA.ES) porque tras realizar una solicitud de acceso el 4 de agosto de 2018, mediante correo electrónico a la dirección info@taxiscuenca.es, que es la que figura en la política de privacidad de la página web www.taxiscuenca.es, inmediatamente recibió un correo automático del servidor de correo indicando que no ha sido posible entregar el correo por no encontrarse la dirección destinataria. Así mismo, manifiesta que la página web www.taxiscuenca.es, no incluye los datos del responsable de la empresa. SEGUNDO: Tras la recepción de la denuncia la Subdirección General de Inspección de Datos procedió a la realización de actuaciones previas de investigación para el esclarecimiento de los hechos denunciados, teniendo conocimiento de los siguientes extremos: Con fecha 15 de enero de 2019, Se ha verificado que la página web www.taxiscuenca.es dispone de Aviso legal y Política de Privacidad, no obstante, en los datos identificativos del titular del dominio figura AAAAAA, con domicilio en c/CCCCCC y correo electrónico de contacto: DDDDDD. Así mismo, se ha comprobado que informa de la posibilidad de ejercer los derechos de protección de datos a través de la dirección info@taxiscuenca.es Con fecha de hoy se comprueba que se ha modificado la Política de Privacidad de la página web, respecto a la titularidad de la misma, con el siguiente texto: “Taxis Cuenca tiene como titular de la mercantil a Mariano Jesús Verdejo Moreno, NIF: 04608517F, con domicilio social en calle San Damián 15, 16003, Cuenca. Nuestros canales de contacto son el correo electrónico: marianoverdejo@gmail.com y nuestro sitio web: www.taxiscuenca.es.”  Con fecha 7 de febrero de 2019, el titular de la citada página web ha remitido a esta Agencia la siguiente información en relación con los hechos denunciados: 1. El responsable y titular de la página web www.taxixcuenca.es (Taxi 29), es Mariano Jesús Verdejo Moreno (Autónomo). 2.  El único tratamiento de datos de carácter personal que realizan es el de sus clientes en caso de ser necesario para expedir facturas o los necesarios para prestar el servicio de Taxi. 3. A través de su página web únicamente se recaban los datos de nombre y apellidos del cliente, teléfono y dirección de correo electrónico. Estos datos son automáticamente borrados pasados diez días desde su recepción, en caso de no C/ Jorge Juan, 6 www.agpd.es 28001 – Madrid sedeagpd.gob.es 2/4 realizarse el servicio o pasados diez días desde la fecha del servicio prestado. Los únicos datos que se conservan son los de aque"
e-00241-2019,2019,https://www.aepd.es/es/documento/e-00241-2019.pdf,https://web.archive.org/web/20220307211153id_/https://www.aepd.es/es/documento/e-00241-2019.pdf,"1/4 Procedimiento Nº: E/00241/2019 RESOLUCIÓN DE ARCHIVO DE ACTUACIONES De las actuaciones practicadas por la Agencia Española de Protección de Datos ante GENERALI ESPAÑA, SOCIEDAD ANONIMA DE SEGUROS Y REASEGUROS, en virtud de reclamación presentada por Dña. A.A.A. y teniendo como base los siguientes HECHOS PRIMERO: el 28/08/2018 tiene entrada en esta Agencia Española de Protección de Datos escrito de Dña. A.A.A. (en lo sucesivo la reclamante), en el que denuncia a GENERALI ESPAÑA, SOCIEDAD ANONIMA DE SEGUROS Y REASEGUROS (en lo sucesivo GENERALI), por los siguientes hechos: la compañía, de la que es cliente, ha vinculado a sus datos de carácter personal dos pólizas de vehículos en vigor y a su nombre sin que hubiera otorgado su consentimiento a las citadas contrataciones; automóviles y conductores asociados que son completamente ajenos a la reclamante. SEGUNDO: Tras la recepción de la reclamación, la Subdirección General de Inspección de Datos procedió a solicitar información acerca de lo siguiente: El 04/10/2018, reiterada el 25/10/2018, le fue trasladada a GENERALI la reclamación presentada para su análisis y comunicación a la reclamane de la decisión adoptada al respecto. Igualmente, se le requería para que en el plazo de un mes remitiera a la Agencia determinada información: - Copia de las comunicaciones, de la decisión adoptada que haya remitido al reclamante a propósito del traslado de esta reclamación, y acreditación de que el reclamante ha recibido la comunicación de esa decisión. - Informe sobre las causas que han motivado la incidencia que ha originado la reclamación. - Informe sobre las medidas adoptadas para evitar que se produzcan incidencias similares. - Cualquier otra que considere relevante. En la misma fecha se le comunicaba a la reclamante la recepción de la reclamación y su traslado a la entidad reclamada. TERCERO: Con fecha 26/11/2018, de conformidad con el artículo 9 del Real Decreto- ley 5/2018 de 27 de julio y a los efectos previstos en su artículo 11, la Directora de la Agencia Española de Protección de Datos acordó admitir a trámite la reclamación presentada por el reclamante GENERALI. CUARTO: GENERALI en escrito de 30/11/2018 aporta escrito de alegaciones manifestando que todo fue debido a que el mediador que intervino en la contratación se sirvió de los datos de la reclamante para emitir dos pólizas a su nombre contraviniendo las instrucciones de la compañía en la emisión de contratos de seguro C/ Jorge Juan, 6 www.aepd.es 28001 – Madrid sedeagpd.gob.es 2/4 y las obligaciones asumidas en el contrato de agencia, formalizando la contratación sin autorización ni consentimiento del que figuraba como tomador. Además, señala la implantación de nuevas medidas de carácter técnico para evitar situaciones como la acontecida y aporta la comunicación enviada a la reclamante informando de la incidencia causante de la reclamación.   FUNDAMENTOS DE DERECHO I De acuerdo con los poderes de investigación y correctivos que el artículo 58"
e-00246-2019,2019,https://www.aepd.es/documento/e-00246-2019.pdf,https://web.archive.org/web/20251113165944id_/https://www.aepd.es/documento/e-00246-2019.pdf,"1/3 Expediente Nº: E/00246/2019 RESOLUCIÓN DE ARCHIVO DE ACTUACIONES De las actuaciones practicadas por la Agencia Española de Protección de Datos ante la entidad UNION FENOSA DISTRIBUCION, S.A. en virtud de denuncia presentada por A.A.A. y teniendo como base los siguientes HECHOS PRIMERO: Con fecha 30 de agosto de 2018, tuvo entrada en esta Agencia escrito de A.A.A. (en lo sucesivo el denunciante) contra UNION FENOSA DISTRIBUCION, S.A por la cesión de sus datos personales a la entidad INTRUM JUSTITIA, con la que tiene contratados los servicios de gestión de cobros, para que le requiera el pago de una deuda que no reconoce. SEGUNDO: Tras la recepción de la denuncia la Subdirección General de Inspección de Datos procedió a la realización de actuaciones previas de investigación para el esclarecimiento de los hechos denunciados, teniendo conocimiento de los siguientes extremos: UNION FENOSA DISTRIBUCION, S.A manifiesta que las notificaciones y llamadas recibidas por la reclamante son en relación a una deuda que corresponde a otro cliente y que el cruce de datos se produjo por la relación contractual de arrendamiento existente entre la reclamante y el deudor. Así se le informa a la reclamante mediante carta de fecha 29 de noviembre de 2018, señalando que se ha procedido a eliminar los datos personales que la vinculaban con el deudor y se han dado instrucciones en el mismo sentido a la empresa que realiza las tareas de reclamación de deuda. FUNDAMENTOS DE DERECHO I De acuerdo con los poderes que el artículo 58.2 del Reglamento (UE) 2016/679 del Parlamento Europeo y del Consejo de 27 de abril de 2016, relativo a la protección de las personas físicas en lo que respecta al tratamiento de datos personales y a la libre circulación de estos datos (RGPD), de plena aplicación desde el 25 de mayo de 2018, reconoce a cada autoridad de control, es competente para resolver esta reclamación la Directora de la Agencia Española de Protección de Datos, de conformidad con el artículo 47 de la Ley Orgánica 3/2018, de 5 de diciembre, de Protección de Datos Personales y garantía de los derechos digitales (en lo sucesivo LOPDGDD) II De conformidad con lo establecido en el artículo 55 del RGPD, la Agencia Española de Protección de Datos es competente para desempeñar las funciones que se le asignan en su artículo 57, entre ellas, la de hacer aplicar el Reglamento y promover la sensibilización de los responsables y los encargados del tratamiento acerca de las obligaciones que les incumben, así como tratar las reclamaciones presentadas por un interesado e investigar el motivo de estas. C/ Jorge Juan, 6 www.agpd.es 28001 – Madrid sedeagpd.gob.es 2/3 Asimismo, el artículo 9.3 del Real Decreto-ley 5/2018, de 27 de julio, de medidas urgentes para la adaptación del Derecho español a la normativa de la Unión Europea en materia de protección de datos, establece que “la Agencia Española de Protección de Datos podrá inadmitir la reclamación cuando el responsable o encargado del tratam"
e-00414-2019,2019,https://www.aepd.es/documento/e-00414-2019.pdf,https://web.archive.org/web/20240707052625id_/https://www.aepd.es/documento/e-00414-2019.pdf,"1/3 Procedimiento Nº: E/00414/2019 RESOLUCIÓN DE ARCHIVO DE ACTUACIONES De las actuaciones practicadas por la Agencia Española de Protección de Datos ante BANCO SANTANDER, S.A., en virtud de reclamación presentada por Dña. A.A.A. (en adelante, la reclamante) y teniendo como base los siguientes: HECHOS PRIMERO: La reclamación interpuesta tiene entrada el 30 de enero de 2019 en la Agencia Española de Protección de Datos, se dirige contra BANCO SANTANDER, S.A., con NIF A39000013 (en adelante, el reclamado). Los motivos en que basa su reclamación son en que habiendo solicitado información acerca de sus datos en la oficina del banco, se le informa de que figura a su nombre una lista de productos. En relación con ello muestra su perplejidad ya que no dispone de teléfono móvil, ni internet, ni banca telefónica, ni electrónica y, en definitiva, que ya no trabaja con esta entidad, motivo por el cual expresa su inquietud por que se haga mal uso de sus datos. SEGUNDO: La Subdirección General de Inspección de Datos procedió a la realización de actuaciones previas de investigación para el esclarecimiento de los hechos objeto de la reclamación, teniendo conocimiento de los siguientes extremos: 1 La reclamante ha sido cliente del Banco, primero en la oficina 5606, que fue cerrada siendo trasladadas sus posiciones a la oficina 6745. A ello se debe que aparezcan en relación de productos que acompaña algunos que están duplicados al figurar en una y otra oficina. 2 La mayor parte de sus posiciones eran inactivas al producirse el traspaso a la nueva oficina. 3 Los últimos contratos suscritos fueron un contrato de cuenta corriente, de diciembre de 2017 y el contrato multicanal, éste último lleva asociado el servicio de canal telefónico y Superlínea, ambos fueron suscritos por la interesada. 4 A la vista de las manifestaciones de la reclamante y dado que los dos últimos contratos, uno estaba cancelado (cuenta corriente) y el otro inactivo, han procedido a su cancelación. 5 Han dirigido una comunicación a la reclamante, informándole de que han procedido a la cancelación de sus datos y por tanto, al bloqueo de los mismos durante el plazo de prescripción de las acciones o responsabilidades derivadas del tratamiento de los datos, plazo durante el que no serán tratados mas allá de la mera conservación o para ponerlos a disposición de las autoridades competentes, y una vez transcurridos los plazos, procederán a su eliminación. C/ Jorge Juan, 6 www.aepd.es 28001 – Madrid sedeagpd.gob.es 2/3 FUNDAMENTOS DE DERECHO I De acuerdo con los poderes de investigación y correctivos que el artículo 58 del Reglamento (UE) 2016/679 (Reglamento general de protección de datos, en adelante RGPD) otorga a cada autoridad de control, y según lo dispuesto en el artículo 47 de la Ley Orgánica 3/2018, de 5 de diciembre, de Protección de Datos Personales y garantía de los derechos digitales (en lo sucesivo LOPDGDD), es competente para resolver estas actuaciones de investigación la Directora de la "
e-00453-2019,2019,https://www.aepd.es/documento/e-00453-2019.pdf,https://web.archive.org/web/20240626192738id_/https://www.aepd.es/documento/e-00453-2019.pdf,"1/5  N/Ref.: E/08073/2018 - E/00453/2019 1103-240320 RESOLUCIÓN DE ARCHIVO DE ACTUACIONES De las actuaciones practicadas con motivo de la reclamación presentada en la Agencia Española de Protección de Datos y teniendo como base los siguientes HECHOS PRIMERO    : Con fecha 05/10/2018 y con número de registro de entrada 198556/2018, tuvo entrada en esta Agencia una reclamación presentada contra LC ASSET 1 S.à.r.l. (en adelante, LC ASSET 1), por una presunta vulneración del Artículo 13 del RGPD. Los motivos en que el reclamante basa la reclamación son:  Inclusión de sus datos personales en el fichero de solvencia patrimonial ASNEF sin haberle requerido previamente la deuda. Junto a la reclamación aporta copia del reporte proporcionado por el responsable del fichero de solvencia, fechado a 27/09/2018, donde se visualiza una entrada a nombre del reclamante por importe de XXXX,XX EUR, comunicada por la empresa reclamada con fecha de alta 20/09/2018 con relación a un impago que se produjo con fecha 01/05/2013. SEGUNDO    : LC ASSET 1 tiene su establecimiento principal en ***PAÍS.1.  TERCERO: La citada reclamación se trasladó, a través del “Sistema de Información del Mercado Interior” (IMI), a la autoridad de control de ***PAÍS.1 por ser la competente para actuar como autoridad de control principal, a tenor de lo dispuesto en el artículo 56.1 del Reglamento (UE) 2016/679 del Parlamento Europeo y del Consejo de 27 de abril de 2016, relativo a la protección de las personas físicas en lo que respecta al tratamiento de datos personales y a la libre circulación de estos datos (en lo sucesivo, RGPD). Ninguna otra autoridad de control se declaró interesada en el procedimiento.  CUARTO: Siguiendo el procedimiento establecido en el artículo 60 del RGPD y después de haberse acordado desestimar o rechazar la reclamación por la Autoridad de Control principal y esta Agencia en calidad de Autoridad interesada, la Commission Nationale pour la Protection des Données (CNPD) de ***PAÍS.1 ha comunicado a esta Agencia el proyecto de decisión, que ha sido aceptado. FUNDAMENTOS DE DERECHO I – Competencia C/ Jorge Juan, 6 www.aepd.es 28001 – Madrid sedeagpd.gob.es 2/5 De acuerdo con lo dispuesto en el artículo 60.8 del RGPD, es competente para adoptar esta resolución la Directora de la Agencia Española de Protección de Datos, de conformidad con el artículo 12.2, apartado i) del Real Decreto 428/1993, de 26 de marzo, por el que se aprueba el Estatuto de la Agencia de Protección de Datos (en adelante, RD 428/1993) y la Disposición transitoria primera de la Ley Orgánica 3/2018, de 5 de diciembre, de Protección de Datos Personales y garantía de los derechos digitales (en lo sucesivo, LOPDGDD). II - Sistema de Información del Mercado Interior (IMI) El Sistema de Información del Mercado Interior se encuentra regulado por el Reglamento (UE) nº 1024/2012, del Parlamento Europeo y del Consejo, de 25 de octubre de 2012 (Reglamento IMI), y su objetivo es favorecer la cooperación admini"
e-00561-2019,2019,https://www.aepd.es/documento/e-00561-2019.pdf,https://web.archive.org/web/20231014010153id_/https://www.aepd.es/documento/e-00561-2019.pdf,"1/4 Expediente Nº: E/00561/2019 RESOLUCIÓN DE ARCHIVO DE ACTUACIONES De las actuaciones practicadas por la Agencia Española de Protección de Datos ante las entidades ASNEF-EQUIFAX, SERVICIOS DE INFORMACIÓN SOBRE SOLVENCIA Y CRÉDITO, S.L., y EXPERIAN BUREAU DE CRÉDITO, S.A. en virtud de denuncia presentada por A.A.A. y teniendo como base los siguientes HECHOS PRIMERO: Con fecha 21 de septiembre de 2018, tuvo entrada en esta Agencia escrito de A.A.A. (en lo sucesivo el reclamante) contra ASNEF-EQUIFAX, SERVICIOS DE INFORMACIÓN SOBRE SOLVENCIA Y CRÉDITO, S.L., EXPERIAN BUREAU DE CRÉDITO, S.A.  en el que denuncia que pese a que el 31 de julio de 2018 ejerció derecho de acceso tras conocer que sus datos estaban incluidos en los citados ficheros de solvencia patrimonial, no ha obtenido respuesta a su solicitud. SEGUNDO: Tras la recepción de la denuncia la Subdirección General de Inspección de Datos procedió a la realización de actuaciones previas de investigación para el esclarecimiento de los hechos denunciados, teniendo conocimiento de los siguientes extremos: A la fecha de la solicitud de acceso los datos del reclamante sólo figuraban en el fichero de EXPERIAN BUREAU DE CRÉDITO, S.A. por una operación informada por El Corte Inglés, de 4 de noviembre de 2012, la cual ha sido cancelada el 18 de octubre de 2018, por lo que a fecha de hoy no existen datos asociados al reclamante en el fichero BADEXCUG. Por esta anotación se envió al reclamante notificación de inclusión el 6/11/2012, la cual consta como no devuelta. Solicitud de acceso de fecha 31 de julio de 2018, fue recibida el 6 de agosto de 2018, y se contestó el mismo día por correo certificado.  La carta se envió al mismo domicilio de la solicitud, pero fue devuelta a causa de una errata en la dirección a la que se remitió, por lo que, en respuesta al requerimiento de la Agencia Española de Protección de Datos, EXPERIAN BUREAU DE CRÉDITO, S.A. el 4 de enero de 2019, ha procedido a remitir de nuevo respuesta a la solicitud de acceso del reclamante. FUNDAMENTOS DE DERECHO I De acuerdo con los poderes de investigación y correctivos que el artículo 58 del Reglamento (UE) 2016/679 (Reglamento general de protección de datos, en adelante RGPD) otorga a cada autoridad de control, y según lo dispuesto en el artículo 47 de la Ley Orgánica 3/2018, de 5 de diciembre, de Protección de Datos Personales y garantía de los derechos digitales (en lo sucesivo LOPDGDD), es competente para resolver estas actuaciones de investigación la Directora de la Agencia Española de Protección de Datos. C/ Jorge Juan, 6 www.agpd.es 28001 – Madrid sedeagpd.gob.es 2/4 II De conformidad con lo establecido en el artículo 55 del RGPD, la Agencia Española de Protección de Datos es competente para desempeñar las funciones que se le asignan en su artículo 57, entre ellas, la de hacer aplicar el Reglamento y promover la sensibilización de los responsables y los encargados del tratamiento acerca de las obligaciones que les incumben, así co"
e-00603-2019,2019,https://www.aepd.es/documento/e-00603-2019.pdf,https://web.archive.org/web/20240706210112id_/https://www.aepd.es/documento/e-00603-2019.pdf,"1/4 Procedimiento Nº: E/00603/2019 RESOLUCIÓN DE ARCHIVO DE ACTUACIONES De las actuaciones practicadas por la Agencia Española de Protección de Datos ante ORANGE ESPAGNE, S.A.U. (AMENA), en virtud de reclamación presentada por Dña. A.A.A. y teniendo como base los siguientes HECHOS PRIMERO: Con fecha 29/08/2018, tuvo entrada en esta Agencia un escrito remitido por Dña. A.A.A. (en lo sucesivo la reclamante), en el que denuncia a ORANGE ESPAGNE, S.A.U. (AMENA), (en lo sucesivo ORANGE), en síntesis por los siguientes hechos: ORANGE les ha reclamado en vía judicial una deuda por factura emitida como consecuencia del contrato de telefonía que fue concertado con la madre de la reclamante; la factura con fecha 26/09/2006 fue generada por penalización por baja anticipada. La deuda fue requerida y ante el impago sus datos personales fueron incluidos en ficheros de morosidad.   Presentada demanda en el Juzgado por la cesionaria de la deuda LDF65, S.A.R.L. (en lo sucesivo LDF65), se ha recibido notificación de la sentencia del Juzgado de Primera Instancia de Zaragoza Nº 4 desestimando la demanda por encontrarse prescrita la deuda. SEGUNDO: Tras la recepción de la reclamación, la Subdirección General de Inspección de Datos procedió a solicitar información acerca de lo siguiente: El 03/10/2018 fue trasladada a ORAGNE la reclamación presentada para su análisis y comunicación al denunciante de la decisión adoptada al respecto. Igualmente, se le requería para que en el plazo de un mes remitiera a la Agencia determinada información: - Copia de las comunicaciones, de la decisión adoptada que haya remitido al reclamante a propósito del traslado de esta reclamación, y acreditación de que el reclamante ha recibido la comunicación de esa decisión. - Informe sobre las causas que han motivado la incidencia que ha originado la reclamación. - Informe sobre las medidas adoptadas para evitar que se produzcan incidencias similares. - Cualquier otra que considere relevante. En la misma fecha se le comunicaba a la reclamante la recepción de la reclamación y su traslado a la entidad reclamada. TERCERO: Con fecha 30/11/2018, de conformidad con el artículo 9 del Real Decreto- ley 5/2018 de 27 de julio y a los efectos previstos en su artículo 11, la Directora de la C/ Jorge Juan, 6 www.aepd.es 28001 – Madrid sedeagpd.gob.es 2/4 Agencia Española de Protección de Datos acordó admitir a trámite la reclamación presentada por el reclamante ORANGE. CUARTO: ORANGE en escrito de 06/11/2018 ha señalado que el 17/06/2006 tuvo lugar la contratación de los servicios de telefonía, cuya baja un mes después provocó la generación de una factura por baja anticipada y cuyo impago dio lugar a una deuda que fue requerida y su inclusión en fichero de morosidad; posteriormente, la deuda fue objeto de cesión, el derecho de crédito fue adquirido por la empresa LDF65; ORANGE ha sido conocedora de la resolución dictada por el Juzgado de 1ª Instancia nº 4 de Zaragoza cuya demanda fue desestimada y, por últim"
e-00715-2019,2019,https://www.aepd.es/documento/e-00715-2019.pdf,https://web.archive.org/web/20240626235539id_/https://www.aepd.es/documento/e-00715-2019.pdf,"1/4 Procedimiento Nº: E/00715/2019 940-0419 RESOLUCIÓN DE ARCHIVO DE ACTUACIONES De las actuaciones practicadas por la Agencia Española de Protección de Datos y teniendo como base los siguientes HECHOS PRIMERO: La Agencia Española de Protección de Datos (en adelante AEPD) es declarada líder para conocer la reclamación interpuesta ante Holanda contra la entidad Santander Consumer Finance (IMI núm.: 55138) (establecida en España). Los motivos en que basa la reclamación el reclamante son que la entidad reclamada le informó al final de una conversación telefónica que la llamada estaba siendo grabada. SEGUNDO: Tras la recepción de todo el expediente, la Subdirección General de Inspección de Datos procedió a la realización de actuaciones previas de investigación para el esclarecimiento de los hechos objeto de la reclamación, teniendo conocimiento de los siguientes extremos: Los representantes de Santander Consumer manifiestan que al llevar a cabo las llamadas para contactar con los clientes, estos son advertidos que las llamadas pueden ser grabadas. Para dejar constancia de ello, en todas las llamadas, una vez identificados los interesados, paso previo a cualquier tratamiento posterior, se les comunica lo siguiente:  “Santander Consumer le informa que la llamada va a ser grabada para tener constancia de la misma, en caso de ser necesario”  En referencia a los clientes de distintos estados, en este caso Holanda, es importante destacar que Santander Consumer EFC S.A. exige que todos los titulares y avalistas sean residentes en España, y por lo tanto, no existe un procedimiento especial para ningún país.  Para potenciales clientes, que en todo caso, son operaciones que han sido solicitadas, pero todavía no han sido completadas, el procedimiento es el mismo. Momento de la conversación en que se informa al interesado.  Para poder informar al interesado de manera correcta ofreciéndole datos sobre sus operaciones es necesario que éste se identifique adecuadamente. Por ello, nada más tener contacto con el cliente, se le pregunta si es la persona con la que estan tratando de contactar.   C/ Jorge Juan, 6 www.aepd.es 28001 – Madrid sedeagpd.gob.es 2/4 En caso afirmativo, inmediatamente después de verificar que es el interesado, se le informa de que la llamada va a ser grabada para tener constancia de la misma en el caso de que sea necesario.  Actuaciones que se realizan en el caso de que no dé su consentimiento.  Una vez el interesado tenga conocimiento de que la llamada va a ser grabada, si este expresa su oposición a dicha grabación, le indican al interesado lo siguiente:   “D./Dª ………..en base al interés legítimo para gestionar el impagado actual y por seguridad para ambas partes, se va a realizar la grabación.”  En el caso de que el interesado no esté de acuerdo con este tratamiento tendrá en todo momento la posibilidad de colgar al operador y de esa forma suspender la grabación de la llamada.    En relación a la existencia de alguna queja o reclamación del a"
e-00799-2019,2019,https://www.aepd.es/documento/e-00799-2019.pdf,https://web.archive.org/web/20251113162454id_/https://www.aepd.es/documento/e-00799-2019.pdf,"1/4 Procedimiento Nº: E/00799/2019 RESOLUCIÓN DE ARCHIVO DE ACTUACIONES De las actuaciones practicadas por la Agencia Española de Protección de Datos ante CLOUDXDATA SOLUTIONS, S.L., en virtud de reclamación presentada por FESP/UGT ANDALUCIA y teniendo como base los siguientes HECHOS PRIMERO: el 16/10/2018 tiene entrada en esta Agencia Española de Protección de Datos escrito de FESP/UGT ANDALUCIA (en lo sucesivo la reclamante), en el que denuncia a CLOUDXDATA SOLUTIONS, S.L. (en lo sucesivo CLOUDXDATA), por los siguientes hechos: La empresa interrumpió el servicio prestado sin previo aviso; que se le solicitaron los códigos de seguridad de los dominios a fin de iniciar su transferencia a otro registrador y el desbloqueo de los mismos; sin embargo, a pesar de haber reiterado la petición por no poder controlar las herramientas informáticas y no poder garantizar la protección de los datos, la misma no fue atendida. SEGUNDO: Tras la recepción de la reclamación, la Subdirección General de Inspección de Datos procedió a solicitar información acerca de lo siguiente: El 08/11/2018, reiterada el 19/11/2018, le fue trasladada a CLOUDXDATA la reclamación presentada para su análisis y comunicación al reclamante de la decisión adoptada al respecto. Igualmente, se le requería para que en el plazo de un mes remitiera a la Agencia determinada información: - Copia de las comunicaciones, de la decisión adoptada que haya remitido al reclamante a propósito del traslado de esta reclamación, y acreditación de que el reclamante ha recibido la comunicación de esa decisión. - Informe sobre las causas que han motivado la incidencia que ha originado la reclamación. - Informe sobre las medidas adoptadas para evitar que se produzcan incidencias similares. - Cualquier otra que considere relevante. En la misma fecha se le comunicaba a la reclamante la recepción de la reclamación y su traslado a la entidad reclamada. TERCERO: Con fecha 10/01/2019, de conformidad con el artículo 9 del Real Decreto- ley 5/2018 de 27 de julio y a los efectos previstos en su artículo 11, la Directora de la Agencia Española de Protección de Datos acordó admitir a trámite la reclamación presentada por el reclamante CLOUDXDATA CUARTO: CLOUDXDATA en escrito de 17/01/2019 aporta escrito de alegaciones manifestando que ha actuado correctamente facilitando la información que se había C/ Jorge Juan, 6 www.aepd.es 28001 – Madrid sedeagpd.gob.es 2/4 pedido en todo momento; ha aportado la respuesta ofrecida al reclamante y justificante de su envío.    FUNDAMENTOS DE DERECHO I De acuerdo con los poderes de investigación y correctivos que el artículo 58 del Reglamento (UE) 2016/679 (Reglamento general de protección de datos, en adelante RGPD) otorga a cada autoridad de control, y según lo dispuesto en el artículo 47 de la Ley Orgánica 3/2018, de 5 de diciembre, de Protección de Datos Personales y garantía de los derechos digitales (en lo sucesivo LOPDGDD), es competente para resolver estas actuaciones de invest"
e-00836-2019,2019,https://www.aepd.es/documento/e-00836-2019.pdf,https://web.archive.org/web/20240630061652id_/https://www.aepd.es/documento/e-00836-2019.pdf,"1/5 940-0419 Procedimiento Nº: E/00836/2019 RESOLUCIÓN DE ARCHIVO DE ACTUACIONES De las actuaciones practicadas por la Agencia Española de Protección de Datos y teniendo como base los siguientes HECHOS PRIMERO: Con fecha 14 de mayo de 2018 se registra de entrada en la Agencia Española de Protección de Datos reclamación interpuesta por  Don A.A.A.,  en calidad de representante legal de Don B.B.B., Dña. C.C.C., (en adelante C.C.C.),  y Don D.D.D., (en adelante, los reclamantes), contra Dña. E.E.E., (en adelante, E.E.E. o Presidenta de la Comunidad de Propietarios), por exponer, sin su consentimiento, en el tablón de anuncios  y en el  parking  de la Comunidad de Propietarios de la finca  en la que son propietarios de sendas viviendas, sita en la ***CALLE.1, números ***NÚMEROS.1, documentación que contenía datos de carácter personal  de los reclamantes,  como era la  demanda de juicio declarativo ordinario ejercitando la acción de impugnación de acuerdos  de Junta de propietarios contra la mencionada Comunidad  y la resolución judicial  adoptada a raíz de dicha demanda.  Señalan también los reclamantes que los continuos intentos realizados ante dicha persona, desde el 9 de abril de 2018,  para que se retirase esa documentación, lo que incluye un requerimiento dirigido a la misma vía burofax con fecha 12 de abril de 2018,  resultaron infructuosos, puesto que  aquella mantuvo la exposición pública de ambos documentos en dichos lugares, limitándose, con fecha 17 de abril de 2018, a tachar  parcialmente con un rotulador negro los datos personales  de los reclamantes contenidos  en los mismos,  con lo que dicha información continuaba mostrándose a terceros no interesados al haber mantenido sin tachar  la información personal recogida  el primer párrafo de la demanda,  no siendo  hasta el  19 de abril de 2018 que  los reclamantes observaron  que  se habían tachado  los datos personales  de los reclamantes anteriormente  mantenidos. No obstante lo cual, afirman que los datos de los reclamantes supuestamente ocultados continuaban siendo fácilmente legibles y reconocibles, amén de que dichos documentos continuaron exponiéndose en los lugares reseñados.  Los reclamantes indican que al encontrarse el tablón de anuncios justo frente al ascensor dicha información también resulta accesible a cualquier tercero ajeno a la comunidad que pase por dicha zona, como ocurre con las numerosas personas (trabajadores y pacientes) que visitan el área de consultas externas perteneciente a un centro hospitalario situado en la primera planta de la finca. Los reclamantes adjuntan ocho documentos  con el siguiente contenido:   - Fotografías de los documentos expuestos en el tablón de anuncios y en el parking de la comunidad. Estos documentos   - Copia de la primera página de los documentos expuestos en los lugares antes indicados. C/ Jorge Juan, 6 www.aepd.es 28001 – Madrid sedeagpd.gob.es 2/5 - Copia del escrito de fecha 12 de abril de 2018 remitido vía burofax a Dña. E.E.E., en"
e-01118-2019,2019,https://www.aepd.es/es/documento/e-01118-2019.pdf,https://web.archive.org/web/20220307210825id_/https://www.aepd.es/es/documento/e-01118-2019.pdf,"1/3 Expediente Nº: E/01118/2019 RESOLUCIÓN DE ARCHIVO DE ACTUACIONES De las actuaciones practicadas por la Agencia Española de Protección de Datos ante la entidad VODAFONE ONO, S.A.U. en virtud de denuncia presentada por A.A.A. y teniendo como base los siguientes HECHOS PRIMERO: Con fecha 17/09/2018, tuvo entrada en esta Agencia escrito de Dña. A.A.A. (en lo sucesivo la reclamante) dirigido contra VODAFONE ESPAÑA, S.A.U. (en lo sucesivo VODAFONE) por los siguientes hechos, en sintesis: que solicitó a VODAFONE a través del e-mail que dejaran de enviarme SMSs de contenido publicitario o comercial; sin embargo, el mismo día recibió un mensaje de bienvenida y continuaron enviándole mensajes comerciales. . SEGUNDO: Tras la recepción de la denuncia, la Subdirección General de Inspección de Datos procedió a la realización de actuaciones previas de investigación para el esclarecimiento de los hechos denunciados, teniendo conocimiento de los siguientes extremos: El 11/10/2018 fue trasladada a VODAFONE la reclamación presentada para su análisis y comunicación al denunciante de la decisión adoptada al respecto. Igualmente, se le requería para que en el plazo de un mes remitiera a la Agencia determinada información: - Copia de las comunicaciones, de la decisión adoptada que haya remitido al reclamante a propósito del traslado de esta reclamación, y acreditación de que el reclamante ha recibido la comunicación de esa decisión. - Informe sobre las causas que han motivado la incidencia que ha originado la reclamación. - Informe sobre las medidas adoptadas para evitar que se produzcan incidencias similares. - Cualquier otra que considere relevante. En la misma fecha se le comunicaba a la reclamante la recepción de la reclamación y su traslado a la entidad reclamada. TERCERO: Con fecha 18/12/2018, de conformidad con el artículo 9 del Real Decreto- ley 5/2018 de 27 de julio y a los efectos previstos en su artículo 11, la Directora de la Agencia Española de Protección de Datos acordó admitir a trámite la reclamación presentada por la reclamante contra VODAFONE. CUARTO: El 25/01/2019 VODAFONE han aportado escrito de aleaciones y la carta enviada a la reclamante en la que informa de los hechos ocurridos.   C/ Jorge Juan, 6 www.agpd.es 28001 – Madrid sedeagpd.gob.es 2/3 FUNDAMENTOS DE DERECHO I Es competente para resolver la Directora de la Agencia Española de Protección de Datos, conforme a lo establecido en el artículo 43.1 de la Ley 34/2002, de 11 de Julio, de servicios de la sociedad de la información y de comercio electrónico (en adelante LSSI). II En el presente caso, se ha recibido en esta Agencia la reclamación presentada por el reclamante contra VODAFONE por una presunta vulneración de lo señalado en el artículo 21 de la LSSI en relación la prohibición de realizar comunicaciones comerciales o publicitarias a través de correo electrónico o medios de comunicación electrónica equivalentes.  De conformidad con la normativa expuesta, con carácter previo a la admis"
e-01129-2019,2019,https://www.aepd.es/es/documento/e-01129-2019.pdf,https://web.archive.org/web/20220307211643id_/https://www.aepd.es/es/documento/e-01129-2019.pdf,"1/5  N/Ref.: E/06596/2018 - E/01129/2019 1103-020420 RESOLUCIÓN DE ARCHIVO DE ACTUACIONES De las actuaciones practicadas con motivo de la reclamación presentada en la Agencia Española de Protección de Datos y teniendo como base los siguientes HECHOS PRIMERO: Con fecha 24 de agosto de 2018 y con número de registro de entrada 191271/2018, tuvo entrada en esta Agencia una reclamación presentada contra FACEBOOK IRELAND LIMITED (INSTAGRAM), por una presunta vulneración del Artículo 17 y del Artículo 15 del Reglamento (UE) 2016/679 del Parlamento Europeo y del Consejo de 27 de abril de 2016, relativo a la protección de las personas físicas en lo que respecta al tratamiento de datos personales y a la libre circulación de estos datos (en lo sucesivo, RGPD). Los motivos en que el reclamante basa la reclamación son:  Recepción de un correo electrónico de parte de Instagram donde le informan que su cuenta, con nombre de usuario ***USUARIO.1 ha cambiado de dueño.  Ha puesto los hechos en conocimiento del responsable al considerar que se están utilizando sus datos personales, así como el material audiovisual incluido en dicha cuenta de forma fraudulenta.  Tras solicitar en varias ocasiones el cierre de la cuenta presentando toda la documentación que le han requerido ante el responsable, éste se niega al cierre aduciendo que dicha cuenta no es propiedad del interesado  Junto a la reclamación aporta el correo recibido donde se le informa de que la cuenta ha cambiado de dueño, los correos intercambiados con el responsable donde el reclamante pone de manifiesto su deseo de tomar el control de la cuenta o que esta sea eliminada y una captura de pantalla de la cuenta objeto de la reclamación.   SEGUNDO: FACEBOOK IRELAND LIMITED (INSTAGRAM) tiene su establecimiento principal en ***PAÍS.1. TERCERO: La citada reclamación se trasladó, a través del “Sistema de Información del Mercado Interior” (IMI), a la autoridad de control de ***PAÍS.1 -Data Protection Commission (DPC)- por ser la competente para actuar como autoridad de control principal, a tenor de lo dispuesto en el artículo 56.1 del RGPD. Se han declarado interesadas en el procedimiento las autoridades de control de Bélgica, Hamburgo, Francia, Dinamarca, Renania-Palatinado, Hungría, Noruega, Chipre, Eslovaquia, Finlandia, Saarland, Berlín, Baja Sajonia y Polonia. CUARTO: Una vez aceptada la reclamación por la DPC se acordó su archivo provisional. C/ Jorge Juan, 6 www.aepd.es 28001 – Madrid sedeagpd.gob.es 2/5 QUINTO: Siguiendo sus procedimientos internos, la autoridad de control de ***PAÍS.1 ha procurado obtener una resolución amistosa del caso. Para ello, ha contactado con el responsable trasladándole la reclamación, planteando la solución deseada e informando al interesado a través de una carta enviada a esta Agencia para reenviar al reclamante. En esta carta también se informa que en el caso de alcanzar una resolución amistosa la reclamación se considerará retirada y el expediente cerrado. Por el contrario"
e-01164-2019,2019,https://www.aepd.es/es/documento/e-01164-2019.pdf,https://web.archive.org/web/20220307210851id_/https://www.aepd.es/es/documento/e-01164-2019.pdf,"1/5 Expediente Nº: E/01164/2019 RESOLUCIÓN DE ARCHIVO DE ACTUACIONES De las actuaciones practicadas por la Agencia Española de Protección de Datos ante la entidad INSTITUTO CANTABRO DE SERVICIOS SOCIALES (CAD DE SANTANDER) en virtud de denuncia presentada por A.A.A. y teniendo como base los siguientes HECHOS PRIMERO: Con fecha 19 de octubre de 2018, tuvo entrada en esta Agencia escrito de A.A.A. (en lo sucesivo el denunciante) contra el INSTITUTO CANTABRO DE SERVICIOS SOCIALES (CAD DE SANTANDER) por los siguientes hechos:  Se exponen en cualquier lugar del Centro listas con nombres y en las puertas fotografías de los residentes con sus nombres.   El personal lleva su nombre y apellidos en el uniforme y   Existen libros de actas donde se reflejan los incidentes acaecidos diariamente en la planta.  Los historiales médicos, sin custodiar, se encuentran en las plantas, donde cualquiera puede examinarlos. Se aportan fotografías de documentos con datos personales que, según manifiesta, ha obtenido en el citado Centro, los documentos se encuentran en mesas y algunos en tablones o “corchos”. SEGUNDO: Tras la recepción de la denuncia la Subdirección General de Inspección de Datos procedió a la realización de actuaciones previas de investigación para el esclarecimiento de los hechos denunciados, teniendo conocimiento de los siguientes extremos: Con fecha 5 de diciembre de 2018 se da traslado de la denuncia al ICASS en el marco de las actuaciones con referencia E/9628/2018. Con fecha 8 de enero de 2019, en contestación al traslado, el ICASS ha remitido a la Agencia la siguiente información: 1. Respecto a las afirmaciones realizadas por el denunciante sobre que en cualquier lugar del Centro se encuentran listas con nombres, manifiestan que: a. En el CAD (CENTRO DE ATENCION A LA DEPENDENCIA) de SANTANDER, están separadas las zonas de ámbito laboral, destinadas a los trabajadores, ya que es su zona de trabajo y las zonas de los usuarios y sus familias (habitaciones, salas de estas, comedores, pasillos etc…). Las dos zonas están perfectamente separadas y delimitadas, de tal forma que no se permite la entrada de usuarios y familiares en la zona de personal. 2. Respecto a los documentos que se muestran en las fotografías aportadas por el denunciante, corresponden a diferentes tipos de documentos que se pueden agrupar como: C/ Jorge Juan, 6 www.agpd.es 28001 – Madrid sedeagpd.gob.es 2/5 a. Documentos que atañen a los trabajadores: Impresos de cambios de turno, de los servicios, de la relación de los trabajadores con los festivos que les corresponden etc… Estos documentos se encuentran en el tablón de anuncios del personal en la zona de personal de acuerdo con las directrices del Anexo a las Carteleras de trabajo para los Centros dependientes del ICASS en 2018, firmadas entre la Administración y las Organizaciones Sindicales, en las que se recoge que deben ser expuestas para conocimiento de los trabajadores. La identificación de los trabajadores en su uniforme "
e-01167-2019,2019,https://www.aepd.es/documento/e-01167-2019.pdf,https://web.archive.org/web/20240706160507id_/https://www.aepd.es/documento/e-01167-2019.pdf,"1/3 Procedimiento Nº: E/01167/2019 RESOLUCIÓN DE ARCHIVO DE ACTUACIONES De las actuaciones practicadas por la Agencia Española de Protección de Datos ante GESTORIA ADMINISTRATIVA Y ASESORIA LA GRAN VIA DE MADRID, S.L.P., en virtud de reclamación presentada por POLICÍA MUNICIPAL DE MADRID y teniendo como base los siguientes HECHOS PRIMERO: el 09/01/2019 tienen entrada en esta Agencia Española de Protección de Datos escritos de POLICÍA MUNICIPAL DE MADRID (adelante el reclamante), en el que denuncia a GESTORIA ADMINISTRATIVA Y ASESORIA LA GRAN VIA DE MADRID, S.L.P., (en lo sucesivo GESTORIA), por los siguientes hechos: que el 27/11/2018 agentes de la policía municipal de servicio han sido requeridos por un ciudadano indicándoles acerca de una bolsa que contenía documentos con datos de carácter personal en el exterior de un contenedor de papel situado en la vía pública; los agentes señalan que al dirigirse al domicilio le informan que la documentación corresponde a un gestor que desde octubre de 2016 dejó de regentar la gestoría. Se acompaña informe instruido por los agentes de la policía municipal que intervinieron en los hechos. SEGUNDO: Tras la recepción de la reclamación, la Subdirección General de Inspección de Datos procedió a realizar las siguientes actuaciones: El 09/01/2018 fue trasladada a GESTORIA, reiterada el 21/01/2019, la reclamación presentada para su análisis y comunicación de la decisión adoptada al respecto. Igualmente, se le requería para que en el plazo de un mes remitiera a la Agencia determinada información: - Copia de las comunicaciones, de la decisión adoptada que haya remitido al reclamante a propósito del traslado de esta reclamación, y acreditación de que el reclamante ha recibido la comunicación de esa decisión. - Informe sobre las causas que han motivado la incidencia que ha originado la reclamación. - Informe sobre las medidas adoptadas para evitar que se produzcan incidencias similares. - Cualquier otra que considere relevante. En la misma fecha se le comunicaba a la reclamante la recepción de la reclamación y su traslado a la entidad reclamada. TERCERO: Con fecha 22/11/2018, de conformidad con el artículo 9 del Real Decreto- ley 5/2018 de 27 de julio y a los efectos previstos en su artículo 11, la Directora de la Agencia Española de Protección de Datos acordó admitir a trámite la reclamación presentada por el reclamante contra GESTORIA. C/ Jorge Juan, 6 www.aepd.es 28001 – Madrid sedeagpd.gob.es 2/3 FUNDAMENTOS DE DERECHO I De acuerdo con los poderes de investigación y correctivos que el artículo 58 del Reglamento (UE) 2016/679 (Reglamento general de protección de datos, en adelante RGPD) otorga a cada autoridad de control, y según lo dispuesto en el artículo 47 de la Ley Orgánica 3/2018, de 5 de diciembre, de Protección de Datos Personales y garantía de los derechos digitales (en lo sucesivo LOPDGDD), es competente para resolver estas actuaciones de investigación la Directora de la Agencia Española de Protección de "
e-01310-2019,2019,https://www.aepd.es/es/documento/e-01310-2019.pdf,https://web.archive.org/web/20220302145256id_/https://www.aepd.es/es/documento/e-01310-2019.pdf,"1/7 Procedimiento Nº: E/01310/2019 RESOLUCIÓN DE ARCHIVO DE ACTUACIONES De las actuaciones practicadas por la Agencia Española de Protección de Datos en virtud de reclamación presentada por Don A.A.A., y teniendo como base los siguientes HECHOS PRIMERO: Con fecha 27 de septiembre de 2018 tiene entrada en esta Agencia Española de Protección de Datos reclamación interpuesta por Don A.A.A. (en adelante, el reclamante) contra B.B.B., (en lo sucesivo B.B.B. o el reclamado), por considerar que ha vulnerado su derecho de cancelación de datos como su derecho a no recibir comunicaciones comerciales previa solicitadas o expresamente autorizadas.  El reclamante manifiesta que habiendo contactado con la ***PUESTO.1 del Instituto de Estudios Celulares y Moleculares ICM S.A. (Dña C.C.C., en adelante, C.C.C.), después de haber recibido con fecha 24 de septiembre de 2018 una comunicación comercial no consentida procedente de la cuenta de correo ***EMAIL.1 en el correo electrónico de su farmacia ***EMAIL.2, tuvo conocimiento de que su e- mail  se obtuvo  de una base de datos adquirida  a través del sitio web ***WEB.1. En el mensaje de respuesta enviado al reclamante por Dña. C.C.C. desde su correo electrónico profesional ***EMAIL.1, se observa que, además de indicarle el origen del correo electrónico utilizado para el envío, también le indica que había procedido a eliminarlo de su listado, añadiendo que ignoraba que los emails incluidos en la base de datos adquirida no tenían autorización del usuario. El reclamante, considerando que su cuenta de correo electrónico se comercializaba en dicha base de datos sin mediar su consentimiento para dicho tratamiento, también con fecha 24 de septiembre de 2018 se dirigió por correo electrónico al responsable de la página web citada solicitando la baja de su dirección de correo ***EMAIL.2.  Esta solicitud fue contestada ese mismo día por B.B.B., responsable de la citada página web, indicándole, según afirma el reclamante: “que lo había cogido de ""información libre "" en internet y que es legal lo que hace, que me da de baja pero que no va avisar a los clientes que ya han comprado la base de datos”. Aporta el reclamante impresión de los correos electrónicos remitidos desde dirección de correo ***EMAIL.2 a la cuenta de correo electrónico corporativa de Dña. C.C.C., antes citada, y a la cuenta de correo electrónico info@***WEB.1. Al pie de los correos remitidos por el reclamante se informa que la Comunidad de Bienes CATINOS C.B. es responsable del tratamiento de las cuentas de correo electrónico utilizadas, apareciendo el correo electrónico ***EMAIL.2 como una de las direcciones de contacto para el ejercicio de los derechos de los interesados. Igualmente, presenta impresión de las respuestas formuladas con fecha 24 de septiembre de 2018 a los envíos anteriormente   reseñados por la mencionada ***PUESTO.1 de ICM y por Don B.B.B., de la firma Brekia Web Design.   C/ Jorge Juan, 6 www.aepd.es 28001 – Madrid sedeagpd.gob.es 2/7 SEGUN"
e-01378-2019,2019,https://www.aepd.es/documento/e-01378-2019.pdf,https://web.archive.org/web/20240630064805id_/https://www.aepd.es/documento/e-01378-2019.pdf,"1/4    C/ Jorge Juan, 6        www.agpd.es  28001 – Madrid      sedeagpd.gob.es  Expediente Nº: E/01378/2019    RESOLUCIÓN DE ARCHIVO DE ACTUACIONES    De las actuaciones practicadas por la Agencia Española de Protección de  Datos ante la entidad GRUPO LIBITEC S.L. en virtud de denuncia presentada por  ASOCIACIÓN DE COSUMIDORES Y USUARIOS EN ACCION-FACUA CORDOBA  en nombre de A.A.A. y teniendo como base los siguientes    HECHOS    PRIMERO: Con fecha 9/07/2018 tuvo entrada en esta AEPD una reclamación de  A.A.A. contra la empresa GRUPO LIBITEC SL por no atender su derecho de  cancelación de datos formulado el 19/04/2018.      Aporta copia de escrito dirigido a c Bielorusia 16-9 de Málaga y copia de un  certificado del servicio de correos, con dos avisos de intento de entrega en dicha  dirección como “ausente” y devuelta el 7/05/2018 por “sobrante”, es decir no haber  acudido a su retirada a la Oficina. El domicilio de Bielorusia 16-9 de Málaga es el que  figura de GRUPO LIBITEC en el contrato. El escrito de cancelación refiere la  contratación el 16/05/2017, y que la deuda se encuentra pagada en la totalidad y no  tiene actualmente relación con dicha entidad.    En la copia del contrato de compraventa con la reclamada que aporta la  reclamante, se indica en el apartado “condiciones generales del contrato”, sección  “protección de datos” que el ejercicio de derechos se remita “por escrito en el domicilio  de GRUPO LIBITEC”.    SEGUNDO: Tras la recepción de la denuncia la Subdirección General de Inspección  de Datos procedió a la realización de actuaciones siguientes:    -Con fecha 30/08/2018, fecha de recepción del reclamado de 31, la AEPD  remite escrito al reclamada, con copia de la reclamación, indicando:    “De conformidad con art. 9.4 del Real Decreto-ley 5/2018 (BOE 30 de julio de  2018) le traslado la reclamación presentada por A.A.A. para que analice dicha  reclamación y le comunique al reclamante la decisión que adopte al respecto.    Asimismo, en el plazo de un mes desde la recepción de este escrito deberá  remitir a esta Agencia la siguiente información:    1. Copia de las comunicaciones y de la decisión adoptada que haya remitido al  reclamante a propósito del traslado de esta reclamación.    2. Informe sobre las causas que han motivado la incidencia que ha originado la  reclamación.                 2/4    C/ Jorge Juan, 6        www.agpd.es  28001 – Madrid      sedeagpd.gob.es  3. Informe sobre las medidas adoptadas para evitar que se produzcan incidencias  similares.  4. Cualquier otra que considere relevante.     -Con fecha 30/08/2018 se remite escrito a FACUA informándole que su  reclamación se ha trasladado a la reclamada, de conformidad con las funciones  previstas en el Reglamento (UE) 2016/679, de 27/04/2016, General de Protección de  Datos (RGPD), y se requiere al responsable del tratamiento, para que en el plazo  máximo de un mes a contar desde la fecha en que sea recibida, le comunique al  reclamante el resultado final de las"
e-01457-2019,2019,https://www.aepd.es/documento/e-01457-2019.pdf,https://web.archive.org/web/20230927024103id_/https://www.aepd.es/documento/e-01457-2019.pdf,"1/5 Procedimiento Nº: E/01457/2019 RESOLUCIÓN DE ARCHIVO DE ACTUACIONES De las actuaciones practicadas por la Agencia Española de Protección de Datos y teniendo como base los siguientes HECHOS PRIMERO: La reclamación interpuesta por A.A.A. (en adelante, la reclamante) tiene entrada con fecha 11 de octubre de 2018 en la Agencia Española de Protección de Datos. La reclamación se dirige contra COFIDIS S.A., SUCURSAL EN ESPAÑA, con NIF W0017686G (en adelante, la reclamada).  Los motivos en que basa la reclamación son que la entidad reclamada llamó a su expareja y reveló datos de una solicitud de préstamo que había realizado. SEGUNDO: De conformidad con el artículo 65.4 de la Ley Orgánica 3/2018, de 5 de diciembre, de Protección de Datos Personales y garantía de los derechos digitales (en adelante LOPDGDD), con número de referencia E/08610/2018, se dio traslado de dicha reclamación al reclamado, para que procediese a su análisis e informase a esta Agencia en el plazo de un mes, de las acciones llevadas a cabo para adecuarse a los requisitos previstos en la normativa de protección de datos. La reclamada, ante requerimiento de la inspección, con fecha 22 de octubre de 2019 se recibe en esta Agencia, con número de registro 050310/2019, escrito de alegaciones remitido por la reclamada manifestando que:  a) Se ha enviado carta certificada a la reclamante, con fecha 5 de diciembre de 2018, en la que le comunican que los datos aportados por la reclamante coincidían en número de teléfono y dirección con las de IMG. Se añade que en cuanto se tuvo noticia de que no existía vínculo alguno con IMG, el mismo agente eliminó el número de teléfono de la reclamante de la ficha de este.  b) Nunca realizaron llamada alguna a IMG para informarle del crédito solicitado, desconociendo la fuente por la que IMG había tenido conocimiento de la solicitud iniciada por la reclamante con COFIDIS S.A.  c) En el momento que recibieron el traslado de la reclamación, solicitaron al departamento de informática las llamadas telefónicas mantenidas con la reclamante y con IMG obteniéndose como resultado que no se había producido ninguna llamada telefónica en el periodo comprendido entre la solicitud del crédito y la reclamación (29 de agosto de 2018 y 2 de octubre de 2018).  Especifican que los contactos mantenidos con la reclamante e IMG desde el 28 de agosto de 2018 han sido:  - 28 de agosto de 2018: conversación telefónica de solicitud de préstamo por parte de la reclamante.  - 2 de octubre de 2018: conversación telefónica de la reclamante para interponer una reclamación. Al no tratarse de una venta, no se grabó la conversación, tal como se explicó a la reclamante.  C/ Jorge Juan, 6 www.aepd.es 28001 – Madrid sedeagpd.gob.es 2/5 - 5 de octubre de 2018: dos conversaciones a través del chat de la página web de COFIDIS con IMG.  - 6 de octubre de 2018: conversación telefónica con IMG en la que solicita financiación.  La reclamada adjunta los siguientes documentos:  - Copia de carta remit"
e-01462-2019,2019,https://www.aepd.es/documento/e-01462-2019.pdf,https://web.archive.org/web/20240704043256id_/https://www.aepd.es/documento/e-01462-2019.pdf,"1/4 Procedimiento Nº: E/01462/2019 940-0419 RESOLUCIÓN DE ARCHIVO DE ACTUACIONES De las actuaciones practicadas por la Agencia Española de Protección de Datos y teniendo como base los siguientes: HECHOS PRIMERO: La reclamación interpuesta por Dña. A.A.A. (en adelante, la reclamante) tiene entrada con fecha 29 de octubre de 2018 en la Agencia Española de Protección de Datos. La reclamación se dirige contra Vodafone España, S.A.U., con NIF A80907397 (en adelante, el reclamado). Los motivos en que basa la reclamación son que a través de la oficina del Banco al realizar una operación financiera, le manifiestan que sus datos han sido informados al fichero Asnef por deudas impagadas.  Posteriormente, solicita informe a Asnef Equifax Servicios de Información sobre solvencia y crédito SL (en adelante, Asnef Equifax), le responden y envían el acceso a los datos que figuran registrados en el Fichero de Incidencias Judiciales y Reclamaciones de Organismos Públicos, y le comunican que no existen datos inscritos asociados a su identidad/nombre y en el domicilio que aporta. Sin embargo, en el fichero Asnef, se encuentran dos registros con su DNI, pero con dos domicilios en la localidad de Alcoy donde nunca ha residido ni empadronado informados por Jazztel y Vodafone, por lo que considera que ha sufrido una suplantación de identidad, y presenta denuncia ante la Dirección General de la Policía de Zaragoza. Y, entre otra, aporta la siguiente documentación:  Denuncia ante la Dirección General de la Policía de Zaragoza, diligencias con número de atestado 17605/18.  Informes de Asnef Equifax sobre los registros con su DNI en los ficheros Asnef, Asnef Empresas, e Incidencias Judiciales y Reclamaciones de Organismos Públicos. SEGUNDO: De conformidad con el artículo 65.4 de la Ley Orgánica 3/2018, de 5 de diciembre, de Protección de Datos Personales y garantía de los derechos digitales (en adelante LOPDGDD), con número de referencia E/08976/2018, se dio traslado de dicha reclamación al reclamado, para que procediese a su análisis e informase a esta Agencia en el plazo de un mes, de las acciones llevadas a cabo para adecuarse a los requisitos previstos en la normativa de protección de datos. TERCERO: Con fecha 31 de enero de 2019, la Directora de la Agencia Española de Protección de Datos acordó admitir a trámite la reclamación presentada por el reclamante. C/ Jorge Juan, 6 www.aepd.es 28001 – Madrid sedeagpd.gob.es 2/4 CUARTO: La Subdirección General de Inspección de Datos procedió a la realización de actuaciones previas de investigación para el esclarecimiento de los hechos objeto de la reclamación, teniendo conocimiento de los siguientes extremos:  Con fecha de 27 de febrero de 2019 se recibe en esta Agencia, contestación al traslado de la reclamación remitido por Vodafone manifestando que disponen de los contratos de los servicios que se realizaron online. No obstante, ante el traslado de la reclamación realizado por esta Agencia, en la que se incluyó la denuncia"
e-01504-2019,2019,https://www.aepd.es/documento/e-01504-2019.pdf,https://web.archive.org/web/20240706154332id_/https://www.aepd.es/documento/e-01504-2019.pdf,"1/3 Procedimiento Nº: E/01504/2019 RESOLUCIÓN DE ARCHIVO DE ACTUACIONES De las actuaciones practicadas por la Agencia Española de Protección de Datos ante CAIXABANK PAYMENTS, EFC EP S.A., en virtud de reclamación presentada por D. A.A.A. (en adelante, el reclamante) y teniendo como base los siguientes HECHOS PRIMERO: La reclamación interpuesta por el reclamante tiene entrada con fecha 3 de octubre de 2018 en la Agencia Española de Protección de Datos. La reclamación se dirige contra CAIXABANK PAYMENTS, EFC EP S.A., con NIF A58513318 (en adelante, el reclamado). Los motivos en que basa su reclamación son en no haberle notificado por parte de la citada entidad la inclusión de sus datos en los ficheros de solvencia patrimonial y de crédito. SEGUNDO: Tras la recepción de la denuncia la Subdirección General de Inspección de Datos procedió a la realización de actuaciones previas de investigación para el esclarecimiento de los hechos denunciados, teniendo conocimiento de los siguientes extremos: El reclamado procedió a remitir en las siguientes fechas del año 2016 las correspondientes notificaciones de requerimiento previo de pago: 2 de julio, 2 y 30 de septiembre, 2 y 30 de noviembre y 31 de diciembre. Por otra parte, la entidad Servinform certifica que con fecha 5 de enero de 2017, se le remitió una nueva notificación, la cual fue ensobrada y entregada al distribuidor postal, sin que conste incidencia alguna en su proceso de envío, no existiendo constancia que la misma haya sido devuelta. Igualmente, el reclamado tras haber analizado la reclamación efectuada por la reclamante ha procedido a darle respuesta en estos mismos términos.  FUNDAMENTOS DE DERECHO I De acuerdo con los poderes de investigación y correctivos que el artículo 58 del Reglamento (UE) 2016/679 (Reglamento general de protección de datos, en adelante RGPD) otorga a cada autoridad de control, y según lo dispuesto en el artículo 47 de la Ley Orgánica 3/2018, de 5 de diciembre, de Protección de Datos Personales y garantía de los derechos digitales (en lo sucesivo LOPDGDD), es competente para resolver estas actuaciones de investigación la Directora de la Agencia Española de Protección de Datos. II C/ Jorge Juan, 6 www.aepd.es 28001 – Madrid sedeagpd.gob.es 2/3 De conformidad con lo establecido en el artículo 55 del RGPD, la Agencia Española de Protección de Datos es competente para desempeñar las funciones que se le asignan en su artículo 57, entre ellas, la de hacer aplicar el Reglamento y promover la sensibilización de los responsables y los encargados del tratamiento acerca de las obligaciones que les incumben, así como tratar las reclamaciones presentadas por un interesado e investigar el motivo de estas. Corresponde, asimismo, a la Agencia Española de Protección de Datos ejercer los poderes de investigación regulados en el artículo 58.1 del mismo texto legal, entre los que figura la facultad de ordenar al responsable y al encargado del tratamiento que faciliten cualquier información q"
e-01514-2019,2019,https://www.aepd.es/documento/e-01514-2019.pdf,https://web.archive.org/web/20240703213309id_/https://www.aepd.es/documento/e-01514-2019.pdf,"1/8 Procedimiento Nº: E/01514/2019 940-0419 RESOLUCIÓN DE ARCHIVO DE ACTUACIONES De las actuaciones practicadas por la Agencia Española de Protección de Datos y teniendo como base los siguientes HECHOS PRIMERO: La reclamación interpuesta por Doña A.A.A.-COMITÉ EMPRESA AGASFRA (*en adelante, el reclamante) tiene entrada con fecha 24 de septiembre de 2018 en la Agencia Española de Protección de Datos. La reclamación se dirige contra ASOCIACION GALEGA SAN FRANCISCO (AGASFRA), con NIF G36613891 (en adelante, el reclamado).  Los motivos en que basa la reclamación son “instalación de una serie de cámaras de video-vigilancia en lugares como aulas, y otras mirando hacia la puerta de los vestuarios y cafetería del personal, habitaciones y clases dónde se les hace el cambio higiénico de pañales a los usuarios (…)”—folio nº 1--. SEGUNDO: La Subdirección General de Inspección de Datos procedió a la realización de actuaciones previas de investigación para el esclarecimiento de los hechos objeto de la reclamación, teniendo conocimiento de los siguientes extremos: -La entidad denunciada se trata de la Asociación galega San Francisco, la cual es la encargada de la gestión de dos centros en dónde se han instalado cámaras de video-vigilancia por motivos de seguridad del personal y pacientes del mismo. -Los usuarios de las instalaciones son principalmente personas de edad avanzada, en ocasiones con trastornos psíquicos, fisiológicos y mentales, argumentando que el uso de los dispositivos encuentra su legitimación en la tutela de los mismos. -El acceso a las imágenes y grabaciones obtenidas se realiza a través de un software específico, el cual requiere de identificación y autenticación de los usuarios mediante nombre de usuario y contraseña individual. -Los dispositivos se encuentran configurados para que no registren audio. -La Presidencia y la Dirección del Centro disponen de acceso a las grabaciones obtenidas. Aporta como prueba documental (Doc. nº 1) partes de las incidencias relacionados en la que se han visto involucrados usuarios y trabajadores de los Centros de la Asociación. Aporta como Documento probatorio (Doc. nº 2) información facilitada a los familiares y/o tutores legales sobre la instalación del sistema de video-vigilancia y el tratamiento de datos. C/ Jorge Juan, 6 www.aepd.es 28001 – Madrid sedeagpd.gob.es 2/8 Aporta como Documento probatorio (Doc. nº 3) localización de los sistemas de visualización y grabación con justificación de la legitimación y proporcionalidad de los sistemas de grabación. -Documento nº 4: Registro de Actividades de Tratamiento. -Documento nº 5: Análisis de legitimidad y proporcionalidad. -Documento nº 6: Informe Técnico del análisis de riesgos de AGASFRA que incluye las medidas de seguridad. Se aporta prueba documental (Anexo I) con indicación de las cámaras instaladas y los que en su caso se visualiza con el mismo. FUNDAMENTOS DE DERECHO I De acuerdo con los poderes de investigación y correctivos que el artículo 58 del Reg"
e-01521-2019,2019,https://www.aepd.es/documento/e-01521-2019.pdf,https://web.archive.org/web/20231014022938id_/https://www.aepd.es/documento/e-01521-2019.pdf,"1/5 Expediente Nº: E/01521/2019 RESOLUCIÓN DE ARCHIVO DE ACTUACIONES De las actuaciones practicadas por la Agencia Española de Protección de Datos ante las entidades  ASNEF-EQUIFAX, SERVICIOS DE INFORMACIÓN SOBRE SOLVENCIA Y CRÉDITO, S.L., EXPERIAN BUREAU DE CRÉDITO, S.A., NBQ TECHNOLOGY, S.A.U. (DEENERO), y SEQURA WORLDWIDE, S.L en virtud de denuncia presentada por A.A.A. y teniendo como base los siguientes HECHOS PRIMERO: Con fecha 10 de enero de 2019, tuvo entrada en esta Agencia escrito de A.A.A. (en lo sucesivo el/la denunciante) denunciando la inclusión de sus datos personales en ficheros de solvencia patrimonial ASNEF y BADEXCUG por una deuda que desconoce y sin haber recibido la notificación de inclusión ni el requerimiento previo de pago establecidos legalmente. Junto a su escrito de denuncia aporta la siguiente documentación: Respuesta a la solicitud de acceso dirigida por el denunciante a EXPERIAN, por la que se comunican los siguientes datos existentes en BADEXCUG:  tres deudas informadas por la entidad SEQURA asociadas al denunciante y dadas de alta en fechas 08/04/2018, 05/08/2018 y 05/08/2018 por importes 1.096,52 EUR, 1.856,00 EUR y 472,82 EUR respectivamente. Están relacionadas con una financiación de consumo.  Una deuda informada por la entidad DEENERO asociada al denunciante y dada de alta en fecha 22/04/2018 por importe de 581,36 EUR y relacionada con un préstamo personal. Respuesta a la solicitud de acceso dirigida por el denunciante a ASNEF- EQUIFAX, donde se visualiza un apunte de deuda existente en ASNEF informado por NBQ TECHNOLOGY SAU dado de alta el 19/04/2018 por un importe de 581,36 EUR y relacionado con un préstamo personal. SEGUNDO: Tras la recepción de la denuncia, la Subdirección General de Inspección de Datos ordena el traslado de la reclamación a las citadas entidades el 16/11/2018, teniendo conocimiento de los siguientes extremos: EXPERIAN BUREAU DE CRÉDITO, S.A., y ASNEF-EQUIFAX, SERVICIOS DE INFORMACIÓN SOBRE SOLVENCIA Y CRÉDITO, S.L., aportan información de la notificación de inclusión y el requerimiento de pago y adjuntan certificados de terceros constatando el envío, albarán y no devolución de dicha notificación, manifestando que la dirección utilizada coincide exactamente con la que aporta el reclamante ante la Agencia. C/ Jorge Juan, 6 www.agpd.es 28001 – Madrid sedeagpd.gob.es 2/5 NBQ TECHNOLOGY, S.A.U. (DEENERO), afirma que el reclamante contrató un microcrédito con ellos con fecha 16/12/2017, y en los datos de contacto que se muestran, el número de teléfono y la dirección de correo electrónico coinciden con los aportados por él ante la Agencia.  Como el reclamante no cumplió con su obligación de pago, la empresa realizó a través de CODEACTIVOS e INTRUM las acciones de recobro correspondientes (además de enviar hasta 23 e-mails recordatorios), y antes de su inclusión en ficheros de solvencia remitió requerimiento de pago a través de EQUIFAX. La deuda es cierta, vencida y exigible, y el reclamante es "
e-01777-2019,2019,https://www.aepd.es/documento/e-01777-2019.pdf,https://web.archive.org/web/20240630101549id_/https://www.aepd.es/documento/e-01777-2019.pdf,"1/4 - Procedimiento Nº: E/01777/2019 RESOLUCIÓN DE ARCHIVO DE ACTUACIONES De las actuaciones practicadas por la Agencia Española de Protección de Datos ante IBERO GROUP TECNOCASA SERVICES, S.L.U., con NIF B65870776 y ESTUDI INMOBILIARIO VILADECANS S.L., con NIF B67022251, en virtud de reclamación presentada por Dña. A.A.A. y teniendo como base los siguientes: HECHOS PRIMERO: El 3 de diciembre de 2018 tiene entrada en la Agencia Española de Protección de Datos escrito de Dña. A.A.A. (en adelante, la reclamante), manifestando que recibe llamadas comerciales de Ibero Group Tecnocasa Services, S.L.U. (en lo sucesivo Ibero) y que habiendo expresado su deseo de no recibir más, volvieron a llamarle el 16 de noviembre de 2018, con una diferencia de cinco minutos, de los números ***TELEFONO.1 y ***TELEFONO.2. Además, señala que la empresa no dispone de su consentimiento para poder realizar las citadas llamadas comerciales. SEGUNDO: La Subdirección General de Inspección de Datos procedió a la realización de actuaciones previas de investigación para el esclarecimiento de los hechos objeto de la reclamación, teniendo conocimiento de los siguientes extremos: Con fecha 29 de enero de 2018, IBEROGROUP TECNOCASA SERVICES S.L.U. (TECNOCASA) ha remitido a la Agencia la siguiente información en contestación al traslado de la reclamación: 1 La empresa tiene como objeto principal la prestación de servicios de publicidad, editoriales y de servicios web, como por ejemplo la edición de una revista inmobiliaria, donde sociedades que se dedican a la intermediación inmobiliaria tienen la posibilidad de publicitar sus inmuebles. No obstante, la empresa no se dedica a la intermediación inmobiliaria ni realiza llamadas telefónicas a personas interesadas en la compraventa o alquiler de inmuebles. 2 Las sociedades que contratan sus servicios son autónomos e independientes, y por tanto, responsables de los actos relacionados con su actividad profesional. 3 TECNOCASA no es titular de los números de teléfono desde los que se han realizado llamadas a la denunciante, ni dispone de su número de teléfono. 4 Aportan copia del escrito remitido a la reclamante en contestación a su reclamación en el que le facilitan la misma información que se ha indicado en los tres puntos anteriores. Con fecha 22 de febrero de 2019, ORANGE ESPAGNE S.A., remite a la Agencia los siguientes datos del titular de los números de teléfono ***TELEFONO.1 y ***TELEFONO.2: C/ Jorge Juan, 6 www.aepd.es 28001 – Madrid sedeagpd.gob.es 2/4 ESTUDI INMOBILIARIO VILADECANS, c/ GIRONA, 14 Bajo de VILADECANS (BARCELONA). El 18 de marzo de 2019, ESTUDI INMOBILIARIO VILADECANS S.L.U. ha remitido a esta Agencia la siguiente información en relación con los hechos denunciados: 1 La empresa tiene como objeto la intermediación inmobiliaria. 2 El número de teléfono de la denunciante se encuentra asociado al encargo de la compra de un inmueble en la localidad de VILADECANS, siendo este su origen y la relación existente entre la den"
e-01778-2019,2019,https://www.aepd.es/documento/e-01778-2019.pdf,https://web.archive.org/web/20251125030145id_/https://www.aepd.es/documento/e-01778-2019.pdf,"1/5 Expediente Nº: E/01778/2019 RESOLUCIÓN DE ARCHIVO DE ACTUACIONES De las actuaciones practicadas por la Agencia Española de Protección de Datos ante la entidad HYUNDAI MOTOR ESPAÑA S.L. en virtud de denuncia presentada por A.A.A. y teniendo como base los siguientes HECHOS PRIMERO: Con fecha 19 de mayo de 2018, tuvo entrada en esta Agencia escrito de A.A.A. (en lo sucesivo el denunciante) contra HYUNDAI MOTOR ESPAÑA S.L. en el que denuncia que, tras visitar un concesionario de vehículos de dicha marca, le solicitan nombre, apellidos, teléfono y mail para darle presupuesto.  Desde ese momento, viene recibiendo mails y SMS publicitarios para lo cual él no había dado consentimiento.  Tras solicitar baja de sus datos mediante llamada telefónica al citado concesionario, le dicen que le dan de baja, pero sigue recibiendo publicidad. SEGUNDO: Tras la recepción de la denuncia la Subdirección General de Inspección de Datos procedió a la realización de actuaciones previas de investigación para el esclarecimiento de los hechos denunciados, teniendo conocimiento de los siguientes extremos: HYUNDAI MOTOR ESPAÑA S.L. manifiesta que cuando el reclamante acude al concesionario a pedir presupuesto se le entrega una oferta donde se incluye la cláusula de protección de datos, en los que se informa que el concesionario, actuando como responsable, recaba los datos para gestionar la solicitud e informarle, anunciando que estos datos pueden ser cedidos a HYUNDAI MOTOR ESPAÑA S.L. Los correos que se envían al reclamante son con información relacionada con el tipo de vehículo para el que solicitó información.  Además, debe tenerse en cuenta que los SMS objeto del presente caso, no son enviados por HYUNDAI MOTOR ESPAÑA S.L. sino por el concesionario.  Tras la recepción de un correo del reclamante solicitando no recibir más comunicaciones se dan los pasos para gestionar dicha solicitud, incluyendo aviso a concesionario, procediendo a bloquear los datos del sujeto.  Se envía un correo al reclamante informando del hecho.  HYUNDAI MOTOR ESPAÑA S.L. destaca que ha llevado a cabo medidas para evitar nuevas incidencias entre las que destacan: C/ Jorge Juan, 6 www.agpd.es 28001 – Madrid sedeagpd.gob.es 2/5  Actualización de las cláusulas de protección de datos acorde al Reglamento  Consentimiento expreso para envío de comunicaciones comerciales  Guía para el ejercicio de derecho de los titulares de los datos FUNDAMENTOS DE DERECHO I Es competente para resolver la Directora de la Agencia Española de Protección de Datos, conforme a lo establecido en el artículo 43.1 de la Ley 34/2002, de 11 de Julio, de servicios de la sociedad de la información y de comercio electrónico (en adelante LSSI). II El artículo 21 de la LSSI señala lo siguiente: “1. Queda prohibido el envío de comunicaciones publicitarias o promocionales por correo electrónico u otro medio de comunicación electrónica equivalente que previamente no hubieran sido solicitadas o expresamente autorizadas por los destinat"
e-01781-2019,2019,https://www.aepd.es/es/documento/e-01781-2019.pdf,https://web.archive.org/web/20220307210812id_/https://www.aepd.es/es/documento/e-01781-2019.pdf,"1/6 Expediente Nº: E/01781/2019 RESOLUCIÓN DE ARCHIVO DE ACTUACIONES De las actuaciones practicadas por la Agencia Española de Protección de Datos ante la entidad BANCO BILBAO VIZCAYA ARGENTARIA, S.A., en virtud de denuncia presentada por Don A.A.A. y teniendo como base los siguientes HECHOS PRIMERO: Con fecha 17 de octubre de 2018, tuvo entrada en esta Agencia escrito de Don A.A.A. (en lo sucesivo, el reclamante), comunicando que el BANCO BILBAO VIZCAYA ARGENTARIA, S.A., (en adelante, BBVA o el reclamado), le sigue enviando comunicaciones comerciales por correo electrónico desde hace más de un año, ello a pesar de haber manifestado reiteradamente a dicha entidad, y por diversos medios, su oposición a la recepción de ese tipo de envíos.  En concreto, el reclamante indica que se ha dado de baja de su boletín de noticias cada vez que recibe un mensaje publicitario, que ha contactado telefónicamente para solicitar la cancelación de sus datos y que ha enviado un correo electrónico a la cuenta ***EMAIL.1@bbva.com utilizada por la persona que le atendió por teléfono. SEGUNDO: Tras la recepción de la reclamación, la Subdirección General de Inspección de Datos procedió, con fecha 21 de noviembre de 2018, a trasladar dicha reclamación, al BBVA para su análisis y comunicación al reclamante de la decisión adoptada al respecto. Igualmente, se requería a dicha entidad para que en el plazo de un mes remitieran a la Agencia Española de Protección de Datos determinada información para el esclarecimiento de los hechos señalados, en concreto: - Copia de las comunicaciones, de la decisión adoptada que haya remitido al reclamante a propósito del traslado de esta reclamación, y acreditación de que el reclamante ha recibido la comunicación de esa decisión. - Informe sobre las causas que han motivado la incidencia que ha originado la reclamación. - Informe sobre las medidas adoptadas para evitar que se produzcan incidencias similares. - Cualquier otra que considere relevan. En la misma fecha se le comunicaba al reclamante el traslado de su reclamación al BBVA para que procediera a su análisis y a darle respuesta en el plazo de un mes.  Ambas comunicaciones fueron recibidas por sus destinatarios con fecha 21 de noviembre de 2018. TERCERO: Con fecha 19 de diciembre de 2018 se registra de entrada en esta Agencia escrito del BVA, de fecha 17 de diciembre de 2018, indicando que, de C/ Jorge Juan, 6 www.aepd.es 28001 – Madrid sedeagpd.gob.es 2/6 conformidad con art. 9.4 del Real Decreto-ley 5/2018, de 27 de julio, de medidas urgentes para la adaptación del Derecho Español a la normativa de la Unión Europea en materia de protección de daos, el Servicio de Atención al Cliente de BBVA procedió a comunicar al reclamante la decisión acordada respecto a la reclamación presentada. En relación con la incidencia, originada en el envío de correos electrónicos al reclamante con publicidad de BBVA, comunica que la entidad tiene bloqueados los datos del reclamante, lo que según la reclam"
e-01784-2019,2019,https://www.aepd.es/es/documento/e-01784-2019.pdf,https://web.archive.org/web/20220307210756id_/https://www.aepd.es/es/documento/e-01784-2019.pdf,"1/5  N/Ref.: E/09026/2018 - E/01784/2019 RESOLUCIÓN DE ARCHIVO DE ACTUACIONES De las actuaciones seguidas con motivo de la reclamación presentada en la Agencia Española de Protección de Datos, por presunta vulneración del Reglamento (UE) 2016/679 del Parlamento Europeo y del Consejo de 27 de abril de 2016, relativo a la protección de las personas físicas en lo que respecta al tratamiento de datos personales y a la libre circulación de estos datos (en lo sucesivo, RGPD) y teniendo como base los siguientes HECHOS PRIMERO: Con fecha 13 de septiembre de 2018 y con número de registro de entrada 194291/2018, tuvo entrada en esta Agencia una reclamación, relacionada con un tratamiento de carácter transfronterizo de datos personales realizado por FACEBOOK, presentada por A.A.A. (en adelante, la parte reclamante) por una presunta vulneración del Artículo 37 del RGPD. Los motivos en que la parte reclamante basa la reclamación son que la entidad no ha comunicado a la Agencia Española de Protección de Datos los datos de contacto del Delegado de Protección de Datos. Junto a la reclamación no se aportan evidencias. SEGUNDO: El responsable del tratamiento de datos personales de la plataforma FACEBOOK para la UE y el EEE es FACEBOOK IRELAND LIMITED y la entidad tiene su establecimiento principal o único en Irlanda. TERCERO: Teniendo en cuenta el carácter transfronterizo de la reclamación, esta se trasladó a la autoridad de control de Irlanda por ser la competente para actuar como autoridad de control principal, a tenor de lo dispuesto en el artículo 56.1 del RGPD. Con fecha 23 de enero de 2019 se acordó el archivo provisional del procedimiento. CUARTO: Esta remisión se realizó, a través del “Sistema de Información del Mercado Interior” (IMI). La autoridad de control de Irlanda aceptó actuar en el procedimiento en calidad de autoridad de control principal y se declararon interesadas en el mismo las autoridades de control de: Bélgica, Francia, Dinamarca, Baja Sajonia, Hungría, Chipre, Berlín, Noruega, Finlandia, Eslovaquia y Austria. QUINTO: Siguiendo sus procedimientos internos, la autoridad irlandesa informó a la parte reclamante de la recepción de la reclamación a través de un escrito enviado a través de la AEPD. En dicho escrito también se informaba que la DPC no podría avanzar con la reclamación mediante el proceso de tramitación de reclamaciones debido a que la supuesta infracción no implicaba el tratamiento de los datos personales de la parte reclamante. No obstante, informaba en dicho escrito de que se C/ Jorge Juan, 6 www.aepd.es 28001 – Madrid sedeagpd.gob.es 2/5 tomaba nota de los hechos planteados y que estos se tendrían en cuenta en las labores de supervisión de la DPC en el cumplimiento del responsable del tratamiento con sus obligaciones en materia de protección de datos. SEXTO: Con fecha 20 de febrero de 2019 se procedió a la práctica de la notificación del escrito de la autoridad irlandesa a la parte reclamante a través de correo postal a la dire"
e-01790-2019,2019,https://www.aepd.es/es/documento/e-01790-2019.pdf,https://web.archive.org/web/20220302145337id_/https://www.aepd.es/es/documento/e-01790-2019.pdf,"1/4 1103-271119  N/Ref.: E/08087/2018 – E/01790/2019 RESOLUCIÓN DE ARCHIVO DE ACTUACIONES De las actuaciones practicadas con motivo de la reclamación presentada en la Agencia Española de Protección de Datos y teniendo como base los siguientes HECHOS PRIMERO    : Con fecha 10/10/2018 y número de registro 199349/2018 tuvo entrada en esta Agencia una reclamación presentada contra FERRATUM BANK PLC. (en adelante, FERRATUM) por una presunta vulneración del art. 13 del Reglamento (UE) 2016/679 del Parlamento Europeo y del Consejo de 27 de abril de 2016, relativo a la protección de las personas físicas en lo que respecta al tratamiento de datos personales y a la libre circulación de estos datos (en lo sucesivo, RGPD). Los motivos en los que la reclamante basa la reclamación son:  La empresa reclamada ha inscrito sus datos personales en el fichero español de solvencia patrimonial ASNEF sin haberle requerido previamente el pago ni haberle avisado de la posible inclusión de sus datos en dichos ficheros, en el caso de impago.  Junto al escrito de reclamación se aporta copia de un reporte de ASNEF, donde aparecen los datos de la reclamante, asociados a una deuda informada por la entidad reclamada.  SEGUNDO    : FERRATUM tiene su establecimiento principal en ***PAÍS.1.  TERCERO: La citada reclamación se trasladó a la “Information and Data Protection Commissioner” – la autoridad de control de ***PAÍS.1 –por ser la competente para actuar como autoridad de control principal, a tenor de lo dispuesto en el artículo 56.1 del RGPD. CUARTO: Siguiendo el procedimiento establecido en el artículo 60 del RGPD, la autoridad de control de ***PAÍS.1 ha comunicado a las autoridades interesadas el proyecto de decisión que ha sido aceptado. FUNDAMENTOS DE DERECHO I. Competencia De acuerdo con lo dispuesto en el artículo 60.8 del RGPD, es competente para adoptar esta resolución la Directora de la Agencia Española de Protección de Datos, de conformidad con el artículo 12.2, apartado i) del Real Decreto 428/1993, de 26 de marzo, por el que se aprueba el Estatuto de la Agencia de Protección de Datos (en adelante, RD 428/1993) y la Disposición transitoria primera de la Ley Orgánica 3/2018, C/ Jorge Juan, 6 www.aepd.es 28001 – Madrid sedeagpd.gob.es 2/4 de 5 de diciembre, de Protección de Datos Personales y garantía de los derechos digitales (en lo sucesivo, LOPDGDD). II. Establecimiento principal, tratamiento transfronterizo y autoridad de control principal  El artículo 4.16 del RGPD define «establecimiento principal»: “a) en lo que se refiere a un responsable del tratamiento con establecimientos en más de un Estado miembro, el lugar de su administración central en la Unión, salvo que las decisiones sobre los fines y los medios del tratamiento se tomen en otro establecimiento del responsable en la Unión y este último establecimiento tenga el poder de hacer aplicar tales decisiones, en cuyo caso el establecimiento que haya adoptado tales decisiones se considerará establecimiento p"
e-01791-2019,2019,https://www.aepd.es/es/documento/e-01791-2019.pdf,https://web.archive.org/web/20230207235734id_/https://www.aepd.es/es/documento/e-01791-2019.pdf,"1/3 Procedimiento Nº: E/01791/2019 RESOLUCIÓN DE ARCHIVO DE ACTUACIONES De las actuaciones practicadas por la Agencia Española de Protección de Datos ante Shreshth Tanwani (WWW.HOLACONNECT.COM), en virtud de reclamación presentada por D. A.A.A. (en adelante, el reclamante) y teniendo como base los siguientes: HECHOS: PRIMERO: La reclamación interpuesta por el reclamante tiene entrada con fecha 10 de diciembre de 2018 en la Agencia Española de Protección de Datos. La reclamación se dirige contra Shreshth Tanwani, WWW.HOLACONNECT.COM, (en adelante, el reclamado). Los motivos en que basa la reclamación son en que aparecen sus datos personales, académicos y curriculares en el sitio web “holaconnect.com” sin que haya otorgado su consentimiento. Ha enviado varios correos a la dirección de correo electrónico indicada en el sitio web ejerciendo su derecho de cancelación sin obtención de respuesta y sin que su perfil haya sido eliminado. Que según el reclamante tuvieron lugar el 23 de octubre de 2018. Y, entre otra, anexa la siguiente documentación:  Correo electrónico dirigido a la dirección optout@holaconnect.com ejerciendo su derecho de cancelación con copia de su DNI.  Impresión de pantalla de la información de su perfil en el sitio web www.holaconnect.com abierto al público. SEGUNDO: La Subdirección General de Inspección de Datos procedió a la realización de actuaciones previas de investigación para el esclarecimiento de los hechos objeto de la reclamación, teniendo conocimiento de los siguientes extremos: 1 Se realiza una búsqueda del dominio “holaconnect.com” mediante la herramienta “whois” y se obtiene que el sitio web está alojado en California, USA, y que este dominio ha sido registrado por GoDaddy.com, LLC, Arizona, USA. 2 Con fecha 21 de febrero de 2018, se solicita información a GoDaddy.com LLC sobre el propietario del dominio objeto de la denuncia, y con fecha 27 de febrero de 2019 se recibe en esta Agencia mediante correo electrónico, documento cifrado en donde figura como propietario de “holaconnect.com” Shreshth Tanwani con domicilio en 93 Samta Colony, Raipur, 492001, Chhattisgarh, India. 3 Con fecha 26 de febrero de 2018, habiendo solicitado a Shreshth Tanwani información sobre la procedencia de los datos y el derecho de cancelación ejercido por el reclamante, se obtiene respuesta indicando que el correo electrónico enviado por el reclamante con la solicitud de cancelación de sus datos, debido al filtro antispam dado el gran volumen que recibe en esa dirección, había sido enviado a la carpeta de correo no deseado. En este sentido, informa en su C/ Jorge Juan, 6 www.aepd.es 28001 – Madrid sedeagpd.gob.es 2/3 escrito que normalmente atiende a este tipo de peticiones en un plazo entre 24 y 48 horas y añade que, atendiendo al derecho de cancelación del reclamante, el perfil ha sido eliminado. 4 Con fecha 27 de febrero se comprueba que el buscador de personas del sitio web no devuelve ningún valor coincidente con A.A.A. e, introduciendo en"
e-01792-2019,2019,https://www.aepd.es/es/documento/e-01792-2019.pdf,https://web.archive.org/web/20220308032841id_/https://www.aepd.es/es/documento/e-01792-2019.pdf,"1/5  N/Ref.: E/09028/2018 - E/01792/2019 RESOLUCIÓN DE ARCHIVO DE ACTUACIONES De las actuaciones seguidas con motivo de la reclamación presentada en la Agencia Española de Protección de Datos, por presunta vulneración del Reglamento (UE) 2016/679 del Parlamento Europeo y del Consejo de 27 de abril de 2016, relativo a la protección de las personas físicas en lo que respecta al tratamiento de datos personales y a la libre circulación de estos datos (en lo sucesivo, RGPD) y teniendo como base los siguientes HECHOS PRIMERO: Con fecha 13 de septiembre de 2018 y con número de registro de entrada 194291/2018, tuvo entrada en esta Agencia una reclamación, relacionada con un tratamiento de carácter transfronterizo de datos personales realizado por TWITTER, presentada por A.A.A. (en adelante, el reclamante) por una presunta vulneración del Artículo 37 del RGPD. Los motivos en que la parte reclamante basa la reclamación son que la entidad no ha comunicado a la Agencia Española de Protección de Datos los datos de contacto del Delegado de Protección de Datos. SEGUNDO: TWITTER INTERNATIONAL COMPANY, como responsable del tratamiento de datos personales de los usuarios de TWITTER residentes en la Unión Europea según sus políticas de privacidad, tiene su establecimiento principal o único en Irlanda. TERCERO: Teniendo en cuenta el carácter transfronterizo de la reclamación, esta se trasladó a la autoridad de control de Irlanda por ser la competente para actuar como autoridad de control principal, a tenor de lo dispuesto en el artículo 56.1 del RGPD. Con fecha 23 de enero de 2019 se acordó el archivo provisional del procedimiento. CUARTO: Esta remisión se realizó, a través del “Sistema de Información del Mercado Interior” (IMI). La autoridad de control de Irlanda aceptó actuar en el procedimiento en calidad de autoridad de control principal y se declararon interesadas en el mismo las autoridades de control de: Bélgica, Francia, Baja Sajonia, Dinamarca, Hungría, Chipre, Berlín, Noruega, Finlandia, Grecia, Eslovaquia y España como autoridad receptora de la reclamación. QUINTO: Siguiendo sus procedimientos internos, la autoridad irlandesa informó a la parte reclamante de la recepción de la reclamación a través de un escrito enviado a través de la AEPD. En dicho escrito también se informaba que la DPC no podría avanzar con la reclamación mediante el proceso de tramitación de reclamaciones debido a que la supuesta infracción no implicaba el tratamiento de los datos personales de la parte reclamante. No obstante, informaba en dicho escrito de que se C/ Jorge Juan, 6 www.aepd.es 28001 – Madrid sedeagpd.gob.es 2/5 tomaba nota de los hechos planteados y que estos se tendrían en cuenta en las labores de supervisión de la DPC en el cumplimiento del responsable del tratamiento con sus obligaciones en materia de protección de datos. SEXTO: Con fecha 20 de febrero de 2019 se procedió a la práctica de la notificación del escrito de la autoridad irlandesa a la parte reclamante a "
e-01793-2019,2019,https://www.aepd.es/es/documento/e-01793-2019.pdf,https://web.archive.org/web/20220307210641id_/https://www.aepd.es/es/documento/e-01793-2019.pdf,"1/6  N/Ref.: E/09027/2018 - E/01793/2019 RESOLUCIÓN DE ARCHIVO DE ACTUACIONES De las actuaciones seguidas con motivo de la reclamación presentada en la Agencia Española de Protección de Datos, por presunta vulneración del Reglamento (UE) 2016/679 del Parlamento Europeo y del Consejo de 27 de abril de 2016, relativo a la protección de las personas físicas en lo que respecta al tratamiento de datos personales y a la libre circulación de estos datos (en lo sucesivo, RGPD) y teniendo como base los siguientes HECHOS PRIMERO: Con fecha 13 de septiembre de 2018 y con número de registro de entrada 194291/2018, tuvo entrada en esta Agencia una reclamación, relacionada con un tratamiento de carácter transfronterizo de datos personales realizado por MICROSOFT, presentada por A.A.A. (en adelante, el reclamante) por una presunta vulneración del Artículo 37 del RGPD. Los motivos en que el reclamante basa la reclamación son que la entidad no ha comunicado a la Agencia Española de Protección de Datos los datos de contacto del Delegado de Protección de Datos. Junto a la reclamación no se aportan evidencias. SEGUNDO: El responsable del tratamiento de datos personales del grupo MICROSOFT para la UE y el EEE es MICROSOFT IRELAND OPERATIONS LIMITED y la entidad tiene su establecimiento principal o único en Irlanda. TERCERO: Teniendo en cuenta el carácter transfronterizo de la reclamación, esta se trasladó a la autoridad de control de Irlanda por ser la competente para actuar como autoridad de control principal, a tenor de lo dispuesto en el artículo 56.1 del RGPD. Con fecha 23 de enero de 2019 se acordó el archivo provisional del procedimiento. CUARTO: Esta remisión se realizó, a través del “Sistema de Información del Mercado Interior” (IMI). La autoridad de control de Irlanda aceptó actuar en el procedimiento en calidad de autoridad de control principal y se declararon interesadas en el mismo las autoridades de control de: Bélgica, Francia, Chipre, Dinamarca, Baja Sajonia, Hungría, Finlandia, Grecia, Eslovaquia y España como autoridad receptora de la reclamación. QUINTO: Siguiendo sus procedimientos internos, la autoridad irlandesa informó a la parte reclamante de la recepción de la reclamación a través de un escrito enviado a través de la AEPD. En dicho escrito también se informaba que la DPC no podría avanzar con la reclamación mediante el proceso de tramitación de reclamaciones C/ Jorge Juan, 6 www.aepd.es 28001 – Madrid sedeagpd.gob.es 2/6 debido a que la supuesta infracción no implicaba el tratamiento de los datos personales de la parte reclamante. No obstante, informaba en dicho escrito de que se tomaba nota de los hechos planteados y que estos se tendrían en cuenta en las labores de supervisión de la DPC en el cumplimiento del responsable del tratamiento con sus obligaciones en materia de protección de datos. SEXTO: Con fecha 20 de febrero de 2019 se procedió a la práctica de la notificación del escrito de la autoridad irlandesa a la parte reclamante a travé"
e-01812-2019,2019,https://www.aepd.es/documento/e-01812-2019.pdf,https://web.archive.org/web/20231014001530id_/https://www.aepd.es/documento/e-01812-2019.pdf,"1/3 Procedimiento Nº: E/01812/2019 RESOLUCIÓN DE ARCHIVO DE ACTUACIONES De las actuaciones practicadas por la Agencia Española de Protección de Datos ante el AYUNTAMIENTO DE OCAÑA, en virtud de reclamación presentada por D. A.A.A. (en adelante, el reclamante) y teniendo como base los siguientes: HECHOS PRIMERO: La reclamación interpuesta por el reclamante tiene entrada con fecha 29 de octubre de 2018 en la Agencia Española de Protección de Datos. La reclamación se dirige contra el AYUNTAMIENTO DE OCAÑA, (en adelante, el reclamado). Los motivos en que basa su reclamación son en que se han filtrado datos del padrón a los medios de comunicación.  SEGUNDO: La Subdirección General de Inspección de Datos procedió a la realización de actuaciones previas de investigación para el esclarecimiento de los hechos objeto de la reclamación, teniendo conocimiento de los siguientes extremos: El listado de los datos del empadronamiento que se divulga con la noticia tiene sombreados los nombres. No obstante, aparece la fecha de nacimiento y domicilio sin sombrear. Asimismo, figura el mismo domicilio en toda la página, la fecha de la página esta sombreada y en el pie de la foto se indica “padrón de la residencia de ancianos de Ocaña, a fecha de octubre de 2018”. FUNDAMENTOS DE DERECHO I De acuerdo con los poderes de investigación y correctivos que el artículo 58 del Reglamento (UE) 2016/679 (Reglamento general de protección de datos, en adelante RGPD) otorga a cada autoridad de control, y según lo dispuesto en el artículo 47 de la Ley Orgánica 3/2018, de 5 de diciembre, de Protección de Datos Personales y garantía de los derechos digitales (en lo sucesivo LOPDGDD), es competente para resolver estas actuaciones de investigación la Directora de la Agencia Española de Protección de Datos. II De conformidad con lo establecido en el artículo 55 del RGPD, la Agencia Española de Protección de Datos es competente para desempeñar las funciones que se le asignan en su artículo 57, entre ellas, la de hacer aplicar el Reglamento y promover la sensibilización de los responsables y los encargados del tratamiento acerca de las obligaciones que les incumben, así como tratar las reclamaciones presentadas por un interesado e investigar el motivo de estas. C/ Jorge Juan, 6 www.aepd.es 28001 – Madrid sedeagpd.gob.es 2/3 Corresponde, asimismo, a la Agencia Española de Protección de Datos ejercer los poderes de investigación regulados en el artículo 58.1 del mismo texto legal, entre los que figura la facultad de ordenar al responsable y al encargado del tratamiento que faciliten cualquier información que requiera para el desempeño de sus funciones. Correlativamente, el artículo 31 del RGPD establece la obligación de los responsables y encargados del tratamiento de cooperar con la autoridad de control que lo solicite en el desempeño de sus funciones. Para el caso de que éstos hayan designado un delegado de protección de datos, el artículo 39 del RGPD atribuye a éste la función de cooperar"
e-01817-2019,2019,https://www.aepd.es/documento/e-01817-2019.pdf,https://web.archive.org/web/20251113185842id_/https://www.aepd.es/documento/e-01817-2019.pdf,"1/5 940-0419 Procedimiento Nº: E/01817/2019 RESOLUCIÓN DE ARCHIVO DE ACTUACIONES De las actuaciones practicadas por la Agencia Española de Protección de Datos y teniendo como base los siguientes HECHOS PRIMERO: La reclamación interpuesta por D. A.A.A. (en adelante, el reclamante) tiene entrada con fecha 6 de agosto de 2018 en la Agencia Española de Protección de Datos. La reclamación se dirige contra DETECTYS SL, con NIF B83621219 (en adelante, el reclamado). Los motivos en que basa la reclamación son los siguientes: El reclamante ha mantenido una relación laboral con una empresa que pertenece al mismo grupo de empresas que la empresa denunciada (Grupo INTERPRES). La empresa denunciada presta servicios de investigación ofertados a los clientes a través de internet, correo electrónico etc... y está inscrita en la Dirección General de la Policía como Sociedad de Detectives para realizar actividades de investigación privada. Así las cosas, el reclamante manifiesta que ha tenido conocimiento de determinadas conductas, procedimientos y actuaciones que podrían vulnerar la normativa de protección de datos, entre estas conductas cita las siguientes:  Ofrece a través de su página web: www.detectys.com informes para localización de personas y de solvencia. La mayoría de las informaciones que se reflejan en los informes se obtienen de una serie de ficheros, que según manifiesta, serían presuntamente “ilegales”, como la utilizada para localización de teléfonos móviles de personas físicas.  Estas bases de datos estarían ubicadas en un domicilio desconocido. o obstante, estaría conectado con el servidor instalado en su establecimiento para hacer posible la disposición de los datos necesarios para realizar los informes y provienen “supuestamente” de compras irregulares realizadas a terceros. Las bases de datos mencionadas serían las siguientes: o LIMBO: que contiene los Censos Electorales y Padrones Municipales a nivel nacional de los años 2000 a 2017. o RELACIONES: que contiene una base de datos de la Seguridad Social a nivel nacional con todo el historial laboral de los afiliados hasta el año 2012. o TELEFONOS: que contiene las bases de datos actualizadas de líneas de telefonía móvil con las principales operadoras. C/ Jorge Juan, 6 www.aepd.es 28001 – Madrid sedeagpd.gob.es 2/5 o INCIDENCIAS: que contiene una base de datos de incidencias judiciales y administrativas publicadas en los Boletines Oficiales del país. Asimismo, aporta copia impresa de la consulta de sus datos en los siguientes ficheros y el resultado de las mismas.  Consulta al fichero histórico de relaciones: obtiene una relación de empresas con las fechas de alta y baja en las mismas.  Consulta de direcciones por DNI: obtiene dos direcciones asociadas al denunciante.  Consulta de Móviles: realiza la consulta por DNI y obtiene cinco números de teléfono asociados a su nombre. SEGUNDO: La Subdirección General de Inspección de Datos procedió a la realización de actuaciones previas de investigac"
e-02290-2019,2019,https://www.aepd.es/es/documento/e-02290-2019.pdf,https://web.archive.org/web/20211111054309id_/https://www.aepd.es/es/documento/e-02290-2019.pdf,"1/4 1103-271119  N/Ref.: E/00134/2019 y E/02488/2019 – E/02290/2019 RESOLUCIÓN DE ARCHIVO DE ACTUACIONES De las actuaciones practicadas con motivo de la reclamación presentada en la Agencia Española de Protección de Datos y teniendo como base los siguientes HECHOS PRIMERO    : Con fechas 19/12/2018 y 13/02/2019, y números de registro 211707/2018 y 007592/2019 respectivamente, tuvieron entrada en esta Agencia dos escritos de reclamación presentados contra KARAVEL SAS (en adelante, KARAVEL) por una presunta vulneración de los arts. 6 y 21 del Reglamento (UE) 2016/679 del Parlamento Europeo y del Consejo de 27 de abril de 2016, relativo a la protección de las personas físicas en lo que respecta al tratamiento de datos personales y a la libre circulación de estos datos (en lo sucesivo, RGPD). Los motivos en los que el reclamante basa la reclamación son:  Recepción de correos electrónicos publicitarios no solicitados durante 2 meses  El enlace para cancelar la suscripción no es operativo. Además, no se recibe aviso confirmando la supuesta baja de los envíos.  El reclamante lleva años con su dirección de correo electrónico registrada en la lista Robinson Junto al escrito de reclamación, el reclamante aporta copia de algunos de los e-mails publicitarios recibidos, y acreditación del registro de sus datos de contacto en la lista Robinson. SEGUNDO    : KARAVEL tiene su establecimiento principal en ***PAÍS.1. TERCERO: La citada reclamación se trasladó a la Commission Nationale de l’Informatique et des Libertés (CNIL) –la autoridad de control de ***PAÍS.1–, por ser la competente para actuar como autoridad de control principal, a tenor de lo dispuesto en el artículo 56.1 del RGPD. CUARTO: Siguiendo el procedimiento establecido en el artículo 60 del RGPD, la autoridad de control de ***PAÍS.1 ha comunicado a las autoridades interesadas el proyecto de decisión que ha sido aceptado. FUNDAMENTOS DE DERECHO I. Competencia De acuerdo con lo dispuesto en el artículo 60.8 del RGPD, es competente para adoptar esta resolución la Directora de la Agencia Española de Protección de Datos, de conformidad con el artículo 12.2, apartado i) del Real Decreto 428/1993, de 26 de C/ Jorge Juan, 6 www.aepd.es 28001 – Madrid sedeagpd.gob.es 2/4 marzo, por el que se aprueba el Estatuto de la Agencia de Protección de Datos (en adelante, RD 428/1993) y la Disposición transitoria primera de la Ley Orgánica 3/2018, de 5 de diciembre, de Protección de Datos Personales y garantía de los derechos digitales (en lo sucesivo, LOPDGDD). II. Establecimiento principal, tratamiento transfronterizo y autoridad de control principal  El artículo 4.16 del RGPD define «establecimiento principal»: “a) en lo que se refiere a un responsable del tratamiento con establecimientos en más de un Estado miembro, el lugar de su administración central en la Unión, salvo que las decisiones sobre los fines y los medios del tratamiento se tomen en otro establecimiento del responsable en la Unión y este último est"
e-02349-2019,2019,https://www.aepd.es/documento/e-02349-2019.pdf,https://web.archive.org/web/20240706173038id_/https://www.aepd.es/documento/e-02349-2019.pdf,"1/16 Expediente Nº: E/02349/2019 RESOLUCIÓN DE ARCHIVO DE ACTUACIONES De las actuaciones practicadas por la Agencia Española de Protección de Datos ante la entidad NOVO BANCO SA- SUCURSAL EN ESPAÑA-- en virtud de DENUNCIA presentada por Don A.A.A. y teniendo como base los siguientes HECHOS PRIMERO: Con fecha 17/04/2018 tuvo entrada en esta Agencia escrito de Don A.A.A. (en lo sucesivo el denunciante) por medio de la cual traslada lo siguiente: “El 08/03/18 recibí comunicación por correo postal (se adjunta copia como Doc. nº1) de la Empresa Novo Banco Gestión SGIIC (en lo sucesivo denunciado 1) con información sobre un fondo de inversión (en lo sucesivo FI). Como nunca he tenido relación con esta empresa, ni le he facilitado mis datos de carácter personal, al día siguiente ejercí el derecho de acceso (copia como Doc. nº 2) a fin de conocer el origen de los datos, así como que me aportaran justificante documental del consentimiento para el tratamiento de los datos y justificante de haberme informado de los derechos establecidos en el artículo 5, recibiendo la contestación el día 15-03-18 (copia como Documento nº 3). De la contestación aportada se desprende que los datos de los que dispone el denunciado 1 fueron cedidos el día 29/08/2017 por la empresa Novo Banco S.A (en lo sucesivo denunciado 2) sin haber obtenido previamente el consentimiento para dicha cesión y, además sin haber atendido debidamente el derecho de cancelación de datos que en su día se ejercitó” A requerimiento del denunciante, para que acreditara documentalmente haber obtenido el consentimiento para el tratamiento de mis datos, así como que acreditara haberme informado de los derechos establecidos en el artículo 5 apartado 1a), d) y e); la entidad denunciada 1, no puede justificar haber obtenido mi consentimiento para el tratamiento conforme a lo establecido en el artículo 6.1 de la LOPD (LO 15/99, 13 diciembre)… Ese documento no acredita ningún consentimiento, y lo único que acredita ese documento es la recogida de datos sin informar de los derechos establecidos en el artículo 5 LOPD por parte de la denunciada 2, hechos que como ya están denunciados en el procedimiento nº E/05344/2017 ante esta AEPD, no procede repetir. En el presente caso, a mi juicio queda constatado que la denuncia 1 (NB Gestión SGIIC) ha tratado dados personales del denunciante sin su consentimiento, y ha conculcado el principio de consentimiento regulado en el artículo 6.1 de la LOPD, cometiendo una presunta infracción del art.6.1, tipificada como grave en el artículo 44,.3 b) (…). A mayor abundamiento y para que quede claro, DECLARO bajo expresa DECLARACIÓN que nunca jamás he tenido conocimiento que la denunciada 1 tuviera mis datos de carácter personal, o de que hubiera puesto un FI a mi nombre, hasta que C/ Jorge Juan, 6 www.agpd.es 28001 – Madrid sedeagpd.gob.es 2/16 recibí la carta el 08-03-18. De haberlo sabido antes, pues antes habría presentado esta Denuncia y habría retirado el presunto FI de inmedi"
e-02357-2019,2019,https://www.aepd.es/es/documento/e-02357-2019.pdf,https://web.archive.org/web/20220307211842id_/https://www.aepd.es/es/documento/e-02357-2019.pdf,"1/4 Expediente Nº: E/02357/2019 RESOLUCIÓN DE ARCHIVO DE ACTUACIONES De las actuaciones practicadas por la Agencia Española de Protección de Datos ante la entidad IBERDROLA CLIENTES, SAU en virtud de denuncia presentada por A.A.A. y teniendo como base los siguientes HECHOS PRIMERO: Con fecha 23 de agosto de 2018, tuvo entrada en esta Agencia escrito de A.A.A. (en lo sucesivo la reclamante) contra IBERDROLA CLIENTES, SAU en el que denuncia que su identidad ha sido suplantada, ya que en mayo de 2018 IBERDROLA sin su consentimiento le modifica el sistema de pago que tenía contratado (cuota fija mensual), alegando que recibió una llamada telefónica suya solicitando el cambio. La vivienda con la que tiene contratados los servicios de IBERDROLA, objeto de la presente reclamación, aunque es propiedad de la reclamante, está arrendada a un tercero. A través de la OMIC la reclamante solicitó copia de la grabación y la entidad contestó que no disponen de la misma ya que realizan grabaciones aleatorias por razones de calidad, que son destruidas a los 30 días. SEGUNDO: Tras la recepción de la denuncia la Subdirección General de Inspección de Datos procedió a la realización de actuaciones previas de investigación para el esclarecimiento de los hechos denunciados, teniendo conocimiento de los siguientes extremos: IBERDROLA manifiesta que en la llamada realizada para rescindir la modalidad de pago se facilitaron los datos necesarios conforme a los procedimientos internos para comprobar la identidad del cliente. La arrendataria, según ha manifestado a IBERDROLA, conocedora de los datos de la reclamante, fue quien suplantó su identidad y cambio el sistema de pago. No obstante, el 9 de agosto de 2018 tras finalizar el contrato de arrendamiento de forma pacífica, se procedió al cambio de titularidad del contrato, pasando a nombre de la propietaria y se le informó a la reclamante sobre la posibilidad de activar nuevamente el sistema de pago con cuota fija.  FUNDAMENTOS DE DERECHO I De acuerdo con los poderes de investigación y correctivos que el artículo 58 del Reglamento (UE) 2016/679 (Reglamento general de protección de datos, en adelante RGPD) otorga a cada autoridad de control, y según lo dispuesto en el artículo 47 de la Ley Orgánica 3/2018, de 5 de diciembre, de Protección de Datos Personales y garantía de los derechos digitales (en lo sucesivo LOPDGDD), es competente para resolver estas actuaciones de investigación la Directora de la Agencia Española de Protección de Datos. C/ Jorge Juan, 6 www.agpd.es 28001 – Madrid sedeagpd.gob.es 2/4 II De conformidad con lo establecido en el artículo 55 del RGPD, la Agencia Española de Protección de Datos es competente para desempeñar las funciones que se le asignan en su artículo 57, entre ellas, la de hacer aplicar el Reglamento y promover la sensibilización de los responsables y los encargados del tratamiento acerca de las obligaciones que les incumben, así como tratar las reclamaciones presentadas por un interesado e i"
e-00691-2019,2019,https://www.aepd.es/documento/e-00691-2019.pdf,https://web.archive.org/web/20251126134757id_/https://www.aepd.es/documento/e-00691-2019.pdf,"1/5 Procedimiento Nº: E/00691/2019 RESOLUCIÓN DE ARCHIVO DE ACTUACIONES De las actuaciones practicadas por la Agencia Española de Protección de Datos ante AEQ ENERGIA WIND TO MARKET, S.L., en virtud de reclamación presentada por Dña. A.A.A. y teniendo como base los siguientes HECHOS PRIMERO: el 04/10/2018 tiene entrada en esta Agencia Española de Protección de Datos escrito de Dña. A.A.A. (en lo sucesivo la reclamante), en el que denuncia a AEQ ENERGIA WIND TO MARKET, S.L., (en lo sucesivo AEQ), en síntesis por los siguientes hechos : que AEQ ha utilizado datos de la empresa de manera fraudulenta para hacer un contrato de suministro de electricidad; que según AEQ la relación contractual proviene desde el 29/09/2018, habiendo realizado acciones de recobro impago de facturas; que ha solicitado la cancelación de sus datos sin que el derecho haya sido atendido. SEGUNDO: Tras la recepción de la reclamación, la Subdirección General de Inspección de Datos procedió a solicitar información acerca de lo siguiente: El 02/11/2018 fue trasladada a AEQ la reclamación presentada para su análisis y comunicación al denunciante de la decisión adoptada al respecto. Igualmente, se le requería para que en el plazo de un mes remitiera a la Agencia determinada información: - Copia de las comunicaciones, de la decisión adoptada que haya remitido al reclamante a propósito del traslado de esta reclamación, y acreditación de que el reclamante ha recibido la comunicación de esa decisión. - Informe sobre las causas que han motivado la incidencia que ha originado la reclamación. - Informe sobre las medidas adoptadas para evitar que se produzcan incidencias similares. - Cualquier otra que considere relevante. En la misma fecha se le comunicaba al reclamante la recepción de la reclamación y su traslado a la entidad reclamada. TERCERO: Con fecha 18/12/2018, de conformidad con el artículo 9 del Real Decreto- ley 5/2018 de 27 de julio y a los efectos previstos en su artículo 11, la Directora de la Agencia Española de Protección de Datos acordó admitir a trámite la reclamación presentada por el reclamante AEQ. CUARTO: AEQ en escrito de 12/12/2018 aporta escrito de alegaciones manifestando en síntesis que, puesto que la reclamante solicito la cancelación de sus datos se le solicito copia de su DNI con el fin de acreditar su personalidad, aportando copia de los correos cruzados; que la incidencia traía causa por no atender el pago de una deuda; que la empresa actuó en todo momento conforme a la legalidad por lo que considera que no ha de adoptar otras medidas que las existentes. C/ Jorge Juan, 6 www.aepd.es 28001 – Madrid sedeagpd.gob.es 2/5 FUNDAMENTOS DE DERECHO I De acuerdo con los poderes de investigación y correctivos que el artículo 58 del Reglamento (UE) 2016/679 (Reglamento general de protección de datos, en adelante RGPD) otorga a cada autoridad de control, y según lo dispuesto en el artículo 47 de la Ley Orgánica 3/2018, de 5 de diciembre, de Protección de Datos Personales "
e-00695-2019,2019,https://www.aepd.es/documento/e-00695-2019.pdf,https://web.archive.org/web/20231013234926id_/https://www.aepd.es/documento/e-00695-2019.pdf,"1/4 Expediente Nº: E/00695/2019 RESOLUCIÓN DE ARCHIVO DE ACTUACIONES De las actuaciones practicadas por la Agencia Española de Protección de Datos ante las entidades ASNEF-EQUIFAX, SERVICIOS DE INFORMACIÓN SOBRE SOLVENCIA Y CRÉDITO, S.L., CAJASUR BANCO, S.A.U., EXPERIAN BUREAU DE CRÉDITO, S.A. en virtud de denuncia presentada por A.A.A. y teniendo como base los siguientes HECHOS PRIMERO: Con fecha 31 de julio de 2018, tuvo entrada en esta Agencia escrito de A.A.A. (en lo sucesivo la denunciante) porque le han negado un préstamo por figurar inscrita en los ficheros de solvencia patrimonial ASNEF y BADEXCUG por una deuda de CAJASUR BANCO, S.A.U., con la que canceló la cuenta que tenía con dicha entidad, hace varios años, no habiéndosele notificado por parte de ninguna entidad la inclusión de sus datos en dichos ficheros.  SEGUNDO: Tras la recepción de la denuncia la Subdirección General de Inspección de Datos procedió a la realización de actuaciones previas de investigación para el esclarecimiento de los hechos denunciados, teniendo conocimiento de los siguientes extremos: La reclamante abrió una cuenta corriente en CAJASUR BANCO, S.A.U., el año 2004 y como consecuencia de una deuda con dicha entidad, el 2 de junio de 2015 se le envía una notificación por CAJASUR, solicitándosele su regularización.  Por su parte, ASNEF-EQUIFAX, SERVICIOS DE INFORMACIÓN SOBRE SOLVENCIA Y CRÉDITO, S.L., notificó el 26 de junio de 2018 la inclusión de los datos de la reclamante en el fichero ASNEF, a solicitud de CAJASUR, y acreditando su recepción mediante certificación del prestador de servicios de recobro. En la actualidad, no constan datos de la reclamante en su fichero, tras haber sido dados de baja el 18 de octubre de 2018. Por la misma deuda, el 22 de junio de 2018 se anotan los datos de la reclamante en el fichero BADEXCUG, tras haberle requerido el pago el 4 de junio de 2018, a través de EXPERIAN, como entidad gestora de cobros contratada por dicha entidad financiera, advirtiéndosele sobre la posibilidad de incluir sus datos en ficheros de solvencia patrimonial. Dicha notificación es enviada y no devuelta CAJASUR BANCO, S.A.U., tras conocer la presente reclamación ante la AEPD, el 7 de agosto de 2018, procede a solicitar la cancelación de los datos de la reclamante el 9 de agosto de 2018, de modo que EXPERIAN BUREAU DE CRÉDITO, S.A. procede a la baja de sus datos el 12 de agosto de 2018. C/ Jorge Juan, 6 www.agpd.es 28001 – Madrid sedeagpd.gob.es 2/4 FUNDAMENTOS DE DERECHO I De acuerdo con los poderes de investigación y correctivos que el artículo 58 del Reglamento (UE) 2016/679 (Reglamento general de protección de datos, en adelante RGPD) otorga a cada autoridad de control, y según lo dispuesto en el artículo 47 de la Ley Orgánica 3/2018, de 5 de diciembre, de Protección de Datos Personales y garantía de los derechos digitales (en lo sucesivo LOPDGDD), es competente para resolver estas actuaciones de investigación la Directora de la Agencia Española de Prote"
e-00702-2019,2019,https://www.aepd.es/es/documento/e-00702-2019.pdf,https://web.archive.org/web/20220307211244id_/https://www.aepd.es/es/documento/e-00702-2019.pdf,"1/3 Expediente Nº: E/00702/2019 RESOLUCIÓN DE ARCHIVO DE ACTUACIONES De las actuaciones practicadas por la Agencia Española de Protección de Datos ante la entidad CAPIS LOGICAL S.L. en virtud de denuncia presentada por A.A.A. y teniendo como base los siguientes HECHOS PRIMERO: el 12/09/2018 tiene entrada en esta Agencia Española de Protección de Datos escrito de LARRAURI & MARTI ABOGADOS (en adelante LAMAB), en el que denuncia a CAPIS LOGICAL S.L. (en lo sucesivo CAPIS), por los siguientes hechos:  En LAMAB se reciben continuamente llamadas en nombre de la empresa ""GOTOCRIPTO"", ofreciendo servicios relacionados con las criptomonedas.  Se le ha respondido que no interesan dichos servicios y a pesar de ello siguen llamando y molestando todos los días.  Por otra parte, alegan como excusa para comunicarse que han enviado un e-mail con información de sus servicios lo que no es cierto comprobándose en otros foros que es su manera habitual de proceder. En definitiva, que les están acosando a llamadas, con lo que les están perjudicando y, todo ello, a pesar de haberles comunicado expresamente que rechazaban sus servicios y que no querían que les llamasen más. Nunca se han proporcionado datos personales ni de la Empresa. FUNDAMENTOS DE DERECHO I De conformidad con lo establecido en el artículo 84.3) de la Ley 9/2014, de 9 de mayo, General de Telecomunicaciones (en lo sucesivo, LGT), la competencia para resolver el presente Procedimiento corresponde a la Directora de la Agencia Española de Protección de Datos. II En el presente caso, se recibe en la AEPD reclamación presentada por empleado de LAMAB por una presunta vulneración de lo señalado en el artículo 48 de la LGT, en relación con la recepción de llamadas de tipo comercial no deseadas. El artículo 48, Derecho a la protección de datos personales y la privacidad en relación con las comunicaciones no solicitadas, con los datos de tráfico y de localización y con las guías de abonados, establece en su apartado 1 lo siguiente: “1. Respecto a la protección de datos personales y la privacidad en relación con las comunicaciones no solicitadas los usuarios finales de los servicios de comunicaciones electrónicas tendrán los siguientes derechos: C/ Jorge Juan, 6 www.agpd.es 28001 – Madrid sedeagpd.gob.es 2/3 a) A no recibir llamadas automáticas sin intervención humana o mensajes de fax, con fines de comunicación comercial sin haber prestado su consentimiento previo e informado para ello. b) A oponerse a recibir llamadas no deseadas con fines de comunicación comercial que se efectúen mediante sistemas distintos de los establecidos en la letra anterior y a ser informado de este derecho”. La normativa de protección de datos pone a disposición de los afectados diversos mecanismos para la resolución de las cuestiones relativas al tratamiento de sus datos. En el presente caso, nos encontramos con comunicaciones no deseadas; ahora bien, con carácter general, si no se desean recibir llamadas comerciales o publicitarias d"
e-00730-2019,2019,https://www.aepd.es/documento/e-00730-2019.pdf,https://web.archive.org/web/20240225101019id_/https://www.aepd.es/documento/e-00730-2019.pdf,"1/5 907-141019 Expediente Nº: E/00730/2019 RESOLUCIÓN DE ARCHIVO DE ACTUACIONES De las actuaciones practicadas por la Agencia Española de Protección de  Datos y teniendo como base los siguientes  HECHOS PRIMERO: La reclamación interpuesta por Don A.A.A. (en adelante, el reclamante) tiene entrada con fecha 31 de agosto de 2018 en la Agencia Española de Protección de Datos. La reclamación se dirige contra BANCO BILBAO VIZCAYA ARGENTARIA, S.A., y GESTORES ADMINISTRATIVOS REUNIDOS, S.A. (GARSA). Los motivos en que basa la reclamación son que el 30 de agosto de 2018 se recibe en varios buzones de correo electrónico un correo procedente de GARSA-BBVA dirigido al reclamante para que se ponga en contacto con BBVA en relación con una financiación que mantiene con esa entidad. El reclamante añade que la dirección de contacto que tiene BBVA no es la dirección corporativa de MAPFRE sino la personal de GMAIL. Solicita una compensación económica para restablecer su imagen y su honor. Que según el denunciante tuvieron lugar a fecha de: ***FECHA.1. Y, entre otra, anexa la siguiente documentación: 1.- Correo electrónico procedente de ***EMAIL.1 y dirigido al buzón “***EMAIL.2” con copia a “***EMAIL.3” y “***EMAIL.4”, reenviado al reclamante a través de terceros. Traslada la reclamación a GESTORES ADMINISTRATIVOS REUNIDOS S.A. (en adelante, GARSA), con fecha 25 de octubre de 2018, se recibe en esta Agencia escrito procedente de esta entidad alegando que esta entidad no tiene ninguna relación ni con el reclamante ni con BBVA, que no puede identificar entre su plantilla a la persona que envía el correo, y que, por tanto, desconoce el origen del correo y se declara no responsable de los hechos reclamados/ SEGUNDO: Con fecha 21 de noviembre de 2018, la Directora de la Agencia Española de Protección de Datos  acordó admitir a trámite la reclamación presentada por el reclamante. TERCERO: La Subdirección General de Inspección de Datos procedió a la realización de actuaciones previas de investigación para el esclarecimiento de los hechos objeto de la reclamación, teniendo conocimiento de los siguientes extremos: 1. Examinada la reclamación se comprueba que el correo, además de enviarse a una cuenta de correo que parece del reclamante, se envió también a otros buzones de destinatario desconocido, incluso de otra empresa. Estos destinatarios son: C/ Jorge Juan, 6 www.aepd.es 28001 – Madrid sedeagpd.gob.es 2/5 “***EMAIL.3” y “***EMAIL.4” Y el cuerpo del mensaje dice: “Mensaje dirigido a A.A.A. póngase en contacto con BBVA en relación a la financiación que mantiene con esta entidad. Teléfono ***TELÉFONO.1 de 08:00 a 21:00 de lunes a viernes. Un saludo GARSA -BBVA TF ***TELÉFONO.1 - FAX ***FAX.1 Horario 8:00 a 21:00 H. ***EMAIL.5 2. Con objeto de comprobar lo manifestado en el escrito de alegaciones procedente de GARSA, se realiza requerimiento de información a VODAFONE ESPAÑA S.A.U. sobre la titularidad del teléfono de contacto que aparece en el correo electrónico reclamado. "
e-00860-2019,2019,https://www.aepd.es/documento/e-00860-2019.pdf,https://web.archive.org/web/20240218132507id_/https://www.aepd.es/documento/e-00860-2019.pdf,"1/3 Expediente Nº: E/00860/2019 RESOLUCIÓN DE ARCHIVO DE ACTUACIONES De las actuaciones practicadas por la Agencia Española de Protección de Datos ante la CONSEJERIA DE EDUCACION, JUVENTUD Y DEPORTES DE MURCIA en virtud de denuncia presentada por A.A.A. y teniendo como base los siguientes HECHOS PRIMERO: Con fecha 19 de junio, tuvo entrada en esta Agencia escrito de A.A.A. (en lo sucesivo el reclamante) contra la CONSEJERIA DE EDUCACION, JUVENTUD Y DEPORTES DE MURCIA porque dicho Organismo no cuenta con Delegado de Protección de Datos. SEGUNDO: Tras la recepción de la denuncia la Subdirección General de Inspección de Datos procedió a la realización de actuaciones previas de investigación para el esclarecimiento de los hechos denunciados, teniendo conocimiento de los siguientes extremos: Desde la Consejería de Transparencia de dicha Comunidad Autónoma, se puede acceder a un documento sobre los términos del servicio y su privacidad, contando además con un enlace para acceder a la política de protección de datos, donde consta entre otra la siguiente información: DELEGADO DE PROTECCIÓN DE DATOS Inspección General de Servicios de la Comunidad Autónoma de la Región de Murcia.  Contacto: dpdigs@listas.carm.es FUNDAMENTOS DE DERECHO I De acuerdo con los poderes de investigación y correctivos que el artículo 58 del Reglamento (UE) 2016/679 (Reglamento general de protección de datos, en adelante RGPD) otorga a cada autoridad de control, y según lo dispuesto en el artículo 47 de la Ley Orgánica 3/2018, de 5 de diciembre, de Protección de Datos Personales y garantía de los derechos digitales (en lo sucesivo LOPDGDD), es competente para resolver estas actuaciones de investigación la Directora de la Agencia Española de Protección de Datos. II De conformidad con lo establecido en el artículo 55 del RGPD, la Agencia Española de Protección de Datos es competente para desempeñar las funciones que se le asignan en su artículo 57, entre ellas, la de hacer aplicar el Reglamento y promover la sensibilización de los responsables y los encargados del tratamiento acerca de las obligaciones que les incumben, así como tratar las reclamaciones presentadas por un interesado e investigar el motivo de estas. C/ Jorge Juan, 6 www.agpd.es 28001 – Madrid sedeagpd.gob.es 2/3 Asimismo, el artículo 9.3 del Real Decreto-ley 5/2018, de 27 de julio, de medidas urgentes para la adaptación del Derecho español a la normativa de la Unión Europea en materia de protección de datos, establece que “la Agencia Española de Protección de Datos podrá inadmitir la reclamación cuando el responsable o encargado del tratamiento, previa advertencia formulada por la Agencia, hubiera adoptado las medidas correctivas encaminadas a poner fin al posible incumplimiento de la legislación de protección de datos y concurra alguna de las siguientes circunstancias: a) Que no se haya causado perjuicio al afectado. b) Que el derecho del afectado quede plenamente garantizado mediante la aplicación de las medidas.” C"
e-00866-2019,2019,https://www.aepd.es/es/documento/e-00866-2019.pdf,https://web.archive.org/web/20220307211350id_/https://www.aepd.es/es/documento/e-00866-2019.pdf,"1/4 Procedimiento Nº: E/00866/2019 RESOLUCIÓN DE ARCHIVO DE ACTUACIONES De las actuaciones practicadas por la Agencia Española de Protección de Datos ante NATURGY ENERGY GROUP, S.A., en virtud de reclamación presentada por D. A.A.A. y teniendo como base los siguientes HECHOS PRIMERO: el 20/10/2018 tienen entrada en esta Agencia Española de Protección de Datos escritos de D. A.A.A. (en adelante el reclamante), en el que reclama a NATURGY ENERGY GROUP, S.A., (en lo sucesivo NATURGY), por los siguientes hechos: que desde la citada empresa llaman continuamente ofreciéndo promociones de gas; que fue cliente autorizándo a que le ofreciesen ofertas, sin que recuerde haber firmado tal autorización; no obstante, ha indicado que no le oferten nada al estar contento con su  actual comercializadora, pero le siguen molestando. SEGUNDO: Tras la recepción de la reclamación, la Subdirección General de Inspección de Datos procedió a realizar las siguientes actuaciones: El 31/10/2018, reiterada el 15/01/2019, fue trasladada a NATURGY la reclamación presentada para su análisis y comunicación al denunciante de la decisión adoptada al respecto. Igualmente, se le requería para que en el plazo de un mes remitiera a la Agencia determinada información: La representación de NATURGY compañía en respuesta de 23/01/2019 ha señalado: Que el reclamante ha tenido contratado el suministro de gas desde el 01/07/2008 al 19/06/2009. Que se han revisado toda la información obrante en sus sistemas no habiendo localizado reclamación alguna del reclamante sobre el asunto que nos ocupa ni tampoco registrada petición alguna del reclamante acerca del ejercicio de derechos ARCO.  Que en el pasado el reclamante formó parte de un grupo de exclientes a los que se dirigieron campañas comerciales ofreciéndoles determinados productos y ser vicios de NATURGY con el objetivo de que volviesen a ser clientes de la compañía.  Que tras la recepción de la reclamación han marcado en los sistemas informáticos que el reclamante se opone a la recepción de comunicaciones comerciales de modo que no se le vuelvan a realizar ninguna comunicación comercial.  También han procedido a eliminar de nuestras bases de datos el número de teléfono al que iban dirigidas las llamadas para que no vuelve a dirigirse ninguna llamada a ese número. C/ Jorge Juan, 6 www.aepd.es 28001 – Madrid sedeagpd.gob.es 2/4 FUNDAMENTOS DE DERECHO I De conformidad con lo establecido en el artículo 84.3) de la Ley 9/2014, de 9 de mayo, General de Telecomunicaciones (en lo sucesivo, LGT), la competencia para resolver el presente Procedimiento corresponde a la Directora de la Agencia Española de Protección de Datos. II En el presente caso, se ha recibido en esta Agencia la reclamación presentada por el reclamante contra NATURGY por una presunta vulneración de lo señalado en el artículo 17 de la LGT en relación con la recepción de llamadas de tipo comercial no deseadas. El artículo 48, Derecho a la protección de datos personales y la privacidad"
e-01824-2019,2019,https://www.aepd.es/documento/e-01824-2019.pdf,https://web.archive.org/web/20250124084151id_/https://www.aepd.es/documento/e-01824-2019.pdf,"1/3 Procedimiento Nº: E/01824/2019 RESOLUCIÓN DE ARCHIVO DE ACTUACIONES De las actuaciones practicadas por la Agencia Española de Protección de Datos ante VODAFONE ESPAÑA, S.A.U., en virtud de la reclamación presentada por D. A.A.A. (en adelante, el reclamante) y teniendo como base los siguientes: HECHOS PRIMERO: La reclamación interpuesta por el reclamante tiene entrada con fecha 22 de octubre de 2018 en la Agencia Española de Protección de Datos. La reclamación se dirige contra VODAFONE ESPAÑA, S.A.U., con NIF A80907397 (en adelante, Vodafone). Los motivos en que basa su reclamación son en que la citada compañía intenta comunicarse con el reclamante a través de WhatsApp, procedimiento que no tiene autorizado expresamente. No obstante, ha advertido a la entidad que no utilice dicho sistema, sin embargo, ha hecho caso omiso.  SEGUNDO: La Subdirección General de Inspección de Datos procedió a la realización de actuaciones previas de investigación para el esclarecimiento de los hechos objeto de la reclamación, teniendo conocimiento de los siguientes extremos: 1.- Vodafone con fecha 22 de octubre de 2018 contacta con el reclamante, a través de WhatsApp, manifestándole que van a realizar una instalación en su domicilio. 2.- El reclamante, en la misma fecha, contesta a Vodafone que no use ese medio de comunicación, que no tienen su permiso para usar ese método e incumple la LOPD.     FUNDAMENTOS DE DERECHO I De acuerdo con los poderes de investigación y correctivos que el artículo 58 del Reglamento (UE) 2016/679 (Reglamento general de protección de datos, en adelante RGPD) otorga a cada autoridad de control, y según lo dispuesto en el artículo 47 de la Ley Orgánica 3/2018, de 5 de diciembre, de Protección de Datos Personales y garantía de los derechos digitales (en lo sucesivo LOPDGDD), es competente para resolver estas actuaciones de investigación la Directora de la Agencia Española de Protección de Datos. II De conformidad con lo establecido en el artículo 55 del RGPD, la Agencia Española de Protección de Datos es competente para desempeñar las funciones que C/ Jorge Juan, 6 www.aepd.es 28001 – Madrid sedeagpd.gob.es 2/3 se le asignan en su artículo 57, entre ellas, la de hacer aplicar el Reglamento y promover la sensibilización de los responsables y los encargados del tratamiento acerca de las obligaciones que les incumben, así como tratar las reclamaciones presentadas por un interesado e investigar el motivo de estas. Corresponde, asimismo, a la Agencia Española de Protección de Datos ejercer los poderes de investigación regulados en el artículo 58.1 del mismo texto legal, entre los que figura la facultad de ordenar al responsable y al encargado del tratamiento que faciliten cualquier información que requiera para el desempeño de sus funciones. Correlativamente, el artículo 31 del RGPD establece la obligación de los responsables y encargados del tratamiento de cooperar con la autoridad de control que lo solicite en el desempeño de sus funciones. P"
e-02009-2019,2019,https://www.aepd.es/es/documento/e-02009-2019.pdf,https://web.archive.org/web/20220307210837id_/https://www.aepd.es/es/documento/e-02009-2019.pdf,"1/6 Expediente Nº: E/02009/2019 RESOLUCIÓN DE ARCHIVO DE ACTUACIONES De las actuaciones practicadas por la Agencia Española de Protección de Datos ante la entidad OFERTON ONLINE DEALS, S.L. y teniendo como base los siguientes HECHOS PRIMERO: Con fecha 10 de agosto de 2018, tuvo entrada en esta Agencia reclamación de Don A.A.A. (en lo sucesivo, el reclamante o destinatario) poniendo de manifiesto que desde el  17 de julio de 2018 la entidad OFERTON ONLINE DEALS, S.L. (en lo sucesivo, el reclamado o remitente), de la que fue cliente y frente a la cual manifestó su oposición al uso de sus datos, le  viene remitiendo  hasta  seis correos electrónicos diarios publicitando productos de distinta naturaleza a los adquiridos  en su día, ello a pesar de que  en cada mensaje recibido utiliza el  mecanismo de oposición ofrecido  y de haber  enviado más de 20 mensajes  solicitando la baja de su dirección de correo electrónico. El reclamante adjunta la siguiente documentación:  Copia de una comunicación comercial remitida, con fecha 10 de agosto de 2018, a la cuenta ***EMAIL.1 desde la dirección de correo ***EMAIL.2, en el que figura como asunto: “Préstamo concedido: hasta 1000euros al instante en tu cuenta”.   Copia de las cabeceras de Internet del citado envío. SEGUNDO: Tras la recepción de la reclamación, con fecha 1 de octubre de 2018, la Subdirección General de Inspección de Datos requirió a OFERTON ONLINE DEALS, S.L.  para que en el plazo de un mes remitiera a la AEDP, entre otra, información sobre las causas que habían motivado la incidencia que ha originado la reclamación y sobre las medidas adoptadas para evitar que se produzcan incidencias similares, así como cualquier otra que considerase relevante. Dicho requerimiento, realizado por medios electrónicos a través de la plataforma Notific@, fue devuelto por “Expirado” con fecha 12 de octubre de 2018, resultando también infructuoso el segundo intento de notificación del mismo practicado a través del Servicio de Correos con fecha 25 de octubre de 2018, que fue devuelto por “Desconocido” con fecha 31 de octubre de 2018.  Paralelamente, con fecha 1 de octubre de 2018 se comunicó al reclamante la recepción de la reclamación, que la recibió el día 8 de ese mismo mes. TERCERO:  Con fecha 19 de noviembre de 2018 se acordó admitir a trámite la reclamación presentada por el reclamante, procediéndose por la Subdirección General de Inspección de Datos a la realización de actuaciones previas de investigación para C/ Jorge Juan, 6 www.agpd.es 28001 – Madrid sedeagpd.gob.es 2/6 el esclarecimiento de los hechos expuestos en la reclamación, y en cuyo marco se solicitó al reclamante remisión de la siguiente información: “Para llevar a cabo las acciones que siguen a su reclamación y esclarecer las circunstancias en las que se produjeron los hechos, resulta necesario que, en el plazo de DIEZ DÍAS HÁBILES desde la notificación de la presente solicitud, facilite a esta Agencia toda la documentación que obre en su poder q"
e-02043-2019,2019,https://www.aepd.es/documento/e-02043-2019.pdf,https://web.archive.org/web/20251124193011id_/https://www.aepd.es/documento/e-02043-2019.pdf,"1/7 Expediente Nº: E/02043/2019 RESOLUCIÓN DE ARCHIVO DE ACTUACIONES De las actuaciones practicadas por la Agencia Española de Protección de Datos ante la REAL FEDERACIÓN ESPAÑOLA DE FUTBOL en virtud de la reclamación presentada por D. A.A.A. y en consideración a los siguientes: HECHOS PRIMERO: En fecha 26/10/2018 tiene entrada en la Agencia Española de Protección de Datos (AEPD) una reclamación de D. A.A.A. (en adelante, el reclamante), en la que explica que la web de la Real Federación Española de Futbol (en lo sucesivo, la reclamada o la RFEF) no está actualizada, toda vez que hace alusión a la Ley Orgánica 15/1999, de Protección de Datos de Carácter Personal (LOPD) y no a la normativa actualmente vigente, el Reglamento (UE) 2016/679, (RGPD); no menciona las nuevas obligaciones que derivan del artículo 13 RGPD y los formularios de recogida de datos de la página web a los que los interesados pueden acceder no ofrecen la información prevista en el artículo 13 del RGPD.  El reclamante añade que, habida cuenta de que en mayo de 2018 comunicó a la Escuela Deportiva de la RFEF que ponía fin a los servicios que le venía prestando -de los que derivaba la habilitación de esa entidad para tratar sus datos personales y los de su hijo- y, toda vez que le seguían enviando comunicaciones vía email, el 13/08/2018 ejerció ante el derecho de supresión remitiéndole a tal fin, a través de correo certificado, un escrito en el que ejercía su derecho, la copia de su DNI y documentación adjunta. Advierte que, pese a ello, en octubre de 2018 aún continúa recibiendo comunicaciones de la RFEF.  Acompaña a su reclamación, entre otros, los documentos siguientes:  - Impresiones de pantalla obtenidas de la página web de la RFEF relativas a la información que ofrece en materia de protección de datos de carácter personal. En las capturas de pantalla aportadas no consta impresa la fecha en la que se obtuvieron.   - Copia de diversos correos electrónicos intercambiados entre el reclamante y B.B.B., cuyo email es ***EMAIL.1:  a) De fecha 23/05/2018, dirigido a la dirección electrónica del reclamante (***EMAIL.2), en el que le informan del plazo de renovación de matrícula para el curso 2018/2019. b) De fecha 28/05/2018 enviado por el reclamante a la dirección ***EMAIL.1 con el siguiente texto: “Buenas tardes, te confirmo que no renovaremos matrícula el próximo año…” c)  De fecha 13/09/2018, enviado desde la dirección ***EMAIL.1 a la dirección electrónica del reclamante, en el que se facilita información a C/ Jorge Juan, 6 www.agpd.es 28001 – Madrid sedeagpd.gob.es 2/7 los padres sobre el inicio de las actividades y el equipamiento.  d) De fecha 25/10/2018 desde la dirección ***EMAIL.1 dirigido a la dirección electrónica del reclamante en el que le informan de las dificultades surgidas en la emisión de recibos.  - Escrito que el reclamante dirige a la reclamada en el ejercicio del derecho de supresión. El documento lleva impreso un sello de Correos, “***OFICINA.1” y la fecha de 1"
e-02245-2019,2019,https://www.aepd.es/es/documento/e-02245-2019.pdf,https://web.archive.org/web/20220307211233id_/https://www.aepd.es/es/documento/e-02245-2019.pdf,"1/3 Procedimiento Nº: E/02245/2019 RESOLUCIÓN DE ARCHIVO DE ACTUACIONES De las actuaciones practicadas por la Agencia Española de Protección de Datos ante WWW.ODONTOLOGUIA.COM, en virtud de reclamación presentada por Dña. A.A.A. (en adelante, la reclamante) y teniendo como base los siguientes: HECHOS PRIMERO: La reclamación interpuesta por la reclamante tiene entrada con fecha 7 de noviembre de 2018 en la Agencia Española de Protección de Datos. La reclamación se dirige contra WWW.ODONTOLOGUIA.COM, (en adelante, el reclamado).  Los motivos en que basa su reclamación son:  Señala la reclamante que se han publicado sus datos personales nombre, número de colegiado y lugares de trabajo (en los cuales ya no ejerce su profesión como odontóloga), sin previo aviso y sin autorización. Añade que se han introducido datos o reseñas de su trabajo como odontóloga colegiada, los cuales no son visibles desde la propia web ni le han notificado, apareciendo únicamente visible, datos sin que en ningún caso se mencione a los autores de las mismas, fecha de publicación o si han sido revisadas. Por otra parte, indica que no se encuentra en la citada página web ningún dato de contacto del propietario, ni del responsable del tratamiento de datos personales, haciendo por tanto imposible a los usuarios el ejercicio de los derechos de acceso, rectificación, cancelación u oposición. Solicita se proceda a borrar los datos presentes en dicha página acerca de su persona en la mayor brevedad posible. SEGUNDO: La Subdirección General de Inspección de Datos procedió a la realización de actuaciones previas de investigación para el esclarecimiento de los hechos objeto de la reclamación, teniendo conocimiento de los siguientes extremos: Con fecha 27/03/2019 se ha accedido a la dirección www.odontogia.com habiéndose comprobado que el acceso es redirigido a www.odontoguia.com.ar.  En esta página figura que el teléfono de contacto es (011) 4982 6655 y la entidad responsable de la web está ubicada en Ciudad Autónoma de Buenos Aires República Argentina. Así mismo se facilita una dirección de correo de contacto web@odontoguia.com.ar También dispone de un formulario de contacto que el usuario puede utilizar para ponerse en contacto con los administradores de la página C/ Jorge Juan, 6 www.aepd.es 28001 – Madrid sedeagpd.gob.es 2/3 FUNDAMENTOS DE DERECHO I De acuerdo con los poderes de investigación y correctivos que el artículo 58 del Reglamento (UE) 2016/679 (Reglamento general de protección de datos, en adelante RGPD) otorga a cada autoridad de control, y según lo dispuesto en el artículo 47 de la Ley Orgánica 3/2018, de 5 de diciembre, de Protección de Datos Personales y garantía de los derechos digitales (en lo sucesivo LOPDGDD), es competente para resolver estas actuaciones de investigación la Directora de la Agencia Española de Protección de Datos. II De conformidad con lo establecido en el artículo 55 del RGPD, la Agencia Española de Protección de Datos es competente para desempeñar"
e-02249-2019,2019,https://www.aepd.es/documento/e-02249-2019.pdf,https://web.archive.org/web/20240630051208id_/https://www.aepd.es/documento/e-02249-2019.pdf,"1/4 Procedimiento Nº: E/02249/2019 RESOLUCIÓN DE ARCHIVO DE ACTUACIONES De las actuaciones practicadas por la Agencia Española de Protección de Datos ante VODAFONE ENABLER ESPAÑA, S.L. (LOWI), en virtud de reclamación presentada por D. A.A.A. y teniendo como base los siguientes HECHOS PRIMERO: Con fecha 09/10/2018, tuvo entrada en esta Agencia un escrito remitido por D. A.A.A. (en adelante el reclamante) en el que denuncia a VODAFONE ENABLER ESPAÑA, S.L. (LOWI) (en lo sucesivo LOWI), por los siguientes hechos, en síntesis: ha solicitado un cambio de titularidad de línea telefónica junto con el cambio de cuenta corriente de facturación; en la compañía sólo realizan el cambio de la cuenta de facturación, pero no la titularidad. SEGUNDO: Tras la recepción de la reclamación, la Subdirección General de Inspección de Datos procedió a solicitar información acerca de lo siguiente: El 12/11/2018, reiterada el 18/12/2018, fue trasladada a LOWI la reclamación presentada para su análisis y comunicación al denunciante de la decisión adoptada al respecto. Igualmente, se le requería para que en el plazo de un mes remitiera a la Agencia determinada información: - Copia de las comunicaciones, de la decisión adoptada que haya remitido al reclamante a propósito del traslado de esta reclamación, y acreditación de que el reclamante ha recibido la comunicación de esa decisión. - Informe sobre las causas que han motivado la incidencia que ha originado la reclamación. - Informe sobre las medidas adoptadas para evitar que se produzcan incidencias similares. - Cualquier otra que considere relevante. En la misma fecha se le comunicaba al reclamante la recepción de la reclamación y su traslado a la entidad reclamada. TERCERO: Con fecha 23/01/2019, de conformidad con el artículo 65 de la LOPDGDD, la Directora de la Agencia Española de Protección de Datos acordó admitir a trámite la reclamación presentada por el reclamante contra LOWI. FUNDAMENTOS DE DERECHO I De acuerdo con los poderes de investigación y correctivos que el artículo 58 del Reglamento (UE) 2016/679 (Reglamento general de protección de datos, en adelante RGPD) otorga a cada autoridad de control, y según lo dispuesto en el artículo 47 de la Ley Orgánica 3/2018, de 5 de diciembre, de Protección de Datos Personales y garantía de los derechos digitales (en lo sucesivo LOPDGDD), es competente para C/ Jorge Juan, 6 www.aepd.es 28001 – Madrid sedeagpd.gob.es 2/4 resolver estas actuaciones de investigación la Directora de la Agencia Española de Protección de Datos. II De conformidad con lo establecido en el artículo 55 del RGPD, la Agencia Española de Protección de Datos es competente para desempeñar las funciones que se le asignan en su artículo 57, entre ellas, la de hacer aplicar el Reglamento y promover la sensibilización de los responsables y los encargados del tratamiento acerca de las obligaciones que les incumben, así como tratar las reclamaciones presentadas por un interesado e investigar el motivo de estas. C"
e-02252-2019,2019,https://www.aepd.es/documento/e-02252-2019.pdf,https://web.archive.org/web/20240706232339id_/https://www.aepd.es/documento/e-02252-2019.pdf,"1/4 Procedimiento Nº: E/02252/2019 RESOLUCIÓN DE ARCHIVO DE ACTUACIONES De las actuaciones practicadas por la Agencia Española de Protección de Datos ante BANCO SANTANDER, S.A., en virtud de reclamación presentada por D. A.A.A. (en adelante, el reclamante) y teniendo como base los siguientes. HECHOS: PRIMERO: La reclamación interpuesta por el reclamante tiene entrada el 17 de abril de 2018 en la Agencia Española de Protección de Datos. La reclamación se dirige contra Banco Santander, S.A., con NIF A39000013 (en adelante, la reclamada), basa su reclamación, en que fue empleado del banco y cuando se prejubiló en diciembre del año 2002, la reclamada le compensaban por las cuotas que pagaba por convenio especial a la Seguridad Social, efectuando el reembolso en una cuenta abierta en la citada entidad.   Posteriormente, en el año 2005 el reclamante efectuó una novación del referido convenio especial. Como consecuencia de esto último la reclamada continúo con el reembolso de las cuotas, pero tomando como base el convenio general, mientras que por parte del reclamante se procedía al pago de las nuevas cuotas.  Ahora bien, resulta que en los Certificados de Retenciones e Ingresos a Cuenta del Impuesto sobre la renta de las personas físicas correspondientes a los ejercicios 2014, 2015 y 2016, se reflejaba en el apartado de Cuotas de la Seguridad Social una cantidad que no se corresponde con el importe reembolsado en el año por la reclamada, sino a la cantidad pagada por el reclamante. De aquí que el banco accedió a su cuenta sin su consentimiento para obtener la información sobre estos pagos a la Seguridad Social.    SEGUNDO: La Subdirección General de Inspección de Datos procedió a la realización de actuaciones previas de investigación para el esclarecimiento de los hechos objeto de la reclamación, teniendo conocimiento de los siguientes extremos: Banco Santander, manifiesta en su escrito de fecha 12 de julio de 2018 que ellos reembolsan a los empleados prejubilados el gasto que les supone el pago de la cuota del convenio especial que haya celebrado con la Seguridad Social (adelante, SS), según se fija en los acuerdos de prejubilación. Desde el 1 de enero de 2003, el reclamante ha estado en situación de prejubilación, pasando a la situación de jubilación el 20 de noviembre de 2017. Pero es desde su prejubilación en el año 2003 y hasta el año 2017, en que el reclamante modificó su aportación a la Seguridad Social, esto es durante 14 años, no C/ Jorge Juan, 6 www.aepd.es 28001 – Madrid sedeagpd.gob.es 2/4 manifestó su deseo de seguir otro procedimiento alternativo, no puede sino considerarse que aceptó aquella forma de obtener información de tales cotizaciones, cobrando durante todos esos años las cantidades que el banco le reembolsaba en base a la información así obtenida sin objeción alguna por su parte. En el año 2017, al no estar conforme con el criterio del banco, que resultaba de las condiciones convenidas, de compensar al reclamante por los importes"
e-02547-2019,2019,https://www.aepd.es/documento/e-02547-2019.pdf,https://web.archive.org/web/20251126075544id_/https://www.aepd.es/documento/e-02547-2019.pdf,"1/6 Procedimiento Nº: E/02547/2019 AP/000 940-0419 RESOLUCIÓN DE ARCHIVO DE ACTUACIONES De las actuaciones practicadas por la Agencia Española de Protección de Datos y teniendo como base los siguientes HECHOS PRIMERO: Con fecha 21/03/201 la directora de la AEPD resolvió:  “PRIMERO: DECLARAR que la CONSEJERÍA DE IGUALDAD Y POLITICAS SOCIALES DE LA JUNTA DE ANDALUCÍA, ha infringido lo dispuesto en el artículo 5 de la LOPD,  tipificada como grave en el artículo 44.2.c) de la citada Ley Orgánica.  “SEGUNDO: De acuerdo con lo establecido en el apartado 3 del artículo 46 de la LOPD, se requiere a la denunciada para que acredite en el plazo de un mes desde este acto de notificación las medidas de orden interno que impidan que en el futuro pueda producirse una nueva infracción del artículo 5 de la LOPD, ahora con los requerimientos del artículo 13 del Reglamento (UE) 2016/679 del Parlamento Europeo y del Consejo de 27/04/2016 relativo a la protección de las personas físicas en lo que respecta al tratamiento de datos personales y a la libre circulación de estos datos (norma vigente en la actualidad), para lo que se abre expediente de actuaciones previas E/02457/2019.” Se comunicó la resolución recaída al DEFENSOR DEL PUEBLO, conforme señala el artículo 46 de la LOPD. SEGUNDO: Como hechos declarados probados de interés se significaron: 1) El Servicio  Andaluz de Teleasistencia (SAT) presta el servicio de teleasistencia que es una prestación de la Junta de Andalucía de atención personalizada que permite a sus usuarios mantener contacto verbal a través de línea telefónica disponible las 24 horas del día todos los días, atendido por un centro receptor, siendo su fin  entre otros, conseguir y mantener el grado de autonomía e independencia de las personas mayores en su domicilio, proporcionar a las personas mayores seguridad y una atención rápida en casos de emergencia y atención directa con seguimiento personal de cada usuario.  El procedimiento instaurado para la prestación del servicio parte de unas cláusulas de contratación que contienen un pliego de cláusulas administrativas particulares y generales que regulan el servicio, instalación, mantenimiento y otras actuaciones de los dispositivos domiciliarios, y las relaciones con el adjudicatario del servicio. Se indica que el adjudicatario instalará en  2) La persona que solicite el servicio de teleasistencia, en primer lugar rellena un impreso de solicitud en el que entre otros extremos se recogen datos de carácter personal de si el C/ Jorge Juan, 6 www.aepd.es 28001 – Madrid sedeagpd.gob.es 2/6 peticionario es menor de 65 años con discapacidad” “grado de discapacidad”, a cumplimentar a mano, y casilla para marcar de movilidad reducida: si/no” o si precisa de un cuidador por padecer Alzheimer u otra demencia. Este impreso lleva la firma del titular peticionario o representante legal. También se pueden contener datos que el peticionario da, sobre  DNI, y nombres y apellidos de “otras personas que conviven en e"
e-02621-2019,2019,https://www.aepd.es/documento/e-02621-2019.pdf,https://web.archive.org/web/20240626213526id_/https://www.aepd.es/documento/e-02621-2019.pdf,"1/7 823-240719 Expediente Nº: E/02621/2019 RESOLUCIÓN DE ARCHIVO DE ACTUACIONES De las actuaciones practicadas por la Agencia Española de Protección de Datos ante MYWORD SOCIAL RESEARCH, S.L., en virtud de la reclamación presentada por el Director de la Agencia andorrana de Protección de Datos, y teniendo como base los siguientes HECHOS PRIMERO: Con fecha 11 de febrero de 2019, tuvo entrada en esta Agencia un escrito remitido por el Director de la Agencia andorrana de Protección de Datos, indicando que habían iniciado una investigación a raíz de una encuesta telefónica que se realizó desde el dominio www.40db.es, domiciliado en Madrid, cuya titularidad ostenta la sociedad mercantil Myword Social Research, S.L. Desde ese dominio están llamando, principalmente, a números de teléfono móviles, la mayoría de los cuales no figuran en listines telefónicos. El propio Director de la Agencia andorrana recibió una llamada en su número particular que no figura en ninguna fuente accesible al público. El procedimiento utilizado consiste en llamar desde el número ***TELEFONO.1. Al responder a la llamada, el teleoperador pregunta, en primer lugar, si el interlocutor tiene derechos políticos o no. Si la respuesta es negativa, éste directamente corta la llamada; todo ello sin informar previamente al afectado sobre la empresa que realiza la encuesta, ni sobre el ejercicio de los derechos. Cuando la respuesta es afirmativa, continúa el cuestionario realizando las preguntas siguientes:  ¿Cuántos años cumpliste la última vez que celebraste tu aniversario?  Parroquia de residencia  Tipo de ocupación laboral: indefinido, pensionista, parado, estudiante, nada de nada…  Sector laboral: bancario, autónomo, liberal, público o empleado comercial o turístico.  Nivel de estudios. A partir de esas preguntas, empiezan las cuestiones políticas, pudiendo elegir entre muy bien, bien, regular, mala o muy mala; planteando estas cuestiones:  Situación económica.  Situación política C/ Jorge Juan, 6 www.aepd.es 28001 – Madrid sedeagpd.gob.es 2/7  Valoración del gobierno actual.  Valoración de la oposición.  ¿Cuáles son los principales problemas actuales? Pensiones, vivienda, tráfico, infraestructuras. Prosigue la encuesta con una valoración de los posibles candidatos a las elecciones, intención de voto del interesado, formación política más cercana a sus ideas, y posibles pactos post-electorales. El momento en que se ha realizado la encuesta no ha sido durante periodo electoral, no siendo de aplicación la Ley del Régimen electoral.  La empresa que hace la encuesta podría ser responsable o encargada del tratamiento, por lo que, a su criterio, podrían incumplirse algunos artículos del Reglamento (UE) 2016/679 DEL PARLAMENTO EUROPEO Y DEL CONSEJO de 27 de abril de 2016 relativo a la protección de las personas físicas en lo que respecta al tratamiento de datos personales y a la libre circulación de estos datos y por el que se deroga la Directiva 95/46/CE (Reglamento general de pr"
e-02627-2019,2019,https://www.aepd.es/documento/e-02627-2019.pdf,https://web.archive.org/web/20251113193735id_/https://www.aepd.es/documento/e-02627-2019.pdf,"1/7  N/Ref.: E/07364/2018 - E/02627/2019 RESOLUCIÓN DE ARCHIVO DE ACTUACIONES De las actuaciones seguidas con motivo de la reclamación presentada en la Agencia Española de Protección de Datos, por presunta vulneración del Reglamento (UE) 2016/679 del Parlamento Europeo y del Consejo de 27 de abril de 2016, relativo a la protección de las personas físicas en lo que respecta al tratamiento de datos personales y a la libre circulación de estos datos (en lo sucesivo, RGPD) y teniendo como base los siguientes HECHOS PRIMERO: Con fecha 11 de septiembre de 2018 y con número de registro de entrada 193823/2018, tuvo entrada en esta Agencia una reclamación, relacionada con un tratamiento de carácter transfronterizo de datos personales realizado por SPOTIFY AB, (en adelante, la parte reclamada) por una presunta vulneración del RGPD. Los motivos en que la parte reclamante basa la reclamación son la posible revelación de datos de su cuenta de Spotify. Según indica en su reclamación, recibió un WhatsApp de un tercero en el que se le comunicaba que en la página https://nulledbb.com/thread-Spotify--100953 estaban sus datos, junto a los de muchos otros usuarios, y entre los que se encontraban sus datos de usuario, contraseñas, tipo de cuenta, etc.    Junto a la reclamación se aportan una serie de capturas de pantalla en las que pueden observarse los mensajes recibidos por el tercero en los que se informa a la parte reclamante de la disponibilidad de los datos en internet, una captura de la búsqueda de la página en la que se publican los datos y una captura en la que se observan los datos relativos a la cuenta de Spotify supuestamente filtrados. SEGUNDO: SPOTIFY AB tiene su establecimiento principal o único en Suecia. TERCERO: Teniendo en cuenta el carácter transfronterizo de la reclamación, con fecha 11 de marzo de 2019 se acordó el archivo provisional del procedimiento y la remisión de la reclamación a la autoridad de control de Suecia por ser la competente para actuar como autoridad de control principal, a tenor de lo dispuesto en el artículo 56.1 del RGPD. CUARTO: Esta remisión se realizó, a través del “Sistema de Información del Mercado Interior” (IMI). La autoridad de control de Suecia aceptó actuar en el procedimiento en calidad de autoridad de control principal y se declararon interesadas en el mismo las autoridades de control de: España, Dinamarca, Bélgica, Francia, Países Bajos, Irlanda, Hungría, Alemania (Berlín, Hesse, Mecklenburg-Pomerania Oeste, Saarland, Renania- Palatinado, Renania Norte-Westfalia y Baja Sajonia), Noruega, Italia, Grecia y Austria. C/ Jorge Juan, 6 www.aepd.es 28001 – Madrid sedeaepd.gob.es 2/7 QUINTO: Siguiendo el procedimiento establecido en el artículo 60 del RGPD y después de que la Autoridad de control principal hubiera acordado desestimar o rechazar la reclamación, comunicó a las autoridades interesadas el proyecto de decisión, que ha sido aceptado. FUNDAMENTOS DE DERECHO I: Competencia De acuerdo con lo dispuesto en el artí"
e-02633-2019,2019,https://www.aepd.es/es/documento/e-02633-2019.pdf,https://web.archive.org/web/20210201211716id_/https://www.aepd.es/es/documento/e-02633-2019.pdf,"1/5  Expediente Nº: E/02633/2019 RESOLUCIÓN DE ARCHIVO DE ACTUACIONES De las actuaciones practicadas por la Agencia Española de Protección de Datos ante Don A.A.A. en virtud de denuncia presentada por COMUNIDAD DE PROPIETARIOS R.R.R. (B.B.B.) y teniendo como base los siguientes HECHOS PRIMERO: Con fecha 14/11/18 tuvo entrada en esta Agencia escrito de COMUNIDAD DE PROPIETARIOS R.R.R. (B.B.B.) (*en lo sucesivo el denunciante) frente a Don A.A.A. en lo sucesivo (el/la denunciado/a) en el que denuncia de manera sucinta lo siguiente: “Que el pasado mes de enero se instalado una cámara de video-vigilancia en una de las zonas comunes de esta Comunidad. La misma ha estado activa mes y medio, a pesar de los requerimientos de la Administración (…) Ni la instalación de la video cámara, ni la instalación del cable han sido autorizadas, ni tan siquiera comunicadas a la Junta de propietarios (…)”-folio nº 1--. Junto con la Denuncia acompaña prueba documental (fotografía nº 1) que acredita la presencia de un dispositivo en la fachada exterior, orientada hacia la zona de aparcamiento de vehículos. SEGUNDO: Tras la recepción de la denuncia, se procedió a dar TRASLADO de la misma a la parte denunciada, a los efectos legales oportunos, siendo notificada según consta en el sistema informático de este organismo. TERCERO: No consta que el denunciado haya realizado alegación alguna a día de la fecha, según determina el sistema informático de este organismo. FUNDAMENTOS DE DERECHO I De acuerdo con los poderes que el artículo 58.2 del Reglamento (UE) 2016/679 del Parlamento Europeo y del Consejo de 27 de abril de 2016, relativo a la protección de las personas físicas en lo que respecta al tratamiento de datos personales y a la libre circulación de estos datos (RGPD), de plena aplicación desde el 25 de mayo de C/ Jorge Juan, 6 www.agpd.es 28001 – Madrid sedeagpd.gob.es 2/5 2018, reconoce a cada autoridad de control, es competente para resolver esta reclamación la Directora de la Agencia Española de Protección de Datos, de conformidad con el artículo 12.2, apartados i) y j) del Real Decreto 428/1993, de 26 de marzo, por el que se aprueba el Estatuto de la Agencia de Protección de Datos (en adelante, RD 428/1993). En idéntico sentido se pronunciaba el artículo 37.d) en relación con el artículo 36, ambos de la Ley Orgánica 15/1999, de 13 de diciembre, de Protección de Datos de Carácter Personal, vigente en el momento de los hechos denunciados (en lo sucesivo LOPD). II En el presente caso, se procede a examinar la reclamación de fecha 14/11/18 por medio de la cual se traslada como hecho principal la “instalación de cámara” en fachada exterior con orientación hacia la vía pública y zona de parking. Los hechos pueden suponer una afectación al contenido del art. 5 RGPD “Principios relativos al tratamiento”. “Los datos personales serán: adecuados, pertinentes y limitados a lo necesario en relación con los fines para los que son tratados («minimización de datos») Conviene record"
e-02649-2019,2019,https://www.aepd.es/es/documento/e-02649-2019.pdf,https://web.archive.org/web/20220307210614id_/https://www.aepd.es/es/documento/e-02649-2019.pdf,"1/9 Procedimiento Nº: E/02649/2019 RESOLUCIÓN DE ARCHIVO DE ACTUACIONES De las actuaciones practicadas por la Agencia Española de Protección de Datos ante AMADEUS IT GROUP, S.A. y teniendo como base los siguientes HECHOS PRIMERO: AMADEUS IT GROUP, S.A. (en lo sucesivo AMADEUS), toma conciencia de la brecha tras una llamada telefónica entre AMADEUS INDIA y CISO (CHIEF INFORMATION SECURITY OFFICE) del grupo AMADEUS en donde se informa sobre la detección de una actividad sospechosa de un usuario autorizado. Según el análisis inicial llevado a cabo por el reclamado al tener conocimiento de la brecha y confirmarse que afecta a datos de carácter personal se consideró improbable que la violación de seguridad detectada constituyera un riesgo para los derechos y las libertades de las personas físicas. El alcance de la brecha está limitado a la India y por lo tanto a una actividad que tiene lugar fuera de la Unión Europea. La decisión de notificar surge del resultado de las últimas investigaciones realizadas que revelan un alcance mayor en número de personas y agencias de viajes afectados. SEGUNDO: A la vista de los hechos y de los documentos de los que ha tenido conocimiento esta Agencia, la Subdirección General de Inspección de Datos procedió a la realización de actuaciones previas de investigación para el esclarecimiento de los hechos en cuestión.  El reclamado notificó a la AEPD la brecha de seguridad aportando la siguiente información: Análisis de Riesgos de la Brecha de Seguridad  Los representantes del reclamado aportan copia del Análisis de Riesgos de la Brecha de Seguridad determinando que afecta a personas de India y es relativo a un tratamiento realizado en India y por tanto fuera del ámbito de la Unión Europea. Descripción detallada y cronológica de los hechos ocurridos que incluya información sobre la detección de la incidencia y su resolución. Abril 2018.- Una de las agencias de viajes cliente de Amadeus informa que uno de sus clientes (pasajero a los que ha gestionado el viaje) ha recibido algún correo electrónico de SWorldSim ofreciéndole tarjetas SIM internacionales.  Se inician investigaciones por parte del equipo de seguridad de AMADEUS que incluyen el scanning, ciber inteligencia y revisión de la seguridad de los sistemas de AMADEUS pero no se encuentra evidencia alguna de nada que pueda estar comprometiendo el sistema Amadeus. C/ Jorge Juan, 6 www.aepd.es 28001 – Madrid sedeagpd.gob.es 2/9 Noviembre 2018 - La misma agenda de viajes reporta dos nuevos casos de correos electrónicos enviados por WorldSIM a sus clientes (pasajeros a los que ha gestionado el viaje). Se comprobó si existía algún acuerdo con WorldSIM que justificara su conocimiento de dichos viajes siendo el resultado negativo. AMADEUS procedió a identificar quién tiene acceso a los dos PNRs (Passenger Information Record) de ambos viajes. Los PNRs son los archivos donde consta el viaje en el sistema de AMADEUS. La investigación mostró un Office ID (Identificador de oficina) d"
e-02807-2019,2019,https://www.aepd.es/documento/e-02807-2019.pdf,https://web.archive.org/web/20231013233829id_/https://www.aepd.es/documento/e-02807-2019.pdf,"1/4 Procedimiento Nº: E/02807/2019 RESOLUCIÓN DE ARCHIVO DE ACTUACIONES De las actuaciones practicadas por la Agencia Española de Protección de Datos ante ***EMPRESA.2, en virtud de reclamación presentada por D/Dña. A.A.A. y teniendo como base los siguientes HECHOS PRIMERO: El 28/11/2018 tiene entrada en esta Agencia Española de Protección de Datos escrito de D/Dña. A.A.A. (en lo sucesivo el reclamante), en el que denuncia a ***EMPRESA.2, con NIF ***NIF.1 (en lo sucesivo ***EMPRESA.2), por los siguientes hechos: despido en el ***PUESTO.1 para el que fue contratado sin que se haya alegado dolo o negligencia en el desempeño de sus funciones, tan sólo una bajada de rendimiento.  SEGUNDO: Tras la recepción de la reclamación, la Subdirección General de Inspección de Datos procedió a realizar las siguientes actuaciones: El 21/12/2018 fue trasladada a ***EMPRESA.2 la reclamación presentada para su análisis y comunicación al denunciante de la decisión adoptada al respecto. Igualmente, se le requería para que en el plazo de un mes remitiera a la Agencia determinada información: - Copia de las comunicaciones, de la decisión adoptada que haya remitido al reclamante a propósito del traslado de esta reclamación, y acreditación de que el reclamante ha recibido la comunicación de esa decisión. - Informe sobre las causas que han motivado la incidencia que ha originado la reclamación. - Informe sobre las medidas adoptadas para evitar que se produzcan incidencias similares. - Cualquier otra que considere relevante. En la misma fecha se le comunicaba al reclamante la recepción de la reclamación y su traslado a la entidad reclamada. TERCERO: Con fecha 08/02/2019, de conformidad con el artículo 65 de la LOPDGDD, la Directora de la Agencia Española de Protección de Datos acordó admitir a trámite la reclamación presentada por el reclamante contra ***EMPRESA.2. CUARTO: ***EMPRESA.2 en escrito de 04/03/2019 ha manifestado que el 31/01/2019 fue presentado escrito de contestación al requerimiento de información efectuado por la AEPD y que con fecha 21/02/2019, el reclamante le comunicó haber recibido notificación de apertura de procedimiento sancionador por infracción del artículo 38.3 RGPD, sin que ***EMPRESA.2 haya tenido conocimiento y/o notificación en relación con la citada apertura de procedimiento sancionador. C/ Jorge Juan, 6 www.aepd.es 28001 – Madrid sedeagpd.gob.es 2/4 QUINTO: El 12/03/2019 el reclamante presentó nuevo escrito en el que señalaba: que como consecuencia de su despido, la vista de los autos que sobre el mismo conoce el Juzgado de lo Social nº YY de Madrid estaba prevista para el XX/XX/2019; que sin embargo, debido a su suspensión está pendiente de señalamiento nueva fecha para su celebración; que puesto que manifestó en su escrito de reclamación, la no conformidad con la respuesta ofrecida por el DPD de ***EMPRESA.2 y que aportaría la documental que soporta su reclamación en el Juzgado es por lo que entendiéndolo relevante a los efectos del cumplim"
e-02847-2019,2019,https://www.aepd.es/documento/e-02847-2019.pdf,https://web.archive.org/web/20240630192752id_/https://www.aepd.es/documento/e-02847-2019.pdf,"1/4 Procedimiento Nº: E/02847/2019 RESOLUCIÓN DE ARCHIVO DE ACTUACIONES De las actuaciones practicadas por la Agencia Española de Protección de Datos ante ASNEF-EQUIFAX, SERVICIOS DE INFORMACIÓN SOBRE SOLVENCIA Y CRÉDITO, S.L., EXPERIAN BUREAU DE CRÉDITO, S.A., VODAFONE ESPAÑA, S.A.U., en virtud de reclamación presentada por A.A.A. y teniendo como base los siguientes HECHOS PRIMERO: El 19/11/2018 tiene entrada en esta Agencia Española de Protección de Datos escrito de D. A.A.A. (en lo sucesivo el reclamante), contra ASNEF-EQUIFAX, SERVICIOS DE INFORMACIÓN SOBRE SOLVENCIA Y CRÉDITO, S.L., EXPERIAN BUREAU DE CRÉDITO, S.A., VODAFONE ESPAÑA, S.A.U. (en lo sucesivo ASNEF, EXPERIAN y VODAFONE), por los siguientes hechos: la inclusión de sus datos en ficheros de solvencia de lo que se enteró cuando fue a pedir un crédito informándole la entidad crediticia del citado hecho, sin haber sido requerido mediante carta o llamada telefónica reclamándole la supuesta deuda. SEGUNDO: Tras la recepción de la reclamación, la Subdirección General de Inspección de Datos procedió a realizar las siguientes actuaciones: El 16/01/2019 fue trasladada a las entidades denunciadas la reclamación presentada para su análisis y comunicación al denunciante de la decisión adoptada al respecto. Igualmente, se le requería para que en el plazo de un mes remitiera a la Agencia determinada información: - Copia de las comunicaciones, de la decisión adoptada que haya remitido al reclamante a propósito del traslado de esta reclamación, y acreditación de que el reclamante ha recibido la comunicación de esa decisión. - Informe sobre las causas que han motivado la incidencia que ha originado la reclamación. - Informe sobre las medidas adoptadas para evitar que se produzcan incidencias similares. - Cualquier otra que considere relevante. En la misma fecha se le comunicaba al reclamante la recepción de la reclamación y su traslado a la entidad reclamada. TERCERO: Con fecha 04/03/2019, de conformidad con el artículo 65 de la LOPDGDD, la Directora de la Agencia Española de Protección de Datos acordó admitir a trámite la reclamación presentada por el reclamante. CUARTO: ASNEF en escrito de 16/01/2019 informaba que en el citado fichero constan tres incidencias de alta de los datos del reclamante, una de las cuales corresponde a VODAFONE; que solicitada la confirmación de los datos a la citada entidad, esta C/ Jorge Juan, 6 www.aepd.es 28001 – Madrid sedeagpd.gob.es 2/4 respondía en el sentido de que se procediera a la baja de los mismos en el fichero; el 14/01/2019 ASNEF procedió en el sentido manifestado por el acreedor, acreditando documentalmente haber llevado a cabo las notificaciones de inclusión en el fichero a las direcciones consignadas por la entidad en ***DIRECCION.1 y ***DIRECCION.2. Asimismo, aportaba los requerimientos de pago previos a la inclusión remitidos en nombre de VODAFONE a las mismas direcciones anteriores e indicaba que se había remitido al reclamante la comunicación en la "
e-02849-2019,2019,https://www.aepd.es/es/documento/e-02849-2019.pdf,https://web.archive.org/web/20220307210827id_/https://www.aepd.es/es/documento/e-02849-2019.pdf,"1/6 Expediente Nº: E/02849/2019 RESOLUCIÓN DE ARCHIVO DE ACTUACIONES De las actuaciones practicadas por la Agencia Española de Protección de Datos ante la entidad NATURGY IBERIA, S.A. y teniendo como base los siguientes HECHOS PRIMERO: Con fecha 11 de julio de 2018,  se registra de  entrada en esta Agencia escrito de Don A.A.A., (en lo sucesivo, el reclamante), poniendo de manifiesto que la entidad GAS NATURAL SERVICIOS SDG, S.A., en la actualidad  NATURGY IBERIA, S.A., de la que es cliente desde finales del año 2017, le ha remitido dos comunicaciones comerciales  con posterioridad a haberle confirmado,  con fecha 15 de marzo de 2018, la realización de las gestiones necesarias para  hacer efectivo en sus sistemas el derecho a  revocar  su consentimiento al tratamiento de sus datos con fines comerciales.  El reclamante adjunta la siguiente documentación: -Correo electrónico remitido por el Servicio de Lista Robinson, con fecha 9 de septiembre de 2009, a la dirección de correo electrónico del reclamante confirmándole el registro de un número de teléfono móvil en dicho fichero. En el citado correo electrónico no aparecen datos relativos al registro de la cuenta de correo electrónico del reclamante. -Escrito de fecha 15 de marzo de 2018 remitido desde el Servicio de Atención al Cliente de “Gas Natural Fenosa” al reclamante, en el que le comunican que: “se ha procedido a indicar en el fichero correspondiente la revocación de su consentimiento para la cesión de sus datos personales a otras empresas o terceros, así como para el tratamiento de sus datos con fines comerciales.”  - Copia de dos comunicaciones comerciales remitidas, con fechas   4 y 6 de julio de 2018, a la cuenta ***EMAIL.1 desde la dirección de correo ***EMAIL.2, en las que, respectivamente, figura como asunto “Tenemos una novedad muy importante parta ti” y “Nos volvemos a presentar: ahora somos Naturgy”. Se observa que en ambos envíos se informa del cambio de marca de la compañía de “Gas Natural Fenosa” a “Naturgy”. SEGUNDO:  Consta en esta Agencia que a raíz de otra reclamación formulada por el reclamante contra NATURGY IBERIA, S.A., (en lo sucesivo entidad reclamada), y que resultó inadmitida a trámite con fecha 11 de marzo de 2019, dicha empresa contestó a la información que le fue requerida al trasladarle la reclamación en cuestión indicando, entre otros extremos, lo siguiente: -Que tras revisar sus sistemas se constata que el reclamante tenía marcado “no publicidad” desde el 2 de marzo de 2018, ya que había revocado su consentimiento para el tratamiento de sus datos personales con fines publicitarios a C/ Jorge Juan, 6 www.agpd.es 28001 – Madrid sedeagpd.gob.es 2/6 través de su “Área Privada”. Adjuntaba impresiones de pantalla donde consta la gestión realizada.  -Que con fecha 7 de marzo de 2018 el reclamante remitió una carta a la entidad oponiéndose a la cesión de sus datos a las empresas del grupo y a la recepción de publicidad, que fue contestada con fecha 15 de marzo de 2018 in"
e-02932-2019,2019,https://www.aepd.es/es/documento/e-02932-2019.pdf,https://web.archive.org/web/20211111054330id_/https://www.aepd.es/es/documento/e-02932-2019.pdf,"1/4 1103-271119  N/Ref.: E/07295/2018 – E/02932/2019 RESOLUCIÓN DE ARCHIVO DE ACTUACIONES De las actuaciones practicadas con motivo de la reclamación presentada en la Agencia Española de Protección de Datos y teniendo como base los siguientes HECHOS PRIMERO    : Con fecha 12/09/2018 y número de registro 194051/2018 tuvo entrada en esta Agencia una reclamación presentada contra DRIVY S.A.S. (en adelante, DRIVY) por una presunta vulneración del art. 17 del Reglamento (UE) 2016/679 del Parlamento Europeo y del Consejo de 27 de abril de 2016, relativo a la protección de las personas físicas en lo que respecta al tratamiento de datos personales y a la libre circulación de estos datos (en lo sucesivo, RGPD). Los motivos en los que el reclamante basa la reclamación son:  El reclamante solicitó al responsable del tratamiento la cancelación de sus datos personales. Tras recibir un correo electrónico automático del responsable, acusando recibo de su solicitud y comprometiéndose a responder en el tiempo máximo permitido por la ley, no volvió a obtener ninguna respuesta posterior. Junto al escrito de reclamación, el reclamante aporta copia del correo electrónico remitido a la dirección de e-mail del responsable, solicitando la supresión de sus datos, así como copia de la contestación recibida. SEGUNDO    : DRIVY tiene su establecimiento principal en ***PAÍS.1.  TERCERO: La citada reclamación se trasladó a la Commission Nationale de l’Informatique et des Libertés (CNIL) –la autoridad de control de ***PAÍS.1 –por ser la competente para actuar como autoridad de control principal, a tenor de lo dispuesto en el artículo 56.1 del RGPD. CUARTO: Siguiendo el procedimiento establecido en el artículo 60 del RGPD, la autoridad de control de ***PAÍS.1 ha comunicado a las autoridades interesadas el proyecto de decisión que ha sido aceptado. FUNDAMENTOS DE DERECHO I. Competencia De acuerdo con lo dispuesto en el artículo 60.8 del RGPD, es competente para adoptar esta resolución la Directora de la Agencia Española de Protección de Datos, C/ Jorge Juan, 6 www.aepd.es 28001 – Madrid sedeagpd.gob.es 2/4 de conformidad con el artículo 12.2, apartado i) del Real Decreto 428/1993, de 26 de marzo, por el que se aprueba el Estatuto de la Agencia de Protección de Datos (en adelante, RD 428/1993) y la Disposición transitoria primera de la Ley Orgánica 3/2018, de 5 de diciembre, de Protección de Datos Personales y garantía de los derechos digitales (en lo sucesivo, LOPDGDD). II. Establecimiento principal, tratamiento transfronterizo y autoridad de control principal  El artículo 4.16 del RGPD define «establecimiento principal»: “a) en lo que se refiere a un responsable del tratamiento con establecimientos en más de un Estado miembro, el lugar de su administración central en la Unión, salvo que las decisiones sobre los fines y los medios del tratamiento se tomen en otro establecimiento del responsable en la Unión y este último establecimiento tenga el poder de hacer aplicar tales dec"
e-03078-2019,2019,https://www.aepd.es/documento/e-03078-2019.pdf,https://web.archive.org/web/20251113165426id_/https://www.aepd.es/documento/e-03078-2019.pdf,"1/4 Expediente Nº: E/03078/2019 RESOLUCIÓN DE ARCHIVO DE ACTUACIONES De las actuaciones practicadas por la Agencia Española de Protección de Datos ante la parte denunciada Don A.A.A. y Doña B.B.B. en virtud de denuncia presentada por Don C.C.C. y teniendo como base los siguientes HECHOS PRIMERO: Con fecha 17/05/18 se recibe en esta Agencia escrito del denunciante referenciado manifestando en esencia que “se han instalados tres cámaras de video- vigilancia” por parte de persona no autorizada. Se acompañó prueba fotográfica (Doc. nº1) sobre la presencia de las cámaras en cuestión, así como Denuncia de las mismas ante la Guardia Civil de la localidad (Doc. nº 2). SEGUNDO: Tras la recepción de la misma se procedió por la Subdirección de Inspección de Datos a TRASLADAR la misma a la parte denunciada, constando como “notificada” en el sistema informático de esta Agencia. TERCERO: En fecha 04/07/18 se recibió en esta Agencia escrito de la parte denunciada consistente en un Informe pericial sobre el sistema en cuestión, alegando motivos de “seguridad” frente a actos vandálicos que se habían producido en el inmueble dónde tienen su residencia habitual, indicando que las mismas disponen del preceptivo cartel informativo (Doc. probatorio nº 2) estando orientadas hacia puntos estratégicos de su vivienda. CUARTO: En fecha 12/12/18 se presentó escrito calificado como Recurso Reposición, manifestando el recurrente su disconformidad con la Resolución, al considerar que no se había comprobado que las cámaras exteriores no obtuvieran imágenes de espacio público, careciendo el cartel informativo de la indicación del responsable ante el que ejercitar en su caso los derechos correspondientes. QUINTO: En fecha 27/02/19 se emitió Resolución Estimatoria del escrito presentado, si bien solo se notificó a la parte denunciante, sin que conocimiento alguno haya tenido la denunciada. FUNDAMENTOS DE DERECHO I En virtud de los poderes que el artículo 58.2 del RGPD reconoce a cada autoridad de control, y según lo establecido en el art. 47 de la Ley Orgánica 3/2018, de 5 de diciembre, de Protección de Datos Personales y garantía de los derechos digitales (en C/ Jorge Juan, 6 www.agpd.es 28001 – Madrid sedeagpd.gob.es 2/4 lo sucesivo LOPDGDD), la Directora de la Agencia Española de Protección de Datos es competente para iniciar y para resolver este procedimiento. II En el presente caso, se procede a examinar la reclamación de fecha de entrada en esta Agencia 17/05/18 por medio de la cual se traslada como “hecho” el siguiente: “Instalación de tres cámaras por parte de una persona No autorizada, ni homologada por el Ministerio” (folio nº 1). Cabe recordar que los particulares pueden instalar cámaras de video-vigilancia, tanto operativas, como “simuladas”, asumiendo en su caso la responsabilidad de que las mismas se ajusten a la legalidad vigente. Las cámaras deben estar orientadas preferentemente hacia su espacio privativo, debiendo disponer en su caso de un cartel informativo indi"
e-03096-2019,2019,https://www.aepd.es/es/documento/e-03096-2019.pdf,https://web.archive.org/web/20220302145208id_/https://www.aepd.es/es/documento/e-03096-2019.pdf,"1/3 940-0419 Procedimiento Nº: E/03096/2019 RESOLUCIÓN DE ARCHIVO DE ACTUACIONES De las actuaciones practicadas por la Agencia Española de Protección de Datos y teniendo como base los siguientes: HECHOS PRIMERO: La reclamación interpuesta por D. A.A.A. (en adelante, el reclamante) tiene entrada con fecha 14 de noviembre de 2018 en la Agencia Española de Protección   de   Datos.   La   reclamación   se   dirige   contra www.estadoseguimientoenvio.info, (en adelante, el reclamado). Los motivos en que basa su reclamación son que en la web mencionada se están publicando sus datos personales (nombre, apellidos y domicilio), en relación con un envió postal que recibió en el mes de marzo del 2011.  Así las cosas, con fecha 31 de octubre de 2018 envió un correo electrónico a contacto@estadoseguimientoenvio.info ejercitando su derecho de cancelación, lo remitió mediante la página Doyfe, recibiendo como respuesta a dicho correo que el mensaje no se pudo entregar y le fue devuelto. SEGUNDO: La Subdirección General de Inspección de Datos procedió a la realización de actuaciones previas de investigación para el esclarecimiento de los hechos objeto de la reclamación, teniendo conocimiento de los siguientes extremos: 1.- Se ha verificado que la política de privacidad de la web no ofrece detalle de la entidad responsable, ni de su sede social ni ningún otro dato, ofreciendo como contacto un formulario en la web. 2.- La información que figura en la base de datos whois no permite tampoco conocer la entidad ni la dirección del registrante del dominio, constando únicamente que se encuentra en Panamá. 3.- Con fecha 28 de marzo de este año, desde la Inspección de Datos se ha cumplimentado el formulario de contacto solicitando la cancelación de los datos que figuran   en   el   aviso   de   llegada   en   la   dirección https://estadoseguimientoenvio.info/correos. 4.- En la misma fecha, se ha recibido respuesta desde la dirección contacto@estadoseguimientoenvios.info indicando que los datos personales han sido eliminados. 5.- El 2 de abril último, se ha verificado que los datos que figuraban en el aviso de entrega han sido distorsionados haciendo imposible su lectura. C/ Jorge Juan, 6 www.aepd.es 28001 – Madrid sedeagpd.gob.es 2/3 FUNDAMENTOS DE DERECHO I De acuerdo con los poderes de investigación y correctivos que el artículo 58 del Reglamento (UE) 2016/679 (Reglamento general de protección de datos, en adelante RGPD) otorga a cada autoridad de control, y según lo dispuesto en el artículo 47 de la Ley Orgánica 3/2018, de 5 de diciembre, de Protección de Datos Personales y garantía de los derechos digitales (en lo sucesivo LOPDGDD), es competente para resolver estas actuaciones de investigación la Directora de la Agencia Española de Protección de Datos. II De conformidad con lo establecido en el artículo 55 del RGPD, la Agencia Española de Protección de Datos es competente para desempeñar las funciones que se le asignan en su artículo 57, entre ellas, la de hacer apli"
e-03142-2019,2019,https://www.aepd.es/documento/e-03142-2019.pdf,https://web.archive.org/web/20240701133357id_/https://www.aepd.es/documento/e-03142-2019.pdf,"1/8  Procedimiento Nº: E/03142/2019 940-0419  RESOLUCIÓN DE ARCHIVO DE ACTUACIONES     De las actuaciones practicadas por la Agencia Española de Protección de Da- tos y teniendo como base los siguientes HECHOS PRIMERO: La reclamación interpuesta por Doña A.A.A. (en adelante, el reclamante) tiene entrada con fecha 17 de enero de 2019 en la Agencia Española de Protección de Datos. La reclamación se dirige contra CONSEJERIA DE SANIDAD DE LA COMUNIDAD DE MADRID - SERVICIO MADRILEÑO DE SALUD, con NIF S7800001E (en adelante, el reclamado).  Los motivos en que basa la reclamación son: La reclamante trabaja como enfermera en un Centro de Salud de Madrid, te- niendo la atención médica personal en otro Centro de Salud, y ha comprobado que, tras una baja médica, al solicitar el listado de citas médicas a las que había sido con- vocada, constaba una cita por el Director Médico del Centro de Salud en el que traba- ja, del que ella no es paciente y a la que no había acudido, por lo que sospecha que, a partir de dicha cita, alguien del citado Centro de Salud, ha podido consultar su Historia Clínica. Pidió los accesos al Servicio Madrileño de Salud, pero no le han querido dar los datos de aquellos que consultaron. Que según el denunciante tuvieron lugar a fecha de: 29 de octubre de 2018 Y, entre otra, anexa la siguiente documentación:  Listado de citas proporcionada por el Centro de Salud Palma Norte.  Solicitud de información al Servicio Madrileño de Salud sobre el acceso a su historia clínica en los últimos 12 meses.  Resolución de la Gerencia Asistencial de Atención Primaria, de fecha 12 de di- ciembre de 2018, sobre la solicitud presentada por la reclamante en el Servicio de Madrileño de Salud, indicando a la reclamante que de conformidad con el artículo 15 del Reglamento (UE) 2016/679 de 27 de abril de 2016 (RGPD), y el artículo 18 de la Ley 31/2002, reguladora de la autonomía del Paciente y de de- rechos y obligaciones en materia de información y documentación clínica, de- ben concluir que no es posible atender su solicitud en los términos expuestos, por considerarla no conforme a derecho. SEGUNDO: De conformidad con el artículo 65.4 de la Ley Orgánica 3/2018, de 5 de diciembre, de Protección de Datos Personales y garantía de los derechos digitales (en adelante LOPDGDD), con número de referencia E/01626/2019, se dio traslado de di- C/ Jorge Juan, 6 www.aepd.es 28001 – Madrid sedeagpd.gob.es 2/8 cha reclamación al reclamado, para que procediese a su análisis e informase a esta Agencia en el plazo de un mes, de las acciones llevadas a cabo para adecuarse a los requisitos previstos en la normativa de protección de datos. Se solicitó la siguiente información:  (i) Copia de las comunicaciones, de la decisión adoptada que haya remiti- do al reclamante a propósito del traslado de esta reclamación, y acredi- tación de que la reclamante ha recibido la comunicación de esa deci- sión,  (ii) (ii) Informe sobre las causas que han motivado la incidencia que ha ori-"
e-03280-2019,2019,https://www.aepd.es/documento/e-03280-2019.pdf,https://web.archive.org/web/20240630134711id_/https://www.aepd.es/documento/e-03280-2019.pdf,"1/3 Procedimiento Nº: E/03280/2019 RESOLUCIÓN DE ARCHIVO DE ACTUACIONES De las actuaciones practicadas por la Agencia Española de Protección de Datos ante EXPERIAN BUREAU DE CRÉDITO, S.A., en virtud de reclamación presentada por Dña. A.A.A. (en adelante, la reclamante) y teniendo como base los siguientes: HECHOS PRIMERO: La reclamación interpuesta por la reclamante tiene entrada con fecha 26 de noviembre de 2018 en la Agencia Española de Protección de Datos. La reclamación se dirige contra EXPERIAN BUREAU DE CRÉDITO, S.A., con NIF A82120601 (en adelante, Experian).  Los motivos en que basa la reclamación son en que tras la solicitud de financiación ha podido comprobar que estaba incluida en los ficheros de morosos. Sin embargo, no ha recibido la notificación de inclusión en los mismos. SEGUNDO: La Subdirección General de Inspección de Datos procedió a la realización de actuaciones previas de investigación para el esclarecimiento de los hechos objeto de la reclamación, teniendo conocimiento de los siguientes extremos: Con fecha 13 de marzo de 2019, Experian Bureau de Crédito, S.A., remite la siguiente información en relación con la inclusión de los datos de la reclamante en Badexcug.  En el fichero Badexcug, constan varias notificaciones de inclusión asociadas al NIF de la reclamante, en relación con las entidades, BBVA, LINDORF INVESTMENT, Nº 2 DAC. Adjuntan copia de las notificaciones, impresas por Imprelaser y enviadas por CTI Tecnología y Gestión S.A.. Las cartas de notificación de inclusión fueron enviadas por Unipost y/o Correos.  Adjuntan copia de los albaranes de Unipost y/o Correos, y realizada la búsqueda pertinente no consta ninguna incidencia en su envío y entrega al destinatario de estas notificaciones.  Que a fecha 8 de marzo de 2019, no hay ningún dato asociado al NIF de la denunciante en el fichero Badexcug. FUNDAMENTOS DE DERECHO I De acuerdo con los poderes de investigación y correctivos que el artículo 58 del Reglamento (UE) 2016/679 (Reglamento general de protección de datos, en adelante C/ Jorge Juan, 6 www.aepd.es 28001 – Madrid sedeagpd.gob.es 2/3 RGPD) otorga a cada autoridad de control, y según lo dispuesto en el artículo 47 de la Ley Orgánica 3/2018, de 5 de diciembre, de Protección de Datos Personales y garantía de los derechos digitales (en lo sucesivo LOPDGDD), es competente para resolver estas actuaciones de investigación la Directora de la Agencia Española de Protección de Datos. II De conformidad con lo establecido en el artículo 55 del RGPD, la Agencia Española de Protección de Datos es competente para desempeñar las funciones que se le asignan en su artículo 57, entre ellas, la de hacer aplicar el Reglamento y promover la sensibilización de los responsables y los encargados del tratamiento acerca de las obligaciones que les incumben, así como tratar las reclamaciones presentadas por un interesado e investigar el motivo de las mismas. Corresponde, asimismo, a la Agencia Española de Protección de Datos ejercer los p"
e-03372-2019,2019,https://www.aepd.es/es/documento/e-03372-2019.pdf,https://web.archive.org/web/20220302145319id_/https://www.aepd.es/es/documento/e-03372-2019.pdf,"1/5 Expediente Nº: E/03372/2019 RESOLUCIÓN DE ARCHIVO DE ACTUACIONES De las actuaciones practicadas por la Agencia Española de Protección de Datos ante la entidad XFERA MÓVILES, S.A. y TELEFÓNICA DE ESPAÑA, S.A.U. en virtud de denuncia presentada por A.A.A. y teniendo como base los siguientes HECHOS PRIMERO: Con fecha 04/04/2018, tuvo entrada en esta Agencia escrito de D. A.A.A. (en lo sucesivo, el denunciante) XFERA MÓVILES, S.A. (en lo sucesivo, XFERA) en el que denuncia que en la línea de teléfono número ***TELEFONO.1, de su titularidad, ha recibido llamadas comerciales de la marca Masmóvil (propiedad de XFERA) a pesar de haber registrado dicha línea en el Fichero “Servicio de Listas Robinson” de la Asociación Española de Economía Digital (ADIGITAL) el día 25/05/2011. El denunciante manifiesta que en la mencionada línea de teléfono fijo se recibieron las siguientes llamadas comerciales procedentes del número de teléfono ***TELEFONO.2:  - El día 27/03/2018 a las 21:51h - El día 20/03/2018 a las 21:44h - El día 15/03/2018 a las 21:56h El denunciante, en escrito que tuvo entrada en la Agencia con fecha 28/05/2018, adjunta la siguiente documentación: Copia de una factura de fecha 1 de abril de 2018, por el periodo de 18/02/2018 al 17/03/2018, emitida por MOVISTAR (TELEFÓNICA DE ESPAÑA, S.A.U.) a nombre de D. A.A.A. por el servicio, entre otras, de la línea de telefonía fija receptora de las llamadas objeto de denunciada.  Escrito de ADIGITAL certificando la inscripción en el canal para no recibir llamadas del Servicio de lista Robinson del número de teléfono ***TELEFONO.1 realizada en la fecha 25/05/2011 a nombre del denunciante. SEGUNDO: Tras la recepción de la denuncia, la Subdirección General de Inspección de Datos procedió a la realización de actuaciones previas de investigación para el esclarecimiento de los hechos denunciados, teniendo conocimiento de los siguientes extremos: - En el ámbito de las actuaciones previas del expediente E/06528/2018, relacionado con la realización de llamadas comerciales, se solicitó a TELEFÓNICA DE ESPAÑA, S.A.U. (en lo sucesivo, TELEFÓNICA) la confirmación de la existencia de las llamadas indicadas por el denunciante en su escrito de denuncia. Contestando a esta solicitud, se presentó escrito ante la Agencia en nombre de TELEFÓNICA el día 08/03/2019 verificando que el titular de la línea con número ***TELEFONO.1 era el denunciante en el momento de producirse las llamadas. En esta contestación, también se verifica la existencia de las siguientes llamadas con número de origen el ***TELEFONO.2 y recibidas por el número ***TELEFONO.1: C/ Jorge Juan, 6 www.agpd.es 28001 – Madrid sedeagpd.gob.es 2/5 o El día 27/03/2018 a las 21:51h o El día 15/03/2018 a las 21:57h - En el ámbito de las actuaciones previas del expediente E/06528/2018, relacionado con la realización de llamadas comerciales, se solicitó a TELEFÓNICA la titularidad del número de teléfono que realiza estas llamadas. Contestando a esta solicitud, se pres"
e-03480-2019,2019,https://www.aepd.es/es/documento/e-03480-2019.pdf,https://web.archive.org/web/20220308221533id_/https://www.aepd.es/es/documento/e-03480-2019.pdf,"1/3 Procedimiento Nº: E/03480/2019 RESOLUCIÓN DE ARCHIVO DE ACTUACIONES De las actuaciones practicadas por la Agencia Española de Protección de Datos y teniendo como base los siguientes: HECHOS PRIMERO: La reclamación interpuesta por D. A.A.A. (en adelante, el reclamante) tiene entrada con fecha 12 de diciembre de 2018 en la Agencia Española de Protección de Datos, se dirige contra Vodafone España, S.A.U., con NIF A80907397 (en adelante, el reclamado) por haber sido incluido en los ficheros sobre solvencia patrimonial y crédito, como Asnef o Experian. Además, señala que no se ha cumplido con la exigencia del requerimiento de pago de la deuda con carácter previo a la inclusión de los datos personales del reclamante en los citados ficheros y por otra parte solicita la supresión de sus datos de los mismos.   SEGUNDO: La Subdirección General de Inspección de Datos procedió a la realización de actuaciones previas de investigación para el esclarecimiento de los hechos objeto de la reclamación, teniendo conocimiento de los siguientes extremos: Con fecha 27 de marzo de 2019, manifiesta el reclamado que ha dado de baja al denunciante en los ficheros de solvencia patrimonial Badexcug y Asnef el 10 de diciembre de 2018 y 1 de febrero de 2019 respectivamente habiéndolo dado de alta en esos mismos ficheros el 28 de octubre de 2018 y el 25 de octubre de 2018 respectivamente. Asimismo, en dicha respuesta, el reclamado manifiesta que el 26 de marzo de 2019 dirigió escrito al reclamante informándole de haber sido excluido de los ficheros de solvencia mencionados. FUNDAMENTOS DE DERECHO I De acuerdo con los poderes de investigación y correctivos que el artículo 58 del Reglamento (UE) 2016/679 (Reglamento general de protección de datos, en adelante RGPD) otorga a cada autoridad de control, y según lo dispuesto en el artículo 47 de la Ley Orgánica 3/2018, de 5 de diciembre, de Protección de Datos Personales y garantía de los derechos digitales (en lo sucesivo LOPDGDD), es competente para resolver estas actuaciones de investigación la Directora de la Agencia Española de Protección de Datos. C/ Jorge Juan, 6 www.aepd.es 28001 – Madrid sedeagpd.gob.es 2/3 II De conformidad con lo establecido en el artículo 55 del RGPD, la Agencia Española de Protección de Datos es competente para desempeñar las funciones que se le asignan en su artículo 57, entre ellas, la de hacer aplicar el Reglamento y promover la sensibilización de los responsables y los encargados del tratamiento acerca de las obligaciones que les incumben, así como tratar las reclamaciones presentadas por un interesado e investigar el motivo de las mismas. Corresponde, asimismo, a la Agencia Española de Protección de Datos ejercer los poderes de investigación regulados en el artículo 58.1 del mismo texto legal, entre los que figura la facultad de ordenar al responsable y al encargado del tratamiento que faciliten cualquier información que requiera para el desempeño de sus funciones. Correlativamente, el artículo "
e-03598-2019,2019,https://www.aepd.es/es/documento/e-03598-2019.pdf,https://web.archive.org/web/20220307211809id_/https://www.aepd.es/es/documento/e-03598-2019.pdf,"1/4 Procedimiento Nº: E/03598/2019 RESOLUCIÓN DE ARCHIVO DE ACTUACIONES De las actuaciones practicadas por la Agencia Española de Protección de Datos ante SFERA JOVEN, S.A., (en adelante, Sfera) en virtud de reclamación presentada por Dña. A.A.A. (en lo sucesivo, la reclamante) y teniendo como base los siguientes: HECHOS PRIMERO: Con fecha 23 de noviembre de 2018, tuvo entrada en esta Agencia un escrito remitido por la reclamante, en el que reclama que el pasado 24 de octubre de 2018 advirtió un cargo por importe 29.99 € en su tarjeta de compra, no habiendo realizado la misma ninguna compra en esa fecha.  Posteriormente, desde el departamento correspondiente le manifiestan que se ha tratado de un fallo informático originado por un error de software. Esta incidencia quedó solucionada el pasado 26 de octubre, fecha en la que le efectuaron el reembolso del importe de 29,99 € en su cuenta.  Así las cosas, solicitó a la entidad citada el acceso a sus datos, y que a fecha 23 de noviembre de 2018 no ha recibido ninguna respuesta por ningún medio.  SEGUNDO: Tras la recepción de la reclamación, la Subdirección General de Inspección de Datos procedió a solicitar información acerca de lo siguiente: 1 Copia de las comunicaciones, de la decisión adoptada que haya remitido al reclamante a propósito del traslado de esta reclamación, y acreditación de que el reclamante ha recibido la comunicación de esta decisión. 2 Informe, sobre las causas que han motivado la incidencia que ha originado la reclamación. 3 Informe sobre las medidas adoptadas para evitar que se produzcan incidencias similares. 4 Cualquier otra que considere relevante. TERCERO: Con fecha 16 de noviembre de 2018, de conformidad con el artículo 65 de la Ley Orgánica 3/2018, de 5 de diciembre, de Protección de Datos Personales y garantía de los derechos digitales, y a los efectos previstos en su artículo 64.2, la Directora de la Agencia Española de Protección de Datos acordó Admitir a trámite la reclamación presentada por la reclamante contra la la entidad SFERA JOVEN, S.A. C/ Jorge Juan, 6 www.aepd.es 28001 – Madrid sedeagpd.gob.es 2/4 CUARTO: Con fecha 28 de febrero de 2019, se recibió contestación de la entidad Sfera en la que señalan: 1.- Que les consta el correo enviado por la reclamante con fecha 31 de octubre, el cual fue contestado con fecha 2 de noviembre y por un error humano dicha cuestión no se trató como un ejercicio de derecho de acceso, toda vez que los hechos acaecidos fueron ocasionados por un fallo informático, por lo que se trataron como una incidencia y no como un ejercicio de derecho. 2.- Además, con fecha 21 de febrero último Sfera procedió a enviar un Burofax Premium (Urgente) a la reclamante con la información de los datos que constan en su base de datos. 3.- Por otra parte, aportan prueba de entrega del Burofax, emitida por el servicio de Correos, cuyo resultado: Entregado el 28 de febrero de 2019.     FUNDAMENTOS DE DERECHO I De acuerdo con los poderes de investigación y cor"
e-03823-2019,2019,https://www.aepd.es/documento/e-03823-2019.pdf,https://web.archive.org/web/20251113171534id_/https://www.aepd.es/documento/e-03823-2019.pdf,"1/3 Procedimiento Nº: E/03823/2019 RESOLUCIÓN DE ARCHIVO DE ACTUACIONES De las actuaciones practicadas por la Agencia Española de Protección de Datos ante VODAFONE ESPAÑA, S.A.U., en virtud de reclamación presentada por D. A.A.A. (en adelante, el reclamante) y teniendo como base los siguientes: HECHOS PRIMERO: La reclamación interpuesta por el reclamante tiene entrada con fecha 10 de diciembre de 2018 en la Agencia Española de Protección de Datos. La reclamación se dirige contra VODAFONE ESPAÑA, S.A.U., con NIF A80907397 (en adelante, Vodafone).  Los motivos en que basa su reclamación son en que recibe correos electrónicos de Vodafone, no siendo cliente de la anterior, y por lo tanto solicita que eliminen su correo de su base de datos. SEGUNDO: La Subdirección General de Inspección de Datos procedió a la realización de actuaciones previas de investigación para el esclarecimiento de los hechos objeto de la reclamación, teniendo conocimiento de los siguientes extremos: Vodafone manifiesta que remitió carta con fecha 26 de marzo de 2019 al reclamante, informándole de que han corregido el error que motivaba que recibiera los correos de disponibilidad de factura. La razón era que su email estaba incluido en la ficha de otro cliente.  Aportan un informe donde constan las pantallas con la dirección de correo electrónico indicada, incluida en la ficha de otro cliente. Los correos de disponibilidad de factura son meros avisos de que la factura se encuentra colgada en el área privada del cliente. En ningún caso aportan copia de la factura o recogen ningún dato relativo o a ésta. FUNDAMENTOS DE DERECHO I De acuerdo con los poderes de investigación y correctivos que el artículo 58 del Reglamento (UE) 2016/679 (Reglamento general de protección de datos, en adelante RGPD) otorga a cada autoridad de control, y según lo dispuesto en el artículo 47 de la Ley Orgánica 3/2018, de 5 de diciembre, de Protección de Datos Personales y garantía de los derechos digitales (en lo sucesivo LOPDGDD), es competente para resolver estas actuaciones de investigación la Directora de la Agencia Española de Protección de Datos. C/ Jorge Juan, 6 www.aepd.es 28001 – Madrid sedeagpd.gob.es 2/3 II De conformidad con lo establecido en el artículo 55 del RGPD, la Agencia Española de Protección de Datos es competente para desempeñar las funciones que se le asignan en su artículo 57, entre ellas, la de hacer aplicar el Reglamento y promover la sensibilización de los responsables y los encargados del tratamiento acerca de las obligaciones que les incumben, así como tratar las reclamaciones presentadas por un interesado e investigar el motivo de las mismas. Corresponde, asimismo, a la Agencia Española de Protección de Datos ejercer los poderes de investigación regulados en el artículo 58.1 del mismo texto legal, entre los que figura la facultad de ordenar al responsable y al encargado del tratamiento que faciliten cualquier información que requiera para el desempeño de sus funciones. Correla"
e-04144-2019,2019,https://www.aepd.es/es/documento/e-04144-2019.pdf,https://web.archive.org/web/20220307211553id_/https://www.aepd.es/es/documento/e-04144-2019.pdf,"1/3 Procedimiento Nº: E/04144/2019 RESOLUCIÓN DE ARCHIVO DE ACTUACIONES De las actuaciones practicadas por la Agencia Española de Protección de Datos y teniendo como base los siguientes: HECHOS PRIMERO: La reclamación interpuesta por D. A.A.A. (en adelante, el reclamante) tiene entrada con fecha 12 de diciembre de 2018 en la Agencia Española de Protección de Datos, se dirige contra VODAFONE ESPAÑA, S.A.U., con NIF A80907397 (en lo sucesivo, el reclamado). Los motivos en que basa su reclamación son en que, habiendo ejercitado el derecho de acceso a sus datos personales, le informan que han procedido a su cancelación. En relación con ello muestra su perplejidad ya que no había solicitado su supresión, motivo por el cual expreso al reclamado su disconformidad, sin embargo, no ha obtenido respuesta.   SEGUNDO: Tras la recepción de la reclamación, la Subdirección General de Inspección de Datos procedió a solicitar información acerca de lo siguiente: 1. Copia de las comunicaciones, de la decisión adoptada que haya remitido al reclamante a propósito del traslado de esta reclamación, y acreditación de que el reclamante ha recibido la comunicación de esta decisión. 2. Informe, sobre las causas que han motivado la incidencia que ha originado la reclamación. 3. Informe sobre las medidas adoptadas para evitar que se produzcan incidencias similares. 4.  Cualquier otra que considere relevante.  TERCERO: Con fecha 1 de abril de 2019, de conformidad con el artículo 65 de la Ley Orgánica 3/2018, de 5 de diciembre, de Protección de Datos Personales y garantía de los derechos digitales, y a los efectos previstos en su artículo 64.2, la Directora de la Agencia Española de Protección de Datos acordó Admitir a trámite la reclamación presentada por la reclamante contra la la entidad reclamada. CUARTO: El 4 de abril de 2019, se recibió contestación de la entidad reclamada en la cual manifiestan: 1.- Señalan que, con fecha 1 de abril de este año, dieron contestación al reclamante, dónde le manifiestan que tras realizar la búsqueda en sus sistemas, han comprobado que no disponen de ningún dato relativo al mismo. Señalando, que su número de teléfono fue incluido en una campaña de captación para potenciales clientes y la misma fue realizada con datos de personas que los facilitaron a través de su web para pedir información sobre sus servicios y respuestas. C/ Jorge Juan, 6 www.aepd.es 28001 – Madrid sedeagpd.gob.es 2/3 2.- Además, en la actualidad consta como Robinson de manera que su número de teléfono, aunque se genere de forma aleatoria, no será incluido en campañas comerciales gestionados por el reclamado.   3.- Por otra parte, aportan prueba de entrega de la carta certificada remitida al reclamante, emitida por el servicio de Correos, cuyo resultado fue entregado el 10 de abril de 2019.     FUNDAMENTOS DE DERECHO I De acuerdo con los poderes de investigación y correctivos que el artículo 58 del Reglamento (UE) 2016/679 (Reglamento general de protección de datos, en ade"
e-04267-2019,2019,https://www.aepd.es/documento/e-04267-2019.pdf,https://web.archive.org/web/20251113173100id_/https://www.aepd.es/documento/e-04267-2019.pdf,"1/3 940-0419 Procedimiento Nº: E/04267/2019 RESOLUCIÓN DE ARCHIVO DE ACTUACIONES De las actuaciones practicadas por la Agencia Española de Protección de Datos ante el MINISTERIO DE ASUNTOS EXTERIORES, UNIÓN EUROPEA Y COOPERACIÓN (en lo sucesivo el denunciado) en virtud de denuncia presentada por A.A.A. (en lo sucesivo el denunciante) y teniendo como base los siguientes HECHOS PRIMERO: Con fecha 9 de abril de 2019, tuvo entrada en esta Agencia escrito del denunciante en el que se reclamaba al denunciado por no atender la solicitud de permiso de residencia solicitado a través del Consulado de España en Tánger, ante la Comisaría de Extranjería en Ibiza. SEGUNDO: Tras la recepción de la denuncia la Subdirección General de Inspección de Datos procedió a la realización de actuaciones previas de investigación para el esclarecimiento de los hechos denunciados, teniendo conocimiento de los siguientes extremos: Consta según manifestaciones del denunciante, que desde el 12 de octubre de 2018 está tratando de recuperar el permiso de residencia en España, solicitado a través del Consulado de España en Tánger, ante la Comisaría de Extranjería en Ibiza. Manifiesta del denunciante haber presentado varias solicitudes ante dicho consulado, de las cuales no adjunta copia, sin obtener respuesta a las mismas. Anexa la siguiente documentación: Copia del documento de identificación. De las actuaciones de investigación llevadas a cabo por la Inspección de datos de esta AEPD, consta lo siguiente: 1. Con fechas 29 de mayo y 11 de junio de 2019 la Inspección de Datos ha solicitado información a la Dirección General de Españoles en el Exterior y de Asuntos Consulares y Migratorios del Ministerio de Asuntos Exteriores, Unión Europea y Cooperación en relación con los hechos denunciados, teniendo entrada un escrito dando respuesta al requerimiento en el que manifiestan lo siguiente:  1.1. El denunciante inició en 2018 un procedimiento administrativo de extinción y recuperación de residencia de larga duración, procedimiento previsto en el Capítulo IV del Título VI del Real Decreto 557/2011, por el que se aprueba el Reglamento de la Ley Orgánica 4/2000, sobre derechos y libertades de los extranjeros en España y su integración social, presentando su solicitud ante el C/ Jorge Juan, 6 www.aepd.es 28001 – Madrid sedeagpd.gob.es 2/3 Consulado General de España en Tánger, que dio traslado a la autoridad competente para resolver, en este caso, la Oficina de Extranjería de Mallorca. 1.2. No consta que el denunciante haya solicitado el ejercicio de alguno de los derechos reconocidos en los artículos 15 a 22 del Reglamento (UE) 2016/679, u otros contenidos en la Ley Orgánica 3/2018 de Protección de datos personales y garantía de los derechos digitales.  FUNDAMENTOS DE DERECHO I De acuerdo con los poderes de investigación y correctivos que el artículo 58 del Reglamento (UE) 2016/679 (Reglamento general de protección de datos, en adelante RGPD) otorga a cada autoridad de control, y según "
e-04602-2019,2019,https://www.aepd.es/documento/e-04602-2019.pdf,https://web.archive.org/web/20240706143234id_/https://www.aepd.es/documento/e-04602-2019.pdf,"1/5  Procedimiento Nº: E/04602/2019 940-0419 RESOLUCIÓN DE ARCHIVO DE ACTUACIONES De las actuaciones practicadas por la Agencia Española de Protección de Datos y teniendo como base los siguientes: HECHOS PRIMERO: La reclamación interpuesta por D. A.A.A. (en adelante, el reclamante) tiene entrada con fecha 30 de enero de 2019 en la Agencia Española de Protección de Datos. La reclamación se dirige contra Iberdrola Clientes, S.A.U., con NIF A95758389 (en adelante, el reclamado o Ibercli). El reclamante manifiesta que Ibercli ha incluido sus datos en el fichero de solvencia Asnef sin existir ninguna relación contractual previa con ellos. Tampoco ha recibido notificación de la empresa denunciada avisando de dicha inclusión.  Se aporta la siguiente documentación: 1º Informe de Equifax de fecha 4 de octubre de 2017 notificando al reclamante que tiene informados sus datos  al fichero Asnef por la compañía Ibercli y otra entidad. 2º Informe de Equifax de fecha 17 de enero de 2019 avisando al reclamante que no tiene informados sus datos a los ficheros Asnef, Asnef Empresas, ni al fichero de Incidencias Judiciales y Reclamaciones De Organismos Públicos. 3º Informe de Equifax de fecha 24 de enero de 2019 comunicando al reclamante que tiene informados sus datos al fichero Asnef por la compañía Ibercli. SEGUNDO: De conformidad con el artículo 65.4 de la Ley Orgánica 3/2018, de 5 de diciembre, de Protección de Datos Personales y garantía de los derechos digitales (en adelante LOPDGDD), con número de referencia E/01594/2019, se dio traslado de dicha reclamación al reclamado, para que procediese a su análisis e informase a esta Agencia en el plazo de un mes, de las acciones llevadas a cabo para adecuarse a los requisitos previstos en la normativa de protección de datos. TERCERO: Por resolución de 22 de abril de 2019 la Directora de la Agencia Española de Protección de Datos acordó admitir a trámite la reclamación presentada por el reclamante. CUARTO: La Subdirección General de Inspección de Datos procedió a la realización de actuaciones previas de investigación para el esclarecimiento de los hechos objeto de la reclamación, teniendo conocimiento de los siguientes extremos: 1. Con fecha de notificación de 14 de febrero de 2019 se da traslado de la reclamación al reclamado solicitando la siguiente información: (i) Copia de las comunicaciones, de la decisión adoptada que haya remitido al reclamante a propósito C/ Jorge Juan, 6 www.aepd.es 28001 – Madrid sedeagpd.gob.es 2/5 del traslado de esta reclamación, y acreditación de que el reclamante ha recibido la comunicación de esa decisión, (ii) Informe sobre las causas que han motivado la incidencia que ha originado la reclamación, (iii) Informe sobre las medidas adoptadas para evitar que se produzcan incidencias similares y (iv) Cualquier otra que considere relevante. 2. Consta en el expediente que el domicilio actual indicado por el reclamante en su reclamación no coincide con el informado al fichero Asnef. 3. Consta"
e-05159-2019,2019,https://www.aepd.es/es/documento/e-05159-2019.pdf,https://web.archive.org/web/20211111054348id_/https://www.aepd.es/es/documento/e-05159-2019.pdf,"1/5  N/Ref.: E/03880/2019 - E/05159/2019 1103-240320 RESOLUCIÓN DE ARCHIVO DE ACTUACIONES De las actuaciones practicadas con motivo de la reclamación presentada en la Agencia Española de Protección de Datos y teniendo como base los siguientes HECHOS PRIMERO    : Con fecha 12/03/2019 y número de registro de entrada 012891/2019, tuvo entrada en esta Agencia una reclamación presentada contra AMAZON, por una presunta vulneración del Artículo 16 del RGPD. Los motivos en que el reclamante basa la reclamación son:  El reclamante solicita a AMAZON la rectificación del nombre de autor de una  obra escrita por él y que se está comercializando en la sección de librería de su plataforma de comercio electrónico. En el portal web, se descubre su nombre y  apellidos reales como autor de la obra, cuando la misma ha sido firmada con  un seudónimo registrado en la Oficina de Patentes y Marcas.   Para cumplir con su solicitud de rectificación, el responsable del tratamiento  emplaza al solicitante a remitirla de nuevo desde su cuenta de vendedor, para  poder acreditar su identidad. Sin embargo, el reclamante no dispone de este  tipo de cuenta, al no estar registrado como vendedor en la plataforma. Junto a la reclamación aporta evidencia de los intentos de solicitud de rectificación  dirigidos al responsable (a través de su cuenta de usuario de Amazon y mediante la  dirección de e-mail de su DPD). SEGUNDO    : AMAZON tiene su establecimiento principal en Luxemburgo.  TERCERO: La citada reclamación se trasladó, a través del “Sistema de Información del Mercado Interior” (IMI), a la autoridad de control de Luxemburgo por ser la competente para actuar como autoridad de control principal, a tenor de lo dispuesto en el artículo 56.1 del Reglamento (UE) 2016/679 del Parlamento Europeo y del Consejo de 27 de abril de 2016, relativo a la protección de las personas físicas en lo que respecta al tratamiento de datos personales y a la libre circulación de estos datos (en lo sucesivo, RGPD). Se han declarado interesadas en el procedimiento las autoridades de control de Bélgica, regional alemana de Baja Sajonia, Portugal, Francia, Italia, regional alemana de Berlín, Dinamarca, Hungría y Eslovaquia. CUARTO: Siguiendo el procedimiento establecido en el artículo 60 del RGPD y después de haberse acordado desestimar o rechazar la reclamación por la Autoridad de Control principal y por las interesadas, la Commission nationale pour la protection C/ Jorge Juan, 6 www.aepd.es 28001 – Madrid sedeagpd.gob.es 2/5 des données (CNPD) de Luxemburgo ha comunicado a las autoridades interesadas el proyecto de decisión, que ha sido aceptado. FUNDAMENTOS DE DERECHO I – Competencia De acuerdo con lo dispuesto en el artículo 60.8 del RGPD, es competente para adoptar esta resolución la Directora de la Agencia Española de Protección de Datos, de conformidad con el artículo 12.2, apartado i) del Real Decreto 428/1993, de 26 de marzo, por el que se aprueba el Estatuto de la Agencia de Protección de Dat"
e-05328-2019,2019,https://www.aepd.es/es/documento/e-05328-2019.pdf,https://web.archive.org/web/20221011154040id_/https://www.aepd.es/es/documento/e-05328-2019.pdf,"1/4  Procedimiento Nº: E/05328/2019 RESOLUCIÓN DE ARCHIVO DE ACTUACIONES De las actuaciones practicadas por la Agencia Española de Protección de Datos (en adelante AEPD) y teniendo como base los siguientes HECHOS PRIMERO: La AEPD ha tenido conocimiento a través de varias reclamaciones fechadas entre el 5 de abril y el 9 de julio de 2019 dirigidas contra WWW.DIRECTORIO-ESPANA.COM  que los datos personales de los reclamantes son tratados en la citada web sin contar con su previo consentimiento. Además, se manifiesta que en el formulario para dar de baja esos datos se exige la introducción de un CAPTCHA grafico que no aparece y por lo tanto hace inviable enviar el formulario. En dicha página web no aparecen los datos obligatorios de la persona responsable de la web. En el servicio de Whois sólo se dice que el propietario del dominio está domiciliado en ***PAIS.1 SEGUNDO: Tras la recepción de todo el expediente, la Subdirección General de Inspección de Datos procedió a la realización de actuaciones previas de investigación para el esclarecimiento de los hechos denunciados, teniendo conocimiento de los siguientes extremos: En fecha 10 de junio de 2019 se obtiene impresión de la política de privacidad de esta página web, verificando que no informa de la dirección de la entidad ni del procedimiento para ejercer los derechos de los usuarios. No obstante, dispone de un formulario para solicitar la cancelación del número de teléfono que no funciona ya que el CAPTCHA no aparece. En fecha 10 de junio de 2019 se obtiene obtienen evidencias a través de Internet relativas al dominio WWW.DIRECTORIO-ESPANA.COM:  El registrante del dominio es Whois Privacy Corp. con Dirección postal: ***DIRECCIÓN.1, ***PAÍS.1  La dirección IP ***IP.1 está asociada a la entidad IAMONSYS GmbH con dirección: ***DIRECCIÓN.2, ***PAÍS.2 C/ Jorge Juan, 6 www.aepd.es 28001 – Madrid sedeagpd.gob.es 2/4 FUNDAMENTOS DE DERECHO I De acuerdo con los poderes de investigación y correctivos que el artículo 58 del Reglamento (UE) 2016/679 (Reglamento general de protección de datos, en adelante RGPD) otorga a cada autoridad de control, y según lo dispuesto en el artículo 47 de la Ley Orgánica 3/2018, de 5 de diciembre, de Protección de Datos Personales y garantía de los derechos digitales (en lo sucesivo LOPDGDD), es competente para re- solver estas actuaciones de investigación la Directora de la Agencia Española de Pro- tección de Datos. II De conformidad con lo establecido en el artículo 55 del RGPD, la Agencia Es- pañola de Protección de Datos es competente para desempeñar las funciones que se le asignan en su artículo 57, entre ellas, la de hacer aplicar el Reglamento y promover la sensibilización de los responsables y los encargados del tratamiento acerca de las obligaciones que les incumben, así como tratar las reclamaciones presentadas por un interesado e investigar el motivo de estas. Corresponde, asimismo, a la Agencia Española de Protección de Datos ejercer los poderes de investigación"
e-05727-2019,2019,https://www.aepd.es/documento/e-05727-2019.pdf,https://web.archive.org/web/20240330124818id_/https://www.aepd.es/documento/e-05727-2019.pdf,"1/8 Procedimiento Nº: E/05727/2019 940-0419 RESOLUCIÓN DE ARCHIVO DE ACTUACIONES De las actuaciones practicadas por la Agencia Española de Protección de Datos y teniendo como base los siguientes HECHOS PRIMERO: Las actuaciones de inspección se inician por la recepción de un escrito de notificación de quiebra de seguridad remitido por la UNIÓN Temporal de Empresas (UTE) formada por HIBERUS TECNOLOGIA DE LA INFORMACIÓN, S.L. y SICOMORO SERVICIOS INTEGRALES, S.L. (en adelante UTE) en el que informan a la Agencia Española de Protección de Datos (en adelante AEPD) de que, con fecha 17 de mayo de 2019, han recibido un correo electrónico de un periodista del diario EL CONFIDENCIAL indicando que un tercero les ha comunicado un fallo de seguridad en el sitio web que gestiona la venta de entradas del “PATRONATO DE LA ALHAMBRA DE GRANADA Y GENERALIFE” (en adelante el Patronato). En el escrito de notificación la UTE considera que la posible fecha de inicio de la brecha de seguridad es el 18 de febrero de 2019. El 22 de mayo de 2019 se reciben en la AEPD escritos de reclamación de la Asociación de Consumidores y Usuarios en Acción FACUA y de A.A.A. en el que informan del fallo de seguridad en la web de la Alhambra de Granada que ha dejado expuestos los datos de los visitantes durante dos años. A.A.A. manifiesta que sus datos se encuentran entre los expuesto por el incidente de seguridad.  Con fecha 24 de mayo de 2019 se reciben en la AEPD sendos escritos de reclamación de las compañías GLOBAL 3D VIRTUAL STORIES, S.L. y CITY TOUR ALHAMBRA VIAJES, S.L. en los que se pone de manifiesto que con motivo de un fallo de seguridad en el sitio web que gestiona la venta de entradas a la Alhambra de Granada han sido expuestos los datos de sus compañías, entre ellos, datos bancarios y credenciales de acceso a la web de gestión de entradas. Ambas entidades manifiestan que mantienen una relación mercantil con la UTE y el Patronato de la Alhambra motivo por el cual disponen de clave de acceso a la web objeto del incidente de seguridad.  Con fecha 4 de junio de 2019 se recibe en la AEPD un escrito de reclamación de B.B.B. en relación con el incidente en la venta de entradas donde indica que tal y como se ha publicado en el diario EL CONFIDENCIAL (el ***FECHA.1, se publica una noticia en la dirección ***URL.1, sobre la brecha de seguridad) han quedado expuestos al público los datos los visitantes, entre los que se encuentran sus datos personales.  C/ Jorge Juan, 6 www.aepd.es 28001 – Madrid sedeagpd.gob.es 2/8 SEGUNDO: La Subdirección General de Inspección de Datos procedió a la realización de actuaciones previas de investigación para el esclarecimiento de los hechos objeto de la reclamación, teniendo conocimiento de los siguientes extremos: ANTECEDENTES Fecha de notificación de quiebra: 23 de mayo de 2019 ENTIDADES INVESTIGADAS UTE HIBERUS TECNOLOGIAS DE LA INFORMACIÓN, S.L. Y SICOMORO SERVICIOS INTEGRALES, S.L. (UTE) con NIF U99493280 y con domicilio en c/ BARI 25, 1-2,  501"
e-05917-2019,2019,https://www.aepd.es/es/documento/e-05917-2019.pdf,https://web.archive.org/web/20220307210647id_/https://www.aepd.es/es/documento/e-05917-2019.pdf,"1/9  Procedimiento Nº: E/05917/2019 940-0419 RESOLUCIÓN DE ARCHIVO DE ACTUACIONES De las actuaciones practicadas por la Agencia Española de Protección de Datos y teniendo como base los siguientes HECHOS PRIMERO: Con fecha 22/05/2018 se recibe denuncia de SECURITAS DIRECT ESPAÑA ( en lo sucesivo SD) manifestando que A.A.A. remitió el 11 del mismo mes y año, dos correos electrónicos a través de la dirección electrónica ***EMAIL.1 en los que se deduce que tienen documentos  de los que son responsables SD. La denuncia interesa requerir a la Sra.  A.A.A. y a SINDICATO DE TRABAJADORES DE SEGURIDAD PRIVADA-INTERSINDICAL, ( INTERSINDICAL) información sobre el ori- gen de los documentos a los que ha tenido acceso. Aporta copia de un correo de 11/05/2018,  10 h 59 , dirigido a varias personas con dominio securitasdirect.es y dominio  policia.es, indica: “Asunto<<. Contratos originales ”“el lunes depositaremos en el juzgado todos los contratos que nos han llegado junto a una de- nuncia”. ”os paso unos cuantos no tengo tiempo de escanear el resto hay de todos los años ahí van los más antiguos 1998“.  En otro correo del mismo día a las 11:30 indica , “asunto: Otros tantos” “otros tantos van en bloque no puedo dedicar tiempo a escanear uno por uno, faltan más el lunes los te- néis en ***DIRECCIÓN.1 que hagan lo que les dé la gana con ellos” ”los de otros años pa- saron por los ordenadores de algunas de vuestras antiguas distribuidoras y extrabajadores“. En el primer correo pone en el pie de firma el nombre “A.A.A.”. Según SD, se deduce que obran en poder de la reclamada contratos de seguridad de clientes de SECURITAS DIRECT que contienen datos de carácter personal. En algunos ca- sos incluyen palabras de seguridad, domicilio y domicilios de los titulares. Manifiesta que toda la información contenida en los documentos, tanto físicos como digitales son tratados por SD con confidencialidad, existiendo protocolo de protección en el  tratamiento de la mis- ma, no pudiendo acceder más que las personas facultadas para ello. Indica que “desconoce cómo la denunciada e INTERSINDICAL han podido obtener dicha documentación” y que “ni la Sra. A.A.A. ni INTERSINDICAL cuentan con autorización para tener esta documentación” concluyendo que no han podido acceder a través de un me- dio lícito.  Considera SD que la denunciada deja entrever en su correo electrónico que la docu- mentación ha podido ser extraída en connivencia con  entre otras personas,  antiguas em- presas distribuidoras y ex trabajadores de SD. Añade que la propia denunciada fue emplea- da de la compañía desde 10/12/2007 a 4/02/2008 y que la documentación está expuesta en la web oficial de Facebook de INTERSINDICAL. C/ Jorge Juan, 6 www.aepd.es 28001 – Madrid sedeagpd.gob.es 2/9 Manifiesta que SD ha puesto en marcha labores de averiguación sobre el alcance de lo ocurrido y concreta que el número de contratos en posesión de la denunciada son 111, suscritos entre 1998 y 2015 la mayoría del año 98, de los cuales, 5"
e-06024-2019,2019,https://www.aepd.es/es/documento/e-06024-2019.pdf,https://web.archive.org/web/20211116094550id_/https://www.aepd.es/es/documento/e-06024-2019.pdf,"1/5  N/Ref.: E/03515/2019 - E/06024/2019 1103-260320 RESOLUCIÓN DE ARCHIVO DE ACTUACIONES De las actuaciones practicadas con motivo de la reclamación presentada en la Agencia Española de Protección de Datos y teniendo como base los siguientes HECHOS PRIMERO    : Con fecha 8 de marzo de 2019 y con número de registro de entrada 012099/2019, tuvo entrada en esta Agencia una reclamación presentada contra el responsable del servicio INSTAGRAM, FACEBOOK IRELAND LIMITED (en adelante, FACEBOOK), por una presunta vulneración del Artículo 15 del RGPD. Los motivos en que el reclamante basa la reclamación son:  El responsable del servicio INSTAGRAM no ha atendido la solicitud de acceso a la información contenida en su perfil privado, de nombre ***PERFIL.1, planteada por el reclamante al descubrir que le había sido bloqueado el acceso a la misma de forma unilateral, injustificada y sin previo aviso.   Tras rellenar el formulario habilitado en la plataforma de la red social, el reclamante recibió un mensaje automatizado en el que básicamente le instan a acceder a su cuenta y descargarse la información, remitiéndole al mismo formulario que ha utilizado. En el mensaje le dicen que conteste al correo automatizado en caso de tener cuestiones adicionales, pero, al hacerlo, obtiene un error del servidor de correo.  Junto a la reclamación aporta una copia del mensaje obtenido tras solicitar acceso al contenido de su cuenta, copia del e-mail enviado a la dirección de origen del correo automatizado, y respuesta de error del servidor de correo. SEGUNDO    : FACEBOOK tiene su establecimiento principal en ***PAÍS.1. TERCERO: La citada reclamación se trasladó, a través del “Sistema de Información del Mercado Interior” (IMI), a la Data Protection Commission (DPC) –la autoridad de control de ***PAÍS.1 –por ser la competente para actuar como autoridad de control principal, a tenor de lo dispuesto en el artículo 56.1 del Reglamento (UE) 2016/679 del Parlamento Europeo y del Consejo de 27 de abril de 2016, relativo a la protección de las personas físicas en lo que respecta al tratamiento de datos personales y a la libre circulación de estos datos (en lo sucesivo, RGPD). Se declararon interesadas en el procedimiento las autoridades de control de: República Checa, Suecia, Italia, Dinamarca, Noruega, Francia, Eslovaquia, Polonia, Chipre, y regionales alemanas de Renania-Palatinado, Hesse, Baja Sajonia, Mecklemburgo-Pomerania Occidental, Berlín y Saarland. C/ Jorge Juan, 6 www.aepd.es 28001 – Madrid sedeagpd.gob.es 2/5 CUARTO: Siguiendo sus procedimientos internos, la autoridad de control de ***PAÍS.1 ha procurado obtener una resolución amistosa del caso. Para ello, ha contactado con el responsable con motivo de esta reclamación, y ha facilitado a esta Agencia una carta para reenviar al reclamante, en la que le trasladan la respuesta del responsable. Éste informa de que ha restablecido el acceso a la cuenta de usuario del reclamante, de forma que éste ya puede acceder, descargar"
e-06098-2019,2019,https://www.aepd.es/documento/e-06098-2019.pdf,https://web.archive.org/web/20230927011526id_/https://www.aepd.es/documento/e-06098-2019.pdf,"1/9 Procedimiento Nº: E/06098/2019 940-0419 RESOLUCIÓN DE ARCHIVO DE ACTUACIONES De las actuaciones practicadas por la Agencia Española de Protección de Datos y teniendo como base los siguientes HECHOS PRIMERO: La reclamación interpuesta por Don A.A.A. (en adelante, el reclamante) tiene entrada con fecha 15 de febrero de 2019 en la Agencia Española de Protección de Datos. La reclamación se dirige contra el AYUNTAMIENTO DE TEULADA, con NIF P0312800F (en adelante, el reclamado).  Los motivos en que basa la reclamación son que en el Ayuntamiento de Teulada suceden errores a la hora de proceder con las notificaciones, haciendo llegar datos estrictamente personales a terceros y enviando escritos a domicilios donde ya no reside. Y, entre otra, anexa la siguiente documentación:  Reclamación ante el Ayuntamiento de Teulada, con fecha de registro 10 de febrero de 2019 y un documento adjunto fechado el mismo día, y firmado por el denunciante, el cual contiene, entre otras, las siguientes manifestaciones: o Que el día 7 de febrero de 2019, a las 8:34 horas, recibió un correo electrónico de acuse de recibo de la presentación por registro de una instancia del denunciante. Que al parecer el mismo aviso lo recibieron varios agentes de la policía desconociendo si más personal del ayuntamiento también lo recibió. Aporta copia del correo electrónico recibido. El correo electrónico contiene, entre otros, datos del nombre y apellidos del denunciante, así como su número de DNI. o Del mismo modo aparecía en la página inicial de la plataforma “Moderniza”, desconociendo porque personas ajenas al registro han sido informados sobre su instancia. Aporta captura de pantalla de su registro conteniendo los datos de número de registro, fecha de presentación y nombre y apellidos del denunciante. o Que no entiende cómo un procedimiento de ámbito privado llegue a tantas personas, así como la divulgación de un dato sensible como es el Documento Nacional de Identidad. o Que el 8 de febrero de 2019 recibió un correo electrónico de asunto “Notificación enviada”. Que al inicio del correo electrónico se incluyen los datos siguientes: C/ Jorge Juan, 6 www.aepd.es 28001 – Madrid sedeagpd.gob.es 2/9 A.A.A. ***DIRECCION.1 Que los datos reseñados por quien envía la notificación son incorrectos ya que él ya no tiene ese domicilio a efectos de notificación como manifestó mediante inserción en la plataforma “Portal del Empleado”, el pasado 4 de septiembre de 2018. Que el 6 de febrero de 2019, recibe una correo electrónico de recursos humanos de la dirección ***EMAIL.1 que procedía de una tal “B.B.B.” con el contenido “Si te puedes pasar, aprovechas y recoges la notificación que no pudiste recoger electrónicamente, eso fue un error mío, te la envié por correo certificado y también por sede electrónica pero no cambié de “papel” a “electrónica” y por eso lo la pudiste recoger. Esta notificación que dices me vino devuelta, porque se caducó el aviso de recogida en correos” Que si hubo un envío de "
e-06101-2019,2019,https://www.aepd.es/documento/e-06101-2019.pdf,https://web.archive.org/web/20251125023526id_/https://www.aepd.es/documento/e-06101-2019.pdf,"1/3 Procedimiento Nº: E/06101/2019 RESOLUCIÓN DE ARCHIVO DE ACTUACIONES De las actuaciones practicadas por la Agencia Española de Protección de Datos ante NALANDA GLOBAL, S.A., en virtud de reclamación presentada por D. A.A.A. en representación de PRODAT CANTABRIA S.L. (en adelante el reclamante) y teniendo como base los siguientes HECHOS PRIMERO: El escrito interpuesto por el reclamante tiene entrada con fecha 0/03/2019 en la Agencia Española de Protección de Datos y se dirige contra NALANDA GLOBAL, S.A., con NIF A82658030 (en lo sucesivo el reclamado). Los motivos en que basa la reclamación son que en la página web nalandaglobal.com se publica un certificado que dicen que ha emitido la AEPD en el cual se exhibe el logo de la Agencia.  El reclamante aporta la dirección web y el Certificado que se despliega al cliquear sobre el logo de la AEPD. Tras la recepción de la reclamación, con fecha 18/02/2019, de conformidad con el artículo 65 de la LOPDGDD, la Directora de la Agencia Española de Protección de Datos acordó admitir a trámite la reclamación presentada por el reclamante. FUNDAMENTOS DE DERECHO I De acuerdo con los poderes de investigación y correctivos que el artículo 58 del Reglamento (UE) 2016/679 (Reglamento general de protección de datos, en adelante RGPD) otorga a cada autoridad de control, y según lo dispuesto en el artículo 47 de la Ley Orgánica 3/2018, de 5 de diciembre, de Protección de Datos Personales y garantía de los derechos digitales (en lo sucesivo LOPDGDD), es competente para resolver estas actuaciones de investigación la Directora de la Agencia Española de Protección de Datos. II En el presente caso, se denuncia que en la página web www.nalandaglobal.com se publica un certificado que emite la AEPD en el cual se exhibe el logo de la Agencia. No obstante, tal conducta a partir de la entrada en vigor de la LOPDGDD no supone el incumplimiento de la normativa sobre protección de datos. Por otra parte, habría que añadir que el reclamado nunca ha señalado que los documentos aludidos fueran expedidos por organismo de certificación habilitado por la AEPD, sino que estaban certificados en cumplimiento de la normativa de protección de datos por ACAID BUSINESS SCHOOL, S.L. C/ Jorge Juan, 6 www.aepd.es 28001 – Madrid sedeagpd.gob.es 2/3  La LOPDGDD que adapta y desarrolla la legislación española en materia de protección de datos al RGPD, ha incluido una disposición adicional relativa a prácticas agresivas en materia de protección de datos, exclusivamente orientada a regular estas conductas y que modifica el artículo 8 de la Ley 3/1991, de 10 de enero, de Competencia Desleal, incluyendo nuevos supuestos de prácticas comerciales agresivas en materia de protección de datos. El artículo 8 de la Ley 3/1991, de 10 de enero, de Competencia Desleal, en su apartado 1 considera cuando una conducta es desleal: “Se considera desleal todo comportamiento que teniendo en cuenta sus características y circunstancias, sea susceptible de mermar de manera"
e-06277-2019,2019,https://www.aepd.es/documento/e-06277-2019.pdf,https://web.archive.org/web/20240704135209id_/https://www.aepd.es/documento/e-06277-2019.pdf,"1/9 817-150719 Expediente Nº: E/06277/2019 RESOLUCIÓN DE ARCHIVO DE ACTUACIONES Examinado el escrito presentado por Doña A.A.A., en base a las actuaciones practicadas por la Agencia Española de Protección de Datos en el marco del expediente con nº de referencia E/06277/2019 y teniendo como base los siguientes ANTECEDENTES DE HECHO PRIMERO: En fecha 21/07/15 se recibió en esta Agencia reclamación de Doña A.A.A. por medio de la cual trasladó a este organismo como hecho principal el siguiente. “instalación de una video-cámara en la mirilla de la puerta de su domicilio en el piso 3ºA que permite la captación de imágenes de zonas comunes del edificio dónde radican ambas viviendas e inclusive del interior de la vivienda de la denunciante (…)”—folio nº 1--. SEGUNDO: En fecha 15/07/16 se recibe contestación del denunciado identificado como Don B.B.B. en relación a los hechos objeto de traslado por esta Agencia, manifestando lo siguiente: “Muestro mi disconformidad con el Acuerdo de Inicio, ya que NO existe ninguna cámara de video-vigilancia camuflada en al mirilla de nuestra puerta tal y como se deriva de los informes realizados por una Agencia de detectives en los cuales se establece la existencia de una cámara oculta camuflada en la mirilla de nuestra puerta” Más concretamente y analizando la Sentencia fallada por el titular del Juzgado de instrucción nº 4 (Huelva) Juicio de faltas nº XXX/XXXX en el FD 6ª se alude al tema de la cámara oculta camuflada en la mirilla. Poner de manifiesto que esta denuncia por parte de la Sr. C.C.C. es consecuencia de las malas relaciones vecinales que esta Señora mantiene con parte del vecindario y más directamente con nosotros al estar las puertas de nuestras viviendas en el mismo rellano tal y como se deriva de las diferentes denuncias interpuestas por la misma, las cuales después de la celebración del juicio se ha fallado a nuestro favor. … que se trata de una mirilla electrónica, en ningún caso se trata de una cámara oculta que esté grabando las zonas comunes del edificio, ni mucho menos el interior de la vivienda de la denunciante (…) siendo esta Denuncia formulada por la denunciante como consecuencia de las desavenencias que mantiene con el resto del vecindario haciendo imposible la convivencia “. TERCERO: En fecha 03/08/16 se procedió a emitir Resolución por esta AEPD procediendo al ARCHIVO de las actuaciones al considerar inexistentes los hechos C/ Jorge Juan, 6 www.aepd.es 28001 – Madrid sedeagpd.gob.es 2/9 objeto de Denuncia, al no tratarse de una cámara oculta, sino de una mirilla digital, siendo notificada la misma en tiempo y forma a la parte denunciante. CUARTO: En fecha 14 de octubre de 2016 se interpuso recurso de reposición por la recurrente (registrado en esta Agencia el 17 de octubre de 2016), siendo el mismo DESESTIMADO mediante Resolución de este organismo de fecha 21/10/16. QUINTO: Contra el mencionado acto administrativo, la denunciante interpuso recurso en sede contenciosa-administrativa siendo el"
e-06353-2019,2019,https://www.aepd.es/documento/e-06353-2019.pdf,https://web.archive.org/web/20230927015834id_/https://www.aepd.es/documento/e-06353-2019.pdf,"1/4  Procedimiento Nº: E/06353/2019 RESOLUCIÓN DE ARCHIVO DE ACTUACIONES De las actuaciones practicadas por la Agencia Española de Protección de Datos y teniendo como base los siguientes HECHOS PRIMERO: La reclamación interpuesta por COMUNIDAD DE PROPIETARIOS ***DOMICILIO.1 de ***LOCALIDAD.1 (en adelante, el reclamante) tiene entrada con fecha 15 de marzo de 2019 en la Agencia Española de Protección de Datos.  La reclamación se dirige contra A.A.A., con NIF ***NIF.1 (en adelante, el reclamado).  Los motivos en que basa la reclamación son la publicación de un listado de recibos pendientes junto a los datos de código de propiedad, propiedad y deuda en el tablón de anuncios de su comunidad de vecinos por el reclamado. Junto a la reclamación aporta fotografía de tablón de anuncios donde consta un documento de título “DETALLE DE LIQUIDACIÓN INGRESOS Y GASTOS DESDE 01/12/2018 HASTA 31/12/2018 COMUNIDAD: CDAD PROP ***DOMICILIO.1. FORMATO EXTENDIDO” y donde consta un listado de recibos pendientes junto a los datos de código de propiedad, propiedad y deuda SEGUNDO: De conformidad con el artículo 65.4 de la Ley Orgánica 3/2018, de 5 de diciembre, de Protección de Datos Personales y garantía de los derechos digitales (en adelante LOPDGDD), con número de referencia E/04054/2019, se dio traslado de dicha reclamación al reclamado el 12 de abril de 2019, y 30 de mayo de 2019, para que procediese a su análisis e informase a esta Agencia en el plazo de un mes, de las acciones llevadas a cabo para adecuarse a los requisitos previstos en la normativa de protección de datos. La primera notificación se realiza por correo postal y figura con el estado Devuelto a Origen por Sobrante (No retirado en oficina) el 14/05/2019 a las 06:37.  La segunda notificación se realiza por correo postal y figura como “Entregado” el 07/06/2019. Con fecha 15 de julio de 2019, el reclamado remite a esta Agencia la siguiente información y manifestaciones:  1. Que no ha colgado la lista en el tablón de la comunidad.  2. Que es imprescindible que haya tenido lugar en la finca una Junta Extraordinaria con el fin de aprobar la demanda contra él mediante votación. Que según se ha informado en la Gestoría, afirman no haber convocado ninguna reunión ni haber ratificado ningún documento al respecto.  C/ Jorge Juan, 6 www.aepd.es 28001 – Madrid sedeagpd.gob.es 2/4 3. Que todos los propietarios tienen llave para los espacios comunes incluido el tablón de anuncios.  4. Que las cartas con información relevante, incluida esta lista, se envían mensualmente a todos los propietarios.  5. Que los hechos descritos le hacen pensar que es víctima de calumnias y del afán vengativo de algún vecino. Que deduce quién puede ser. TERCERO: La Subdirección General de Inspección de Datos procedió a la realización de actuaciones previas de investigación para el esclarecimiento de los hechos objeto de la reclamación, teniendo conocimiento de los siguientes extremos:  Con fecha 3 de marzo de 2020, se remite solicitud de"
e-06392-2019,2019,https://www.aepd.es/documento/e-06392-2019.pdf,https://web.archive.org/web/20240217230943id_/https://www.aepd.es/documento/e-06392-2019.pdf,"1/7 Procedimiento Nº: E/06392/2019 940-0419 RESOLUCIÓN DE ARCHIVO DE ACTUACIONES De las actuaciones practicadas por la Agencia Española de Protección de Datos y teniendo como base los siguientes HECHOS PRIMERO: Con fecha 15 de abril de 2019 la entidad COMPAÑIA OPERADORA DE CORTO Y MEDIO RADIO IBERIA EXPRESS S.A., con NIF A86312691 (en adelante, IBERIA EXPRESS) notifica a esta Agencia española de Protección de Datos (en adelante AEPD) una violación de seguridad de datos personales como consecuencia que la entidad DEEPAIR SOLUTIONS (en adelante DEEPAIR), proveedor externo de servicio de análisis de datos de IBERIA EXPRESS, recibió -en fecha 10 de abril de 2019- un correo electrónico enviado por un experto en seguridad en el que se informaba de que una base de datos de IBERIA EXPRESS, se encontraba accesible desde Internet.  SEGUNDO: Con fecha 24 de junio de 2019, la Directora de la Agencia Española de Protección de Datos (en adelante AEPD) instó a la Subdirección General de Inspección de Datos a que procediera a la realización de actuaciones previas de investigación para el esclarecimiento de los hechos objeto de la notificación,  teniendo conocimiento de los siguientes extremos: ANTECEDENTES Las actuaciones de inspección se inician por la recepción de un escrito de notificación de quiebra de seguridad remitido por IBERIA EXPRESS en el que informan, a la Agencia Española de Protección de Datos que, con fecha 10 de abril de 2019, la entidad DEEPAIR, proveedor externo de servicio de análisis de datos de IBERIA EXPRESS, recibió un correo electrónico enviado por un experto en seguridad en el que se informaba de que una base de datos de IBERIA EXPRESS, se encontraba accesible desde Internet.  El 2 de abril de 2019, la base de datos de IBERIA EXPRESS se había modificado para facilitar su accesibilidad por Internet y una vez confirmada la información del correo electrónico recibido se reconfiguró la web para impedir su acceso por Internet. La base de datos contenía información de unas 117.397 reservas desde el 30 de enero al 10 de abril de 2019 que correspondían a 181.256 pasajeros con datos de nombre y apellidos, dirección de correo electrónico, origen y destino del vuelo, fecha del vuelo, el número de vuelo y algunos otros detalles de reserva.  Con fecha 30 de mayo de 2019, IBERIA EXPRESS remite a la Agencia información adicional sobre la brecha notificada que incluye un informe que pone de manifiesto los siguientes aspectos:   C/ Jorge Juan, 6 www.aepd.es 28001 – Madrid sedeagpd.gob.es 2/7  El día 10 de abril de 2019, DEEPAIR recibió un correo electrónico enviado por un experto en seguridad en el que se informaba de que una base de datos se encontraba accesible desde Internet. La base de datos correspondía a pasajeros de Iberia Express, compañía para la que DEEPAIR se encontraba prestando distintos servicios de análisis de datos en calidad de encargado del tratamiento.  La base de datos fue creada y gestionada por DEEPAIR, en un servidor AZURE de Mic"
e-06522-2019,2019,https://www.aepd.es/es/documento/e-06522-2019.pdf,https://web.archive.org/web/20201113120304id_/https://www.aepd.es/es/documento/e-06522-2019.pdf,"1/5  Procedimiento Nº: E/06522/2019 940-0419 RESOLUCIÓN DE ARCHIVO DE ACTUACIONES De las actuaciones practicadas por la Agencia Española de Protección de Datos y teniendo como base los siguientes: HECHOS PRIMERO: La reclamación interpuesta por Dña. A.A.A. (en adelante, la reclamante) tiene entrada con fecha 18 de marzo de 2019 en la Agencia Española de Protección de Datos. La reclamación se dirige contra Assemblea Nacional Catalana, con NIF G65581621 (en adelante, la reclamada).  La reclamante manifiesta que es residente en el Reino Unido, y que recibió  mensajes   electrónicos   de   la   rama   británica   de   la   ANC (https://assemblea.cat/index.php/organitzacio/assemblees-exteriors/anglaterra-per- la-independencia/) sin previa autorización. Según expone, su dirección de correo en Reino Unido solo la tenía la Ong Catalans UK y la Delegación de la Generalitat de Cataluña.  Aporta listado de más de 40 mensajes recibidos entre septiembre de 2016 y febrero de 2018.  SEGUNDO: De conformidad con el artículo 65.4 de la Ley Orgánica 3/2018, de 5 de diciembre, de Protección de Datos Personales y garantía de los derechos digitales (en adelante LOPDGDD), con número de referencia E/03113/2019, se dio traslado de dicha reclamación a la reclamada, para que procediese a su análisis e informase a esta Agencia en el plazo de un mes, de las acciones llevadas a cabo para adecuarse a los requisitos previstos en la normativa de protección de datos. TERCERO: Con fecha 25 de junio de 2019, la Directora de la Agencia Española de Protección de Datos acordó admitir a trámite la reclamación presentada por la reclamante. SEGUNDO: La Subdirección General de Inspección de Datos procedió a la realización de actuaciones previas de investigación para el esclarecimiento de los hechos objeto de la reclamación, teniendo conocimiento de los siguientes extremos: Con fecha 26 de julio de 2019, la reclamada manifiesta lo siguiente: 1.- En relación al origen de la dirección de correo electrónico “***EMAIL.1” los representantes de ANC manifiestan: “que Dña. A.A.A. se inscribió al evento “El Candado Constitucional” que se celebró en Londres el 6 de diciembre de 2016, promovido por la Assemblea Nacional Catalana (en adelante ANC). La inscripción la realizó con el mail “***EMAIL.1” en fecha 22 de noviembre de 2016 a través de la plataforma Eventbrite. Apotan captura de pantalla de la inscripción.    C/ Jorge Juan, 6 www.aepd.es 28001 – Madrid sedeagpd.gob.es 2/5 2.- En relación al detalle de los datos de la reclamante que han sido objeto de tratamiento.    Los datos de Dña. A.A.A. que han sido objeto de tratamiento por parte de la ANC han sido: Nombre, primer apellido y correo electrónico. Que son los datos que facilitó al inscribirse en el evento y sobre los que posteriormente consintió el envío de boletines por la ANC.  Los datos de Dña. A.A.A. no han sido cedidos por ningún tercero, pues el evento fue creado por la propia ANC y posteriormente ella misma consintió el envío de boleti"
e-06862-2019,2019,https://www.aepd.es/es/documento/e-06862-2019.pdf,https://web.archive.org/web/20220307210651id_/https://www.aepd.es/es/documento/e-06862-2019.pdf,"1/11  N/Ref.: E/05000/2019 - E/06862/2019 – A56ID 71295 RESOLUCIÓN DE ARCHIVO De las actuaciones seguidas con motivo de la reclamación presentada en la Agencia Española de Protección de Datos, por presunta vulneración del Reglamento (UE) 2016/679 del Parlamento Europeo y del Consejo de 27 de abril de 2016, relativo a la protección de las personas físicas en lo que respecta al tratamiento de datos personales y a la libre circulación de estos datos (en lo sucesivo, RGPD) y teniendo como base los siguientes HECHOS PRIMERO: Con fecha de 22 de abril de 2019 y número de registro de entrada 020640/2019, tuvo entrada en esta Agencia una reclamación presentada por FEDERACIÓN DE ASOCIACIONES DE CONSUMIDORES Y USUARIOS EN ACCIÓN – FACUA DE ***COMUNIDAD.1, relacionada con un posible tratamiento de carácter transfronterizo de datos personales realizado por el responsable del servicio UBER, por una presunta vulneración de los arts. 12 y 7 del RGPD. En la reclamación se denuncia la redacción de varias cláusulas de los términos y condiciones de uso del mencionado servicio, accesibles en su portal web a través de la URL ***URL.1 . De ellas, únicamente dos versan sobre materia de protección de datos personales: la cuarta y la quinta.   La cuarta cláusula reproducida en la reclamación es la siguiente: “Mensajes de texto. Al crear una Cuenta, usted acepta que los Servicios le puedan enviar mensajes de texto informativos (SMS) como parte de la actividad comercial normal de su uso de los Servicios. Usted podrá solicitar la no recepción de mensajes de texto informativos (SMS) de Uber en cualquier momento enviando un correo electrónico a ***EMAIL.1 indicando que no desea recibir más dichos mensajes, junto con el número de teléfono del dispositivo móvil que recibe los mensajes. Usted reconoce que solicitar la no recepción de mensajes de texto informativos (SMS) podrá afectar al uso que usted haga de los Servicios” La parte reclamante sostiene que el párrafo es confuso porque no se aclara la naturaleza de los mensajes de texto SMS informativos, los cuales podrían ser de naturaleza publicitaria. En tal caso, el art. 7 del RGPD establece que la solicitud de consentimiento para este tratamiento debería distinguirse claramente de los demás asuntos. Además, el posible rechazo de los mensajes de texto informativos por parte del usuario no debería poder ser utilizado por la empresa como una excusa para el mal funcionamiento del servicio contratado.  La quinta cláusula que se cita en la reclamación se reproduce a continuación: C/ Jorge Juan, 6 www.aepd.es 28001 – Madrid sedeagpd.gob.es 2/11 “Contenido proporcionado por el Usuario. Uber podrá, a su sola discreción, permitirle cuando considere oportuno, que envíe, cargue, publique o de otro modo ponga a disposición de Uber a través de los Servicios contenido e información de texto, audio y/o visual, incluidos comentarios y opiniones relativos a los Servicios, iniciación de peticiones de apoyo, así como presentación de admisiones p"
e-07181-2019,2019,https://www.aepd.es/documento/e-07181-2019.pdf,https://web.archive.org/web/20260122082045id_/https://www.aepd.es/documento/e-07181-2019.pdf,"1/17  Procedimiento Nº: E/07181/2019 940-0419 RESOLUCIÓN DE ARCHIVO DE ACTUACIONES De las actuaciones practicadas por la Agencia Española de Protección de Datos y teniendo como base los siguientes HECHOS PRIMERO: La reclamación interpuesta por FESMC-UGT (en adelante, el reclamante) tiene entrada, con fecha 1 de abril de 2019, en la Agencia Española de Protección de Datos. La reclamación se dirige contra ASUMAN SERVICIOS Y MANTENIMIENTOS S.A., HOSPITAL UNIVERSITARIO MONCLOA (GRUPO HLA), e ILUNION SEGURIDAD, S.A.  Los motivos en que basa la reclamación son los siguientes:  Que hasta el 31 de diciembre de 2018 la empresa ILUNION SEGURIDAD, S.A., prestaba servicios de seguridad en el hospital universitario Moncloa. Que hasta el día de la fecha de registro de esta denuncia la empresa ASUMAN presta servicios con personal de limpieza en el hospital. Que la empresa ASUMAN ha sancionado a una trabajadora, Doña A.A.A., alegando que se dedica a dormir en los días y horarios que se especifican por escrito, confirmándolo la empresa con las grabaciones de las cámaras. Que entienden que la empresa encargada de la visualización de las imágenes, ILUNION SEGURIDAD, S.A., usa la visualización de las imágenes para el control de los trabajadores en sus tareas laborales, cediendo las imágenes al resto de empresas que prestan servicio en el hospital y a la dirección del hospital, para sancionar a los trabajadores. Que los trabajadores desconocen que están siendo grabados y no dan su consentimiento para ello siendo vulnerado su derecho a la intimidad. Que en la sentencia del Juzgado de lo Social nº 3 de Pamplona de fecha 18 de febrero de 2019, del procedimiento de despido nº ***PROCEDIMIENTO.1, se anulan las grabaciones usadas contra dos trabajadores, usadas para su despido. Y anexa la siguiente documentación:  Escrito fechado a 14 de septiembre de 2018, con logotipo de ASUMAN SERVICIOS Y MANTENIMIENTOS, enviado a Doña A.A.A., en el que consta: o Que se le comunica la apertura de un expediente disciplinario. o Que la empresa ha tenido conocimiento de que ella y su compañera utilizan la sala de espera número 5 de Rayos X del Hospital Moncloa, donde prestan sus servicios de forma habitual, para dormir durante su jornada de trabajo. C/ Jorge Juan, 6 www.aepd.es 28001 – Madrid sedeagpd.gob.es 2/17 o Que han podido confirmar con las grabaciones de las cámaras de seguridad que han utilizado la citada sala para dormir en los días y horarios:  21/08/2018 de 4:53 a 07:00  23/08/2018 de 4:32 a 07:10  24/08/2018 de 4:36 a 07:05  29/08/2018 de 5:00 a 07:05  01/09/2018 de 5:03 a 07:04  04/09/2018 de 3:57 a 07:05 o Que, con motivo de dichas ausencias de unas tres horas de su puesto de trabajo, ha sido imposible localizarla ya que ha dejado de responder al busca. o Que el Director Médico del Hospital Moncloa se ha quejado de la conducta descrita. SEGUNDO: De conformidad con el artículo 65.4 de la Ley Orgánica 3/2018, de 5 de diciembre, de Protección de Datos Personales y garan"
e-07206-2019,2019,https://www.aepd.es/documento/e-07206-2019.pdf,https://web.archive.org/web/20230927012902id_/https://www.aepd.es/documento/e-07206-2019.pdf,"1/6 Procedimiento Nº: E/07206/2019 940-0419 RESOLUCIÓN DE ARCHIVO DE ACTUACIONES De las actuaciones practicadas por la Agencia Española de Protección de Datos y teniendo como base los siguientes HECHOS PRIMERO: La reclamación interpuesta por A.A.A. (en adelante, el reclamante) tiene entrada con fecha 25/10/2018 en la Agencia Española de Protección de Datos y se dirige contra B.B.B., ***PUESTO.1 de Librilla, (en adelante, la reclamada) de unos cinco mil habitantes.  Los motivos en que basa la reclamación son que en la página de FACEBOOK de la policía local de Librilla aparece un comentario hecho por la reclamada junto a una fotografía que afecta a sus datos de carácter personal.   El tenor de lo expuesto fue: “A Alguno se le ha olvidado que lleva un año en baja sin trabajar porque dice está enfermo, y que a trabajar por el pueblo no va, pero a las fiestas se apunta el primero”. Finaliza indicando que es empleado municipal y el día 7/10/2018 acudió invitado una celebración del patrón de la Policía Local. Informa que llevaba de baja médica más de un año y que no lo sabía casi nadie. Finaliza indicando que el comentario, además de vejatorio, ha causado ansiedad a sus padres y se ha divulgado por todo el pueblo. Junto a la reclamación aporta.  1) En la página de FACEBOOK, impresa el 24/10/2018, se ve en la parte de arriba: “B.B.B.” escribe “cuando nos montamos una fiesta entre “coleguis” diciendo que es “oficial” pero que el ayuntamiento no ha organizado, invitamos a los “compis”, y a alguno se le ha olvidado que lleva un año en baja sin trabajar porque dice que está “enfermo”, y que a trabajar para el pueblo no va, pero a las fiestas se apunta el primero. Madre mía que mala es la ***PUESTO.1, que dice las cosas tal y como las piensa” Debajo, una fotografía en la que trece personas alrededor de una mesa en un comedor posan para la foto. Entre esas personas, el reclamante, que  para la reclamación  se señala anotando a mano quien es el.  2) Nombramiento en boletín oficial de “personal de oficios” del Ayuntamiento de Librilla. C/ Jorge Juan, 6 www.aepd.es 28001 – Madrid sedeagpd.gob.es 2/6 3) Informes asistenciales médicos, apreciándose que el cumplimiento de un año desde la fecha de baja de  su enfermedad se cumplió el XX/XX/XXXX. SEGUNDO: Por la AEPD se remitió a la reclamada el 5/12/2018 un  escrito del siguiente tenor: “A la atención del responsable del tratamiento o de su Delegado de Protección de Datos, De conformidad con art. 9.4 del Real Decreto-ley 5/2018 (BOE 30/07/2018) le traslado la reclamación presentada por A.A.A. para que analice dicha reclamación y le comunique al reclamante la decisión que adopte al respecto. Asimismo, en el plazo de un mes desde la recepción de este escrito deberá remitir a esta Agencia la siguiente información: 1. Copia de las comunicaciones, de la decisión adoptada que haya remitido al reclamante a propósito del traslado de esta reclamación, y acreditación de que el reclamante ha recibido la comunicación de esa deci"
e-07413-2019,2019,https://www.aepd.es/es/documento/e-07413-2019.pdf,https://web.archive.org/web/20220728203715id_/https://www.aepd.es/es/documento/e-07413-2019.pdf,"1/12 Procedimiento Nº: E/07413/2019 940-0419 RESOLUCIÓN DE ARCHIVO DE ACTUACIONES De las actuaciones practicadas por la Agencia Española de Protección de Datos y teniendo como base los siguientes HECHOS PRIMERO: Con fecha de 30 de julio de 2019 la Directora de la Agencia Española de Protección de Datos acuerda iniciar las presentes actuaciones de investigación en relación a una brecha de seguridad notificada por la asociación ACCEM sin ánimo de lucro y declarada de utilidad pública, relativa a la pérdida de un dispositivo de almacenamiento conteniendo datos de carácter personal. SEGUNDO: La Subdirección General de Inspección de Datos procedió a la realización de actuaciones previas de investigación para el esclarecimiento de los hechos objeto de la reclamación, teniendo conocimiento de los siguientes extremos: ANTECEDENTES Fecha de notificación de la brecha de seguridad:  23 de julio de 2019 ENTIDADES INVESTIGADAS ACCEM con NIF G79963237 con domicilio en PLAZA SANTA MARIA SOLEDAD TORRES ACOSTA, 2 PISO 3 - 28004 MADRID.  RESULTADO DE LAS ACTUACIONES DE INVESTIGACIÓN Sobre ACCEM Según la información obrante en su página web ACCEM es una asociación sin ánimo de lucro declarada de utilidad pública y registrada en el Ministerio del Interior con el nº 97.521. Es una organización de ámbito estatal cuya misión es la defensa de los derechos fundamentales, la atención y el acompañamiento a las personas que se encuentran en situación o riesgo de exclusión social. Especializada en refugio y migraciones para la inclusión de las personas. El equipo profesional de ACCEM lo conforman 1.441 personas a 30 de junio de 2019. Además, un total de 858 personas realizan actividades de voluntariado con la entidad (dato total 2018). Desde 2012, ACCEM es Agencia de Colocación Estatal con 25 centros, autorizada por el Servicio Público de Empleo Estatal dependiente del Ministerio de Empleo y Seguridad Social, con número de agencia 9900000144. C/ Jorge Juan, 6 www.aepd.es 28001 – Madrid sedeagpd.gob.es 2/12 Respecto a los hechos ACCEM ha comunicado a esta Agencia los siguientes hechos en la notificación de la brecha de seguridad:  En la mañana del 22 de julio de 2019 la responsable de la sede en Vitoria comunicó la detección de la ausencia de un disco duro externo que custodiaba en su despacho que contenía una copia de seguridad de los ordenadores del personal de la sede. Informan de la interposición de denuncia ante la Policía.  El disco duro externo se encontraba en un armario cerrado con llave al que sólo tenía acceso la responsable provincial, la responsable territorial y la administrativa de la sede (persona encargada de las llaves en ausencia de la responsable provincial).     El armario a su vez estaba en el despacho de la responsable provincial, despacho que en ausencia de la responsable permanece cerrado y del que sólo tienen las llaves las mismas personas que las indicadas en el párrafo anterior.    La responsable cierra de forma habitual tanto el armario como el de"
e-07697-2019,2019,https://www.aepd.es/documento/e-07697-2019.pdf,https://web.archive.org/web/20240330231313id_/https://www.aepd.es/documento/e-07697-2019.pdf,"1/5  Procedimiento Nº: E/07697/2019 940-0419 RESOLUCIÓN DE ARCHIVO DE ACTUACIONES De las actuaciones practicadas por la Agencia Española de Protección de Da- tos y teniendo como base los siguientes HECHOS PRIMERO: La reclamación interpuesta por Doña A.A.A. (en adelante, el reclamante) tiene entrada con fecha 7 de mayo de 2019 en la Agencia Española de Protección de Datos. La reclamación se dirige contra B.B.B., con NIF ***NIF.1 (*en adelante, el reclamado). Los motivos en que basa la reclamación son de manera sucinta los siguientes: “Los responsables tienen instalados en la puerta de entrada a su piso una miri- lla (video-cámara), desde hace más de un año, no existiendo cartel indicador al res- pecto y tampoco autorización para la instalación y funcionamiento por parte de la co- munidad.  La video cámara desde el interior desde ese piso nº2 graba el rellano donde se encuentra el piso y la escalera, incluida la puerta del ascensor; y por ende todo lo que pasa en ese espacio comunitario. Recientemente se pudo constatar el uso ilegítimo de la videocámara de graba- ción dado que en el Juicio de Delito Leve ***JUICIO.1 seguido por el Juzgado de Ins- trucción nº 2 ***LOCALIDAD.1 se aportaron grabaciones realizadas por dicha video cámara (…)”—folio nº 1-“ Junto a la reclamación aporta Copia de la Sentencia nº ***SENTENCIA.1 de 3 de abril dictada en el Juicio Leve ***JUICIO.1 del Juzgado de Instrucción nº 2 (***LOCALIDAD.1). SEGUNDO: En fecha 25/09/19 se procede a dar TRASLADO de la reclamación a la parte denunciada para que alegue lo que en derecho estime oportuno, manifestando lo siguiente: “No tengo ninguna cámara, sino una mirilla de reconocimiento, en la que cuan- do llaman veo la cara de la persona que está delante de mí puerta. Se puso para evi- tar abrir a cualquier persona” “El video que comenta en el escrito fue grabado con un dispositivo móvil” TERCERO: La Subdirección General de Inspección de Datos procedió a la realización de actuaciones previas de investigación para el esclarecimiento de los hechos objeto de la reclamación, teniendo conocimiento de los siguientes extremos: C/ Jorge Juan, 6 www.aepd.es 28001 – Madrid sedeagpd.gob.es 2/5 -El objeto de la reclamación es la instalación de una mirilla digital en la puerta del denunciado que es identificado como Don B.B.B., mayor de edad. -Se reconocen los hechos por parte del mismo, si bien niega la capacidad de grabación de la mirilla digital, la cual está instalada por problemas oculares que reco- noce el denunciado. -Entre las partes existe un conflicto al menos, que dio lugar al Juicio de Delitos Leves nº ***JUICIO.1, por un presunto Delitos de Daños patrimoniales (art. 263 CP) dónde se ve afectada la madre del denunciante. En el mismo se aportan unas imáge- nes que pretenden acreditar los mismos, en concreto unos destrozos en una maceta, siendo valoradas las imágenes libremente por la titular del Juzgado. -No consta acreditado la afectación al derecho a la intimidad del resto de veci- nos "
e-07868-2019,2019,https://www.aepd.es/documento/e-07868-2019.pdf,https://web.archive.org/web/20240703202434id_/https://www.aepd.es/documento/e-07868-2019.pdf,"1/11  Procedimiento Nº: E/07868/2019 940-0419 RESOLUCIÓN DE ARCHIVO DE ACTUACIONES De las actuaciones practicadas por la Agencia Española de Protección de Da- tos y teniendo como base los siguientes HECHOS PRIMERO: Con fecha 8 de septiembre de 2017, tuvo entrada en esta Agencia un escrito remitido por reclamante 1, en el que denuncia que, como consecuencia de la publicación de la Ley del Referéndum de Autodeterminación publicada en el Boletín del Parlamento de Cataluña, ha advertido que se incumple la normativa de protección de Datos. En esta Ley se establece que se va a elaborar un censo electoral y el Gobierno de la Comunidad Autónoma de Cataluña no dispone de datos personales para la creación de ese censo. En la norma se pretende crear un mecanismo que habilite las cesiones ilegales de datos personales que se han de producir para confeccionar el censo para el referéndum. Añade que todas las personas que elaboren un censo ilegal estarán accediendo ilícitamente a los datos personales de los que integren el censo. De igual manera, todas las Administraciones Públicas que cedan datos de forma ilegal a la denominada administración electoral de la Generalitat de Catalunya incumplirán la Ley Orgánica 15/1999, de 13 de diciembre, de protección de datos de carácter personal (en lo sucesivo LOPD). SEGUNDO: Desde el día 21 de septiembre de 2017 hasta el día 17 de abril de 2018, se recibieron en esta Agencia Española de Protección de Datos 77 denuncias más referidas a hechos relacionados con el referéndum mencionado; los hechos denunciados se concretaban en el tratamiento de datos sin consentimiento de los denunciantes, no solo para la confección de la base de datos utilizadas con la pretensión de ofrecer información desde diferentes páginas web sobre el lugar de votación que les correspondería, sino también sobre otras cuestiones relacionadas con el desarrollo de la jornada del 1 de octubre, como por ejemplo, la formación de las llamadas “mesas electorales” o el funcionamiento del llamado “censo universal”. Asimismo, algunas de las denuncias hacían referencia a que la página web a la cual accedían para conocer el lugar de votación, estaba ubicada en países fuera de la Unión Europea, pudiendo haberse realizado una transferencia internacional de datos.  TERCERO: Tras la recepción de la denuncia la Subdirección General de Inspección de Datos procedió a la realización de actuaciones previas de investigación para el esclarecimiento de los hechos denunciados: 1. Se solicitó información a la Secretaria de Estado de la Seguridad Social referida a los siguientes extremos:  o Si les constaba que se hubiera producido algún acceso o tratamiento a sus ficheros sin que hubiera una base legal para ello por otra entidad, organismo o persona física. C/ Jorge Juan, 6 www.aepd.es 28001 – Madrid sedeagpd.gob.es 2/11 o Si se habían realizado cesiones de datos a ayuntamientos situados en la Comunidad Autónoma de Cataluña y/o a la Generalidad de Cataluña; en caso afirmativo, l"
e-08158-2019,2019,https://www.aepd.es/documento/e-08158-2019.pdf,https://web.archive.org/web/20240307133701id_/https://www.aepd.es/documento/e-08158-2019.pdf,"1/6 Procedimiento Nº: E/08158/2019 940-0419 RESOLUCIÓN DE ARCHIVO DE ACTUACIONES De las actuaciones practicadas por la Agencia Española de Protección de Datos y teniendo como base los siguientes HECHOS PRIMERO:  Las actuaciones de inspección se inician por la recepción de un escrito de notificación de quiebra de seguridad remitido por INTERCAMBIADOR DE TRANSPORTES AVENIDA DE AMERICA, S.A.U. (en adelante ITAA) en el que informan a la Agencia Española de Protección de Datos haberse enterado por un empleado de la compañía, que recibió un mensaje de WhatsApp, de la extracción de un video captado por las cámaras del sistema de videovigilancia de las instalaciones del Intercambiador de Transportes de Avenida de América.  El video supuestamente fue extraído del sistema de videovigilancia por parte de un vigilante de seguridad de la empresa GSI Profesionales de la Seguridad y Sistemas S.A.U. (en adelante GSI), grabando directamente con su teléfono móvil la pantalla del sistema de videovigilancia.  Indican que la quiebra se produjo el 27/07/2019 y que han tenido conocimiento de ella el 31/07/2019. La notificación se ha realizado el 02/08/2019. El número de afectados es tres (dos vigilantes y un usuario del Intercambiador de Transportes). Entienden que no es necesario informar a los interesados de la existencia de la brecha de seguridad, debido a la difusión que se ha realizado de las imágenes grabadas. SEGUNDO: La Subdirección General de Inspección de Datos procedió a la realización de actuaciones previas de investigación para el esclarecimiento de los hechos objeto de la reclamación, teniendo conocimiento de los siguientes extremos: ANTECEDENTES Fecha de notificación de quiebra: 02 de agosto de 2019 ENTIDADES INVESTIGADAS INTERCAMBIADOR DE TRANSPORTES AVENIDA DE AMERICA, S.A.U. con NIF A82059866 con domicilio en AV. DE AMERICA, NUM 9, PORTAL A, PISO -1, PTA. 1 - 28022 MADRID.  RESULTADO DE LAS ACTUACIONES DE INVESTIGACIÓN 1.- HECHOS:  C/ Jorge Juan, 6 www.aepd.es 28001 – Madrid sedeagpd.gob.es 2/6 Realizado un requerimiento de información a ITAA, los representantes de la entidad informan de la siguiente cronología de hechos:  Con fecha 31/07/2019, uno de los empleados de ITAA recibió la llamada de un representante del Consorcio Regional de Transportes de Madrid (en adelante ""CRTM"") para informarle de un incidente que había tenido lugar en las instalaciones del Responsable de Tratamiento. Acto seguido a la comunicación telefónica, el representante del CRTM envía, a través de la aplicación de mensajería instantánea WhatsApp, un vídeo en el que puede verse como uno de los vigilantes de seguridad del intercambiador de transportes de Avenida de América agrede a un usuario. Tras analizar detenidamente el vídeo recibido, se aprecia que la agresión había tenido lugar en la madrugada del día 27/07/2019 y que las imágenes que se mostraban en el vídeo habían sido captadas por una de las cámaras del sistema de videovigilancia del intercambiador de transportes de Av"
e-08205-2019,2019,https://www.aepd.es/documento/e-08205-2019.pdf,https://web.archive.org/web/20240616192458id_/https://www.aepd.es/documento/e-08205-2019.pdf,"1/7 Procedimiento Nº: E/08205/2019 940-0419 RESOLUCIÓN DE ARCHIVO DE ACTUACIONES De las actuaciones practicadas por la Agencia Española de Protección de Datos y teniendo como base los siguientes HECHOS PRIMERO: Las actuaciones de inspección se inician por la recepción de un escrito de notificación de quiebra de seguridad remitido por PROMOFARMA ECOM S.L (en adelante PROMOFARMA) en el que informan a la Agencia Española de Protección de Datos haberse enterado por publicación periodística en la red social Twitter que la base de datos de usuarios registrados en la entidad había sido obtenida por un hacker y comercializada a través de la deep web. Indican que la quiebra se inició el 06/08/2019. En primer lugar, estimaron 2.950.000 afectados, considerando tras la investigación un total de 1.300.000. Con respecto a la tipología de los datos, estos son básicos y de contacto de clientes y usuarios de la web de la entidad. SEGUNDO: La Subdirección General de Inspección de Datos procedió a la realización de actuaciones previas de investigación para el esclarecimiento de los hechos objeto de la reclamación, teniendo conocimiento de los siguientes extremos: ANTECEDENTES Fecha de notificación de quiebra: 9 de agosto de 2019. ENTIDADES INVESTIGADAS PROMOFARMA ECOM S.L con NIF B65130122 con domicilio en AV DIAGONAL Num.534 P.6 PTA.2 - 08029 Barcelona (BARCELONA) RESULTADO DE LAS ACTUACIONES DE INVESTIGACIÓN 1.- HECHOS. La entidad informa de la siguiente cronología de hechos: PRIMERO.- PROMOFARMA, con fecha 6 de agosto de 2019 y hacía las 17:30 horas, tuvo constancia de una noticia publicada en un medio extranjero relativa a una supuesta venta ilícita de una base de datos correspondiente a sus clientes. Inmediatamente después de realizar una primera comprobación acerca de la veracidad de dicha noticia, PROMOFARMA, activó el protocolo de seguridad establecido en el Procedimiento relativo a la gestión de incidencias y violaciones de seguridad de datos personales (en lo sucesivo Quiebra de seguridad) y, de forma paralela, comenzó la investigación de un supuesto ciberataque a través del contacto directo con el autor de la noticia, especializado en seguridad de la información.  SEGUNDO.- Tras un intercambio de mensajes a través de correo electrónico y de la red social Twitter, el autor de la noticia facilitó una captura de pantalla que mostraba un C/ Jorge Juan, 6 www.aepd.es 28001 – Madrid sedeagpd.gob.es 2/7 ejemplo de 17 registros supuestamente filtrados a través del ciberataque, cuya tipología de datos es la siguiente:   Nombre completo.   Teléfono.  Correo electrónico.   Dirección postal.   Contraseña cifrada mediante algoritmo seguro.  TERCERO.- El departamento de seguridad de la información de PROMOFARMA contrastó la información obtenida con la existente en la base de datos de la compañía y, de forma preliminar, llegó a la conclusión de que los registros de la captura de pantalla facilitada por el autor de la noticia podían constituir indicios de una poten"
e-08233-2019,2019,https://www.aepd.es/documento/e-08233-2019.pdf,https://web.archive.org/web/20251124200043id_/https://www.aepd.es/documento/e-08233-2019.pdf,"1/14 Procedimiento Nº: E/08233/2019 940-0419 RESOLUCIÓN DE ARCHIVO DE ACTUACIONES De las actuaciones practicadas por la Agencia Española de Protección de Datos y en consideración a los siguientes HECHOS PRIMERO:  En fecha 16/04/2019 la Directora de la Agencia Española de Protección de Datos (AEPD) resuelve el recurso de reposición interpuesto por D. A.A.A., con NIF ***NIF.1 (en lo sucesivo el reclamante) -RR/00113/2019- y estima su pretensión de que se admita a trámite la reclamación presentada en esta Agencia cuya inadmisión se había acordado el 08/01/2019.  La reclamación  versa sobre el tratamiento de sus datos personales por la Comisión de Asistencia Jurídica Gratuita de ***LOCALIDAD.1  (en lo sucesivo la reclamada  o la Comisión) -integrada en la Administración Autonómica de Galicia adscrita a la Consejería de Presidencia, Administraciones Públicas y Justicia de la Xunta de Galicia, artículo 2 del Decreto 269/2008 de Galicia- que consistió en solicitar y obtener información con relevancia económica relativa a su persona de la Agencia Estatal de Administración Tributaria (AEAT) y de la Dirección General del Catastro pese a que el reclamante, dice, previamente y de forma expresa, había denegado su autorización para que la reclamada accediera a la información vinculada a sus datos que obraba en poder de ambos órganos administrativos.  El reclamante anexa a su reclamación, entre otros, los documentos siguientes:  -El escrito de 28/08/2018 que dirigió al Colegio de Abogados de ***LOCALIDAD.1 en respuesta a la solicitud recibida para que aportara determinada documentación y en el que manifestó: “…deniego expresamente el consentimiento de conformidad con la disposición adicional primera del Decreto 269/08, del artículo 2 del Decreto 255/08 y de la Orden de la Conselleria de la Presidencia de 07/07/09”. - Certificado Catastral emitido por la Dirección General del Catastro del Ministerio de Hacienda con el resultado de la búsqueda, asociada a los datos del reclamante, de los inmuebles urbanos, rústicos y especiales que constan a su nombre en el territorio nacional. En el certificado se informa que lo ha solicitado la “Xunta de Galicia, Consejería de Presidencia, AAPP, Xustiza. DX XUSTIZA”, y la “Finalidad” para la cual se solicita es “justicia gratuita”. “Fecha de emisión”, “9/11/2018” -El Certificado emitido por la Delegación Especial de la AEAT de Galicia relativo a las “imputaciones del IRPF 2017” asociadas a la persona del reclamante. Está firmado electrónicamente el 09/11/2018.  C/ Jorge Juan, 6 www.aepd.es 28001 – Madrid sedeagpd.gob.es 2/14 SEGUNDO: La Subdirección General de Inspección de Datos llevó a cabo actuaciones de investigación previa para el esclarecimiento de los hechos objeto de la reclamación al amparo del artículo 67.1 de la Ley Orgánica 3/2018, de Protección de Datos y Garantía de los Derechos Digitales (LOPDGDD)   En el marco de la investigación previa se requirió información al reclamante en fecha 06/09/2019; a la Dirección Ge"
e-08355-2019,2019,https://www.aepd.es/documento/e-08355-2019.pdf,https://web.archive.org/web/20251125194320id_/https://www.aepd.es/documento/e-08355-2019.pdf,"1/8 Expediente Nº: E/08355/2019 RESOLUCIÓN DE ARCHIVO DE ACTUACIONES De las actuaciones practicadas por la Agencia Española de Protección de Datos ante la DIRECCIÓN GENERAL DE LA POLICÍA en virtud de denuncia presentada por A.A.A. y teniendo como base los siguientes HECHOS PRIMERO: Con fecha 9 de abril de 2019, tuvo entrada en esta Agencia escrito de A.A.A. (en lo sucesivo el reclamante) contra la DIRECCIÓN GENERAL DE LA POLICÍA (en lo sucesivo el reclamado) en el que manifiesta que es funcionario del Cuerpo Nacional de Policía destinado en ***DESTINO.1, y que ha sido expedientado por no haberse incorporado a su puesto de trabajo por la Jefatura Superior de Policía de Cataluña (Barcelona), la cual ha tenido conocimiento de que ese día tomó un vuelo a Palma de Mallorca a partir de los datos que les ha facilitado la compañía aérea VUELING AIRLINES S.L.  El reclamante declara que es práctica habitual en los últimos meses que funcionarios de ***DESTINO.1 soliciten sin autorización judicial información de vuelos a AENA y a las compañías aéreas que operan en él, y cedan la información obtenida a la U.C.O.T. de la Jefatura Superior de Policía de Cataluña (Barcelona), que es quien pide en primer lugar esta información privada de sus trabajadores con el propósito de iniciar expedientes disciplinarios y prevenir el absentismo. En el escrito se denuncia también la utilización de las imágenes grabadas con las videocámaras del aeropuerto situadas en las puertas de embarque para confirmar que los funcionarios del Cuerpo Nacional de Policía han tomado realmente el vuelo. Junto a la reclamación se aporta:  el escrito de reclamación íntegro, una copia del oficio y comunicado del ***DESTINO.1 aportando a la U.C.O.T. de la Jefatura Superior de Policía de Cataluña (Barcelona)   la información obtenida de VUELING AIRLINES S.L. en relación con un vuelo reservado por el reclamante,   una copia de la información de la reserva aportada por VUELING a nombre del reclamante, y   un correo electrónico del Grupo de Apoyo de la UCOT confirmando los datos proporcionados mediante la aportación de documentos adicionales de VUELING. SEGUNDO    : Tras la recepción de la denuncia la Subdirección General de Inspección de Datos procedió a la realización de actuaciones previas de investigación para el esclarecimiento de los hechos denunciados, teniendo conocimiento de los siguientes extremos: C/ Jorge Juan, 6 www.aepd.es 28001 – Madrid sedeagpd.gob.es 2/8 El 21 de mayo de 2019 se notifica al reclamado la presente reclamación concediéndole el plazo de un mes para remitir a esta Agencia información referente a las causas que han motivado la presente reclamación, el ejercicio en su caso, de los derechos regulados en los artículos 15 a 22 del RGPD, y las medidas adoptadas para evitar que se produzcan incidencias similares, fechas de implantación y controles efectuados para comprobar su eficacia. No se ha obtenido respuesta a dicho requerimiento por parte de la compañía aérea. FUNDAMENT"
e-08380-2019,2019,https://www.aepd.es/documento/e-08380-2019.pdf,https://web.archive.org/web/20240703151245id_/https://www.aepd.es/documento/e-08380-2019.pdf,"1/4 907-141019  Expediente Nº: E/08380/2019 RESOLUCIÓN DE ARCHIVO DE ACTUACIONES De las actuaciones practicadas por la Agencia Española de Protección de  Datos y teniendo como base los siguientes  HECHOS PRIMERO: Con fecha 5 de noviembre de 2018 la Directora de la Agencia Española de Protección de Datos acordó iniciar actuaciones de investigación en relación con la información difundida en medios de comunicación sobre posibles accesos a datos de ficheros policiales del Ministerio del Interior, que denotaría un posible incumplimiento de medidas de seguridad sobre los citados ficheros. SEGUNDO: La Subdirección General de Inspección de Datos procedió a iniciar actuaciones previas de investigación para el esclarecimiento de los hechos, cuyo resultado fue la incoación de procedimiento sancionador de referencia AP/00001/2019 a la Dirección General de la Policía (en adelante DGP), Ministerio del Interior.  En la resolución del citado procedimiento, se sancionaba declarando que la DGP ha infringido lo dispuesto en el artículo 9 de la LOPD, tipificada como grave en el artículo 44.3 h) de dicha norma, en relación con lo dispuesto en el artículo 103.5 del RDLOPD.  En la misma resolución se requería a la DGP que adoptara las medidas de orden interno que impidan que se siga produciendo la infracción del artículo 9 de la LOPD, en relación con el articulo 103.5 RDLOPD, para lo que se acordó el envío bimensual a esta AEPD de informe en el que se detallara el progreso de las actuaciones correctoras llevadas a cabo por la DGP. Para el seguimiento de las actuaciones corretoras por la DGP se inició, en fecha 11/06/2019, el presente expediente de seguimiento de actuaciones E/08380/2019, habiendo caducado el día 23/08/2020 por el transcurso de doce meses sin haberse comunicado por parte de la DGP la terminación de las actuaciones correctoras, y teniendo en cuenta el periodo de suspensión de plazos administrativos como consecuencia del Real Decreto 463/2020, de 14 de marzo, por el que se declara el estado de alarma. FUNDAMENTOS DE DERECHO I De acuerdo con los poderes de investigación y correctivos que el artículo 58 del Reglamento (UE) 2016/679 (Reglamento general de protección de datos, en adelante RGPD) otorga a cada autoridad de control, y según lo dispuesto en el artículo 47 de la Ley Orgánica 3/2018, de 5 de diciembre, de Protección de Datos Personales y garantía de los derechos digitales (en lo sucesivo LOPDGDD), es competente para resolver estas actuaciones de investigación la Directora de la Agencia Española de Protección de Datos. C/ Jorge Juan, 6 www.aepd.es 28001 – Madrid sedeagpd.gob.es 2/4 II El artículo 67 de la Ley Orgánica 3/2018, de 5 de diciembre, de Protección de Datos Personales y garantía de los derechos digitales (en lo sucesivo, LOPDGDD) determina lo siguiente, respecto a las actuaciones previas de investigación: “1. Antes de la adopción del acuerdo de inicio de procedimiento, y una vez admitida a trámite la reclamación si la hubiese, la Agencia"
e-08452-2019,2019,https://www.aepd.es/documento/e-08452-2019.pdf,https://web.archive.org/web/20240626084126id_/https://www.aepd.es/documento/e-08452-2019.pdf,"1/5 Procedimiento Nº: E/08452/2019 940-0419 RESOLUCIÓN DE ARCHIVO DE ACTUACIONES De las actuaciones practicadas por la Agencia Española de Protección de Datos y teniendo como base los siguientes HECHOS PRIMERO: Con fecha 16 de agosto de 2019, el AYUNTAMIENTO DE BENIDORM, con NIF P0303100B, notifica a la Agencia Española de Protección de Datos (en lo sucesivo AEPD) que han tenido conocimiento a través de los medios de comunicación de que el Departamento de Educación expuso, en la sección de Educación de la página web municipal, la resolución provisional de ayudas psicopedagógicas en el que figuran una serie de datos personales de menores, de sus padres, madres o tutores y de los tratamientos que están recibiendo. SEGUNDO: Con fecha 11 de septiembre de 2019, la Directora de la AEPD insta a la Subdirección General de Inspección de Datos para que proceda a la realización de actuaciones previas de investigación para el esclarecimiento de los hechos objeto de la notificación de violación de seguridad, teniendo conocimiento de los siguientes extremos: ANTECEDENTES Fecha de notificación de quiebra: 16 de agosto de 2019  ENTIDADES INVESTIGADAS AYUNTAMIENTO DE BENIDORM con NIF P0303100B con domicilio en PLAZA DE SS. MM. LOS REYES DE ESPAÑA, NUM 1 - 03501 BENIDORM (ALICANTE). RESULTADO DE LAS ACTUACIONES DE INVESTIGACIÓN 1. Con fecha 16 de agosto de 2019 tiene entrada en la Agencia Española de Protección de Datos un escrito de notificación de violación de seguridad remitido por el Ayuntamiento de Benidorm, el cual incluye un informe de violación de seguridad del que se desprende lo siguiente: 1.1. Cronología de los hechos:  El lunes 5 de agosto de 2019, el departamento de Educación expuso, tanto en el Tablón de Anuncios como en la sección de Educación de la página web municipal, la resolución provisional de ayudas psicopedagógicas. En el mismo figuran una serie de datos sobre la resolución y se pretendía dar una información mínima sobre el asunto, pues dicha exposición sirve para C/ Jorge Juan, 6 www.aepd.es 28001 – Madrid sedeagpd.gob.es 2/5 corregir errores (resolución provisional). Las familias pueden formular las reclamaciones u observaciones que se estimen oportunas.   El miércoles 14 de agosto de 2019 el Ayuntamiento tiene conocimiento de esta exposición pública a través de la noticia publicada en el periódico digital “elperiodic.com” en la que se denuncia por el PSOE al Ayuntamiento de Benidorm por la publicación en la web de este Ayuntamiento de las fases correspondientes a la otorgación de ayudas psicopedagógicas  El jueves, 15 de agosto de 2019 se ha eliminado el acceso web a dicha información y se notifica oficialmente al Delegado de Protección de Datos el incidente, procediéndose a la elaboración del informe de violación de seguridad. 1.1. Categorías de afectados:  Solicitantes de ayudas (menores de edad y sus representantes).  1.2. Número de registros: 100 1.3. Datos de carácter personal comprometidos:  Datos identificativos (nombre y apell"
e-08501-2019,2019,https://www.aepd.es/documento/e-08501-2019.pdf,https://web.archive.org/web/20240715110037id_/https://www.aepd.es/documento/e-08501-2019.pdf,"1/7 Procedimiento Nº: E/08501/2019 940-0419 RESOLUCIÓN DE ARCHIVO DE ACTUACIONES De las actuaciones practicadas por la Agencia Española de Protección de Datos y teniendo como base los siguientes HECHOS PRIMERO: Con fecha 30 de mayo de 2019 la entidad CAIXABANK, S.A. (en adelante Caixabank) notificó a esta Agencia una brecha de seguridad relativa a la documentación en papel de clientes depositada en un contenedor público de residuos, entre la que no consta, pero no se ha podido descartar, que hubiera datos de carácter personal. SEGUNDO:  Con fecha de 12 de septiembre de 2019 la directora de la Agencia Española de Protección de Datos acuerda iniciar actuaciones de investigación instando a la Subdirección General de Inspección de Datos a que proceda a la realización de investigaciones para el esclarecimiento de los hechos objeto de notificación, teniendo conocimiento de los siguientes extremos: ENTIDADES INVESTIGADAS CAIXABANK S.A. con NIF A08663619 con domicilio en C/ PINTOR SOROLLA 2-4 - 46002 VALENCIA (VALENCIA) RESULTADO DE LAS ACTUACIONES DE INVESTIGACIÓN Respecto a los hechos Caixabank ha comunicado a esta Agencia los siguientes hechos en la notificación de la brecha de seguridad:  “Durante las labores de traslado de una oficina de la entidad, unas cajas con documentación confidencial de uso interno, entre la que no consta, pero no se ha podido descartar, que hubiera datos de carácter personal, se depositaron en un contenedor de residuos erróneo (no dedicado a destrucción de papel) que tardo 3 días en ser retirado de la vía pública.” Declaran que se enteraron de la brecha por comentarios en una red social. Como número aproximado de personas afectadas por la brecha Caixabank consigna cero. Solicitada a Caixabank impresión del comentario publicado en la red social, aportan copia en el que se puede leer: “Es normal que una cantidad enorme de papeles internos de la sucursal 4364- AUDITORIUM estén tirados en un contenedor de obras en Valencia? Se trata de documentación interna con detalles de cuentas de clientes, informes, etc… del 1999 al 2004!!! ...”” En el informe realizado por la entidad, que recoge las investigaciones realizadas con motivo de la incidencia detectada, se recoge un posible relato de los hechos: C/ Jorge Juan, 6 www.aepd.es 28001 – Madrid sedeagpd.gob.es 2/7 “En los trabajos definitivos de vaciado de muebles, documentación, equipamiento, materiales y enseres y limpieza de la oficina integrada que se realizaron durante la tarde del viernes 24/5, se retiraron de la misma dos cajas de cartón que habían sido clasificadas erróneamente por parte de la Oficina como material de publicidad obsoleta y se consideró en consecuencia que podía ser tratado como residuos.  […] Todo el material resultante de los trabajos finalistas que fue calificado como residuos fue trasladado a la instalación gestora ubicada en el barrio de Campanar en el término municipal de Valencia a última hora de la tarde del viernes 24/5. Dicha instalación estaba cerrada"
