Titulo,Link_PDF,Resumen_AEPD,Texto_Completo,Tematica_IA,Resumen_IA,Hechos_IA,Resolucion_IA,Normativa_IA,PalabrasClave_IA
PD-00071-2026,https://www.aepd.es/documento/pd-00071-2026.pdf,"1 / 10 Expediente N.º: EXP202517796  RESOLUCIÓN DE PROCEDIMIENTO DE DERECHOS Vista la reclamación registrada en fecha   14 de septiembre de 2025   ante esta Agencia Española de Protección de Datos, (en lo sucesivo, AEPD) y realizadas las actuaciones procedimentales   previstas   en   el   Título...","1/10 Expediente N.º: EXP202517796  RESOLUCIÓN DE PROCEDIMIENTO DE DERECHOS Vista la reclamación registrada en fecha 14 de septiembre de 2025 ante esta Agencia Española de Protección de Datos, (en lo sucesivo, AEPD) y realizadas las actuaciones procedimentales previstas en el Título VIII de la Ley Orgánica 3/2018, de 5 de diciembre, de Protección de Datos Personales y garantía de los derechos digitales (en lo sucesivo, LOPDGDD), se han constatado los siguientes HECHOS PRIMERO:  A.A.A. (en lo sucesivo, la parte reclamante), ejerció el derecho de acceso frente a la CENTRAL SINDICAL INDEPENDIENTE Y DE FUNCIONARIOS, con CIF. G79514378 (en lo sucesivo, CSIF o la parte reclamada). El reclamante manifiesta que con fecha 07/08/2025 ejercitó su derecho de acceso a datos personales frente al sindicato CSIF solicitando en particular de su expediente laboral y disciplinario, comunicaciones internas y registros de acceso (especialmente entre el 18 y el 21 de julio de 2025). Señala que la respuesta recibida fue extemporánea e incompleta, al no facilitarse copia de los datos solicitados y excluirse información relevante, en especial comunicaciones internas, expediente disciplinario completo y logs íntegros. Con fecha 25/09/2025 amplía la reclamación reiterando el carácter incompleto de la respuesta y poniendo de manifiesto un posible incidente de seguridad no notificado entre el 14 y el 21 de julio de 2025, con indicios de accesos no autorizados a sus datos. La documentación aportada por el reclamante junto a sus escritos incluye, por un lado, la solicitud de acceso de 07/08/2025 y las respuestas de la parte reclamada de 08/08/2025 y 12/09/2025, en las que se facilita información general sobre tratamientos y se limita el acceso solicitado sin aportar copia íntegra de los datos; y, por otro, diversa documentación laboral, económica, interna y actuaciones policiales y judiciales relacionadas con los hechos (fechas entre 2020 y septiembre de 2025). SEGUNDO: En fecha 22 de octubre de 2025, de conformidad con el artículo 65.4 de la LOPDGDD, se dio traslado de dicha reclamación a la parte reclamada, para que procediese a su análisis e informase a esta Agencia en el plazo de un mes, de las acciones llevadas a cabo para adecuarse a los requisitos previstos en la normativa. TERCERO: En fecha 20 de noviembre de 2025 la entidad reclamada remite a esta Agencia escrito de respuesta a la solicitud de información manifestando que la solicitud de acceso fue tramitada conforme a su protocolo interno, que la respuesta fue preparada en plazo el 02/09/2025 pero entregada el 12/09/2025 por un error interno en periodo vacacional, y que se facilitaron los datos personales del reclamante, salvo aquellos cuya entrega pudiera afectar a derechos de terceros conforme al art. 15.4 RGPD. C/ Jorge Juan, 6 www.aepd.es 28001 – Madrid sedeaepd.gob.es 2/10 Aporta como documentación la respuesta de 08/08/2025, de carácter general sobre tratamientos y su protocolo interno, que prevé respuesta en un...",Derecho de acceso a datos personales,"Un individuo ejerció su derecho de acceso a datos personales frente a un sindicato, recibiendo una respuesta extemporánea e incompleta. La AEPD analizó la reclamación y la respuesta del sindicato, que alegó haber seguido su protocolo interno y haber facilitado los datos personales salvo aquellos que podrían afectar a derechos de terceros.",Solicitud de acceso a datos personales | Respuesta extemporánea e incompleta del sindicato | Ampliación de la reclamación por posible incidente de seguridad no notificado,No especificado,"Art. 15 RGPD, Art. 15.4 RGPD","Derecho de acceso, Datos personales, Sindicato, Respuesta extemporánea, Incidente de seguridad, LOPDGDD"
PS-00179-2025,https://www.aepd.es/documento/ps-00179-2025.pdf,1 / 6  Expediente N.º: EXP202403901 RESOLUCIÓN DE PROCEDIMIENTO SANCIONADOR Del procedimiento instruido por la Agencia Española de Protección de Datos  y en base a los siguientes: ANTECEDENTES PRIMERO : Con fecha 23 de enero de 2024 se interpuso reclamación ante la Agencia Española de Protección...,"1/6  Expediente N.º: EXP202403901 RESOLUCIÓN DE PROCEDIMIENTO SANCIONADOR Del procedimiento instruido por la Agencia Española de Protección de Datos y en base a los siguientes: ANTECEDENTES PRIMERO: Con fecha 23 de enero de 2024 se interpuso reclamación ante la Agencia Española de Protección de Datos por una posible infracción imputable a VODAFONE ESPAÑA, S.A.U. con NIF A80907397 (en adelante, VODAFONE).  Los hechos que se pone en conocimiento de esta autoridad son los siguientes: La parte reclamante manifiesta que, el día ***FECHA.3, tuvo lugar la solicitud y entrega de un duplicado SIM a un tercero sin su consentimiento sobre la línea telefónica ***TELÉFONO.1, por parte de VODAFONE, e igualmente se realizaron por el tercero cargos indebidos-fraudulentos no consentidos en su cuenta corriente por importe de ***CANTIDAD.1, dándose cuenta la parte reclamante de las transferencias el día ***FECHA.1.  Documentación aportada por la parte reclamante: 1. Denuncia ante la Guardia Civil de Ciudad Real puesto de ***LOCALIDAD.1 el día ***FECHA.1 por un supuesto Delito de Estafa por transferencia no consentida ocurrida entre el ***FECHA.2 y el ***FECHA.3 en ***LOCALIDAD.1 y detectada el día ***FECHA.1, con un valor total de ***CANTIDAD.1 correspondiente a tres transferencias no autorizadas desde su cuenta bancaria. 1. Diligencias ampliatorias ante la Comandancia de la Guardia Civil de Ciudad Real de la denuncia interpuesta en la localidad de ***LOCALIDAD.1 el día ***FECHA.1, con fecha 4 de julio de 2022, en donde manifiesta: “que el día ***FECHA.3 se percató que su teléfono móvil el que utiliza habitualmente y cuyo número es ***TELÉFONO.1, el cual pertenece a la empresa ***EMPRESA.1 (***EMPRESA.1), dejó de funcionar, no podía ni realizar llamadas, ni recibir llamadas. Al día siguiente se pone en contacto con ***EMPRESA.1 y le indican que la línea estaba bien y que llamara a VODAFONE. Posteriormente, un técnico de VODAFONE le indica que probará la tarjeta en otro terminal, y al no funcionar tampoco le indica que dicha tarjeta está desactivada y no se encuentra operativa. Este técnico, informa que se tiene que pedir otra tarjeta nueva, hecho que realiza, llegándole dos tarjetas a su casa a los dos días de haberla solicitado.  Posteriormente el día ***FECHA.1, se percata que le han realizado varias C/ Jorge Juan, 6 www.aepd.es 28001 – Madrid sedeaepd.gob.es 2/6 transferencias no autorizadas el día ***FECHA.3, realizando la pertinente denuncia en el Puesto de la Guardia Civil de ***LOCALIDAD.1. Pasada una semana, tiene una conversación con un compañero de trabajo, indicando su compañero que puede haber sido objeto de una estafa llamada SIM SWAPPING, y que vuelva a llamar a VODAFONE. Realizada la pertinente verificación en el servicio de VODAFONE, comunicándole éstos que su tarjeta telefónica ha sido objeto de sustitución dos veces, la primera el día ***FECHA.3 y la segunda el día 9 de junio de 2022, siendo esta última la que la denunciante ha realizado y descon...",Protección de datos personales y fraude,"Un usuario denunció a VODAFONE por la entrega de un duplicado SIM a un tercero sin su consentimiento, lo que permitió realizar cargos indebidos en su cuenta corriente. La AEPD investigó el caso y analizará si VODAFONE cumplió con las normativas de protección de datos personales.",Solicitud y entrega de un duplicado SIM a un tercero sin consentimiento | Cargos indebidos en la cuenta corriente del denunciante | Denuncia ante la Guardia Civil por un supuesto delito de estafa,No especificado,"Art. 5 RGPD, Art. 32 RGPD","protección de datos personales, fraude, SIM SWAPPING, VODAFONE, estafa, cargos indebidos"
PS-00415-2024,https://www.aepd.es/documento/ps-00415-2024.pdf,"1 / 18  Expediente N.º: EXP202407583  (PS/00415/2024) RESOLUCIÓN DE PROCEDIMIENTO SANCIONADOR Del procedimiento instruido por la Agencia Española de Protección de Datos  y en base a los siguientes: ANTECEDENTES PRIMERO :   A.A.A.   (en   adelante,   la   parte   reclamante)   con   fecha   29   de...","1/18  Expediente N.º: EXP202407583 (PS/00415/2024) RESOLUCIÓN DE PROCEDIMIENTO SANCIONADOR Del procedimiento instruido por la Agencia Española de Protección de Datos y en base a los siguientes: ANTECEDENTES PRIMERO: A.A.A. (en adelante, la parte reclamante) con fecha 29 de abril de 2024 interpuso reclamación ante la Agencia Española de Protección de Datos. La reclamación se dirige contra AD735 DATA MEDIA ADVERTISING, S.L. con NIF B87781795 (en adelante, la parte reclamada). Los motivos en que basa la reclamación son los siguientes: Envío de comunicaciones electrónicas comerciales sin haberlo autorizado expresamente el destinatario y sin que conste relación contractual previa entre las partes. Las comunicaciones objeto de esta reclamación se envían a la dirección de correo electrónico ***EMAIL.1, siendo la última de fecha 29/04/2024. El escrito de reclamación se acompaña de la siguiente documentación: ─ Copia de correo electrónico comercial enviado, el 28/04/2024 a las 18:18h, desde la dirección info@mailing.fragataabandonada.es, a la dirección de correo electrónico ***EMAIL.1.  ─ Copia de correo electrónico comercial enviado, el 29/04/2024 a las 7:54h, desde la dirección info@mailing.fragataabandonada.es a la dirección de correo electrónico ***EMAIL.1.  ─ Copia de correo electrónico comercial enviado, el 29/04/2024 a las 9:42h, desde la dirección info@mailing.fragataabandonada.es a la dirección de correo electrónico ***EMAIL.1. En los tres correos electrónicos anteriores se incluye la dirección bajas@ad735.es para ejercitar los derechos de supresión y oposición al tratamiento de datos de carácter personal. ─ Copia de correo electrónico, de 24/04/2024, dirigido por la parte reclamante a la dirección bajas@ad735.es solicitando la baja inmediata. En particular, en el cuerpo de este correo dice textualmente: “Jamás os he solicitado un correo. Quiero la baja inmediata”.  ─ Copia de correo electrónico, de 25/04/2024, dirigido por la parte reclamante a la dirección bajas@ad735.es solicitando la supresión de sus datos personales e indicando su inscripción en la Lista Robinson.  ─ Certificado, de 29/04/2024, que acredita la inscripción del reclamante en Lista Robinson de exclusión publicitaria desde el 04/10/2020.  ─ El código fuente y las cabeceras de los correos electrónicos recibidos por el reclamante que tienen por remitente al reclamado. SEGUNDO: Con fecha 23/05/2024, de conformidad con el artículo 65.4 de la Ley Orgánica 3/2018, de 5 de diciembre, de Protección de Datos Personales y garantía de C/ Jorge Juan, 6 www.aepd.es 28001 – Madrid sedeaepd.gob.es 2/18 los derechos digitales (en adelante LOPDGDD), se dio traslado de dicha reclamación a la parte reclamada, para que procediese a su análisis e informase a esta Agencia en el plazo de un mes, de las acciones llevadas a cabo para adecuarse a los requisitos previstos en la normativa de protección de datos. El traslado, que se practicó conforme a las normas establecidas en la Ley 39/2015, de 1 de oct...",Publicidad por correo electrónico,"Un ciudadano denunció a la AEPD por recibir correos electrónicos comerciales sin autorización previa de AD735 DATA MEDIA ADVERTISING, S.L. A pesar de solicitar la baja y estar inscrito en la Lista Robinson, continuó recibiendo correos electrónicos.",Envío de correos electrónicos comerciales sin autorización | Solicitud de baja por parte del reclamante | Inscripción del reclamante en la Lista Robinson | Continuación de envío de correos electrónicos después de la solicitud de baja,No especificado,"Art. 21 LOPDGDD, Art. 6 RGPD","publicidad por correo electrónico, Lista Robinson, protección de datos, autorización previa, derechos digitales"
AI-00189-2024,https://www.aepd.es/documento/ai-00189-2024.pdf,1 / 9  Expediente  N.º: EXP202406461 RESOLUCIÓN DE ARCHIVO DE ACTUACIONES De   las   actuaciones   practicadas   por   la  Agencia   Española   de   Protección   de   Datos   y teniendo como base los siguientes HECHOS PRIMERO:   Con   fecha   22/04/2024   se   recibió   denuncia   ante   la...,"1/9  Expediente N.º: EXP202406461 RESOLUCIÓN DE ARCHIVO DE ACTUACIONES De las actuaciones practicadas por la Agencia Española de Protección de Datos y teniendo como base los siguientes HECHOS PRIMERO: Con fecha 22/04/2024 se recibió denuncia ante la Agencia Española de Protección de Datos (en adelante, AEPD) contra la CONFERENCIA EPISCOPAL ESPAÑOLA, con NIF R2800387I, (en adelante, CEE). Los hechos que se ponen en conocimiento de esta autoridad son la publicación en sitio web de la CEE de una nota de prensa junto a un informe elaborado por el Despacho Cremades & Calvo-Sotelo (en adelante, DC&C) a partir de una auditoría sobre abusos sexuales producidos en el seno de entidades eclesiásticas.  Según se expone en la denuncia, se habría publicado una versión del informe que luego fue corregida, conteniendo un anexo con datos personales de víctimas de abusos que habían prestado su testimonio en la investigación.  SEGUNDO: Con fecha 26/04/2024, la Directora de la AEPD dictó Nota Interior en la que instaba a la Subdirección General de Inspección de Datos a iniciar de oficio Actuaciones Previas de Investigación tendentes investigar los hechos contenidos en la denuncia. TERCERO: La Subdirección General de Inspección de Datos procedió a la realización de actuaciones previas de investigación para el esclarecimiento de los hechos en cuestión, en virtud de las funciones asignadas a las autoridades de control en el artículo 57.1 y de los poderes otorgados en el artículo 58.1 del Reglamento (UE) 2016/679 (Reglamento General de Protección de Datos, en adelante RGPD), y de conformidad con lo establecido en el Título VIII, de la LOPDGDD. En el marco de dichas actuaciones, se ha tenido conocimiento de lo siguiente: En fecha 28/05/2024 se notifica requerimiento de información dirigido a CEE, del que se recibió respuesta con fecha 08/06/2024 por parte del Delegado de Protección de Datos de CEE, adjuntando un informe con las conclusiones preliminares de una investigación interna iniciada en esta entidad a raíz de la noticia publicada el 16/05/2024. En dicho escrito se afirma que tras conocer la noticia del diario El País, el Departamento de Protección de Datos de la CEE, decidió abrir de oficio, con fecha 16/05/2024, una investigación interna de carácter preliminar para tratar de aclarar lo sucedido en relación con los hechos relatados por el diario.  En relación con la cronología de los hechos, manifiesta que C/ Jorge Juan, 6 www.aepd.es 28001 – Madrid sedeaepd.gob.es 2/9 - El 20/12/2023 se publicó en la web de la CEE una nota de prensa sobre la entrega del Informe elaborado por DC&C en la que no se incluía el texto del informe. - El 21/12/2023 se añadió el enlace al Informe, que no contenía ningún dato de carácter personal. - El 22/12/2023, A.A.A., en nombre de DC&C envió por mensaje de WhatsApp una nueva versión del Informe para su publicación, que se hace ese mismo día a las 13:58 horas. - El 23/12/2023 a las 17:03 horas DC&C pone en conocimiento de la CEE que en...",Protección de datos personales,"La Conferencia Episcopal Española publicó un informe con datos personales de víctimas de abusos sexuales, lo que motivó una denuncia ante la AEPD. Tras investigar, se determinó que la entidad había cometido una infracción al publicar datos personales sin autorización.",Publicación de un informe con datos personales de víctimas de abusos sexuales | Denuncia ante la AEPD | Investigación interna de la Conferencia Episcopal Española,No especificado,"Art. 5 RGPD, Art. 6 RGPD","protección de datos, Conferencia Episcopal Española, abusos sexuales, informe, datos personales, AEPD"
PS-00148-2025,https://www.aepd.es/documento/ps-00148-2025.pdf,1 / 51  Expediente N.º: EXP202312708 RESOLUCIÓN DE PROCEDIMIENTO SANCIONADOR Del procedimiento instruido por la Agencia Española de Protección de Datos  y en base a los siguientes: ANTECEDENTES PRIMERO : Presentación reclamación ante la AEPD Con   fecha   5   de   septiembre   de   2023   se...,"1/51  Expediente N.º: EXP202312708 RESOLUCIÓN DE PROCEDIMIENTO SANCIONADOR Del procedimiento instruido por la Agencia Española de Protección de Datos y en base a los siguientes: ANTECEDENTES PRIMERO: Presentación reclamación ante la AEPD Con fecha 5 de septiembre de 2023 se interpuso reclamación ante la Agencia Española de Protección de Datos por una posible infracción imputable a XFERA MÓVILES, S.A.U. con NIF A82528548 (en adelante, XFERA).  Los hechos que se ponen en conocimiento de esta autoridad son los siguientes: La parte reclamante manifiesta que, en fecha 24 de julio de 2023, se realiza un duplicado de su tarjeta SIM de forma fraudulenta.  Junto a su reclamación aporta la siguiente documentación: - Denuncia ante la Policía Nacional, con fecha 25 de julio de 2023, dependencia ***LOCALIDAD.1 ***REFERENCIA.1, a través de la cual la parte reclamante manifiesta: -(…) - Solicitud de duplicado de la tarjeta SIM efectuada por la parte reclamante. SEGUNDO: Traslado de la reclamación De conformidad con el artículo 65.4 de la Ley Orgánica 3/2018, de 5 de diciembre, de Protección de Datos Personales y garantía de los derechos digitales (en adelante LOPDGDD), se dio traslado de dicha reclamación a XFERA, para que procediese a su análisis e informase a esta Agencia en el plazo de un mes, de las acciones llevadas a cabo para adecuarse a los requisitos previstos en la normativa de protección de datos. El traslado, que se practicó conforme a las normas establecidas en la Ley 39/2015, de 1 de octubre, del Procedimiento Administrativo Común de las Administraciones Públicas (en adelante, LPACAP), fue recogido en fecha 22 de septiembre de 2023 como consta en el acuse de recibo que obra en el expediente. Con fecha 27 de octubre de 2023 se recibe en esta Agencia escrito de respuesta indicando:  “En el caso concreto de la reclamación del interesado, el duplicado de tarjeta SIM se llevó a cabo en un establecimiento, en concreto, como indica el interesado, en el ***ESTABLECIMIENTO.1, (…).  C/ Jorge Juan, 6 www.aepd.es 28001 – Madrid sedeaepd.gob.es 2/51 (…) TERCERO: Admisión a trámite de la reclamación Con fecha 5 de diciembre de 2023, de conformidad con el artículo 65 de la LOPDGDD, se admitió a trámite la reclamación presentada. CUARTO: Actuaciones previas de investigación La Subdirección General de Inspección de Datos procedió a la realización de actuaciones previas de investigación para el esclarecimiento de los hechos en cuestión, en virtud de las funciones asignadas a las autoridades de control en el artículo 57.1 y de los poderes otorgados en el artículo 58.1 del Reglamento (UE) 2016/679 (Reglamento General de Protección de Datos, en adelante RGPD), y de conformidad con lo establecido en el Título VII, Capítulo I, Sección segunda, de la LOPDGDD, teniendo conocimiento de los siguientes extremos: La parte reclamada ha aportado copia del Manual titulado “Duplicado de SIM” en el que se detalla el procedimiento de gestión de las solicitudes de duplicados SIM. E...",Protección de datos personales,"Una persona denunció a la AEPD que su tarjeta SIM fue duplicada de forma fraudulenta por XFERA MÓVILES, S.A.U. La AEPD investigó y admitió a trámite la reclamación, solicitando información a XFERA sobre las medidas adoptadas para adecuarse a la normativa de protección de datos.",Duplicado de tarjeta SIM de forma fraudulenta | Denuncia ante la Policía Nacional | Reclamación ante la AEPD | Traslado de la reclamación a XFERA,No especificado,"Reglamento General de Protección de Datos (RGPD), Ley Orgánica 3/2018, de 5 de diciembre, de Protección de Datos Personales y garantía de los derechos digitales (LOPDGDD)","protección de datos, duplicado de tarjeta SIM, fraude, AEPD, XFERA MÓVILES, RGPD, LOPDGDD"
PD-00029-2026,https://www.aepd.es/documento/pd-00029-2026.pdf,1 / 12  Expediente N.º: EXP202515661 RESOLUCIÓN DE PROCEDIMIENTO DE DERECHOS Vista   la   reclamación   registrada   en   fecha   9   de   agosto   de   2025   ante   esta  Agencia   y realizadas   las   actuaciones   procedimentales   previstas   en   el   Título   VIII   de   la   Ley Orgánica 3...,"1/12  Expediente N.º: EXP202515661 RESOLUCIÓN DE PROCEDIMIENTO DE DERECHOS Vista la reclamación registrada en fecha 9 de agosto de 2025 ante esta Agencia y realizadas las actuaciones procedimentales previstas en el Título VIII de la Ley Orgánica 3/2018, de 5 de diciembre, de Protección de Datos Personales y garantía de los derechos digitales (en lo sucesivo, LOPDGDD), se han constatado los siguientes HECHOS PRIMERO: Con fecha 9 de agosto de 2025 tuvo entrada en esta Agencia reclamación presentada por A.A.A. (en adelante, la parte reclamante) contra NOTARIA LUIS CALABUIG LEYVA (en adelante, la parte reclamada) por no haber sido debidamente atendido el derecho de acceso. La parte reclamante indica que, el 13 de junio de 2025, envió a la parte reclamada, a la dirección de correo electrónico, notaria@notariacalabuig.com (con copia a ***EMAIL.1 y ***EMAIL.2), solicitud de acceso a sus datos personales (y más documentación) en relación con una operación de compraventa de una finca. La parte reclamante señala que recibió respuesta de la notaría, el 4 de julio de 2025, informándolo de que se le contestó de forma oficial a través del Colegio Notarial y que no le iban a responder más correos. La parte reclamante comunica que no se le facilitó por la parte reclamada copia alguna de sus datos, no se identificó DPD ni responsable de tratamiento, ni se justificó inexistencia o limitación de entrega, ni se ofreció prórroga motivada. La parte reclamante expresa que ni en el sitio web de la notaría, en sus comunicaciones y en los correos electrónicos remitidos se refleja el contacto del DPD ni el procedimiento formal para ejercer derechos. La parte reclamante expone que la parte reclamada difundió información sobre supuestas deudas (IBI/registro) cuya veracidad y soporte documental discute y que le han causado perjuicios (pérdidas de jornadas laborales, costes por cambio de notaría, inseguridad jurídica). La parte reclamante refiere haber interpuesto queja disciplinaria ante el Colegio Notarial. Aporta:  - Hilo de correos intercambiados por las partes, referidos a la compraventa de un inmueble. - Correo electrónico de fecha 13/06/2025 de la parte reclamante a la parte reclamada solicitando: C/ Jorge Juan, 6 www.aepd.es 28001 – Madrid sedeaepd.gob.es 2/12 “1. Identidad del responsable del cobro  - Persona física o jurídica que reclama el “pago pendiente” al amparo de la nota simple del Registro de la Propiedad de Xirivella.  2. Finalidad del tratamiento  - Motivo concreto por el que se exige el abono (arancel registral, comisión, otro).  3. Categorías y procedencia de los datos  - Datos que se han obtenido y/o comunicado sobre mi persona (importe, expediente, número de referencia registral).  4. Destinatarios o categorías de destinatarios  - Entidades públicas o privadas a quienes se haya comunicado dicha deuda.  5. Plazo de conservación  - Tiempo durante el cual se mantendrá registrada esta información en sus ficheros.  6. Base jurídica y arancel aplicable  - No...",Derecho de acceso a datos personales,Un individuo presentó una reclamación contra una notaría por no haber atendido debidamente su solicitud de acceso a sus datos personales relacionados con una operación de compraventa de una finca. La notaría no proporcionó la información solicitada y no identificó al delegado de protección de datos ni justificó la inexistencia o limitación de la entrega de los datos.,Solicitud de acceso a datos personales | Respuesta de la notaría indicando que no respondería más correos | Falta de identificación del delegado de protección de datos | No se proporcionó justificación para la inexistencia o limitación de la entrega de los datos,No especificado,"Art. 12 RGPD, Art. 15 RGPD","Derecho de acceso, Notaría, Datos personales, Delegado de protección de datos, Solicitud de información"
PS-00310-2024,https://www.aepd.es/documento/ps-00310-2024.pdf,1 / 12  Expediente N.º: EXP202316924 RESOLUCIÓN DE PROCEDIMIENTO SANCIONADOR Del procedimiento instruido por la Agencia Española de Protección de Datos  y en base a los siguientes HECHOS PRIMERO : Con fecha 26/10/2023 se interpuso reclamación ante la Agencia Española de   Protección   de   Datos...,"1/12  Expediente N.º: EXP202316924 RESOLUCIÓN DE PROCEDIMIENTO SANCIONADOR Del procedimiento instruido por la Agencia Española de Protección de Datos y en base a los siguientes HECHOS PRIMERO: Con fecha 26/10/2023 se interpuso reclamación ante la Agencia Española de Protección de Datos por una posible infracción imputable al AYUNTAMIENTO DE COLES con NIF P3202700E (en adelante, parte reclamada o AYTO. DE COLES).  Los hechos que se pone en conocimiento de esta autoridad son los siguientes: La parte reclamante manifiesta que su motivación es proceder a denunciar a ***PUESTO.1, a ***PUESTO.2 y a ***PUESTO.3 del Ayuntamiento de Coles, provincia de Ourense, por ser responsables de la revelación de datos personales de su persona en el expediente administrativo ***REFERENCIA.1. La parte reclamante es citada como representante legal de la sociedad ***EMPRESA.1 en la página 2 de 3 del expediente ***REFERENCIA.1, el cual el Ayuntamiento expone públicamente en un poste eléctrico y en el que se hace pública la sanción que le impone: “Imponer una multa coercitiva por importe de CINCO MIL euros (5000 euros ) a A.A.A. en representación de ***EMPRESA.1 por incumplimiento de la orden de ejecución, señalando que la persistencia del incumplimiento conllevará la imposición automática de nuevas multas mensuales por el mismo importe hasta el cumplimiento del restablecimiento de la legalidad urbanística mediante la paralización efectiva de las obras y la presentación de la oportuna licencia de las obras que se estén ejecutando.” SEGUNDO: El 24/11/2023 se le dio traslado a la parte reclamada para que procediera al análisis de la reclamación y pudiera dar respuesta a ésta. En respuesta a las actuaciones de traslado y de información realizadas, se recibió en esta Agencia escrito de la parte reclamada en el que, por lo que aquí interesa, manifiesta lo siguiente: ""El origen de la reclamación se fundamenta en la existencia de un procedimiento administrativo abierto por el Ayuntamiento de Coles nº ***REFERENCIA.1 contra la mercantil ***EMPRESA.1  con motivo de la realización de obras ilegales en un inmueble sito en ***LOCALIDAD.1.  Se dicta Decreto en fecha 22 de junio de 2023 por el cual se acuerda el precintado de las obras y retirada de materiales y maquinaria, así como la imposición de una multa coercitiva por importe de 5.000 euros como consecuencia del incumplimiento de la orden de paralización de las obras y reposición a la legalidad. C/ Jorge Juan, 6 www.aepd.es 28001 – Madrid sedeaepd.gob.es 2/12 Desde la Secretaría del Ayuntamiento se dio orden de cumplimiento del Decreto para que en fecha 05/10/2023 se procediera por parte del personal municipal, acompañados por agentes de la Guardia Civil de proceder a precintar las obras.  En esta ocasión, el operario del Ayuntamiento que se persona en el lugar de las obras, lo hace acompañado del Decreto en cuestión y, procede en presencia de los agentes de la Guardia Civil a colocar la notificación, momento en el cual se perso...",Protección de datos personales,"El Ayuntamiento de Coles publicó un expediente administrativo con datos personales de una persona en un poste eléctrico, lo que motivó una reclamación ante la Agencia Española de Protección de Datos por posible infracción de la protección de datos personales.",Publicación de expediente administrativo con datos personales | Reclamación ante la Agencia Española de Protección de Datos | Imposición de multa coercitiva por incumplimiento de orden de paralización de obras,No especificado,Reglamento General de Protección de Datos (RGPD),"protección de datos personales, expediente administrativo, publicación de datos personales, reclamación, Agencia Española de Protección de Datos, multa coercitiva"
PS-00005-2026,https://www.aepd.es/documento/ps-00005-2026.pdf,"1 / 25  Expediente - EXP202504493  (PS/00005/2026) RESOLUCION     DEL PROCEDIMIENTO SANCIONADOR De las actuaciones practicadas por la Agencia Española de Protección de Datos (en lo sucesivo, AEPD)  y en base a los siguientes ANTECEDENTES PRIMERO : Con fecha 11 de febrero de 2025 se interpuso...","1/25  Expediente - EXP202504493 (PS/00005/2026) RESOLUCION     DEL PROCEDIMIENTO SANCIONADOR De las actuaciones practicadas por la Agencia Española de Protección de Datos (en lo sucesivo, AEPD) y en base a los siguientes ANTECEDENTES PRIMERO: Con fecha 11 de febrero de 2025 se interpuso reclamación ante la AEPD.  La reclamación se dirige contra la entidad CONECTA5 TELECINCO, S.A.U., NIF.: A82432279, titular de la página web: https://www.mitele.es (www.mediasetinfinity.es) (en lo sucesivo, CONECTA5 o la parte reclamada), por la presunta vulneración de la Ley 34/2002, de 11 de julio, de Servicios de la Sociedad de la Información y Comercio Electrónico (en lo sucesivo, LSSI). La parte reclamante sostiene que en el sitio web indicado se instalan cookies de seguimiento y de carácter publicitario sin haber recabado previamente el consentimiento del usuario, aportando para ello un documento en el que se recogen las evidencias obtenidas a partir del análisis de la política de cookies del citado sitio. SEGUNDO: Con fecha 20 de marzo de 2025, de conformidad con el artículo 65.4 de la Ley Orgánica 3/2018, de 5 de diciembre, de Protección de Datos Personales y garantía de los derechos digitales (en lo sucesivo, LOPDGDD), se dio traslado de dicha reclamación a la parte reclamada, para que procediese a su análisis e informase a esta Agencia en el plazo de un mes, de las acciones llevadas a cabo para adecuarse a los requisitos previstos en la normativa de protección de datos. TERCERO: Con fecha 15 de abril de 2025 la parte reclamada presenta escrito de contestación en el que, en síntesis, manifiesta su desconocimiento previo de la reclamación al no poder identificar al reclamante en el escrito de la AEPD, indicando que en la misma fecha en que se interpuso respondió a un correo recibido en su buzón de privacidad sobre cookies, sin constar incidencias posteriores ni otras reclamaciones.  En cuanto al fondo, sostiene que no se instalan cookies no técnicas cuando el usuario las rechaza, limitándose a cookies técnicas conforme a la Guía de la AEPD, y que las revisiones jurídicas y técnicas realizadas no detectaron incidencias en el gestor de consentimiento ni en el funcionamiento del sitio y añade que el CMP de www.mitele.es cumple el artículo 22.2 LSSI al basarse en el marco TCF de IAB Europe y permitir aceptar, rechazar o configurar cookies de forma granular; destaca medidas de cumplimiento como auditorías periódicas, adhesión a Confianza Online y monitorización trimestral sin incidencias; afirma que la información es clara y accesible y que el usuario puede modificar el consentimiento en cualquier momento; y señala que, aunque no fueron necesarias medidas correctoras, se realizó una revisión adicional que confirmó el correcto funcionamiento. CUARTO: Con fecha 12 de mayo de 2025, de conformidad con el artículo 65 de la LOPDGDD, se admitió a trámite la reclamación presentada por la parte reclamante. C/ Jorge Juan, 6 www.aepd.es 28001 – Madrid sedeaepd.gob.es 2/25...",Uso de cookies,"Una entidad, CONECTA5 TELECINCO, S.A.U., fue denunciada por instalar cookies de seguimiento y publicitarias sin consentimiento previo del usuario. La AEPD investigó y la entidad argumentó que no instala cookies no técnicas si el usuario las rechaza y que cumple con la normativa vigente.",Denuncia por uso de cookies sin consentimiento | Investigación de la AEPD | Respuesta de la entidad denunciada,No especificado,"Ley 34/2002, de 11 de julio, de Servicios de la Sociedad de la Información y Comercio Electrónico (LSSI), Ley Orgánica 3/2018, de 5 de diciembre, de Protección de Datos Personales y garantía de los derechos digitales (LOPDGDD)","cookies, consentimiento, protección de datos, LSSI, LOPDGDD, AEPD"
AI-00079-2025,https://www.aepd.es/documento/ai-00079-2025.pdf,"1 / 6  Expediente N.º: EXP202415627 RESOLUCIÓN DE ARCHIVO DE ACTUACIONES De   las   actuaciones   practicadas   por   la  Agencia   Española   de   Protección   de   Datos   y teniendo como base los siguientes HECHOS PRIMERO : Con fecha 4 de octubre de 2024, se presentó reclamación ante la Agencia...","1/6  Expediente N.º: EXP202415627 RESOLUCIÓN DE ARCHIVO DE ACTUACIONES De las actuaciones practicadas por la Agencia Española de Protección de Datos y teniendo como base los siguientes HECHOS PRIMERO: Con fecha 4 de octubre de 2024, se presentó reclamación ante la Agencia Española de Protección de Datos contra TELEFÓNICA DE ESPAÑA, S.A.U. con NIF.: A82018474 (en adelante, TELEFÓNICA).  Los motivos en que basa la reclamación son los siguientes: La parte reclamante manifiesta que el operador de telecomunicaciones reclamado le imputa una deuda asociada al servicio ""movistar satélite"" que no ha contratado y sin ser cliente, y realiza cargos bancarios indebidos con dicho concepto, desde el 01/06/23 al 01/03/2024. Indica que se pone en contacto con dicho operador, presentando reclamación en marzo de 2024, siendo estimada en fecha 8/04/2024, reconociéndole un importe a su favor de 274 euros. Señala que no sólo no le devolvieron el importe, sino que le indican que tiene que devolver los aparatos, por lo que presenta dos nuevas reclamaciones, en fechas 16/05/2024 y 13/06/2024, sin recibir contestación. Señala que por tanto presenta reclamación ante el Instituto Gallego de Consumo el 25/09/2024. Y en fecha 01/10/2024 recibe requerimiento de pago de una empresa de recobro. Junto a la notificación se aporta:  - ESCRITO_RECLAMACION_MARZO_2024: reclamación a Telefónica de 8/3/2024 - RESOLUCION_TELEFONICA_ABRIL_2024 de 8/4/2024, con la respuesta de Movistar al email ***EMAIL.1 con el texto: Te informamos que se procederá a la devolución a nombre del reclamante de 274 euros impuestos incluidos; correspondiente al servicio de Movistar + Satélite de las facturas del 01/06/2023 hasta el 01/03/2024 (ambas incluidas). El abono se hará a la mayor brevedad posible. - RESPUESTA_A_EMAIL_RECOBROS: respuesta del reclamante a ISGF de 2/10/2024 a email de ISGF de 1/10/2024 de Facturas Pendientes. - EMAIL_RECOBROS de ISGF a email ***EMAIL.2 del reclamante de 1/10/2024 de Facturas Pendientes que decía: (el subrayado es de la Agencia) A pesar de los intentos realizados para facilitarle la regularización del impago que mantiene con nuestro cliente TELEFÓNICA DE ESPAÑA S.A. por el servicio de Televisión Digital (anteriormente DTS Distribuidora de Televisión Digital), la realidad es C/ Jorge Juan, 6 www.aepd.es 28001 – Madrid sedeaepd.gob.es 2/6 que hasta el momento no hemos obtenido respuesta satisfactoria por su parte, ello a pesar de que ISGF ha mostrado la mejor predisposición. … Por todo ello, le emplazamos a regularizar en los próximos 7 días la cuantía pendiente derivada del expediente número (...) que actualmente asciende a 300.00€, lo antes posible. - RESPUESTA_A_RECOBROS_16_10_24 de email ***EMAIL.3 y ***EMAIL.2 del reclamante a ISGF a email de 2/10/24. - EMAIL_RECOBROS_16_10 de ISGF a email ***EMAIL.2 del reclamante de 16/10/2024 informando de deuda y de que los datos referidos al impago pueden ser comunicados a ficheros relativos al incumplimiento de obligaciones dine...",Deudas asociadas a servicios no contratados,"Un individuo reclama contra Telefónica de España por una deuda asociada a un servicio que nunca contrató, recibiendo cargos bancarios indebidos y siendo requerido por una empresa de recobro a pesar de haber presentado reclamaciones y haber sido estimada una devolución de dinero",Reclamación por deuda no reconocida | Cargos bancarios indebidos | Requerimiento de pago por empresa de recobro | Presentación de reclamaciones ante Telefónica y el Instituto Gallego de Consumo,No especificado,No especificado,"deuda, servicio no contratado, cargos bancarios indebidos, empresa de recobro, reclamación, Telefónica de España"
CO-00193-2024,https://www.aepd.es/documento/co-00193-2024.pdf,"1 / 11  N/Ref.:  AT/03485/2024 - EXP202407914 RESOLUCIÓN DE ARCHIVO DE ACTUACIONES De las  actuaciones  seguidas  con motivo de la  reclamación  presentada en la Agencia Española   de   Protección   de   Datos,   por   presunta   vulneración   del   Reglamento   (UE) 2016/679 del Parlamento...","1/11  N/Ref.: AT/03485/2024 - EXP202407914 RESOLUCIÓN DE ARCHIVO DE ACTUACIONES De las actuaciones seguidas con motivo de la reclamación presentada en la Agencia Española de Protección de Datos, por presunta vulneración del Reglamento (UE) 2016/679 del Parlamento Europeo y del Consejo de 27 de abril de 2016, relativo a la protección de las personas físicas en lo que respecta al tratamiento de datos personales y a la libre circulación de estos datos (en lo sucesivo, RGPD) y teniendo como base los siguientes HECHOS PRIMERO: Con fecha 23 de mayo de 2024 y con número de registro de entrada REGAGE24e00037817782, tuvo entrada en esta Agencia una reclamación, relacionada con un tratamiento de carácter transfronterizo de datos personales realizado por META PLATFORMS IRELAND LIMITED, por una presunta vulneración del RGPD.  El motivo en que el reclamante basa la reclamación es una notificación recibida por parte de Meta en la que indicaba su intención de actualizar su política de privacidad con efecto a partir del 26 de junio de 2024. Los cambios en la política de privacidad estaban relacionados con (a) el uso adicional de los datos públicos recogidos de sus usuarios para la investigación y el desarrollo de tecnologías de IA, y (b) la aplicación de la tecnología de IA en sus productos. Meta señaló que uno de los nuevos usos de los datos que recoge sería «apoyar la investigación en ámbitos como la inteligencia artificial y el aprendizaje automático». Los datos recogidos por Meta incluyen datos personales, facilitados como parte de los perfiles de usuario, así como contenidos creados y publicados utilizando los productos de Meta. Además, el aviso facilitaba al denunciante información sobre cómo podría oponerse al tratamiento de sus datos personales en el entrenamiento del modelo o modelos de IA. El reclamante, tras revisar los cambios propuestos por Meta, señaló una serie de cuestiones, entre ellas: La invocación por parte de Meta de intereses legítimos como base jurídica para el tratamiento con arreglo al artículo 6, apartado 1, letra f), del RGPD; El suministro de información por parte de Meta sobre su tratamiento propuesto, tal como se indica en su política de privacidad y notificaciones de usuarios, la capacidad de Meta para aplicar herramientas para abordar las solicitudes de derechos de los interesados de conformidad con los artículos 15 a 21 del RGPD, dada la naturaleza de las tecnologías de IA; y la aplicación de garantías adecuadas para el tratamiento propuesto de conformidad con el artículo 25 del RGPD. SEGUNDO: META PLATFORMS IRELAND LIMITED tiene su establecimiento principal o único en Irlanda. TERCERO: Teniendo en cuenta el carácter transfronterizo de la reclamación, con fecha 19 de junio de 2024 se acordó el archivo provisional del procedimiento y la C/ Jorge Juan, 6 www.aepd.es 28001 – Madrid sedeaepd.gob.es 2/11 remisión de la reclamación a la autoridad de control de Irlanda por ser la competente para actuar como autoridad de control princip...",Tratamiento de datos personales y tecnologías de IA,Un reclamante denunció a Meta Platforms Ireland Limited por una presunta vulneración del RGPD debido a cambios en su política de privacidad relacionados con el uso de datos personales para la investigación y el desarrollo de tecnologías de IA.,Notificación de Meta sobre actualización de política de privacidad | Uso de datos personales para investigación y desarrollo de tecnologías de IA | Denuncia del reclamante sobre la base jurídica y garantías para el tratamiento de datos,Archivo provisional del procedimiento y remisión a la autoridad de control de Irlanda,"Art. 6, apartado 1, letra f) del RGPD, Art. 15-21 del RGPD, Art. 25 del RGPD","Meta Platforms Ireland Limited, RGPD, Tecnologías de IA, Tratamiento de datos personales, Política de privacidad, Intereses legítimos, Garantías adecuadas"
PS-00147-2025,https://www.aepd.es/documento/ps-00147-2025.pdf,1 / 47  Expediente N.º: EXP202315792 ANTECEDENTES .......................................................................................................... 2 PRIMERO: Presentación de denuncia. ...................................................................... 2 SEGUNDO: Actuaciones previas de...,1/47  Expediente N.º: EXP202315792 ANTECEDENTES..........................................................................................................2 PRIMERO: Presentación de denuncia.......................................................................2 SEGUNDO: Actuaciones previas de investigación.....................................................3 TERCERO: Acuerdo de inicio de procedimiento sancionador..................................10 CUARTO: Alegaciones al acuerdo de inicio de procedimiento sancionador.............10 QUINTO: Propuesta de resolución...........................................................................14 SEXTO: Alegaciones a la Propuesta de resolución..................................................14 HECHOS PROBADOS................................................................................................14 PRIMERO: Anuncio de formalización de contrato de suministro del proyecto “Piloto  Guardia Civil Virtual”.................................................................................................14 SEGUNDO: Requisitos funcionales y técnicos objeto de contratación indicados en el PPT...........................................................................................................................14 TERCERO    :   Seguridad y confidencialidad de la información indicados en el PPT....19 CUARTO: Requisitos de seguridad y confidencialidad.............................................20 QUINTO: Medidas tomadas en aplicación de la perspectiva de protección de datos  desde el diseño y por defecto...................................................................................20 SEXTO: No realización de Análisis de riesgos ni evaluación de impacto.................21 SÉPTIMO: No contestación del Delegado de Protección de Datos de la Guardia Civil .................................................................................................................................22 OCTAVO: Interfaces accesibles para los usuarios y deber de información..............22 NOVENO: Ausencia de contrato de encargo de tratamiento entre la D.G de la  Guardia Civil y la empresa adjudicataria..................................................................22 FUNDAMENTOS DE DERECHO.................................................................................23 I Competencia..........................................................................................................23 II Cuestiones previas................................................................................................23 III    Alegaciones al Acuerdo de inicio..........................................................................27    IV Contestación a las alegaciones a la Propuesta de Resolución.............................35 IV    Obligación incumplida. Artículo 35 RGPD. Ausencia de una EIPD adecuada al  tratamiento...............................................................................................................33 V ...,Protección de datos,"La Guardia Civil inició un proyecto llamado 'Piloto Guardia Civil Virtual' sin realizar un análisis de riesgos ni evaluación de impacto, incumpliendo el artículo 35 del RGPD.",Inicio del proyecto 'Piloto Guardia Civil Virtual' | No realización de Análisis de riesgos ni evaluación de impacto | Ausencia de contrato de encargo de tratamiento,No especificado,Art. 35 RGPD,"protección de datos, Guardia Civil, evaluación de impacto, análisis de riesgos, RGPD"
AI-00085-2025,https://www.aepd.es/documento/ai-00085-2025.pdf,"1 / 6  Expediente N.º: EXP202503061 RESOLUCIÓN DE ARCHIVO DE ACTUACIONES De   las   actuaciones   practicadas   por   la  Agencia   Española   de   Protección   de   Datos   y teniendo como base los siguientes HECHOS PRIMERO : Con fecha 17/01/2025, se presentó reclamación ante la Agencia Española...","1/6  Expediente N.º: EXP202503061 RESOLUCIÓN DE ARCHIVO DE ACTUACIONES De las actuaciones practicadas por la Agencia Española de Protección de Datos y teniendo como base los siguientes HECHOS PRIMERO: Con fecha 17/01/2025, se presentó reclamación ante la Agencia Española de Protección de Datos contra A.A.A., con NIF ***NIF.1 (en adelante, A.A.A. o la parte reclamada), persona titular del dominio https:/abogadosexpertos.com.es. Los motivos en que basa la reclamación son los siguientes: El reclamante denuncia la publicación de sus datos personales (nombre apellidos, teléfono de contacto, dirección profesional y su imagen), sin su consentimiento, en el sitio web https:/abogadosexpertos.com.es/. Señala que el sitio web no identifica claramente al responsable y que la política de privacidad es deficiente. Junto a la notificación se aporta certificación del contenido de la página ***URL.1 y certificación del contenido de la página https://abogadosexpertos.com.es/politica-de- privacidad/, así como información relativa al titular del dominio. SEGUNDO: Con fecha 24/02/2025, de conformidad con el artículo 65 de la Ley Orgánica 3/2018, de 5 de diciembre, de Protección de Datos Personales y garantía de los derechos digitales (en lo sucesivo LOPDGDD), se admitió a trámite la reclamación presentada. TERCERO: La Subdirección General de Inspección de Datos procedió a la realización de actuaciones previas de investigación para el esclarecimiento de los hechos en cuestión, en virtud de las funciones asignadas a las autoridades de control en el artículo 57.1 y de los poderes otorgados en el artículo 58.1 del Reglamento (UE) 2016/679 (Reglamento General de Protección de Datos, en adelante RGPD), y de conformidad con lo establecido en el Título VII, Capítulo I, Sección segunda, de la LOPDGDD, teniendo conocimiento de los siguientes extremos: - El día 7/03/2025 se consulta el contenido de la página https:/abogadosexpertos.com.es, resultando que la misma no se encuentra disponible. - Se comprueba que la titularidad del dominio de la página web se corresponde con la parte reclamada. - La parte reclamada en su contestación a esta Agencia el 26 de abril de 2025 señala, entre otros aspectos, lo siguiente: - Que la página web https://abogadosexpertos.com.es estuvo accesible en internet entre el 3 de noviembre de 2024 y el 3 de marzo de 2025. Señala asimismo que los datos se obtuvieron de fuentes de acceso público. C/ Jorge Juan, 6 www.aepd.es 28001 – Madrid sedeaepd.gob.es 2/6 FUNDAMENTOS DE DERECHO I  Competencia De acuerdo con las funciones que el artículo 57.1 a), f) y h) del RGPD confiere a cada autoridad de control y según lo dispuesto en los artículos 47 y 48.1 de la LOPDGDD, es competente para resolver estas actuaciones de investigación la Presidencia de la Agencia Española de Protección de Datos. Asimismo, el artículo 63.2 de la LOPDGDD determina que: ""Los procedimientos tramitados por la Agencia Española de Protección de Datos se regirán por lo dispuesto en el Reg...",Publicación de datos personales sin consentimiento,"Un reclamante denunció la publicación de sus datos personales en un sitio web sin su consentimiento. La AEPD investigó y encontró que el sitio web no estaba disponible, pero se comprobó que la titularidad del dominio correspondía a la parte reclamada, quien alegó que los datos se obtuvieron de fuentes de acceso público.",Publicación de datos personales sin consentimiento | Denuncia ante la AEPD | Investigación de la AEPD | Sitio web no disponible | Titularidad del dominio correspondiente a la parte reclamada,No especificado,"Art. 5 RGPD, Art. 6 RGPD, Art. 57.1 RGPD, Art. 58.1 RGPD, LOPDGDD","publicación de datos personales, consentimiento, sitio web, AEPD, investigación, titularidad del dominio, fuentes de acceso público"
AI-00433-2024,https://www.aepd.es/documento/ai-00433-2024.pdf,"1 / 5  Expediente N.º: EXP202414193 RESOLUCIÓN DE ARCHIVO DE ACTUACIONES De   las   actuaciones   practicadas   por   la  Agencia   Española   de   Protección   de   Datos   y teniendo como base los siguientes HECHOS PRIMERO : Con fecha 15 de octubre de 2024, se presentó reclamación ante la...","1/5  Expediente N.º: EXP202414193 RESOLUCIÓN DE ARCHIVO DE ACTUACIONES De las actuaciones practicadas por la Agencia Española de Protección de Datos y teniendo como base los siguientes HECHOS PRIMERO: Con fecha 15 de octubre de 2024, se presentó reclamación ante la Agencia Española de Protección de Datos contra  (…) FUNDACIÓN MARISTAS COMPOSTELA (en adelante, la parte reclamada).  Los motivos en que basa la reclamación son los siguientes: La parte reclamante manifiesta ser la madre de un menor de edad (actualmente 13 años) que sufrió una agresión, por parte de otros menores, en el interior de su colegio.  La agresión fue grabada en vídeo por otro menor utilizando un teléfono móvil y las imágenes se publicaron en un grupo privado de Telegram ((***GRUPO.1)). (url ***URL.1). Los hechos se denunciaron a la policía nacional el 7/10/24, facilitándose una copia del vídeo a la policía. En la denuncia consta que el vídeo se publicó el ***FECHA.1 a las 11.18 horas, y que, en el momento de formularse la denuncia, llevaba más de 16.000 visualizaciones. La reclamante manifiesta que ha intentado ""por todos los medios mediante reportes y correos que lo eliminen y no lo hacen"". SEGUNDO: Con fecha 15 de octubre de 2024, de conformidad con el artículo 65 de la LOPDGDD, se admitió a trámite la reclamación presentada. TERCERO: La Subdirección General de Inspección de Datos procedió a la realización de actuaciones previas de investigación para el esclarecimiento de los hechos en cuestión, en virtud de las funciones asignadas a las autoridades de control en el artículo 57.1 y de los poderes otorgados en el artículo 58.1 del Reglamento (UE) 2016/679 (Reglamento General de Protección de Datos, en adelante RGPD), y de conformidad con lo establecido en el Título VII, Capítulo I, Sección segunda, de la LOPDGDD, teniendo conocimiento de los siguientes extremos: Con fecha 17/10/2024 se comprueba que: 1. Consta publicado un video en la url ***URL.1 que redirige a la aplicación de mensajería Telegram. En dicho video constan varios niños, algunos de ellos corriendo, de los cuales no se les distingue el rostro tan solo a algunos de ellos. Tras la visualización del video no es posible conocer exactamente qué está ocurriendo en dicho vídeo. El vídeo consta publicado en el canal de Telegram “***GRUPO.1!!” con 164076 suscriptores. En la información sobre dicho canal consta la mención a 2968 videos y 205 fotos. C/ Jorge Juan, 6 www.aepd.es 28001 – Madrid sedeaepd.gob.es 2/5 Con fecha 17/10/2024: 1. Se envía por correo electrónico solicitud de retirada del contenido referido a direcciones de TELEGRAM.org y del registrar del dominio. Con fecha 18/10/2024 se comprueba que: 1. El video que estaba publicado en la anteriormente referida url, ya no está publicado. Con fecha 10/12/2024 EDPO (representante del art. 27 de TELEGRAM) envía a esta Agencia la siguiente información y manifestaciones por correo electrónico, como contestación a un requerimiento de información en el que se preguntaba...",Protección de datos de menores,"Una madre denunció que un vídeo de su hijo menor de edad, que había sido agredido por otros menores en el colegio, se publicó en un grupo privado de Telegram y no se eliminó a pesar de sus solicitudes. La AEPD investigó y solicitó la retirada del contenido, que finalmente se eliminó.",Agresión a un menor en el colegio | Publicación del vídeo en Telegram | Denuncia de la madre | Solicitud de retirada del contenido,No especificado,"Art. 57.1 RGPD, Art. 58.1 RGPD, LOPDGDD","protección de datos, menores, Telegram, vídeo, agresión, eliminación de contenido"
PA-00047-2025,https://www.aepd.es/documento/pa-00047-2025.pdf,1 / 12  Expediente N.º: EXP202501170 RESOLUCIÓN DE     PROCEDIMIENTO DE APERCIBIMIENTO Del procedimiento instruido por la Agencia Española de Protección de Datos  y en base a los siguientes ANTECEDENTES PRIMERO :   Con   fecha   25   de   noviembre   de   2024   se   interpuso   reclamación   ante...,"1/12  Expediente N.º: EXP202501170 RESOLUCIÓN DE     PROCEDIMIENTO DE APERCIBIMIENTO Del procedimiento instruido por la Agencia Española de Protección de Datos y en base a los siguientes ANTECEDENTES PRIMERO: Con fecha 25 de noviembre de 2024 se interpuso reclamación ante la Agencia Española de Protección de Datos por una posible infracción imputable a UNENDO, S.L. con NIF B74001769 (en adelante, UNENDO S.L.).  Los hechos que se pone en conocimiento de esta autoridad son: La parte reclamante señala que la entidad reclamada, la cual ejerce su actividad empresarial como centro de formación para el empleo, ha tratado sus datos y sus acreditaciones docentes para diferentes acciones formativas sin su consentimiento, ni conocimiento, al menos en 5 acciones formativas. La parte reclamante indica no haber impartido ninguno de los cursos y no haber conocido el uso de sus datos, lucrándose la empresa con ellos. Junto al escrito, se aporta como documentación relevante: - Información de 3 cursos de formación en los que aparece la parte reclamante como docente:  o Word Avanzado (UNENDO) con fecha de inicio 21 de noviembre de 2022,  o Iniciación en Competencias Digitales Básicas para el Emprendimiento (UNENDO) con fecha de inicio 19 de enero de 2023  o otro sin especificar con fecha de inicio 11/12/2023. - Comunicación con fecha de 10 de octubre de 2024 de la Fundación Estatal para la Formación en el Empleo (FUNDAE en lo sucesivo) sobre una queja de la parte reclamante en la que le informan de que la entidad notificadora de la acción formativa a la que se refiere en la queja es CARAC SIGLO XXI, S.L. (CARAC en lo sucesivo) SEGUNDO: De conformidad con el artículo 65.4 de la Ley Orgánica 3/2018, de 5 de diciembre, de Protección de Datos Personales y garantía de los derechos digitales (en adelante LOPDGDD), se dio traslado de dicha reclamación a UNENDO S.L., para que procediese a su análisis e informase a esta Agencia en el plazo de un mes, de las acciones llevadas a cabo para adecuarse a los requisitos previstos en la normativa de protección de datos. C/ Jorge Juan, 6 www.aepd.es 28001 – Madrid sedeaepd.gob.es 2/12 La notificación del traslado de la reclamación, que se practicó conforme a las normas establecidas en la Ley 39/2015, de 1 de octubre, del Procedimiento Administrativo Común de las Administraciones Públicas (en adelante, LPACAP), fue realizada en fecha 27/01/2025 como consta en el acuse de recibo que obra en el expediente. Con fecha 10/02/2025 se recibe en esta Agencia escrito de respuesta indicando: ""Dña. A.A.A. ha sido trabajadora de UNENDO S.L. (anteriormente, ACADEMIA LUGONES, S.L.), en calidad de profesora (…). ""Grupo CARAC, al que pertenecen CARAC y UNENDO está en posesión tanto de la certificación ISO 27001:2013, Sistema de Gestión de Seguridad de la Información, con número de certificado 1313-5/17, como del Esquema Nacional de Seguridad (ENS), conforme al RD 311/2022, con número de certificado 624982. Motivado por ello, cuenta con toda una ser...",Tratamiento de datos personales sin consentimiento,"Una persona denunció a la AEPD que la empresa UNENDO, S.L. había tratado sus datos personales y acreditaciones docentes sin su consentimiento para diferentes acciones formativas. La empresa alega que la persona fue trabajadora de la empresa y que cuenta con certificaciones de seguridad de la información.",Tratamiento de datos personales sin consentimiento | Uso de acreditaciones docentes sin conocimiento | Denuncia a la AEPD | Respuesta de la empresa alegando certificaciones de seguridad,No especificado,"Art. 5 RGPD, Art. 6 RGPD, Ley Orgánica 3/2018, de 5 de diciembre, de Protección de Datos Personales y garantía de los derechos digitales","protección de datos, consentimiento, tratamiento de datos, acreditaciones docentes, UNENDO, S.L., AEPD"
AI-00132-2025,https://www.aepd.es/documento/ai-00132-2025.pdf,"1 / 8  Expediente N.º: EXP202415536 RESOLUCIÓN DE ARCHIVO DE ACTUACIONES De   las   actuaciones   practicadas   por   la  Agencia   Española   de   Protección   de   Datos   y teniendo como base los siguientes HECHOS PRIMERO : Con fecha 4 de octubre de 2024, se presentó reclamación ante la Agencia...","1/8  Expediente N.º: EXP202415536 RESOLUCIÓN DE ARCHIVO DE ACTUACIONES De las actuaciones practicadas por la Agencia Española de Protección de Datos y teniendo como base los siguientes HECHOS PRIMERO: Con fecha 4 de octubre de 2024, se presentó reclamación ante la Agencia Española de Protección de Datos contra INFORMOVIL 2.0 (en adelante, INFORMOVIL o la parte reclamada).  Los motivos en que basa la reclamación son los siguientes: La parte reclamante manifiesta que se ha incluido su línea móvil, ***TELÉFONO.1, en un grupo de WhatsApp, creado por la parte reclamada con fines comerciales, junto a otros 97 miembros. La parte reclamante alega que ha recibido la comunicación comercial sin haberlo autorizado expresamente y sin constar relación contractual previa con la entidad promocionada.  Junto con el escrito reclamación se aportan capturas de pantalla, constando los miembros agregados al grupo referido, denominado ""(…)"", así como la transcripción del mensaje remitido desde la línea ***TELÉFONO.2 en fecha 04/10/24. SEGUNDO: De conformidad con el artículo 65.4 de la Ley Orgánica 3/2018, de 5 de diciembre, de Protección de Datos Personales y garantía de los derechos digitales (en adelante LOPDGDD), se dio traslado de dicha reclamación a INFORMOVIL, para que procediese a su análisis e informase a esta Agencia en el plazo de un mes, de las acciones llevadas a cabo para adecuarse a los requisitos previstos en la normativa de protección de datos. El traslado, que se practicó conforme a las normas establecidas en la Ley 39/2015, de 1 de octubre, del Procedimiento Administrativo Común de las Administraciones Públicas (en adelante, LPACAP) mediante notificación postal, fue recogido por el responsable, en fecha 11/11/2024, como consta en el certificado que obra en el expediente.  Ante la falta de respuesta y aunque la notificación se practicó válidamente por medios postales, dándose por efectuado el trámite conforme a lo dispuesto en el artículo 41.5 de la LPACAP, a título informativo se envió una copia por correo postal nuevamente que fue notificada fehacientemente en fecha 07/01/2025. En dicha notificación, se le recordaba su obligación de relacionarse electrónicamente con la Administración, y se le informaban de los medios de acceso a dichas notificaciones, reiterando que, en lo sucesivo, se le notificaría exclusivamente por medios electrónicos.  C/ Jorge Juan, 6 www.aepd.es 28001 – Madrid sedeaepd.gob.es 2/8 Con fecha 5/02/2025 se recibe en esta Agencia respuesta sin incluir texto, en la que únicamente adjunta cuatro capturas de pantalla mostrando los pasos a seguir para eliminar el grupo “(…)” y en una de ellas consta “por problemas de LOPD cerramos este grupo. Disculpen las molestias”.  TERCERO: Con fecha 4 de enero de 2025, de conformidad con el artículo 65 de la LOPDGDD, se admitió a trámite la reclamación presentada. CUARTO: La Subdirección General de Inspección de Datos procedió a la realización de actuaciones previas de investigación para el escla...",Publicidad comercial no solicitada,"Una persona denunció a INFORMOVIL 2.0 por incluir su número de teléfono en un grupo de WhatsApp con fines comerciales sin autorización previa. La AEPD investigó y dio traslado de la reclamación a la empresa, que no respondió adecuadamente.",Inclusión en un grupo de WhatsApp sin autorización | Envío de publicidad comercial no solicitada | Falta de respuesta de la empresa a la reclamación,No especificado,"Art. 6 RGPD, Ley Orgánica 3/2018, de 5 de diciembre, de Protección de Datos Personales y garantía de los derechos digitales (LOPDGDD)","publicidad comercial, WhatsApp, autorización, protección de datos, LOPDGDD, RGPD"
AI-00102-2025,https://www.aepd.es/documento/ai-00102-2025.pdf,"1 / 7  Expediente N.º: EXP202415398 RESOLUCIÓN DE ARCHIVO DE ACTUACIONES De   las   actuaciones   practicadas   por   la  Agencia   Española   de   Protección   de   Datos   y teniendo como base los siguientes: HECHOS PRIMERO : Con fecha 16 de octubre de 2024, se presentó reclamación ante la...","1/7  Expediente N.º: EXP202415398 RESOLUCIÓN DE ARCHIVO DE ACTUACIONES De las actuaciones practicadas por la Agencia Española de Protección de Datos y teniendo como base los siguientes: HECHOS PRIMERO: Con fecha 16 de octubre de 2024, se presentó reclamación ante la Agencia Española de Protección de Datos contra A.A.A. con NIF ***NIF.1 (en adelante, la parte reclamada). Los motivos en que basa la reclamación son los siguientes: La Consejería de Turismo, Cultura y Deporte de la Junta de Andalucía remite a la Agencia Española de Protección de Datos (en adelante, AEPD) una reclamación planteada por la parte reclamante en la que pone de manifiesto que contrató el alquiler de una vivienda vacacional ofertada a través del sitio web de BOOKING a la parte reclamada y que esta le solicitó, para realizar el registro de huéspedes de la vivienda durante el periodo contratado, que remitiera copia de los documentos de identidad de los huéspedes a través de correo electrónico, lo que llevó a cabo en fecha 12 de abril de 2024.  Así las cosas, señala que no se le informó sobre el tratamiento de sus datos y que entiende que dicha petición contraviene la normativa de protección de datos, dado que basta con la comprobación de datos de la documentación de los huéspedes, sin necesidad de que se facilite copia al arrendador de la vivienda.  Por otra parte, manifiesta que con fecha 6 de mayo de 2024 solicitó a través del correo electrónico de contacto de la parte reclamada la devolución de la documentación remitida, así como información sobre el tratamiento de datos realizado, sin obtener contestación. Y aporta la siguiente documentación: - Impresión de un correo electrónico, de fecha 6 de mayo de 2024, remitido por ***EMAIL.1 (en adelante, email de la parte reclamante) a ***EMAIL.2 (que la parte reclamante indica que es el correo electrónico desde el que se le había solicitado los documentos de identidad). En este correo electrónico, respecto a los documentos de identidad, se indica lo siguiente: “nos solicitó y así se lo envié por un medio no seguro como es el email, las copias de los documentos de identidad de las personas que nos alojábamos en el apartamento, cuando usted sabe, que no puede disponer de estas copias y que su obligación es comprobar visualmente los datos y cumplimentar el formulario para trasmitir los datos al Ministerio del Interior. He intentado comprobar en el Agencia Española de Protección de Datos si aparece el registro correspondiente a su nombre, pero no lo he encontrado, por lo que la solicito C/ Jorge Juan, 6 www.aepd.es 28001 – Madrid sedeaepd.gob.es 2/7 que me lo facilite, así como que me informe, en cumplimiento de la RGPD y LOPD de su política de protección de datos, así como quién es el responsable del tratamiento de los datos, que uso se ha hecho de ellos, como se ha procedido a su destrucción (si se ha hecho) ya que no fueron necesarios al no cumplimentar el formulario de alojamiento.” En esta impresión del correo electrónico, aparece...",Protección de datos personales,"Un huésped denunció a un arrendador por solicitar copias de documentos de identidad para el registro de huéspedes de una vivienda vacacional, sin informar sobre el tratamiento de sus datos y sin necesidad de dichas copias.",Solicitud de copias de documentos de identidad por parte del arrendador | Remisión de copias a través de correo electrónico | Solicitud de devolución de la documentación y información sobre el tratamiento de datos | Falta de respuesta del arrendador,No especificado,"RGPD, LOPD","protección de datos, documentos de identidad, vivienda vacacional, arrendador, huésped, correo electrónico, RGPD, LOPD"
PS-00578-2025,https://www.aepd.es/documento/ps-00578-2025.pdf,"1 / 24  Expediente N.º: EXP202410770 RESOLUCIÓN DE PROCEDIMIENTO POR RECONOCIMIENTO DE LA RESPONSABILIDAD Del procedimiento instruido por la Agencia Española de Protección de Datos  y en base a los siguientes ANTECEDENTES PRIMERO :   Con  fecha  10  de  febrero de  2026 ,   la  Presidencia  de la...","1/24  Expediente N.º: EXP202410770 RESOLUCIÓN DE PROCEDIMIENTO POR RECONOCIMIENTO DE LA RESPONSABILIDAD Del procedimiento instruido por la Agencia Española de Protección de Datos y en base a los siguientes ANTECEDENTES PRIMERO: Con fecha 10 de febrero de 2026, la Presidencia de la Agencia Española de Protección de Datos acordó iniciar procedimiento sancionador a UNIVERSITAT POLITÈCNICA DE VALÈNCIA (en adelante, U.P.V.), mediante el Acuerdo que se transcribe: << Expediente N.º: EXP202410770 ACUERDO DE INICIO DE PROCEDIMIENTO SANCIONADOR De las actuaciones practicadas por la Agencia Española de Protección de Datos y en base a los siguientes HECHOS PRIMERO: Con fecha de 6 de junio de 2024, la UNIVERSITAT POLITÈCNICA DE VALÈNCIA con NIF Q4618002B (en adelante, U.P.V. o la parte reclamada), remitió una notificación de una brecha de datos personales a esta Agencia, como consecuencia de un ciberataque intencionado consistente en un acceso no autorizado a su sistema de información, con ***CANTIDAD.1 afectados. Indican que el inicio de la brecha fue el 1 de junio de 2024 y su detección el 3 de junio de 2024.En la notificación se incluye una breve descripción de lo ocurrido: “El 3 de junio de 2024 la Policía Nacional informa a la U.P.V. de la publicación en internet de un fichero con datos personales ((…) exclusivamente), con un total de ***CANTIDAD.2 registros (***CANTIDAD.1 registros únicos no validados). La URL de este fichero era ***URL.1, un servicio de compartición de ficheros públicos. Se analizó estos datos hasta confirmar que eran datos personales de personas que se habían preinscrito voluntariamente en cursos de formación permanente en la Universidad. Los datos estaban actualizados a fecha 13 de mayo de 2024. Se contactó con Pixeldrain solicitando la eliminación de dicho fichero, lo cual se realizó el mismo día a las 16:51. Durante los días 3 y 4 de junio se realizaron diversas investigaciones por parte del personal del ASIC de la U.P.V.. Un análisis profundo de la actividad de la red. Un análisis de todas las posibles vulnerabilidades en las bases de datos y en los sistemas en los cuales estaban albergados los servicios. Un análisis de posibles vulnerabilidades o defectos de diseño en las aplicaciones del Centro de Formación Permanente. Finalmente, el 4 de junio por la tarde se descubrió una función del C/ Jorge Juan, 6                                                                                                                                                                        www.aepd.es 28001 - Madrid                                                                                                                                                                    sedeagpd.gob.es 2/24 aplicativo de inscripción en los cursos que permitía recuperar exclusivamente dichos datos de un ID de usuario sin tener privilegios administrativos. Esa misma tarde del 4 de junio se solucionó este defecto de diseño, de manera que ya no puede ser utilizado ...",Ciberataque y brecha de datos personales,"La Universidad Politécnica de Valencia sufrió un ciberataque que permitió el acceso no autorizado a su sistema de información, afectando a un número determinado de personas que se habían preinscrito en cursos de formación permanente. La universidad notificó la brecha a la AEPD y tomó medidas para solucionar el defecto de diseño que permitió el acceso no autorizado.",Ciberataque intencionado contra la Universidad Politécnica de Valencia | Acceso no autorizado a su sistema de información | Publicación en internet de un fichero con datos personales | Detección y notificación de la brecha a la AEPD | Solución del defecto de diseño que permitió el acceso no autorizado,No especificado,"Art. 32 RGPD, Art. 33 RGPD","ciberataque, brecha de datos personales, Universidad Politécnica de Valencia, AEPD, protección de datos, seguridad de la información"
PD-00332-2025,https://www.aepd.es/documento/pd-00332-2025.pdf,1 / 23  Expediente N.º: EXP202515647 RESOLUCIÓN DE PROCEDIMIENTO DE DERECHOS Vista   la   reclamación   registrada   en   fecha   7   de   agosto   de   2025   ante   esta  Agencia   y realizadas   las   actuaciones   procedimentales   previstas   en   el   Título   VIII   de   la   Ley Orgánica 3...,"1/23  Expediente N.º: EXP202515647 RESOLUCIÓN DE PROCEDIMIENTO DE DERECHOS Vista la reclamación registrada en fecha 7 de agosto de 2025 ante esta Agencia y realizadas las actuaciones procedimentales previstas en el Título VIII de la Ley Orgánica 3/2018, de 5 de diciembre, de Protección de Datos Personales y garantía de los derechos digitales (en lo sucesivo, LOPDGDD), se han constatado los siguientes HECHOS PRIMERO: Con fecha 30 de julio de 2025 tuvo entrada en esta Agencia reclamación presentada por A.A.A. (en adelante, la parte reclamante) contra ILERNA ON LINE, S.L. (en adelante, la parte reclamada) por no haber sido debidamente atendido su derecho de acceso. La parte reclamante indica que ejerció el derecho de acceso ante la parte reclamada, el 23 de junio de 2025, solicitando acceso a todos los datos personales tratados sobre ella y en el contexto de su relación laboral, incluyendo actas, logs de actividad, informes técnicos, trazabilidad de accesos, y contenidos audiovisuales generados con su imagen y voz. La parte reclamante nos informa que la parte reclamada respondió, el 22 de julio de 2025, de modo parcial e incompleto, denegando o excluyendo datos personales relevantes como:  a) registros de ActivTrak utilizados para emitir un expediente disciplinario en su contra (incluyendo eventos, patrones de uso, logs de productividad y automatismos);  b) informes técnicos elaborados con sus datos, incluyendo menciones al uso de java.awt.Robot en Eclipse;  c) capturas de pantalla, archivos CSV y análisis que fueron subidos a ChatGPT sin anonimización, base legal ni contrato de encargado de tratamiento;  d) grabaciones de clases realizadas mediante Zoom institucional de la empresa reclamada, vinculadas a su cuenta profesional ***EMAIL.1, que siguen accesibles a estudiantes en el campus, y no han sido reconocidas ni incluidas en la relación de contenidos audiovisuales. La parte reclamante aporta, entre otros documentos,  - Ejercicio de acceso de la parte reclamante firmada el 23 de junio de 2025, remitida por correo electrónico el 23 de junio de 2025 y dirigida a la parte reclamada solicitando: “1. Copia de mis datos personales tratados por ILERNA ONLINE, S.L., incluyendo:  C/ Jorge Juan, 6 www.aepd.es 28001 – Madrid sedeaepd.gob.es 2/23 ● Actas de calificación y evaluación de ciclos formativos en los que figure como profesor, ***PUESTO.1, ***PUESTO.2 u otra función asignada.  ● Convenios y documentación presentada ante la Conselleria d’Educació de Cataluña en los que figure mi intervención, incluyendo convenios de prácticas y otros documentos docentes.  ● Logs, archivos, exportaciones de datos, informes y registros generados en las siguientes herramientas:  ○ ActivTrak,  ○ Google WorkSpace,  ○ NinjaOne,  ○ Zoom,  ○ así como cualquier otra herramienta de análisis de productividad, control de actividad o control remoto utilizada por la empresa.. ● Informe pericial o técnico informático que respalde las acusaciones contenidas en la carta de despido f...",Derecho de acceso a datos personales,"Una persona ejerció su derecho de acceso a datos personales ante la empresa ILERNA ON LINE, S.L., pero la empresa respondió de manera parcial e incompleta, denegando o excluyendo datos personales relevantes.",Ejercicio del derecho de acceso a datos personales | Respuesta parcial e incompleta de la empresa | Denegación o exclusión de datos personales relevantes | Uso de herramientas de análisis de productividad y control de actividad sin anonimización,No especificado,"Art. 15 RGPD, Art. 12 RGPD","Derecho de acceso, Datos personales, ILERNA ON LINE, S.L., ActivTrak, Zoom, ChatGPT, Anonimización, Encargado de tratamiento"
PD-00004-2026,https://www.aepd.es/documento/pd-00004-2026.pdf,1 / 19  Expediente N.º: ***REFERENCIA.3 RESOLUCIÓN DE PROCEDIMIENTO DE DERECHOS Vista   la   reclamación   registrada   en   fecha   28   de   agosto   de   2025   ante   esta  Agencia   y realizadas   las   actuaciones   procedimentales   previstas   en   el   Título   VIII   de   la   Ley...,"1/19  Expediente N.º: ***REFERENCIA.3 RESOLUCIÓN DE PROCEDIMIENTO DE DERECHOS Vista la reclamación registrada en fecha 28 de agosto de 2025 ante esta Agencia y realizadas las actuaciones procedimentales previstas en el Título VIII de la Ley Orgánica 3/2018, de 5 de diciembre, de Protección de Datos Personales y garantía de los derechos digitales (en lo sucesivo, LOPDGDD), se han constatado los siguientes HECHOS PRIMERO: Con fecha 28 de agosto de 2025 tuvo entrada en esta Agencia reclamación presentada por A.A.A. (en adelante, la parte reclamante) contra AGENCIA TRIBUTARIA REGION DE MURCIA (ATRM) (en adelante, la parte reclamada) por no haber sido debidamente atendido el derecho de acceso. Con fecha 9 de julio de 2025 la parte reclamante presentó un escrito ante la parte reclamada en la que solicitaba una copia de todos sus datos y de sus expedientes. El 11 de julio de 2025 amplió dicha petición, solicitando la confirmación y actualización de su domicilio fiscal. El 28 de julio de 2025 la parte reclamada emitió una contestación que, según afirma, es parcial y no resuelve todas las cuestiones planteadas, y se le solicita el pago de una tasa para atender la solicitud. El 04 de agosto de 2025 la parte reclamante registró un documento dirigido al delegado de protección de datos de la parte reclamada en el que reitera el contenido de las peticiones formuladas en los escritos anteriormente referenciados, no obteniendo respuesta alguna. Junto a la reclamación aporta diversa documentación, entre otros:   - Escrito de fecha 09/07/2025 de la parte reclamante dirigido a la parte reclamada: “Reconocimiento de domicilio fiscal y ejercicio del derecho de acceso (art. 15 RGPD; art. 16 LOPDGDD; art. 54 LGT) “(…) Que se reconozca expresamente mi domicilio fiscal y de notificaciones como (…), dejándolo formalmente registrado en su base de datos y sistemas de gestión. Que se me facilite copia íntegra de todos los datos y expedientes que obren en poder de la ATRM relacionados con mi persona, incluyendo, sin carácter limitativo: - Datos identificativos y de contacto. C/ Jorge Juan, 6 www.aepd.es 28001 – Madrid sedeaepd.gob.es 2/19 - Expedientes de inspección, liquidaciones, devoluciones y embargos (diligencia de embargo nº ***REFERENCIA.1 y demás actos de ejecución). - Recursos, reclamaciones, escritos presentados y sus resoluciones con CSV. - Comunicaciones postales, burofaxes y cualquier otro dato personal o administrativo registrado a mi nombre. - Solicito copia de todos los datos que obren desde la fecha de mi primera relación con este órgano hasta la actualidad.  Que todas las notificaciones derivadas de esta solicitud se practiquen exclusivamente por correo postal al domicilio fiscal señalado, rechazando expresamente cualquier notificación electrónica (art. 40.2 LPAC)  Les agradeceré que, de existir costes de reproducción, me informen previamente antes de aplicar cualquier tasa.” - Escrito de subsanación de la parte reclamante de fecha 11/07/2025 dirigido a la ...",Derecho de acceso,Un ciudadano presentó una reclamación ante la AEPD contra la Agencia Tributaria de la Región de Murcia por no haber sido debidamente atendido su derecho de acceso a sus datos personales y expedientes.,Solicitud de acceso a datos personales y expedientes | Contestación parcial de la Agencia Tributaria | Solicitud de pago de una tasa para atender la solicitud | Reiteración de la solicitud al delegado de protección de datos,No especificado,"Art. 15 RGPD, Art. 16 LOPDGDD, Art. 54 LGT","Derecho de acceso, Agencia Tributaria, Protección de datos, Solicitud de información, Tasa, Reclamación"
PD-00323-2025,https://www.aepd.es/documento/pd-00323-2025.pdf,1 / 23  Expediente N.º: EXP202515638 RESOLUCIÓN DE PROCEDIMIENTO DE DERECHOS Vista   la   reclamación   registrada   en   fecha   30   de   julio   de   2025   ante   esta   Agencia   y realizadas   las   actuaciones   procedimentales   previstas   en   el   Título   VIII   de   la   Ley Orgánica...,"1/23  Expediente N.º: EXP202515638 RESOLUCIÓN DE PROCEDIMIENTO DE DERECHOS Vista la reclamación registrada en fecha 30 de julio de 2025 ante esta Agencia y realizadas las actuaciones procedimentales previstas en el Título VIII de la Ley Orgánica 3/2018, de 5 de diciembre, de Protección de Datos Personales y garantía de los derechos digitales (en lo sucesivo, LOPDGDD), se han constatado los siguientes HECHOS PRIMERO: Con fecha 30 de julio de 2025 tuvo entrada en esta Agencia reclamación presentada por A.A.A. (en adelante, la parte reclamante) contra ILERNA ON LINE, S.L. (en adelante, la parte reclamada) por no haber sido debidamente atendido su derecho de acceso. La parte reclamante indica que ejerció el derecho de acceso ante la parte reclamada, el 23 de junio de 2025, solicitando acceso a todos los datos personales tratados sobre ella y en el contexto de su relación laboral, incluyendo actas, logs de actividad, informes técnicos, trazabilidad de accesos, y contenidos audiovisuales generados con su imagen y voz. La parte reclamante nos informa de que la parte reclamada respondió, el 22 de julio de 2025, de modo parcial e incompleto, denegando o excluyendo datos personales relevantes como:  a) registros de ActivTrak utilizados para emitir un expediente disciplinario en su contra (incluyendo eventos, patrones de uso, logs de productividad y automatismos);  b) informes técnicos elaborados con sus datos, incluyendo menciones al uso de java.awt.Robot en Eclipse;  c) capturas de pantalla, archivos CSV y análisis que fueron subidos a ChatGPT sin anonimización, base legal ni contrato de encargado de tratamiento;  d) grabaciones de clases realizadas mediante Zoom institucional de la empresa reclamada, vinculadas a su cuenta profesional ***EMAIL.1, que siguen accesibles a estudiantes en el campus, y no han sido reconocidas ni incluidas en la relación de contenidos audiovisuales. La parte reclamante aporta, entre otros documentos,  - Ejercicio de acceso de la parte reclamante firmada el 21/06/2025, remitida por correo electrónico el 23/06/2025 y dirigida a la parte reclamada solicitando: “1. Copia de mis datos personales que son objeto de tratamiento por ILERNA ONLINE, S.L., incluyendo:  ● Actas de calificación y evaluación de ciclos formativos en los que figure como profesor, ***PUESTO.1, ***PUESTO.2 u otra función asignada a mi persona.  C/ Jorge Juan, 6 www.aepd.es 28001 – Madrid sedeaepd.gob.es 2/23 ● Convenios y documentación presentada ante la Conselleria d’Educació de Cataluña en los que figure mi intervención ya sean convenios de prácticas u otra documentación docente.  ● Logs, archivos, exportaciones de datos, informes y registros generados en las siguientes herramientas utilizadas por la empresa:  ○ ActivTrak,  ○ Google WorkSpace,  ○ NinjaOne,  ○ así como cualquier otra herramienta de análisis de productividad, actividad o control remoto. ● Informe pericial o técnico informático que respalde las acusaciones vertidas en la carta de despido de fech...",Derecho de acceso a datos personales,"Una persona ejerció su derecho de acceso a datos personales ante la empresa ILERNA ON LINE, S.L., pero consideró que la respuesta fue parcial e incompleta, denegando o excluyendo datos relevantes como registros de ActivTrak, informes técnicos y grabaciones de clases.",Ejercicio de derecho de acceso el 23 de junio de 2025 | Respuesta parcial e incompleta de la empresa el 22 de julio de 2025 | Denegación o exclusión de datos personales relevantes,No especificado,"Art. 15 RGPD, Art. 12 RGPD","derecho de acceso, datos personales, ILERNA ON LINE, S.L., ActivTrak, informes técnicos, grabaciones de clases, Zoom, ChatGPT"
PS-00008-2026,https://www.aepd.es/documento/ps-00008-2026.pdf,"1 / 55  Expediente N.º: EXP202412909 RESOLUCIÓN DE TERMINACIÓN DEL PROCEDIMIENTO POR RECONOCIMIENTO DE RESPONSABILIDAD Y PAGO VOLUNTARIO Del procedimiento instruido por la Agencia Española de Protección de Datos  y en base a los siguientes ANTECEDENTES PRIMERO :  Con fecha 1 de marzo de 2026 ,  la...","1/55  Expediente N.º: EXP202412909 RESOLUCIÓN DE TERMINACIÓN DEL PROCEDIMIENTO POR RECONOCIMIENTO DE RESPONSABILIDAD Y PAGO VOLUNTARIO Del procedimiento instruido por la Agencia Española de Protección de Datos y en base a los siguientes ANTECEDENTES PRIMERO: Con fecha 1 de marzo de 2026, la Presidencia de la Agencia Española de Protección de Datos acordó iniciar procedimiento sancionador a GESTORES ADMINISTRATIVOS REUNIDOS S.A. (en adelante, GARSA), mediante el acuerdo que se transcribe: <<  Expediente N.º: EXP202412909 ACUERDO DE INICIO DE PROCEDIMIENTO SANCIONADOR De las actuaciones practicadas por la Agencia Española de Protección de Datos y en  base a los siguientes Contenido HECHOS.......................................................................................................................2 PRIMERO: Notificación de la brecha de datos personales a esta Agencia por parte GESTORES ADMINISTRATIVOS REUNIDOS S.A., con NIF A79965331 (GARSA)..2 SEGUNDO: Notificación de la brecha de datos personales a esta Agencia por parte otras entidades pertenecientes al sector bancario e inmobiliario................................4 TERCERO: Con fecha 13/09/2024 la Directora de la Agencia Española de Protección de Datos (AEPD), ordenó a GARSA la comunicación de la brecha de datos personales a los interesados a tenor de lo previsto en el artículo 34.4 del RGPD, sin dilación indebida, al valorar esta Agencia que existía riesgo alto para los derechos y libertades de los interesados y haciendo constar los factores tenidos en cuenta para dicha valoración......................................................................................5 CUARTO: Con fecha 18/02/2025 se recibe en esta Agencia reclamación formulada por A.A.A. y B.B.B., en la que manifiestan haber sido víctimas de una estafa telefónica, de la que resulta la comisión de siete cargos presuntamente no autorizados en la cuenta corriente que ambos comparten en la entidad bancaria ***EMPRESA.1, en fecha 10/12/2024 y por un valor de ***CANTIDAD.1..................6 C/ Jorge Juan, 6 www.aepd.es 28001 – Madrid sedeaepd.gob.es 2/55 QUINTO: La Subdirección General de Inspección de Datos procedió a la realización de actuaciones previas de investigación para el esclarecimiento de los hechos en cuestión......................................................................................................................6 A. Consideraciones generales.............................................................................8 B. Análisis de la brecha......................................................................................18 C. Notificaciones y comunicaciones de la brecha...........................................29 D. Medidas de seguridad....................................................................................32 E. Normativa sobre el tratamiento.....................................................................39 SEXTO: De acuerdo con el informe recogido de la herramienta AXESOR, l...",Brecha de datos personales,La Agencia Española de Protección de Datos inicia un procedimiento sancionador contra GESTORES ADMINISTRATIVOS REUNIDOS S.A. (GARSA) debido a una brecha de datos personales. La brecha fue notificada a la AEPD y se consideró que existía un riesgo alto para los derechos y libertades de los interesados. Se ordenó a GARSA que comunicara la brecha a los interesados sin dilación indebida.,Notificación de la brecha de datos personales a la AEPD por parte de GARSA | Notificación de la brecha de datos personales a la AEPD por parte de otras entidades del sector bancario e inmobiliario | Orden de la AEPD a GARSA para comunicar la brecha a los interesados | Reclamación de dos personas que manifestaron haber sido víctimas de una estafa telefónica relacionada con la brecha,No especificado,Art. 34.4 del RGPD,"brecha de datos personales, GARSA, AEPD, RGPD, estafa telefónica, procedimiento sancionador"
PS-00410-2025,https://www.aepd.es/documento/ps-00410-2025.pdf,"1 / 25  Expediente N.º: EXP202403244 RESOLUCIÓN DE PROCEDIMIENTO SANCIONADOR Del procedimiento instruido por la Agencia Española de Protección de Datos  y en base a los siguientes ANTECEDENTES PRIMERO :   Con   fecha   21   de   enero   de   2024   A.A.A.   (en   adelante,   la   reclamante)...","1/25  Expediente N.º: EXP202403244 RESOLUCIÓN DE PROCEDIMIENTO SANCIONADOR Del procedimiento instruido por la Agencia Española de Protección de Datos y en base a los siguientes ANTECEDENTES PRIMERO: Con fecha 21 de enero de 2024 A.A.A. (en adelante, la reclamante) interpuso reclamación ante la Agencia Española de Protección de Datos por una posible infracción imputable a SIMYO, marca comercial de la entidad ORANGE ESPAÑA VIRTUAL, S.L. con NIF B85057974 (en adelante, SIMYO). Los hechos que se pone en conocimiento de esta autoridad son: La reclamante manifiesta que, en fecha 4 de enero de 2024, se ha realizado una portabilidad de su línea móvil de VODAFONE a SIMYO, sin su consentimiento. Junto al escrito, se aporta: - Atestado judicial ***REFERENCIA.1 de la dependencia ***LOCALIDAD.1 correspondiente a la denuncia policial presentada el 12 de enero de 2024 en el que se indica que el 3 de enero llegó un mensaje al móvil ***TELÉFONO.1 advirtiendo que el número sería portado a SIMYO esa misma noche, sin que la parte reclamante lo hubiera solicitado. - Correo electrónico enviado por la reclamante a SIMYO el 4 de enero de 2024, solicitando la documentación relativa al proceso de portabilidad y el cambio de dirección de correo electrónico para poder recibir dicha información. - Correo electrónico de SIMYO a la reclamante, fechado el 6 de enero de 2024, en el que se le informa que, por motivos de seguridad, no es posible modificar la dirección de correo electrónico y que, en breve, se pondrán en contacto para facilitarle información sobre el proceso de portabilidad. - Correo electrónico enviado por la reclamante a SIMYO el 7 de enero de 2024, reiterando su solicitud de envío de la documentación relativa a la portabilidad. - Correo electrónico de SIMYO a la reclamante, fechado el 9 de enero de 2024, en el que se le comunica que deben verificar si pueden remitirle la documentación solicitada relativa a la portabilidad. - Factura emitida por VODAFONE a nombre de la reclamante correspondiente al periodo de facturación comprendido entre el 15 de noviembre y el 14 de diciembre de 2023. SEGUNDO: De conformidad con el artículo 65.4 de la Ley Orgánica 3/2018, de 5 de diciembre, de Protección de Datos Personales y garantía de los derechos digitales (en adelante LOPDGDD), se dio traslado de dicha reclamación el 1 de marzo y el 11 de abril de 2024 a ORANGE ESPAGNE, S.A.U, para que procediese a su análisis e informase a esta Agencia en el plazo de un mes, de las acciones llevadas a cabo para adecuarse a los requisitos previstos en la normativa de protección de datos. C/ Jorge Juan, 6 www.aepd.es 28001 – Madrid sedeaepd.gob.es 2/25 Con fecha 18 de marzo y 19 de abril de 2024 se recibe en esta Agencia escritos de respuesta de ORANGE ESPAGNE, S.A.U indicando que el traslado de la reclamación recibida hace referencia a una contratación no reconocida de SIMYO, por lo que, se entiende que el citado escrito de traslado debe ser dirigido a la mercantil Orange España Virtual S...",Portabilidad de línea móvil,"Una persona denunció que su línea móvil fue portada de VODAFONE a SIMYO sin su consentimiento. La AEPD investigó y SIMYO no reconoció la contratación, por lo que se consideró que el traslado de la reclamación debía dirigirse a Orange España Virtual S.L.",Portabilidad no solicitada | Denuncia policial | Solicitud de documentación por parte de la reclamante,No especificado,Art. 65.4 LOPDGDD,"portabilidad, línea móvil, SIMYO, VODAFONE, consentimiento, AEPD"
PS-00304-2025,https://www.aepd.es/documento/ps-00304-2025.pdf,1 / 14  Expediente Nº: EXP202411006 RESOLUCIÓN DE TERMINACIÓN DEL PROCEDIMIENTO POR     RECONOCIMIENTO DE RESPONSABILIDAD Y     PAGO VOLUNTARIO Del procedimiento instruido por la Agencia Española de Protección de Datos y en base a los siguientes ANTECEDENTES PRIMERO :   Con fecha 18 de julio de...,"1/14  Expediente Nº: EXP202411006 RESOLUCIÓN DE TERMINACIÓN DEL PROCEDIMIENTO POR     RECONOCIMIENTO DE RESPONSABILIDAD Y     PAGO VOLUNTARIO Del procedimiento instruido por la Agencia Española de Protección de Datos y en base a los siguientes ANTECEDENTES PRIMERO: Con fecha 18 de julio de 2025, la Presidencia de la Agencia Española de Protección de Datos acordó iniciar procedimiento sancionador a COFAMA XXI S.L. (en adelante, CFM), mediante el acuerdo que se transcribe: <<  Expediente N.º: EXP202411006 ACUERDO DE INICIO DE PROCEDIMIENTO SANCIONADOR De las actuaciones practicadas por la Agencia Española de Protección de Datos y en base a los siguientes HECHOS PRIMERO: Con fecha 9 de julio de 2024 se interpuso reclamación ante la Agencia Española de Protección de Datos por una posible infracción imputable a la entidad COFAMA XXI S.L. con NIF B62927389. Los hechos que se pone en conocimiento de esta autoridad: La parte reclamante manifiesta que tuvo un problema con una manguera de una estación de servicio de la parte reclamada ubicada en la localidad de ***LOCALIDAD.1 en Barcelona, siendo una estación de servicio que dispone de un sistema de videovigilancia. Al pretender solicitar acceso a grabaciones de dicho sistema, comprobó que el sistema de videovigilancia se encuentra ineficazmente señalizado al contar con un cartel de zona videovigilada que hace referencia a normativa derogada en materia de protección de datos, no se incluye información del responsable de tratamiento de las imágenes de dicho sistema y solo incluye, como información de contacto, un número de teléfono, con el que ha pretendido ejercitar su derecho de acceso, pero le ha sido imposible. Aporta imágenes de la estación de servicio donde se aprecia la existencia de diversas cámaras e imágenes del cartel de zona videovigilada instalado en la referida estación de servicio (Anexo I).  C/ Jorge Juan, 6 www.aepd.es 28001 – Madrid sedeaepd.gob.es 2/14 SEGUNDO: De conformidad con el artículo 65.4 de la Ley Orgánica 3/2018, de 5 de diciembre, de Protección de Datos Personales y garantía de los derechos digitales (en adelante LOPDGDD), se dio traslado de dicha reclamación a CFM, para que procediese a su análisis e informase a esta Agencia en el plazo de un mes, de las acciones llevadas a cabo para adecuarse a los requisitos previstos en la normativa de protección de datos. La notificación del traslado de la reclamación, que se practicó conforme a las normas establecidas en la Ley 39/2015, de 1 de octubre, del Procedimiento Administrativo Común de las Administraciones Públicas (en adelante, LPACAP) mediante notificación electrónica, no fue recogida por la parte reclamada, dentro del plazo de puesta a disposición, entendiéndose rechazada conforme a lo previsto en el art. 43.2 de la LPACAP en fecha 20/08/2024, como consta en el certificado que obra en el expediente. Aunque la notificación se practicó por medios electrónicos, a título informativo se envió una copia por correo postal que fue no...",Videovigilancia,"Una estación de servicio de COFAMA XXI S.L. tenía un sistema de videovigilancia ineficazmente señalizado, con un cartel que hacía referencia a normativa derogada y no proporcionaba información completa sobre el responsable del tratamiento de las imágenes. Un individuo intentó ejercer su derecho de acceso a las grabaciones, pero no pudo hacerlo debido a la falta de información de contacto adecuada.",Instalación de un sistema de videovigilancia en una estación de servicio | Cartel de zona videovigilada con normativa derogada y falta de información del responsable del tratamiento | Intento de acceso a grabaciones por parte de un individuo | Notificación de la reclamación a COFAMA XXI S.L. que no fue recogida,No especificado,"Artículo 65.4 de la Ley Orgánica 3/2018, de 5 de diciembre, de Protección de Datos Personales y garantía de los derechos digitales (LOPDGDD), Ley 39/2015, de 1 de octubre, del Procedimiento Administrativo Común de las Administraciones Públicas (LPACAP)","Videovigilancia, Estación de servicio, Protección de datos, Derecho de acceso, Cartel de zona videovigilada, Normativa derogada"
PS-00242-2022,https://www.aepd.es/documento/ps-00242-2022.pdf,"1 / 4  Expediente N.º: EXP202306255 RESOLUCIÓN DE  CADUCIDAD DE PROCEDIMIENTO SANCIONADOR Del procedimiento instruido por la Agencia Española de Protección de Datos  y en base a los siguientes ANTECEDENTES PRIMERO :   A.A.A.   (en  adelante,   la  parte  reclamante)  con  fecha   9  de  marzo  de...","1/4  Expediente N.º: EXP202306255 RESOLUCIÓN DE  CADUCIDAD DE PROCEDIMIENTO SANCIONADOR Del procedimiento instruido por la Agencia Española de Protección de Datos y en base a los siguientes ANTECEDENTES PRIMERO: A.A.A. (en adelante, la parte reclamante) con fecha 9 de marzo de 2021 interpuso reclamación ante la Agencia Española de Protección de Datos. La reclamación se dirige contra SANTA LUCÍA, S.A. COMPAÑIA DE SEGUROS Y REASEGUROS con NIF A28039790 (en adelante, la parte reclamada). Los motivos en que basa la reclamación frente a la parte reclamada en el presente expediente son los siguientes: Con motivo de la gestión de una herencia familiar, la entidad SANTA LUCÍA hizo uso de sus datos personales, los de sus hijos, y los de su marido fallecido (incluidos los DNI, Libro de familia, certificado de defunción de su marido, y cuenta bancaria de la reclamante), para la gestión de un seguro de vida que la fallecida tenía suscrito con la parte reclamada, sin previo conocimiento ni consentimiento de la reclamante para esta cesión y tratamiento de sus datos. Asimismo, la parte reclamante ejerció el derecho de acceso ante la parte reclamada sin que esta última lo atendiera adecuadamente. Junto a su reclamación, aporta documentación acreditativa del ejercicio del derecho y de la respuesta facilitada. SEGUNDO: De conformidad con el artículo 65.4 de la Ley Orgánica 3/2018, de 5 de diciembre, de Protección de Datos Personales y garantía de los derechos digitales (en adelante LOPDGDD), se dio traslado de dicha reclamación a la parte reclamada, para que procediese a su análisis e informase a esta Agencia en el plazo de un mes, de las acciones llevadas a cabo para adecuarse a los requisitos previstos en la normativa de protección de datos. TERCERO: Con fecha 6 de agosto de 2021, de conformidad con el artículo 65 de la LOPDGDD, se admitió a trámite la reclamación presentada por la parte reclamante. CUARTO: La Subdirección General de Inspección de Datos procedió a la realización de actuaciones previas de investigación para el esclarecimiento de los hechos en cuestión, en virtud de las funciones asignadas a las autoridades de control en el artículo 57.1 y de los poderes otorgados en el artículo 58.1 del Reglamento (UE) 2016/679 (Reglamento General de Protección de Datos, en adelante RGPD), y de conformidad con lo establecido en el Título VII, Capítulo I, Sección segunda, de la LOPDGDD. QUINTO: Con fecha 9 de junio de 2022, la Directora de la Agencia Española de Protección de Datos acordó iniciar procedimiento sancionador a la parte reclamada, C/ Jorge Juan, 6 www.aepd.es 28001 – Madrid sedeaepd.gob.es 2/4 por la presunta infracción de los artículos 6 y 15 del RGPD, tipificadas en el artículo 83.5 del RGPD. FUNDAMENTOS DE DERECHO  I Competencia De acuerdo con los poderes que el artículo 58.2 del RGPD, otorga a cada autoridad de control y según lo establecido en los artículos 47, 48.1, 64.2 y 68.1 de la LOPDGDD, es competente para resolver este procedimiento la Pr...",Protección de datos personales,"La Agencia Española de Protección de Datos resolvió un procedimiento sancionador contra SANTA LUCÍA, S.A. COMPAÑIA DE SEGUROS Y REASEGUROS por el uso de datos personales sin consentimiento en la gestión de un seguro de vida y por no atender adecuadamente el derecho de acceso",Uso de datos personales sin consentimiento | Gestión de un seguro de vida | No atención al derecho de acceso,No especificado,"Art. 6 RGPD, Art. 15 RGPD, Art. 83.5 RGPD","protección de datos, seguro de vida, consentimiento, derecho de acceso, sanción"
PS-00487-2025,https://www.aepd.es/documento/ps-00487-2025.pdf,1 / 7  Expediente N.º: EXP202503028 RESOLUCIÓN DE PROCEDIMIENTO SANCIONADOR Del procedimiento instruido por la Agencia Española de Protección de Datos  y en base a los siguientes ANTECEDENTES PRIMERO : Con fecha 31 de enero de 2025 se interpuso reclamación ante la Agencia Española   de...,"1/7  Expediente N.º: EXP202503028 RESOLUCIÓN DE PROCEDIMIENTO SANCIONADOR Del procedimiento instruido por la Agencia Española de Protección de Datos y en base a los siguientes ANTECEDENTES PRIMERO: Con fecha 31 de enero de 2025 se interpuso reclamación ante la Agencia Española de Protección de Datos. La reclamación se dirige contra quien identifica como A.A.A. con NIF ***NIF.1 (*en adelante, la parte reclamada), por la instalación de un sistema de videovigilancia ubicado en interior de vehículo (...) con matrícula (...), estacionado ***DIRECCIÓN.1, existiendo indicios de un posible incumplimiento de lo dispuesto en el artículo 5.1 c) RGPD.   Los motivos que fundamentan la reclamación son los siguientes: La parte reclamante manifiesta que la parte reclamada es responsable de una cámara de videovigilancia instalada en el interior de un vehículo, orientado a la vía pública y sin cartel informativo preceptivo de la existencia de la misma. Aporta fotografías y video de la cámara (Anexo I).  SEGUNDO: De conformidad con el artículo 65.4 de la Ley Orgánica 3/2018, de 5 de diciembre, de Protección de Datos Personales y garantía de los derechos digitales (en adelante LOPDGDD), se dio traslado de dicha reclamación a la parte reclamada, para que procediese a su análisis e informase a esta Agencia en el plazo de un mes, de las acciones llevadas a cabo para adecuarse a los requisitos previstos en la normativa de protección de datos. No se ha realizado respuesta alguna al traslado realizado por este organismo.  TERCERO: Con fecha 30 de abril de 2025, de conformidad con el artículo 65 de la LOPDGDD, se admitió a trámite la reclamación presentada por la parte reclamante. CUARTO: Con fecha 24 de noviembre de 2025, la Presidencia de la Agencia Española de Protección de Datos acordó iniciar procedimiento sancionador a la parte reclamada, con arreglo a lo dispuesto en los artículos 63 y 64 de la Ley 39/2015, de 1 de octubre, del Procedimiento Administrativo Común de las Administraciones Públicas (en adelante, LPACAP), por la presunta infracción del Artículo 5.1.c) del RGPD, tipificada en el Artículo 83.5 del RGPD. QUINTO: Notificado el citado acuerdo de inicio conforme a las normas establecidas en la Ley 39/2015, de 1 de octubre, del Procedimiento Administrativo Común de las Administraciones Públicas (en adelante, LPACAP), la parte reclamada presentó escrito de alegaciones en fecha 26/11/25 en el que, en síntesis, manifiesta lo siguiente: C/ Jorge Juan, 6 www.aepd.es 28001 – Madrid sedeaepd.gob.es 2/7 “expongo que la cámara en el coche matrícula (…) solo graba cuando alguna persona se aproxima demasiado al vehículo ya que me lo han rallado dos veces. Aun así la cámara permanece apagada pero no lo he revelado para persuadir a la persona que raya los coches. Pero si ustedes me lo piden… la retiro sin problema (…) Solicito la retirada de la multa, ya que no graba la vía pública, ni personas…”.  SEXTO: En fecha 28/11/25 se emite <Propuesta de Resolución> en dónde se con...",Videovigilancia,"Una persona instaló una cámara de videovigilancia en el interior de un vehículo estacionado, orientada hacia la vía pública, sin cartel informativo. La AEPD investigó y encontró indicios de incumplimiento del artículo 5.1 c) del RGPD.",Instalación de cámara de videovigilancia en vehículo | Orientación hacia la vía pública | Falta de cartel informativo | Reclamación ante la AEPD | Iniciación de procedimiento sancionador,No especificado,Art. 5.1 c) RGPD,"videovigilancia, cámara, vehículo, vía pública, cartel informativo, AEPD, RGPD"
PS-00228-2025,https://www.aepd.es/documento/ps-00228-2025.pdf,"1 / 25  Expediente N.º: EXP202317642 RESOLUCIÓN DE PROCEDIMIENTO SANCIONADOR Del procedimiento instruido por la Agencia Española de Protección de Datos  y en base a los siguientes ANTECEDENTES PRIMERO : Con fecha 2 de octubre de 2023, el Delegado de Protección de Datos de la GENERALITAT...","1/25  Expediente N.º: EXP202317642 RESOLUCIÓN DE PROCEDIMIENTO SANCIONADOR Del procedimiento instruido por la Agencia Española de Protección de Datos y en base a los siguientes ANTECEDENTES PRIMERO: Con fecha 2 de octubre de 2023, el Delegado de Protección de Datos de la GENERALITAT VALENCIANA, notificó a esta Agencia una violación de seguridad de datos personales (brecha de datos personales) en la que se identificaba como responsable del tratamiento a la CONSELLERIA DE AGRICULTURA, GANADERIA Y PESCA(actualmente, Conselleria de Agricultura, Agua, Ganadería y Pesca), con  NIF S4611001A.  El resumen de la notificación de la brecha de seguridad es el siguiente: El Centro Criptológico Nacional (en adelante, CCN) notificó el 28 de septiembre de 2023 a la Conselleria de Agricultura que en la aplicación informática Registro Supramunicipal de Animales de Compañía de la Comunitat Valenciana o Registro Informático Valenciano de Identificación Animal (en adelante, RIVIA) se había producido una violación de la seguridad de su sistema informático con la consiguiente sustracción de datos y que está sometido a una investigación policial. (…).  Número de afectados según notificación: (...) personas.  Tipología de los datos según notificación: (…).  El responsable indica en la notificación inicial que se realizará una comunicación pública a más tardar el 2 de noviembre de 2023. Finalmente se realizó la comunicación el 3 de octubre de 2023, mediante comunicado público en la página web institucional. En una notificación adicional, realizada el 15 de noviembre de 2023, la Conselleria de Agricultura, Ganadería y Pesca informa de que el Decreto 112/2023, de 25 de julio, del Consell, modificado por el Decreto 126/2023, de 4 de agosto, del Consell y por el Decreto 163/2023, de 29 de septiembre, del Consell, estableció la estructura orgánica básica de la Presidencia y de las consellerías de la Generalitat, atribuyendo a la Conselleria de Agricultura, Ganadería y Pesca el ejercicio de las funciones en materia de sanidad animal, y a la Conselleria de Medio Ambiente, Agua, Infraestructuras y Territorio el ejercicio de las funciones en materia de bienestar animal, incluida la protección animal. SEGUNDO: Como consecuencia de los hechos conocidos, con fecha 21 de noviembre de 2023, la Directora de la Agencia Española de Protección de Datos instó a la Subdirección General de Inspección de Datos (SGID) a iniciar las actuaciones previas de investigación a las que se refiere el artículo 67 de la Ley Orgánica 3/2018, de 5 de C/ Jorge Juan, 6 www.aepd.es 28001 – Madrid sedeaepd.gob.es 2/25 diciembre, de Protección de Datos Personales y garantía de los derechos digitales (en adelante, LOPDGDD). TERCERO: La Subdirección General de Inspección de Datos procedió a la realización de actuaciones previas de investigación para el esclarecimiento de los hechos en cuestión, en virtud de las funciones asignadas a las autoridades de control en el artículo 57.1 y de los poderes otorgados en e...",Violación de seguridad de datos personales,"La Conselleria de Agricultura, Ganadería y Pesca notificó una violación de seguridad de datos personales en la aplicación informática Registro Supramunicipal de Animales de Compañía de la Comunitat Valenciana, con la consiguiente sustracción de datos, y se iniciaron actuaciones previas de investigación por la Agencia Española de Protección de Datos",Notificación de violación de seguridad de datos personales | Sustracción de datos en la aplicación informática RIVIA | Investigación policial y comunicación pública,No especificado,"Art. 57.1 LOPDGDD, Art. 67 LOPDGDD","violación de seguridad de datos personales, brecha de datos personales, Registro Supramunicipal de Animales de Compañía, RIVIA, investigación policial, comunicación pública"
PS-00249-2025,https://www.aepd.es/documento/ps-00249-2025.pdf,"1 / 23 Procedimiento Nº: EXP202416818  (PS/00249/2025) RESOLUCIÓN DEL PROCEDIMIENTO SANCIONADOR De las actuaciones practicadas por la Agencia Española de Protección de Datos (en lo sucesivo, AEPD) y en base a los siguientes, ANTECEDENTES PRIMERO:   En   fecha   21   de   noviembre   de   2024,   A....","1/23 Procedimiento Nº: EXP202416818 (PS/00249/2025) RESOLUCIÓN DEL PROCEDIMIENTO SANCIONADOR De las actuaciones practicadas por la Agencia Española de Protección de Datos (en lo sucesivo, AEPD) y en base a los siguientes, ANTECEDENTES PRIMERO: En fecha 21 de noviembre de 2024, A.A.A. (en lo sucesivo, la parte reclamante), presenta reclamación ante la AEPD. La reclamación se dirige contra la entidad MÁS SOL ENERGÍA 15, S.L. con CIF. B90346370 (en lo sucesivo MÁS SOL o la parte reclamada) por la presunta vulneración de la Ley 11/2022, de 28 de junio, General de Telecomunicaciones (en lo sucesivo, LGTel), el Reglamento (UE) 2016/679, del Parlamento Europeo y del Consejo, de 27/04/16, Protección de las Personas Físicas en lo que respecta al Tratamiento de Datos Personales y a la Libre Circulación de estos Datos (en lo sucesivo, RGPD), y la Ley Orgánica 3/2018, de 5 de diciembre, de Protección de Datos Personales y Garantía de los Derechos Digitales (en lo sucesivo, LOPDGDD). La parte reclamante expone en su escrito de reclamación que el 18/11/2024 recibió una llamada telefónica comercial procedente del número ***TELÉFONO.1, en la que una agente identificada como “B.B.B.”, manifestó llamar en nombre de “Mas Sol”, empresa dedicada a la instalación de placas solares y que se dirigió a él por su nombre y le preguntó si residía en un piso o en una vivienda unifamiliar. Señala que, al interesarse por si la entidad había comprobado previamente la Lista Robinson, la interlocutora respondió que no tenían obligación por basarse en una “base de datos”. Añade que, al tratar de preguntar por el origen de sus datos personales, la llamada fue interrumpida unilateralmente. Posteriormente, contactó con el servicio de atención al cliente de la empresa para conocer el origen de sus datos personales, y le indicaron que esa información correspondía al departamento comercial y que, presumiblemente, derivaría de la aceptación de cookies, extremo que considera inveraz al no haber accedido jamás a la página web de la compañía ni haber prestado consentimiento. Junto al escrito de reclamación se presenta, entre otra, la siguiente documentación:  - Captura de pantalla del historial de llamadas del terminal móvil del reclamante, en la que consta una llamada entrante procedente del número ***TELÉFONO.1, recibida el lunes 18/11/24 a las 13:24 horas, de 46 segundos y audio de la misma.  - Certificado del Servicio de Lista Robinson, expedido a nombre del reclamante, en el que consta que su inscripción está activa desde el 9 de marzo de 2024. Refleja que en el canal telefónico figuran inscritos los números ***TELÉFONO.2 (desde el 09/03/2024) y ***TELÉFONO.3 (desde el 29/08/2024).  C/ Jorge Juan, 6 www.aepd.es 28001 – Madrid sedeaepd.gob.es 2/23 SEGUNDO: En fecha 29 de noviembre 2024, de conformidad con lo estipulado en el artículo 65.4 de la LOPDGDD, por parte de esta Agencia, se dio traslado de dicha reclamación a la parte reclamada para que procediese a su análisis e informase, en ...",Protección de datos personales,"Una persona recibió una llamada comercial de MÁS SOL ENERGÍA 15, S.L. sin haber dado su consentimiento, a pesar de estar inscrito en la Lista Robinson. La AEPD investigó la reclamación y la empresa alegó que obtuvo los datos de una base de datos, pero no aportó pruebas de la licitud del tratamiento.",Llamada comercial no solicitada | Inscripción en la Lista Robinson | Negativa de la empresa a proporcionar el origen de los datos,No especificado,"Ley 11/2022, de 28 de junio, General de Telecomunicaciones, Reglamento (UE) 2016/679, Ley Orgánica 3/2018, de 5 de diciembre, de Protección de Datos Personales y Garantía de los Derechos Digitales","protección de datos personales, Lista Robinson, llamadas comerciales, consentimiento, base de datos, AEPD"
PS-00320-2023,https://www.aepd.es/documento/ps-00320-2023.pdf,1 / 7  Expediente N.º: EXP202308790 RESOLUCIÓN DE PROCEDIMIENTO SANCIONADOR Del procedimiento instruido por la Agencia Española de Protección de Datos  y en base a los siguientes ANTECEDENTES PRIMERO :   La   Agencia   Española   de   Protección   de   Datos   tuvo   conocimiento   de   la noticia...,"1/7  Expediente N.º: EXP202308790 RESOLUCIÓN DE PROCEDIMIENTO SANCIONADOR Del procedimiento instruido por la Agencia Española de Protección de Datos y en base a los siguientes ANTECEDENTES PRIMERO: La Agencia Española de Protección de Datos tuvo conocimiento de la noticia publicada el ***FECHA.1 en la dirección ***URL.1, que informa sobre la “***TITULAR.1”, siendo además de interés: Del titular: “(…)”. Los hechos se produjeron en la madrugada del “pasado ***FECHA.2”. “(…).” SEGUNDO: Previo acuerdo de la Directora de la Agencia Española de Protección de Datos, adoptado el 04/11/2022 de conformidad con el artículo 67 de la Ley Orgánica 3/2018, de 5 de diciembre, de Protección de Datos Personales y garantía de los derechos digitales (en adelante, LOPDGDD), la Subdirección General de Inspección de Datos procedió a la realización de actuaciones previas de investigación para el esclarecimiento de los hechos, teniendo conocimiento de los siguientes extremos: 1. En fecha 7/11/2022, se solicita colaboración a la Brigada Provincial de Policía Judicial en ***LOCALIDAD.1 (BPPJ), recibiéndose un día después un escrito de dicha Brigada, Grupo investigación (Unidad de Atención a la Familia y Mujer - UFAM), en el que comunica: . “Una vez tramitado el atestado (…)” de la BPPJ, se procedió a la detención de (…), llamados… y a A.A.A. por un delito de descubrimiento y revelación de secretos... El día de los hechos los autores emitieron en directo a través de la red social ***PLATAFORMA.1 la agresión sexual a la menor, y durante esta emisión diversas personas grabaron su contenido y lo difundieron posteriormente a través de la aplicación ***PLATAFORMA.2… los videos creados parecen haber sido borrados de la aplicación ***PLATAFORMA.2 y parece que la difusión de estos ha cesado.” . “Los datos de los autores de la emisión en directo han sido: . Autor 1…  . Autor 2: A.A.A. (en lo sucesivo, A.A.A.). . Varias personas grabaron el contenido del directo en tiempo real, subido a través de la aplicación de ***PLATAFORMA.1, desde el perfil del agresor, y varias personas lo difundieron a otros grupos de ***PLATAFORMA.2. C/ Jorge Juan, 6 www.aepd.es 28001 – Madrid sedeaepd.gob.es 2/7 2. En fecha ***FECHA.3, se remite a esta Agencia desde la BPPJ, copia del atestado (…), consistente en Diligencias del instructor y actas de declaraciones. Cabe destacar lo siguiente:    . Incluye una Diligencia Inicial de ***FECHA.4, en las que se hace constar la denuncia inicial de la madre de la víctima (…) en día ***FECHA.2, ampliadas el (…), la fecha, hora y la dirección del domicilio en el que suceden los hechos, añadiendo “cuando… (nombre y apellido del agresor) mantuvo relaciones sexuales con… (nombre y apellido de la víctima), sin el consentimiento de la misma dado el estado de embriaguez en el que se encontraba, así como que… (nombre del agresor) permitió la grabación y difusión de la misma a través de un directo en la aplicación de ***PLATAFORMA.1, mediante el perfil de ***PLATAFORMA.1 de...",Protección de datos personales y delitos sexuales,Un caso de agresión sexual a una menor fue emitido en directo a través de una red social y posteriormente difundido a través de otra aplicación. La AEPD investigó el caso y recopiló información sobre los autores y la difusión de los videos.,Agresión sexual a una menor | Emisión en directo a través de una red social | Difusión de los videos a través de otra aplicación | Denuncia de la madre de la víctima | Investigación de la AEPD,No especificado,"Ley Orgánica 3/2018, de 5 de diciembre, de Protección de Datos Personales y garantía de los derechos digitales (LOPDGDD), Artículos relacionados con la protección de datos personales y la privacidad","protección de datos personales, delitos sexuales, redes sociales, aplicaciones, difusión de contenido, investigación, AEPD"
PS-00319-2023,https://www.aepd.es/documento/ps-00319-2023.pdf,1 / 7  Expediente N.º: EXP202211781 RESOLUCIÓN DE PROCEDIMIENTO SANCIONADOR Del procedimiento instruido por la Agencia Española de Protección de Datos  y en base a los siguientes ANTECEDENTES PRIMERO :   La   Agencia   Española   de   Protección   de   Datos   tuvo   conocimiento   de   la noticia...,"1/7  Expediente N.º: EXP202211781 RESOLUCIÓN DE PROCEDIMIENTO SANCIONADOR Del procedimiento instruido por la Agencia Española de Protección de Datos y en base a los siguientes ANTECEDENTES PRIMERO: La Agencia Española de Protección de Datos tuvo conocimiento de la noticia publicada el ***FECHA.1 en la dirección ***URL.1, que informa sobre la “***TITULAR.1”, siendo además de interés: Del titular: “(…).” “(…)”. Los hechos se produjeron en la madrugada del “pasado ***FECHA.2”. “(…).” SEGUNDO: Previo acuerdo de la Directora de la Agencia Española de Protección de Datos, adoptado el 04/11/2022 de conformidad con el artículo 67 de la Ley Orgánica 3/2018, de 5 de diciembre, de Protección de Datos Personales y garantía de los derechos digitales (en adelante, LOPDGDD), la Subdirección General de Inspección de Datos procedió a la realización de actuaciones previas de investigación para el esclarecimiento de los hechos, teniendo conocimiento de los siguientes extremos: 1. En fecha 7/11/2022, se solicita colaboración a la Brigada Provincial de Policía Judicial en ***LOCALIDAD.1 (BPPJ), recibiéndose un día después un escrito de dicha Brigada, Grupo investigación (Unidad de Atención a la Familia y Mujer - UFAM), en el que comunica: . “Una vez tramitado el atestado (...) de la BPPJ, se procedió a la detención de (…), llamados A.A.A. por un delito de agresión sexual y otro de descubrimiento y revelación de secretos… El día de los hechos los autores emitieron en directo a través de la red social ***PLATAFORMA.1 la agresión sexual a la menor, y durante esta emisión diversas personas grabaron su contenido y lo difundieron posteriormente a través de la aplicación ***PLATAFORMA.2... los videos creados parecen haber sido borrados de la aplicación ***PLATAFORMA.2 y parece que la difusión de estos ha cesado...” . “Los datos de los autores de la emisión en directo han sido: . Autor 1:  A.A.A. (en lo sucesivo, A.A.A.). . Autor 2… C/ Jorge Juan, 6 www.aepd.es 28001 – Madrid sedeaepd.gob.es 2/7 “Graban el contenido del directo y lo difunden: Que la persona que grabó el vídeo del directo en tiempo real, subido a través de la aplicación de ***PLATAFORMA.1, desde el perfil de… (A.A.A.), es… y varias personas lo difundieron a otros grupos de ***PLATAFORMA.2 …”. 2. En fecha ***FECHA.3, se remite a esta Agencia desde la BPPJ, copia del atestado (...), consistente en Diligencias del instructor y actas de declaraciones. Cabe destacar lo siguiente:    . Incluye una Diligencia Inicial de ***FECHA.4, en las que se hace constar la denuncia inicial de la madre de la víctima (…) en día ***FECHA.2, ampliadas el (…), la fecha, hora y la dirección del domicilio en el que suceden los hechos, añadiendo “cuando… (nombre y apellido de A.A.A.) mantuvo relaciones sexuales con… (nombre y apellido de la víctima), sin el consentimiento de la misma dado el estado de embriaguez en el que se encontraba, así como que… (nombre de A.A.A.) permitió la grabación y difusión de la misma a través de un direct...",Protección de datos personales en redes sociales,"Un caso de agresión sexual fue emitido en directo a través de una red social y posteriormente difundido a través de otra aplicación, lo que motivó una denuncia y una investigación por la Agencia Española de Protección de Datos",Emisión en directo de una agresión sexual a través de una red social | Difusión del contenido a través de otra aplicación | Denuncia de la madre de la víctima | Investigación de la Agencia Española de Protección de Datos,No especificado,"Art. 5 RGPD, Art. 6 RGPD","protección de datos personales, redes sociales, agresión sexual, emisión en directo, difusión de contenido, investigación, Agencia Española de Protección de Datos"
PD-00198-2023,https://www.aepd.es/documento/pd-00198-2023.pdf,"1 / 9  Expediente N.º: EXP202300855 RESOLUCIÓN DE PROCEDIMIENTO DE DERECHOS Realizadas   las   actuaciones   procedimentales   previstas   en   el   Título   VIII   de   la   Ley Orgánica 3/2018, de 5 de diciembre, de Protección de Datos Personales y garantía de los derechos digitales (en lo...","1/9  Expediente N.º: EXP202300855 RESOLUCIÓN DE PROCEDIMIENTO DE DERECHOS Realizadas las actuaciones procedimentales previstas en el Título VIII de la Ley Orgánica 3/2018, de 5 de diciembre, de Protección de Datos Personales y garantía de los derechos digitales (en lo sucesivo LOPDGDD), se han constatado los siguientes HECHOS PRIMERO: Con fecha 17 de diciembre de 2022 tuvo entrada en esta Agencia reclamación presentada por D. A.A.A. (en adelante, la parte reclamante) contra MERCADONA, S.A.  (en adelante, la parte reclamada) por no haber sido debidamente atendido el derecho de acceso. La parte reclamante manifiesta que, tras un incidente producido en un establecimiento de la parte reclamada producido en fecha 28 de septiembre de 2022, solicitó el acceso a grabaciones del sistema de videovigilancia del establecimiento a través de Hoja de reclamación de fecha 27 de octubre de 2022, recibiendo contestación de la parte reclamada mediante burofax, en la que le solicitaban datos identificativos para analizar su petición, solicitando que fueran remitidos por vía postal a una dirección facilitada por la parte reclamada. La parte reclamante atendió la petición en fecha 14 de noviembre de 2022 remitiendo dicha información a través de la dirección de correo electrónico dpd@mercadona.es. Posteriormente, la parte reclamante recibió otro correo electrónico de la parte reclamada en fecha 16 de noviembre de 2022, en el que se le solicitaba una fotografía para identificarle, indicándole, asimismo, que, en todo caso, se procedería al bloqueo de las imágenes del sistema. La parte reclamante afirma que, si bien ya había remitido fotografía el 14 de noviembre de 2022, la volvió a remitir, mediante correo electrónico, en fecha 24 de noviembre de 2022. No obstante, la parte reclamada no ha procedido a darle oportuna contestación. Aporta copia de la Hoja de Reclamaciones en la que solicita el acceso a las grabaciones e “informe completo sobre mi persona que poseen en especial los artículos 13, 14 y 15 RGPD”; comunicaciones remitidas mediante correo electrónico a la dirección dpd@mercadona.es; y comunicaciones remitidas por la parte reclamada a la parte reclamante. SEGUNDO: Desde la parte reclamada se puso de manifiesto en la respuesta al trámite de traslado de reclamación efectuado por esta Agencia, en síntesis, y por lo que al presente procedimiento interesa, que, una vez recibida la solicitud de la parte reclamante, mediante burofax de fecha 9 de noviembre de 2022 se da respuesta al derecho de acceso presentado a través de hoja de reclamaciones el 27 de octubre de 2022, facilitando el acceso a la solicitud de las grabaciones mediante escrito C/ Jorge Juan, 6 www.aepd.es 28001 – Madrid sedeagpd.gob.es 2/9 certificado en el que, con la mayor precisión posible, teniendo en cuenta la información aportada en la solicitud y sin afectar a derechos de terceros, se especifican los datos que han sido objeto de tratamiento, tal y como establece la Guía en materia de videovigilan...",Videovigilancia y derecho de acceso,"Un individuo solicitó acceso a grabaciones de videovigilancia de un establecimiento de Mercadona después de un incidente, pero no recibió una respuesta adecuada a su solicitud de acceso a los datos personales tratados.",Solicitud de acceso a grabaciones de videovigilancia | Reclamación por no haber sido atendido el derecho de acceso | Solicitud de datos identificativos y fotografía para identificar al solicitante,No especificado,"Art. 13 RGPD, Art. 14 RGPD, Art. 15 RGPD","videovigilancia, derecho de acceso, Mercadona, protección de datos personales, LOPDGDD, RGPD"
PS-00029-2025,https://www.aepd.es/documento/ps-00029-2025.pdf,"1 / 5  Expediente Nº: EXP202411511  (PS/00029/2025) RESOLUCIÓN DEL PROCEDIMIENTO SANCIONADOR De las actuaciones practicadas por la Agencia Española de Protección de Datos (en lo sucesivo, AEPD) y en base a los siguientes ANTECEDENTES PRIMERO:   Con   fecha   13   de   agosto   de   2024   A.A.A...","1/5  Expediente Nº: EXP202411511 (PS/00029/2025) RESOLUCIÓN DEL PROCEDIMIENTO SANCIONADOR De las actuaciones practicadas por la Agencia Española de Protección de Datos (en lo sucesivo, AEPD) y en base a los siguientes ANTECEDENTES PRIMERO: Con fecha 13 de agosto de 2024 A.A.A. (en lo sucesivo, la parte reclamante), interpuso reclamación ante la AEPD. La reclamación se dirige contra la entidad FUSIÓN ENERGÍA SIGLO XXI, S.L. con NIF B87321204 (en lo sucesivo, FUSION ENERGÍA o la parte reclamada), por la presunta vulneración de la Ley 11/2022, de 28 de junio, General de Telecomunicaciones (en lo sucesivo, LGTel), del Reglamento (UE) 2016/679, del Parlamento Europeo y del Consejo, de 27/04/16, relativo a la Protección de las Personas Físicas en lo que respecta al Tratamiento de Datos Personales y a la Libre Circulación de estos Datos (en lo sucesivo, RGPD) y de la Ley Orgánica 3/2018, de 5 de diciembre, de Protección de Datos Personales y Garantía de los Derechos Digitales (en lo sucesivo, LOPDGDD). La reclamación se fundamenta en a la recepción de una llamada comercial en su línea ***TELÉFONO.1, en la que le indican que son de Fusión Energía, a pesar de no haber prestado su consentimiento previo ni mantener relación contractual previa con la empresa. La llamada se realiza desde la línea ***TELÉFONO.2 el 06/08/2024. El locutor le indica que obtienen sus datos personales de otras compañías. Junto a la reclamación se aporta una fotografía de la pantalla del móvil de la parte reclamante donde aparece impreso el número de teléfono ***TELÉFONO.2 y copia de la factura de teléfono donde parece impreso el número de teléfono ***TELÉFONO.1. SEGUNDO: Con fecha 19 de agosto de 2024, de conformidad con lo estipulado en el artículo 65.4 de la LOPDGDD, por parte de esta Agencia se dio traslado de dicha reclamación a la parte reclamada para que procediese a su análisis e informase, en el plazo de un mes, sobre lo que se exponía en el escrito de reclamación. El traslado se practicó conforme a las normas establecidas en la Ley 39/2015, de 1 de octubre, del Procedimiento Administrativo Común de las Administraciones Públicas (en lo sucesivo, LPACAP), mediante notificación electrónica el 19/08/2024 que tuvo como resultado: “ha sido expirada por caducidad, al superarse el plazo establecido para la comparecencia, a fecha de 30/08/2024”, como consta en el justificante de recibo que figura en el expediente. El traslado se reiteró mediante notificación postal con fecha 04/09/2024 que fue devuelta a origen por “Desconocido” el 27/09/2024”, según consta en el justificante de recibo que figura en el expediente.  No consta respuesta alguna de la parte reclamada a dicho traslado. C/ Jorge Juan, 6 www.aepd.es 28001 – Madrid sedeaepd.gob.es 2/5 TERCERO: Con fecha 13 de noviembre de 2024, de conformidad con el artículo 65 de la LOPDGDD, se admitió a trámite la reclamación presentada por la parte reclamante. CUARTO: Con fecha 7 de junio de 2025 la Presidencia de la Agencia Española d...",Privacidad y protección de datos personales,"Una persona recibió una llamada comercial de Fusión Energía sin haber prestado su consentimiento previo, lo que motivó una reclamación ante la AEPD por presunta vulneración de la LGTel, el RGPD y la LOPDGDD.",Llamada comercial no solicitada | Falta de consentimiento previo | Reclamación ante la AEPD,No especificado,"Ley 11/2022, de 28 de junio, General de Telecomunicaciones, Reglamento (UE) 2016/679, Ley Orgánica 3/2018, de 5 de diciembre, de Protección de Datos Personales y Garantía de los Derechos Digitales","privacidad, protección de datos personales, llamadas comerciales, consentimiento previo, AEPD, Fusión Energía"
AI-00366-2022,https://www.aepd.es/documento/ai-00366-2022.pdf,"1 / 3  Expediente  N.º: EXP202207895 RESOLUCIÓN DE CADUCIDAD DE ACTUACIONES De   las   actuaciones   practicadas   por   la  Agencia   Española   de   Protección   de   Datos   y teniendo como base los siguientes HECHOS PRIMERO : Con fecha 26 de mayo de 2022, se presentó reclamación ante la...","1/3  Expediente N.º: EXP202207895 RESOLUCIÓN DE CADUCIDAD DE ACTUACIONES De las actuaciones practicadas por la Agencia Española de Protección de Datos y teniendo como base los siguientes HECHOS PRIMERO: Con fecha 26 de mayo de 2022, se presentó reclamación ante la Agencia Española de Protección de Datos contra A.A.A. con NIF ***NIF.1 (en adelante, parte reclamada) por una supuesta vulneración de la normativa en materia de protección de datos. En concreto:  La parte reclamante asegura haber tenido conocimiento de que la empresa para que la trabajaba y a la que asegura representa la parte reclamada, lo geolocalizaba sin su conocimiento. Junto a la reclamación aporta un mensaje remitido el ***FECHA.1 por la parte reclamante en el que indica que no quiere que se le geolocalice cuando termina su jornada laboral y unas capturas de pantalla en los que consta la remisión del contrato laboral el ***FECHA.2.  SEGUNDO: De conformidad con el artículo 65.4 de la Ley Orgánica 3/2018, de 5 de diciembre, de Protección de Datos Personales y garantía de los derechos digitales (en adelante LOPDGDD), se dio traslado de dicha reclamación a A.A.A. para que procediese a su análisis e informase a esta Agencia en el plazo de un mes, de las acciones llevadas a cabo para adecuarse a los requisitos previstos en la normativa de protección de datos. El traslado, que se practicó conforme a las normas establecidas en la Ley 39/2015, de 1 de octubre, del Procedimiento Administrativo Común de las Administraciones Públicas (en adelante, LPACAP), fue recogido en fecha 02/08/2022 como consta en el acuse de recibo que obra en el expediente. No consta, sin embargo, contestación de esta. TERCERO: Con fecha 26 de agosto de 2022, de conformidad con el artículo 65 de la LOPDGDD, se admitió a trámite la reclamación presentada. CUARTO: La Subdirección General de Inspección de Datos procedió a la realización de actuaciones previas de investigación para el esclarecimiento de los hechos en cuestión, en virtud de las funciones asignadas a las autoridades de control en el artículo 57.1 y de los poderes otorgados en el artículo 58.1 del Reglamento (UE) 2016/679 (Reglamento General de Protección de Datos, en adelante RGPD), y de conformidad con lo establecido en el Título VII, Capítulo I, Sección segunda, de la LOPDGDD. C/ Jorge Juan, 6 www.aepd.es 28001 – Madrid sedeaepd.gob.es 2/3 FUNDAMENTOS DE DERECHO I Competencia De acuerdo con las funciones que el artículo 57.1 a), f) y h) del Reglamento (UE) 2016/679 (Reglamento general de protección de datos, en adelante RGPD) confiere a cada autoridad de control y según lo dispuesto en los artículos 47 y 48.1 de la Ley Orgánica 3/2018, de 5 de diciembre, de Protección de Datos Personales y garantía de los derechos digitales (en lo sucesivo LOPDGDD), es competente para resolver estas actuaciones de investigación la Presidencia de la Agencia Española de Protección de Datos. Asimismo, el artículo 63.2 de la LOPDGDD determina que: ""Los procedimientos tramit...",Geolocalización laboral,"Un trabajador denunció a su empresa por geolocalizarlo sin su conocimiento. La AEPD admitió a trámite la reclamación y realizó actuaciones de investigación, pero no se obtuvo respuesta de la empresa.",Geolocalización sin consentimiento | Denuncia del trabajador | Admisión a trámite de la reclamación,No especificado,"Art. 57.1 RGPD, Art. 58.1 RGPD, LOPDGDD","geolocalización, protección de datos, derechos laborales, AEPD, RGPD, LOPDGDD"
PD-00012-2026,https://www.aepd.es/documento/pd-00012-2026.pdf,"1 / 11  Expediente N.º: EXP202520616  (PD/00012/2026) RESOLUCIÓN DE PROCEDIMIENTO DE DERECHOS Vista la reclamación registrada en fecha 17 de noviembre de 2025 ante esta Agencia Española de Protección de Datos (en lo sucesivo, AEPD) y realizadas las actuaciones procedimentales   previstas   en   el...","1/11  Expediente N.º: EXP202520616 (PD/00012/2026) RESOLUCIÓN DE PROCEDIMIENTO DE DERECHOS Vista la reclamación registrada en fecha 17 de noviembre de 2025 ante esta Agencia Española de Protección de Datos (en lo sucesivo, AEPD) y realizadas las actuaciones procedimentales previstas en el Título VIII de la Ley Orgánica 3/2018, de 5 de diciembre, de Protección de Datos Personales y garantía de los derechos digitales (en lo sucesivo, LOPDGDD), se han constatado los siguientes HECHOS PRIMERO: A.A.A. (en lo sucesivo, la parte reclamante) ejerció el derecho de supresión frente a la entidad GOOGLE LLC con CIF. 770493581 (en lo sucesivo, GOOGLE o la parte reclamada). La reclamante expone que su nombre completo figura publicado en el Boletín Oficial de la Comunidad de Madrid (BOCM) en relación con un procedimiento laboral seguido ante el ***JUZGADO.1(***EXPEDIENTE.1), en el que intervino como (…). Como consecuencia de dicha publicación oficial, el buscador Google indexa una URL del BOCM, de modo que al introducir su nombre completo aparecen resultados vinculados a dicho procedimiento. Señala que ejercitó ante Google el derecho de supresión, solicitando la retirada de la URL únicamente respecto de las búsquedas realizadas por su nombre, aportando la documentación correspondiente. No obstante, Google denegó la solicitud en dos ocasiones, bajo la referencia [***REFERENCIA.1], fundamentando su negativa en el carácter oficial del documento y en su procedencia de un organismo público. La reclamante sostiene que la información carece de relevancia pública actual, al tratarse de un procedimiento laboral concluido, y que la indexación de su nombre le ocasiona un perjuicio personal y profesional, en el ámbito de la búsqueda de empleo, al asociarse injustamente su identidad con una situación de insolvencia empresarial. Junto a su reclamación aporta, entre otra documentación, correos electrónicos intercambiados con Google LLC: un correo de 15 de septiembre de 2025, en el que Google comunica la decisión de no retirar la URL por su carácter oficial; un correo de la misma fecha remitido por la reclamante, en el que aporta información adicional solicitando la reconsideración de la denegación; y un correo de 16 de septiembre de 2025, mediante el cual Google mantiene su decisión inicial, reiterando la posibilidad de dirigirse al responsable del sitio web para solicitar su desindexación. SEGUNDO: En fecha 27 de noviembre de 2025 se incorporan al expediente las evidencias obtenidas de la URL: ***URL.1 que se incorporan con indicación de su huella digital: - Consta una página de resultados del buscador Google, obtenida a partir de la búsqueda del nombre A.A.A. asociada al dominio (…), en la que figura como resultado un documento (….), de fecha ***FECHA.1. C/ Jorge Juan, 6 www.aepd.es 28001 – Madrid sedeaepd.gob.es 2/11 - Asimismo, consta el contenido del edicto publicado en el BOCM por el ***JUZGADO.1, dictado en el procedimiento de (…), en el que la interesada figura como ...",Derecho de supresión,"Una persona ejerció el derecho de supresión frente a Google para eliminar una URL del Boletín Oficial de la Comunidad de Madrid que asociaba su nombre con un procedimiento laboral concluido, pero Google denegó la solicitud debido al carácter oficial del documento.",Publicación del nombre completo en el Boletín Oficial de la Comunidad de Madrid | Indexación de la URL por Google | Solicitud de supresión de la URL por la parte reclamante | Denegación de la solicitud por Google,No especificado,"Ley Orgánica 3/2018, de 5 de diciembre, de Protección de Datos Personales y garantía de los derechos digitales (LOPDGDD)","Derecho de supresión, Google, Boletín Oficial de la Comunidad de Madrid, Procedimiento laboral, Indexación, Privacidad"
PS-00322-2023,https://www.aepd.es/documento/ps-00322-2023.pdf,1 / 7  Expediente N.º: EXP202308793 RESOLUCIÓN DE PROCEDIMIENTO SANCIONADOR Del procedimiento instruido por la Agencia Española de Protección de Datos  y en base a los siguientes ANTECEDENTES PRIMERO :   La   Agencia   Española   de   Protección   de   Datos   tuvo   conocimiento   de   la noticia...,"1/7  Expediente N.º: EXP202308793 RESOLUCIÓN DE PROCEDIMIENTO SANCIONADOR Del procedimiento instruido por la Agencia Española de Protección de Datos y en base a los siguientes ANTECEDENTES PRIMERO: La Agencia Española de Protección de Datos tuvo conocimiento de la noticia publicada el ***FECHA.1 en la dirección ***URL.1, que informa sobre “***TITULAR.1”, siendo además de interés: Del titular: “(…).” “(…)”. Los hechos se produjeron en la madrugada del “pasado ***FECHA.2”. “(…).” SEGUNDO: Previo acuerdo de la Directora de la Agencia Española de Protección de Datos, adoptado el 04/11/2022 de conformidad con el artículo 67 de la Ley Orgánica 3/2018, de 5 de diciembre, de Protección de Datos Personales y garantía de los derechos digitales (en adelante, LOPDGDD), la Subdirección General de Inspección de Datos procedió a la realización de actuaciones previas de investigación para el esclarecimiento de los hechos, teniendo conocimiento de los siguientes extremos: 1. En fecha 7/11/2022, se solicita colaboración a la Brigada Provincial de Policía Judicial en ***LOCALIDAD.1 (BPPJ), recibiéndose un día después un escrito de dicha Brigada, Grupo investigación (Unidad de Atención a la Familia y Mujer - UFAM), en el que comunica: . “Una vez tramitado el atestado (…)” de la BPPJ, se procedió a la detención de (…), llamados… por un delito de agresión sexual y otro de descubrimiento y revelación de secretos y a… por un delito de descubrimiento y revelación de secretos”. “El día de los hechos los autores emitieron en directo a través de la red social ***PLATAFORMA.1 la agresión sexual a la menor, y durante esta emisión diversas personas grabaron su contenido y lo difundieron posteriormente a través de la aplicación ***PLATAFORMA.2”. “Los videos creados parecen haber sido borrados de la aplicación ***PLATAFORMA.2 y parece que la difusión de estos ha cesado.” . “Los datos de los autores de la emisión en directo han sido…  . “Graban el contenido del directo y lo difunden: Que la persona que grabó el vídeo del directo en tiempo real, subido a través de la aplicación de ***PLATAFORMA.1, desde el perfil de… (el menor), es… y varias personas lo difundieron a otros grupos de ***PLATAFORMA.2: … A.A.A. (en lo sucesivo, A.A.A.) y…”. C/ Jorge Juan, 6 www.aepd.es 28001 – Madrid sedeaepd.gob.es 2/7 2. En fecha ***FECHA.3, se remite a esta Agencia desde la BPPJ, copia del atestado (…), consistente en Diligencias del instructor y actas de declaraciones. Cabe destacar lo siguiente:    . Incluye una Diligencia Inicial de ***FECHA.4, en las que se hace constar la denuncia inicial de la madre de la víctima (…) en día ***FECHA.2, ampliadas el (…), la fecha, hora y la dirección del domicilio en el que suceden los hechos, añadiendo “cuando… (nombre y apellido del agresor) mantuvo relaciones sexuales con… (nombre y apellido de la víctima), sin el consentimiento de la misma dado el estado de embriaguez en el que se encontraba, así como que… (nombre del agresor) permitió la grabación y dif...",Protección de datos personales y delitos contra la intimidad,Un caso de agresión sexual fue emitido en directo a través de una red social y posteriormente difundido a través de otra aplicación. La AEPD investigó el tratamiento de datos personales y la posible infracción de la normativa de protección de datos.,Emisión en directo de un delito de agresión sexual a través de una red social | Difusión posterior del contenido a través de otra aplicación | Grabación y difusión del contenido por varias personas | Denuncia inicial de la madre de la víctima,No especificado,"Art. 5 RGPD, Art. 6 RGPD, Ley Orgánica 3/2018, de 5 de diciembre, de Protección de Datos Personales y garantía de los derechos digitales (LOPDGDD)","protección de datos personales, delitos contra la intimidad, agresión sexual, redes sociales, aplicaciones, grabación y difusión de contenido, AEPD, LOPDGDD, RGPD"
PS-00321-2023,https://www.aepd.es/documento/ps-00321-2023.pdf,1 / 7  Expediente N.º: EXP202308792 RESOLUCIÓN DE PROCEDIMIENTO SANCIONADOR Del procedimiento instruido por la Agencia Española de Protección de Datos  y en base a los siguientes ANTECEDENTES PRIMERO :   La   Agencia   Española   de   Protección   de   Datos   tuvo   conocimiento   de   la noticia...,"1/7  Expediente N.º: EXP202308792 RESOLUCIÓN DE PROCEDIMIENTO SANCIONADOR Del procedimiento instruido por la Agencia Española de Protección de Datos y en base a los siguientes ANTECEDENTES PRIMERO: La Agencia Española de Protección de Datos tuvo conocimiento de la noticia publicada el ***FECHA.1 en la dirección ***URL.1, que informa sobre “***TITULAR.1”, siendo además de interés: Del titular: “(…).” “(…)”. Los hechos se produjeron en la madrugada del “pasado ***FECHA.2”. “(…).” SEGUNDO: Previo acuerdo de la Directora de la Agencia Española de Protección de Datos, adoptado el 04/11/2022 de conformidad con el artículo 67 de la Ley Orgánica 3/2018, de 5 de diciembre, de Protección de Datos Personales y garantía de los derechos digitales (en adelante, LOPDGDD), la Subdirección General de Inspección de Datos procedió a la realización de actuaciones previas de investigación para el esclarecimiento de los hechos, teniendo conocimiento de los siguientes extremos: 1. En fecha (…), se solicita colaboración a la Brigada Provincial de Policía Judicial en ***LOCALIDAD.1 (BPPJ), recibiéndose un día después un escrito de dicha Brigada, Grupo investigación (Unidad de Atención a la Familia y Mujer - UFAM), en el que comunica: . “Una vez tramitado el atestado (…)” de la BPPJ, se procedió a la detención de (…), llamados… por un delito de agresión sexual y otro de descubrimiento y revelación de secretos y a… por un delito de descubrimiento y revelación de secretos”. “El día de los hechos los autores emitieron en directo a través de la red social ***PLATAFORMA.1 la agresión sexual a la menor, y durante esta emisión diversas personas grabaron su contenido y lo difundieron posteriormente a través de la aplicación ***PLATAFORMA.2”. “Los videos creados parecen haber sido borrados de la aplicación ***PLATAFORMA.2 y parece que la difusión de estos ha cesado.” . “Los datos de los autores de la emisión en directo han sido… . “Graban el contenido del directo y lo difunden: Que la persona que grabó el vídeo del directo en tiempo real, subido a través de la aplicación de ***PLATAFORMA.1, desde el perfil de… (el menor), es A.A.A. (en lo sucesivo, A.A.A.) y varias personas lo difundieron a otros grupos de ***PLATAFORMA.2…”. C/ Jorge Juan, 6 www.aepd.es 28001 – Madrid sedeaepd.gob.es 2/7 2. En fecha ***FECHA.3, se remite a esta Agencia desde la BPPJ, copia del atestado (…), consistente en Diligencias del instructor y actas de declaraciones. Cabe destacar lo siguiente:    . Incluye una Diligencia Inicial de ***FECHA.4, en las que se hace constar la denuncia inicial de la madre de la víctima (…) en día ***FECHA.2, ampliadas el (…), la fecha, hora y la dirección del domicilio en el que suceden los hechos, añadiendo “cuando… (nombre y apellido del agresor) mantuvo relaciones sexuales con… (nombre y apellido de la víctima), sin el consentimiento de la misma dado el estado de embriaguez en el que se encontraba, así como que… (nombre del agresor) permitió la grabación y difusión de la m...",Protección de datos personales y delitos contra la intimidad,Un caso de agresión sexual fue emitido en directo a través de una red social y posteriormente difundido a través de otra aplicación. La AEPD investigó el tratamiento de datos personales y la posible infracción de la normativa de protección de datos.,Emisión en directo de una agresión sexual a través de una red social | Difusión del contenido a través de otra aplicación | Denuncia de la madre de la víctima | Investigación de la AEPD sobre el tratamiento de datos personales,No especificado,"Art. 5 RGPD, Art. 6 RGPD, Ley Orgánica 3/2018, de 5 de diciembre, de Protección de Datos Personales y garantía de los derechos digitales (LOPDGDD)","protección de datos personales, delitos contra la intimidad, agresión sexual, redes sociales, aplicaciones, AEPD, investigación, denuncia"
PS-00379-2025,https://www.aepd.es/documento/ps-00379-2025.pdf,1 / 8  Expediente N.º: EXP202511078 RESOLUCIÓN DE PROCEDIMIENTO SANCIONADOR Del procedimiento instruido por la Agencia Española de Protección de Datos  y en base a los siguientes ANTECEDENTES PRIMERO : Como consecuencia de reclamación presentada ante la Agencia Española de Protección de Datos...,"1/8  Expediente N.º: EXP202511078 RESOLUCIÓN DE PROCEDIMIENTO SANCIONADOR Del procedimiento instruido por la Agencia Española de Protección de Datos y en base a los siguientes ANTECEDENTES PRIMERO: Como consecuencia de reclamación presentada ante la Agencia Española de Protección de Datos contra el ORGANISMO ESTATAL INSPECCIÓN DE TRABAJO Y SEGURIDAD SOCIAL con NIF Q2802489A (en adelante, el OEITSS), apreciándose indicios de un posible incumplimiento de las normas en el ámbito de las competencias de la Agencia Española de Protección de Datos, se iniciaron actuaciones con número de expediente EXP202401347.  De acuerdo con lo previsto en el artículo 65 de la Ley Orgánica 3/2018, de 5 de diciembre, de Protección de Datos Personales y garantía de los derechos digitales (LOPDGDD en lo sucesivo), se trasladó la reclamación al responsable o al Delegado de Protección de Datos que en su caso hubiere designado, solicitándole que remitiera a esta Agencia la información y documentación que se indicaba.  El traslado, que se notificó conforme a las normas establecidas en la Ley 39/2015, de 1 de octubre, del Procedimiento Administrativo Común de las Administraciones Públicas (en adelante, LPACAP) mediante notificación electrónica, fue recogido por el responsable con fecha 24 de enero de 2024, como consta en el acuse de recibo que obra en el expediente. Con fecha 24 de marzo de 2024, de conformidad con el artículo 65 de la LOPDGDD, se admitió a trámite la reclamación presentada por la parte reclamante. SEGUNDO: La Subdirección General de Inspección de Datos procedió a la realización de actuaciones previas de investigación para el esclarecimiento de los hechos en cuestión, en virtud de los poderes de investigación otorgados a las autoridades de control en el artículo 58.1 del Reglamento (UE) 2016/679 (Reglamento General de Protección de Datos, en adelante RGPD), y de conformidad con lo establecido en el Título VII, Capítulo I, Sección segunda, de la citada LOPDGDD. En el marco de las actuaciones de investigación, se remitió en dos ocasiones al OEITSS un requerimiento de información, relativo a la reclamación indicada en el apartado primero, a fin de que, en los plazos de diez y cinco días hábiles, respectivamente, presentase ante esta Agencia la información y documentación señaladas.  TERCERO: El referido requerimiento de información fue notificado en ambas ocasiones conforme a las normas establecidas en la LPACAP, siendo recogido por el C/ Jorge Juan, 6 www.aepd.es 28001 – Madrid sedeaepd.gob.es 2/8 OEITSS en fechas 29 de mayo y 27 de junio 2025, como consta en los acuses de recibo que obran en el expediente. CUARTO: Respecto a la información requerida, el OEITSS no ha remitido respuesta alguna a esta Agencia Española de Protección de Datos en los plazos otorgados para ello. QUINTO: Con fecha 18 de julio de 2025, la Presidencia de la Agencia Española de Protección de Datos acordó iniciar procedimiento sancionador al OEITSS, con arreglo a lo dispuesto en los artí...",Incumplimiento de normas de protección de datos,La Agencia Española de Protección de Datos inició un procedimiento sancionador contra el Organismo Estatal Inspección de Trabajo y Seguridad Social por no responder a requerimientos de información relacionados con una reclamación sobre protección de datos,Reclamación presentada ante la Agencia Española de Protección de Datos | Iniciación de actuaciones de investigación | Requerimientos de información al Organismo Estatal Inspección de Trabajo y Seguridad Social | Falta de respuesta del Organismo Estatal Inspección de Trabajo y Seguridad Social,No especificado,"Art. 58.1 del Reglamento General de Protección de Datos (RGPD), Art. 65 de la Ley Orgánica 3/2018, de 5 de diciembre, de Protección de Datos Personales y garantía de los derechos digitales (LOPDGDD)","protección de datos, Agencia Española de Protección de Datos, Organismo Estatal Inspección de Trabajo y Seguridad Social, reclamación, investigación, requerimiento de información"
PS-00540-2025,https://www.aepd.es/documento/ps-00540-2025.pdf,1 / 29  Expediente N.º: EXP202410832 RESOLUCIÓN DE PROCEDIMIENTO SANCIONADOR Del procedimiento instruido por la Agencia Española de Protección de Datos  y en base a los siguientes ANTECEDENTES Contenido ANTECEDENTES...,"1/29  Expediente N.º: EXP202410832 RESOLUCIÓN DE PROCEDIMIENTO SANCIONADOR Del procedimiento instruido por la Agencia Española de Protección de Datos y en base a los siguientes ANTECEDENTES Contenido ANTECEDENTES..........................................................................................................1 PRIMERO: Reclamaciones recibidas en relación con una brecha de datos personales en FLEXICAR:.........................................................................................2 SEGUNDO: Admisión a trámite de las reclamaciones presentadas:..........................3 TERCERO: Actuaciones previas de investigación:.....................................................4 CUARTO: Acuerdo de inicio:......................................................................................6 QUINTO: FLEXICAR no ha formulado alegaciones al acuerdo de inicio:...................6 SEXTO: Volumen de negocios de FLEXICAR............................................................7 HECHOS PROBADOS..................................................................................................7 PRIMERO:.................................................................................................................7 SEGUNDO:................................................................................................................8 TERCERO:...............................................................................................................11 CUARTO:.................................................................................................................11 QUINTO:..................................................................................................................12 SEXTO:....................................................................................................................13 SÉPTIMO:................................................................................................................14 OCTAVO:..................................................................................................................14 NOVENO:.................................................................................................................14 DÉCIMO:..................................................................................................................15 UNDÉCIMO:.............................................................................................................15 DECIMOSEGUNDO:................................................................................................15 DECIMOTERCERO:................................................................................................16 FUNDAMENTOS DE DERECHO.................................................................................16 I Competencia..........................................................................................................16 C/ Jorge Juan, 6 www.aepd.es 28001 – Madrid sedeaepd.gob.es 2/29 II Cuestiones pre...",Brecha de datos personales,La AEPD investigó una brecha de datos personales en FLEXICAR y encontró que la empresa no había tomado las medidas de seguridad adecuadas para proteger los datos de los afectados.,Brecha de datos personales en FLEXICAR | Investigación de la AEPD | FLEXICAR no formuló alegaciones,No especificado,No especificado,"brecha de datos personales, FLEXICAR, AEPD, seguridad de datos, investigación"
PA-00071-2025,https://www.aepd.es/documento/pa-00071-2025.pdf,1 / 5  Expediente N.º: EXP202505482 RESOLUCIÓN DE     PROCEDIMIENTO DE APERCIBIMIENTO Del procedimiento instruido por la Agencia Española de Protección de Datos  y en base a los siguientes ANTECEDENTES PRIMERO : Con fecha 17 de marzo de 2025 se interpuso reclamación ante la Agencia Española   de...,"1/5  Expediente N.º: EXP202505482 RESOLUCIÓN DE     PROCEDIMIENTO DE APERCIBIMIENTO Del procedimiento instruido por la Agencia Española de Protección de Datos y en base a los siguientes ANTECEDENTES PRIMERO: Con fecha 17 de marzo de 2025 se interpuso reclamación ante la Agencia Española de Protección de Datos por una posible infracción imputable a quien identifica como A.A.A. con NIF ***NIF.1. Los hechos que se pone en conocimiento de esta autoridad son: La parte reclamante manifiesta que la parte reclamada es responsable de una cámara de videovigilancia instalada en su vivienda, captando imágenes de la vía pública, suponiendo ello, una intrusión en el derecho a la intimidad del reclamante y su familia. Aporta fotografías de la ubicación de la cámara y captaciones realizadas (Anexo I). SEGUNDO: De conformidad con el artículo 65.4 de la Ley Orgánica 3/2018, de 5 de diciembre, de Protección de Datos Personales y garantía de los derechos digitales (en adelante LOPDGDD), se dio traslado de dicha reclamación a C.B.A., para que procediese a su análisis e informase a esta Agencia en el plazo de un mes, de las acciones llevadas a cabo para adecuarse a los requisitos previstos en la normativa de protección de datos. La notificación del traslado de la reclamación, que se practicó conforme a las normas establecidas en la Ley 39/2015, de 1 de octubre, del Procedimiento Administrativo Común de las Administraciones Públicas (en adelante, LPACAP), fue realizada en fecha 10/04/2025 como consta en el acuse de recibo que obra en el expediente. La notificación se reiteró por el mismo medio, entregándose el día 20/06/2025. No se ha recibido respuesta a este escrito de traslado. TERCERO: Con fecha 17 de junio de 2025, de conformidad con el artículo 65 de la LOPDGDD, se admitió a trámite la reclamación.  CUARTO: Con fecha 13 de marzo de 2026, la Presidencia de la Agencia Española de Protección de Datos acordó iniciar procedimiento de apercibimiento a la parte reclamada, por la presunta infracción del artículo 5.1 c) RGPD, tipificada en el artículo 83.5 RGPD.  QUINTO: La notificación del citado acuerdo de iniciación, que se practicó conforme a las normas establecidas en la Ley 39/2015, de 1 de octubre, del Procedimiento C/ Jorge Juan, 6 www.aepd.es 28001 – Madrid sedeaepd.gob.es 2/5 Administrativo Común de las Administraciones Públicas (en adelante, LPACAP), fue recogida en tiempo y forma como consta en el acuse de recibo que obra en el expediente. SEXTO: En fecha 01/04/26 se recibe escrito de alegaciones a los hechos objeto de traslado, reconociendo la reclamada la instalación de una cámara por motivo de seguridad de la propiedad y vehículo (s) aparcados en el exterior, manifestando haber procedido a adoptar las medidas necesarias para corregir la situación descrita. A la vista de todo lo actuado, por parte de la Agencia Española de Protección de Datos en el presente procedimiento se consideran hechos probados los siguientes, HECHOS PROBADOS Primero. Los hechos traen...",Videovigilancia,"Una cámara de videovigilancia instalada en una vivienda capturaba imágenes de la vía pública, suponiendo una intrusión en el derecho a la intimidad de los reclamantes. La AEPD analizó la situación y consideró que la instalación de la cámara podría ser una infracción del RGPD.",Instalación de cámara de videovigilancia en vivienda | Captura de imágenes de la vía pública | Reclamación ante la AEPD | Iniciación de procedimiento de apercibimiento,No especificado,"Art. 5.1 c) RGPD, Art. 83.5 RGPD","videovigilancia, cámara, intimidad, RGPD, AEPD, procedimiento de apercibimiento"
PS-00153-2025,https://www.aepd.es/documento/ps-00153-2025.pdf,1 / 11  Expediente N.º: EXP202413968 RESOLUCIÓN DE PROCEDIMIENTO SANCIONADOR Del procedimiento instruido por la Agencia Española de Protección de Datos  y en base a los siguientes ANTECEDENTES PRIMERO : Con fecha 16 de agosto de 2024 se interpuso reclamación ante la Agencia Española   de...,"1/11  Expediente N.º: EXP202413968 RESOLUCIÓN DE PROCEDIMIENTO SANCIONADOR Del procedimiento instruido por la Agencia Española de Protección de Datos y en base a los siguientes ANTECEDENTES PRIMERO: Con fecha 16 de agosto de 2024 se interpuso reclamación ante la Agencia Española de Protección de Datos por una posible infracción imputable a A.A.A. con NIF ***NIF.1. Los hechos que se pone en conocimiento de esta autoridad: La parte reclamante manifiesta que tiene alquilada una habitación en un piso compartido, que fue vendido, y a partir de ese momento se instalaron cámaras en todas las zonas comunes (cocina, salón, balcón, pasillo), sin cartel de zona videovigilada y sin que conste en el contrato, ni haber informado o pedido el consentimiento a los que tienen alquiladas habitaciones. Dos hombres, ninguno el propietario con el que ha firmado el contrato, son los que visionan las imágenes y lo saben porque les envían SMS diciendo lo que ven. Aporta imágenes de dos cámaras, del contrato de arrendamiento, de denuncia ante el Juzgado de Guardia, de denuncia ante la Policía Nacional, de los SMS, y escrito de otro inquilino denunciando lo mismo (Anexo I). SEGUNDO: De conformidad con el artículo 65.4 de la Ley Orgánica 3/2018, de 5 de diciembre, de Protección de Datos Personales y garantía de los derechos digitales (en adelante LOPDGDD), se dio traslado de dicha reclamación a A.A.A., para que procediese a su análisis e informase a esta Agencia en el plazo de un mes, de las acciones llevadas a cabo para adecuarse a los requisitos previstos en la normativa de protección de datos. La notificación del traslado de la reclamación, que se practicó conforme a las normas establecidas en la Ley 39/2015, de 1 de octubre, del Procedimiento Administrativo Común de las Administraciones Públicas (en adelante, LPACAP) mediante correo postal certificado, fue devuelta por ""ausente"". La notificación se reiteró por el mismo medio, entregándose el día 13/11/2024. Con fecha 02/12/2024 y 17/12/2024 se recibe en esta Agencia escritos de respuesta en los que reconoce que tiene un sistema de videovigilancia en el interior de la vivienda, son cuatro cámaras instaladas en zonas comunes, cocina, escalera, calentador y entrada de la casa. Aporta información completa del sistema de videovigilancia, características del mismo; en uno de los folletos informativos se indica que el sistema cuenta con reconocimiento facial y audio, además de imagen. Se aporta imágenes del campo de visión de las cámaras en las que se verifica que son C/ Jorge Juan, 6 www.aepd.es 28001 – Madrid sedeaepd.gob.es 2/11 interiores, fotografías de los carteles informativos que incluyen información de la primera capa informativa establecida en el artículo 22.4 de la LOPDGDD. La parte reclamada indica que las imágenes se conservan por espacio de 1 mes. La parte reclamada afirma que los inquilinos conocen la existencia del sistema de vídeo vigilancia a través de la firma de las normas de convivencia de la casa y la fi...",Videovigilancia,Un inquilino denunció la instalación de cámaras en zonas comunes de un piso compartido sin cartel de zona videovigilada ni consentimiento. La AEPD analizó la proporcionalidad de la medida y la ausencia de información clara a los inquilinos.,Instalación de cámaras en zonas comunes sin aviso | Falta de cartel de zona videovigilada | Denuncia de un inquilino | Reconocimiento facial y audio en el sistema de videovigilancia,No especificado,Art. 22.4 LOPDGDD,"videovigilancia, cámaras, piso compartido, zonas comunes, reconocimiento facial, audio, carteles informativos"
PD-00278-2025,https://www.aepd.es/documento/pd-00278-2025.pdf,"1 / 10  Expediente N.º: EXP202511214 (PD/00278/2025) RESOLUCIÓN DE PROCEDIMIENTO DE DERECHOS Vista la reclamación registrada en fecha 17 y 19 de mayo de 2025, ante esta Agencia Española   de   Protección   de   datos   (en   adelante,  AEPD)   y   realizadas   las   actuaciones procedimentales...","1/10  Expediente N.º: EXP202511214(PD/00278/2025) RESOLUCIÓN DE PROCEDIMIENTO DE DERECHOS Vista la reclamación registrada en fecha 17 y 19 de mayo de 2025, ante esta Agencia Española de Protección de datos (en adelante, AEPD) y realizadas las actuaciones procedimentales previstas en el Título VIII de la Ley Orgánica 3/2018, de 5 de diciembre, de Protección de Datos Personales y garantía de los derechos digitales (en lo sucesivo LOPDGDD), se han constatado los siguientes HECHOS PRIMERO: A.A.A. (en adelante, la parte reclamante) ejerció el derecho de acceso frente a la entidad INSTITUTO CÁNTABRO DE SERVICIOS SOCIALES con CIF.: Q3900797F, (en adelante, ICASS o la parte reclamada). La parte reclamante manifiesta en su escrito que con fecha 13 de mayo de 2025 ejerció el derecho de acceso a los datos personales de su hijo menor de edad, mediante escrito dirigido al Instituto Cántabro de Servicios Sociales (en adelante, ICASS). El 16 de mayo, el ICASS respondió indicando que había recibido documentación relativa al menor procedente de la Dirección General de Comercio y Consumo el 29 de abril de 2025, si bien no facilitó dato personal alguno, ni información sobre registros de acceso ni categorías de tratamiento. La parte reclamante considera que dicha respuesta resulta jurídicamente inválida conforme al artículo 15 del RGPD. En su reclamación, la parte reclamante sostiene que la propia respuesta del ICASS evidencia que dicha entidad ha tratado datos personales del menor, por lo que estaría obligada a facilitar toda la información requerida. Alega asimismo que el argumento del ICASS de carecer de competencia por tratarse de hechos extrafamiliares no le exime de su obligación legal de responder al ejercicio de derechos, y recuerda que la Ley 2/2007 de Cantabria y la Ley Orgánica 8/2021 refuerzan la responsabilidad activa de la entidad en situaciones de desprotección de menores. La parte reclamante añade que el ICASS había recibido derivaciones previas de diversas instituciones, entre ellas la ***ENTIDAD.1 (…) y la Dirección General de Comercio y Consumo, lo que evidencia la existencia de múltiples comunicaciones oficiales desde noviembre 2023. Junto al escrito de reclamación presenta, entre otra, la siguiente documentación: - (…). - (…). - (…). - (…). - (…).  C/ Jorge Juan, 6 www.aepd.es 28001 – Madrid sedeaepd.gob.es 2/10 - Fechada el 29/04/2025, carta con membrete del Gobierno de Cantabria – ICASS.- Subdirección de Infancia, Adolescencia y Familia del ICASS dirigida al reclamante, donde se informa de la recepción de la reclamación, explicando su falta de competencia en el fondo del asunto y el traslado a otras autoridades. - Con fecha 08/05/2025, Resolución de archivo de la Dirección General de Comercio y Consumo (Consejería de Industria, Empleo, Innovación y Comercio) dirigida al reclamante, con el asunto: “***ASUNTO.1” y donde se confirma la entrada en la Inspección de Consumo de las reclamaciones formuladas por el reclamante frente a la mercantil “**...",Derecho de acceso a datos personales,"Un padre ejerció el derecho de acceso a los datos personales de su hijo menor de edad ante el Instituto Cántabro de Servicios Sociales (ICASS), pero la entidad respondió que no tenía competencia en el asunto y no facilitó la información solicitada.",El padre ejerció el derecho de acceso a los datos personales de su hijo menor de edad | El ICASS respondió que no tenía competencia en el asunto | El ICASS recibió documentación relativa al menor de la Dirección General de Comercio y Consumo,No especificado,Art. 15 RGPD,"Derecho de acceso, Datos personales, Menor de edad, Instituto Cántabro de Servicios Sociales, ICASS, RGPD"
PD-00357-2025,https://www.aepd.es/documento/pd-00357-2025.pdf,"1 / 8  Expediente N.º: EXP202517092 RESOLUCIÓN DE PROCEDIMIENTO DE DERECHOS Vista la reclamación registrada en fecha 2 de septiembre de 2025 ante esta Agencia y realizadas   las   actuaciones   procedimentales   previstas   en   el   Título   VIII   de   la   Ley Orgánica 3/2018, de 5 de diciembre...","1/8  Expediente N.º: EXP202517092 RESOLUCIÓN DE PROCEDIMIENTO DE DERECHOS Vista la reclamación registrada en fecha 2 de septiembre de 2025 ante esta Agencia y realizadas las actuaciones procedimentales previstas en el Título VIII de la Ley Orgánica 3/2018, de 5 de diciembre, de Protección de Datos Personales y garantía de los derechos digitales (en lo sucesivo LOPDGDD), se han constatado los siguientes HECHOS PRIMERO: Con fecha 2 de septiembre de 2026 tuvo entrada en esta Agencia reclamación presentada por A.A.A. (en adelante, la parte reclamante) contra ASOCIACIÓN DE GESTORES GEFOCGESTIÓN (en adelante, la parte reclamada) por no haber sido debidamente atendido el derecho de supresión. La parte reclamante manifiesta que ha solicitado a la parte reclamada la supresión de sus datos tanto a través de correo electrónico remitido en fecha 12 de junio de 2025, como a través de comunicación postal remitida el 19 de junio de 2025 y que consta entregada el 24 de junio de 2025 según información proporcionada por Correos, sin que, transcurrido el mes preceptivo para obtener respuesta a dichas peticiones, haya obtenido respuesta de la parte reclamada. La parte reclamante aporta, entre otros, los siguientes documentos: - Correo electrónico de fecha 12 de junio de 2025 de la parte reclamante a info@gefocgestion.es indicando que presentó una solicitud para participar en un curso, del que no ha tenido información posterior, y solicita que se supriman sus datos personales así como los documentos aportados a la parte reclamada en la mencionada solicitud. - Copia del escrito de solicitud de supresión de sus datos de la parte reclamante remitido a la parte reclamada mediante envío postal con fecha 19 de junio de 2025 en términos similares al correo electrónico de fecha 12 de junio de 2025. - Información del localizador de envíos del servicio de correos donde consta que el citado escrito fue entregado el día 24 de junio de 2025. SEGUNDO: De conformidad con el artículo 65.4 de la LOPDGDD, se dio traslado de dicha reclamación a la parte reclamada, para que procediese a su análisis e informase a esta Agencia en el plazo de un mes, de las acciones llevadas a cabo para adecuarse a los requisitos previstos en la normativa de protección de datos. La actuación de traslado y solicitud de información se notificó a la parte reclamada en fecha 14 de octubre de 2025, a través de medios electrónicos, conforme a lo dispuesto en el artículo 43 de la Ley 39/2015, de 1 de octubre, del Procedimiento Administrativo C/ Jorge Juan, 6 www.aepd.es 28001 – Madrid sedeaepd.gob.es 2/8 Común de las Administraciones Públicas, según certificado del Servicio de Notificaciones Electrónicas y Dirección Electrónica Habilitada que consta en el expediente.   No consta que la parte reclamada haya presentado ninguna respuesta ante esta Agencia. TERCERO: De acuerdo con los artículos 64.1 y 65.5 de la LOPDGDD, la decisión sobre la admisión o inadmisión a trámite de la reclamación deberá notificarse a la p...",Derecho de supresión,"Un individuo solicitó a una asociación la supresión de sus datos personales a través de correo electrónico y comunicación postal, pero no obtuvo respuesta. La AEPD analizó la reclamación y constató que la asociación no había atendido debidamente el derecho de supresión.",Solicitud de supresión de datos personales | Falta de respuesta de la asociación | Reclamación ante la AEPD,No especificado,"Art. 64.1 LOPDGDD, Art. 65.4 LOPDGDD, Art. 65.5 LOPDGDD","Derecho de supresión, Protección de datos personales, Reclamación, AEPD, LOPDGDD"
PD-00080-2026,https://www.aepd.es/documento/pd-00080-2026.pdf,"1 / 7  Expediente N.º: EXP202604945  RESOLUCIÓN DE PROCEDIMIENTO DE DERECHOS Vista   la   reclamación   registrada   en   fecha   3   de   diciembre   de   2025   ante   esta  Agencia Española de Protección de Datos (en lo sucesivo, AEPD) y realizadas las actuaciones procedimentales   previstas...","1/7  Expediente N.º: EXP202604945  RESOLUCIÓN DE PROCEDIMIENTO DE DERECHOS Vista la reclamación registrada en fecha 3 de diciembre de 2025 ante esta Agencia Española de Protección de Datos (en lo sucesivo, AEPD) y realizadas las actuaciones procedimentales previstas en el Título VIII de la Ley Orgánica 3/2018, de 5 de diciembre, de Protección de Datos Personales y garantía de los derechos digitales (en lo sucesivo, LOPDGDD), se han constatado los siguientes HECHOS PRIMERO: A.A.A. (en lo sucesivo, la parte reclamante) ejerció el derecho de supresión frente a TITANIA COMPAÑÍA EDITORIAL, S.L., (en lo sucesivo, TITANIA o la parte reclamada) en relación con diversas noticias publicadas en el medio digital “El Confidencial” que incluían sus datos identificativos. Junto al escrito de reclamación aporta documentación relativa al ejercicio del derecho de supresión frente a diversos medios y motores de búsqueda, así como las respuestas obtenidas de algunos de ellos y la denegación por parte del diario “El CONFIDENCIAL” perteneciente a la editorial TITANIA. SEGUNDO: En fecha 26 de febrero de 2026 se incorporaron al expediente evidencias de búsqueda realizadas con el nombre del reclamante, en las que aparece el enlace al contenido informativo publicado en el medio digital citado. TERCERO: En fecha 2 de marzo de 2026, de conformidad con el artículo 65.4 de la LOPDGDD, se dio traslado de la reclamación a la parte reclamada, para que procediese a su análisis e informase a esta Agencia en el plazo de un mes, de las acciones llevadas a cabo para adecuarse a los requisitos previstos en la normativa de protección de datos. CUARTO: En fecha 3 de marzo de 2026, de conformidad con el artículo 65 de la LOPDGDD, se admitió a trámite la reclamación presentada por la parte reclamante. QUINTO: En fecha 27 de marzo de 2026 la parte reclamada presentó escrito de contestación, en el que manifestó haber respondido a la solicitud de supresión en plazo legalmente estipulado y haberla desestimado de forma motivada. SEXTO: En fecha 31 de marzo de 2026 se concedió trámite de audiencia a la parte reclamada para que presentase las alegaciones que estimara convenientes. SÉPTIMO: En fecha 14 de abril de 2026 la parte reclamada presentó escrito de alegaciones en el que reiteró su posición y niega haber desatendido el derecho de supresión, afirmando que fue atendido en plazo y mediante resolución motivada de 26/08/2025 y reitera que la controversia deriva de una discrepancia jurídica en la ponderación entre el derecho a la protección de datos y la libertad de información, no de un incumplimiento normativo concluyendo que las noticias referentes al reclamante son veraces, de relevancia pública y mantienen interés informativo, por lo que la supresión o seudonimización afectaría al derecho a la información. C/ Jorge Juan, 6 www.aepd.es 28001 – Madrid sedeaepd.gob.es 2/7 OCTAVO:  En fecha 16 de abril de 2026 se concedió trámite de audiencia a la parte reclamante para que presentase las aleg...",Derecho de supresión,Un individuo ejerció su derecho de supresión frente a un medio de comunicación por publicar noticias con sus datos identificativos. El medio denegó la supresión argumentando que las noticias eran veraces y de relevancia pública.,Ejercicio del derecho de supresión | Denegación de la supresión por parte del medio de comunicación | Reclamación ante la AEPD,No especificado,"Art. 17 RGPD, Art. 85 RGPD","Derecho de supresión, Protección de datos, Libertad de información, Reclamación, AEPD"
PS-00442-2025,https://www.aepd.es/documento/ps-00442-2025.pdf,1 / 7  Expediente N.º: EXP202513206 RESOLUCIÓN DE PROCEDIMIENTO SANCIONADOR Del procedimiento instruido por la Agencia Española de Protección de Datos  y en base a los siguientes ANTECEDENTES PRIMERO : Como consecuencia de reclamación presentada ante la Agencia Española de   Protección   de...,"1/7  Expediente N.º: EXP202513206 RESOLUCIÓN DE PROCEDIMIENTO SANCIONADOR Del procedimiento instruido por la Agencia Española de Protección de Datos y en base a los siguientes ANTECEDENTES PRIMERO: Como consecuencia de reclamación presentada ante la Agencia Española de Protección de Datos, apreciándose indicios de un posible incumplimiento de las normas en el ámbito de las competencias de la Agencia Española de Protección de Datos, se iniciaron actuaciones con número de expediente EXP202406334.  SEGUNDO: La Subdirección General de Inspección de Datos procedió a la realización de actuaciones previas de investigación para el esclarecimiento de los hechos en cuestión, en virtud de los poderes de investigación otorgados a las autoridades de control en el artículo 58.1 del Reglamento (UE) 2016/679 (Reglamento General de Protección de Datos, en adelante RGPD), y de conformidad con lo establecido en el Título VII, Capítulo I, Sección segunda, de la Ley Orgánica 3/2018, de 5 de diciembre, de Protección de Datos Personales y garantía de los derechos digitales (LOPDGDD en lo sucesivo). En el marco de las actuaciones de investigación, se remitió por dos veces a GL AI INVESTMENT SL con NIF B13817770 (en adelante, GL) un requerimiento de información, relativo a la reclamación indicada en el apartado primero, para que, en el plazo de diez días hábiles, presentase ante esta Agencia la información y documentación que se señalaban.  TERCERO: El requerimiento de información fue notificado en las dos ocasiones conforme a las normas establecidas en la Ley 39/2015, de 1 de octubre, del Procedimiento Administrativo Común de las Administraciones Públicas (en adelante, LPACAP), siendo recogido por GL en fechas 16 de junio y 25 de julio de 2025, según consta en los acuses de recibo que obran en el expediente. CUARTO: Respecto a la información requerida, GL no ha remitido respuesta alguna a esta Agencia Española de Protección de Datos. QUINTO: Con fecha 17 de septiembre de 2025, la Presidencia de la Agencia Española de Protección de Datos acordó iniciar procedimiento sancionador a GL, con arreglo a lo dispuesto en los artículos 63 y 64 de la LPACAP, por la presunta infracción del Artículo 58.1 del RGPD, tipificada en el Artículo 83.5 del RGPD. SEXTO: Dicho acuerdo de inicio se notificó mediante anuncio publicado en el BOE el 05 de noviembre de 2025, tras un intento infructuoso de notificación postal en el domicilio fiscal confirmado por la Agencia Estatal de Administración Tributaria. C/ Jorge Juan, 6 www.aepd.es 28001 – Madrid sedeaepd.gob.es 2/7 SÉPTIMO: Notificado el citado acuerdo de inicio conforme a las normas establecidas en la LPACAP y transcurrido el plazo otorgado para la formulación de alegaciones, se ha constatado que no se ha recibido alegación alguna por parte de GL. El artículo 64.2.f) de la LPACAP -disposición de la que se informó a GL en el acuerdo de apertura del procedimiento- establece que si no se efectúan alegaciones en el plazo previsto sobre el co...",Incumplimiento de normas de protección de datos,La Agencia Española de Protección de Datos inició un procedimiento sancionador contra GL AI INVESTMENT SL por no responder a requerimientos de información relacionados con una reclamación sobre protección de datos,Reclamación presentada ante la Agencia Española de Protección de Datos | Actuaciones de investigación por la Subdirección General de Inspección de Datos | Requerimientos de información a GL AI INVESTMENT SL | Falta de respuesta por parte de GL AI INVESTMENT SL,No especificado,"Art. 58.1 del Reglamento General de Protección de Datos (RGPD), Art. 83.5 del RGPD","protección de datos, Agencia Española de Protección de Datos, GL AI INVESTMENT SL, requerimiento de información, procedimiento sancionador, RGPD"
PS-00302-2025,https://www.aepd.es/documento/ps-00302-2025.pdf,1 / 8  Expediente N.º: EXP202507635 RESOLUCIÓN DE PROCEDIMIENTO SANCIONADOR Del procedimiento instruido por la Agencia Española de Protección de Datos  y en base a los siguientes ANTECEDENTES PRIMERO : Como consecuencia de reclamación presentada ante la Agencia Española de   Protección   de...,"1/8  Expediente N.º: EXP202507635 RESOLUCIÓN DE PROCEDIMIENTO SANCIONADOR Del procedimiento instruido por la Agencia Española de Protección de Datos y en base a los siguientes ANTECEDENTES PRIMERO: Como consecuencia de reclamación presentada ante la Agencia Española de Protección de Datos contra UTE GRÚAS SEVILLA con NIF U72685894 (en adelante, la UTE), apreciándose indicios de un posible incumplimiento de las normas en el ámbito de las competencias de la Agencia Española de Protección de Datos, se iniciaron actuaciones con número de expediente EXP202401691. De acuerdo con lo previsto en el artículo 65 de la Ley Orgánica 3/2018, de 5 de diciembre, de Protección de Datos Personales y garantía de los derechos digitales (LOPDGDD en lo sucesivo), se trasladó la reclamación al responsable o al Delegado de Protección de Datos que en su caso hubiere designado, solicitándole que remitiera a esta Agencia la información y documentación que se indicaba.  El traslado, que se notificó conforme a las normas establecidas en la Ley 39/2015, de 1 de octubre, del Procedimiento Administrativo Común de las Administraciones Públicas (en adelante, LPACAP) mediante notificación electrónica, no fue recogido por el responsable dentro del plazo de puesta a disposición, como consta en el acuse de recibo que obra en el expediente, entendiéndose rechazado y efectuado el trámite conforme a lo previsto en los artículos 43.2 y 41.5 de la LPACAP en fecha 13 de febrero de 2024. Aunque la notificación se practicó válidamente por medios electrónicos, a título informativo se envió una copia por correo postal, la cual fue recogida por la UTE con fecha 26 de febrero de 2024, como consta en el acuse de recibo que obra en el expediente. Con fecha 12 de abril de 2024, de conformidad con el artículo 65 de la LOPDGDD, se admitió a trámite la reclamación presentada por la parte reclamante. SEGUNDO: La Subdirección General de Inspección de Datos procedió a la realización de actuaciones previas de investigación para el esclarecimiento de los hechos en cuestión, en virtud de los poderes de investigación otorgados a las autoridades de control en el artículo 58.1 del Reglamento (UE) 2016/679 (Reglamento General de Protección de Datos, en adelante RGPD), y de conformidad con lo establecido en el Título VII, Capítulo I, Sección segunda, de la citada LOPDGDD. En el marco de las actuaciones de investigación, se remitió por dos veces a la UTE un requerimiento de información, relativo a la reclamación indicada en el antecedente C/ Jorge Juan, 6 www.aepd.es 28001 – Madrid sedeaepd.gob.es 2/8 primero, para que, en el plazo de diez días hábiles, presentase ante esta Agencia la información y documentación que se señalaba. TERCERO: El referido requerimiento de información se notificó en ambas ocasiones conforme a las normas establecidas en la LPACAP. La primera vez, el requerimiento se notificó por medios electrónicos, no siendo recogido por la UTE dentro del plazo de puesta a disposición, como consta en ...",Protección de datos personales,"La Agencia Española de Protección de Datos inició un procedimiento sancionador contra UTE GRÚAS SEVILLA por posible incumplimiento de normas de protección de datos personales, tras una reclamación presentada ante la Agencia.",Reclamación presentada ante la Agencia Española de Protección de Datos | Inicio de procedimiento sancionador | Notificación de requerimiento de información a la UTE,No especificado,"Ley Orgánica 3/2018, de 5 de diciembre, de Protección de Datos Personales y garantía de los derechos digitales (LOPDGDD), Reglamento (UE) 2016/679 (Reglamento General de Protección de Datos, RGPD)","Protección de datos personales, Reclamación, Procedimiento sancionador, UTE GRÚAS SEVILLA, Agencia Española de Protección de Datos"
PS-00006-2025,https://www.aepd.es/documento/ps-00006-2025.pdf,"1 / 21  Expediente N.º: EXP202416822 RESOLUCIÓN DE TERMINACIÓN DEL PROCEDIMIENTO POR PAGO VOLUNTARIO Del procedimiento instruido por la Agencia Española de Protección de Datos  y en base a los siguientes ANTECEDENTES PRIMERO :   Con  fecha 18 de julio  de 2025 ,   la Presidencia  de la Agencia...","1/21  Expediente N.º: EXP202416822 RESOLUCIÓN DE TERMINACIÓN DEL PROCEDIMIENTO POR PAGO VOLUNTARIO Del procedimiento instruido por la Agencia Española de Protección de Datos y en base a los siguientes ANTECEDENTES PRIMERO: Con fecha 18 de julio de 2025, la Presidencia de la Agencia Española de Protección de Datos acordó iniciar procedimiento sancionador a CERRADA, S.L. (en adelante, CERRADA). Notificado el acuerdo de inicio y tras analizar las alegaciones presentadas, con fecha 13 de marzo de 2026 se emitió la propuesta de resolución que a continuación se transcribe: << Expediente N.º: EXP202416822 PROPUESTA DE RESOLUCIÓN DE PROCEDIMIENTO SANCIONADOR Del procedimiento instruido por la Agencia Española de Protección de Datos y en base a los siguientes: ANTECEDENTES PRIMERO: Con fecha 11 de octubre de 2024 se interpuso reclamación ante la Agencia Española de Protección de Datos por una posible infracción imputable a CERRADA, S.L. con NIF B28038115 (en adelante, CERRADA).  Los hechos que se pone en conocimiento de esta autoridad son los siguientes: La parte reclamante alega que la entidad reclamada no protege adecuadamente las claves de acceso de sus clientes, tras recibir un email que informa de su email y de la contraseña de acceso generada al crear una cuenta en su página web, sospechando que la contraseña ""está siendo almacenada en texto plano en sus bases de datos, lo que constituye una seria vulnerabilidad de seguridad"". Contactó con la entidad y logró la desactivación de su cuenta. Junto al escrito, se aporta copia del correo electrónico de bienvenida de alta de usuario, de 11 de octubre de 2024, remitido desde ***EMAIL.1, recibido tras darse de alta en dicha página web, en el que se puede leer el correo electrónico de la parte C/ Jorge Juan, 6 www.aepd.es 28001 – Madrid sedeaepd.gob.es 2/21 reclamante con el que se ha dado de alta, y la contraseña de acceso generada al crear la cuenta. SEGUNDO: De conformidad con el artículo 65.4 de la Ley Orgánica 3/2018, de 5 de diciembre, de Protección de Datos Personales y garantía de los derechos digitales (en adelante LOPDGDD), se dio traslado de dicha reclamación a CERRADA, para que procediese a su análisis e informase a esta Agencia en el plazo de un mes, de las acciones llevadas a cabo para adecuarse a los requisitos previstos en la normativa de protección de datos. La notificación del traslado de la reclamación, que se practicó conforme a las normas establecidas en la Ley 39/2015, de 1 de octubre, del Procedimiento Administrativo Común de las Administraciones Públicas (en adelante, LPACAP), fue realizada en fecha 11/12/2024 como consta en el acuse de recibo que obra en el expediente. Con fecha 11/12/2024 se recibe en esta Agencia escrito de respuesta indicando: ""(...), deseamos manifestar que consideramos que nuestra organización cumple con las disposiciones establecidas en la normativa de protección de datos en relación con nuestros clientes. En nuestro sistema, las contraseñas almacenadas en la ...",Seguridad de datos,"Una entidad, CERRADA, S.L., fue denunciada por no proteger adecuadamente las claves de acceso de sus clientes, almacenando contraseñas en texto plano. La AEPD analizó la reclamación y emitió una propuesta de resolución.",Reclamación por posible infracción de protección de datos | Almacenamiento de contraseñas en texto plano | Notificación a la entidad y respuesta,No especificado,"Ley Orgánica 3/2018, de 5 de diciembre, de Protección de Datos Personales y garantía de los derechos digitales, Ley 39/2015, de 1 de octubre, del Procedimiento Administrativo Común de las Administraciones Públicas","seguridad de datos, protección de datos, contraseñas, texto plano, AEPD, CERRADA, S.L."
PS-00466-2025,https://www.aepd.es/documento/ps-00466-2025.pdf,"1 / 16  Expediente N.º: EXP202307028 RESOLUCIÓN DE TERMINACIÓN DEL PROCEDIMIENTO POR RECONOCIMIENTO DE RESPONSABILIDAD Y PAGO VOLUNTARIO Del procedimiento instruido por la Agencia Española de Protección de Datos  y en base a los siguientes ANTECEDENTES PRIMERO :  Con fecha 2 de marzo de 2026 ,  la...","1/16  Expediente N.º: EXP202307028 RESOLUCIÓN DE TERMINACIÓN DEL PROCEDIMIENTO POR RECONOCIMIENTO DE RESPONSABILIDAD Y PAGO VOLUNTARIO Del procedimiento instruido por la Agencia Española de Protección de Datos y en base a los siguientes ANTECEDENTES PRIMERO: Con fecha 2 de marzo de 2026, la Presidencia de la Agencia Española de Protección de Datos acordó iniciar procedimiento sancionador a TELECONTACT LIST S.L. (en adelante, TELECONTACT), mediante el acuerdo que se transcribe: <<  Expediente N.º: EXP202307028 IMI Reference: A56ID 519311 ACUERDO DE INICIO DE PROCEDIMIENTO SANCIONADOR De las actuaciones practicadas por la Agencia Española de Protección de Datos y en  base a los siguientes HECHOS PRIMERO: A.A.A. (en adelante, el reclamante) el 3 de abril de 2023 interpuso reclamación ante la autoridad de protección de datos de Italia contra TELECONTACT LIST S.L. con NIF B67186635 (en adelante, TELECONTACT). Los motivos en que basa la reclamación son los siguientes: El reclamante manifiesta que recibió una llamada telefónica de la agencia inmobiliaria ***AGENCIA.1 (concretamente, de la ***AGENCIA.2), en la que le dieron varios datos personales suyos: número de teléfono móvil, nombre y apellido y domicilio completo. Al preguntar al delegado de protección de datos de ***AGENCIA.1 sobre cómo habían obtenido sus datos, le indicaron que los habían adquirido la ***AGENCIA.2 del proveedor TELECONTACT. El día 1 de marzo de 2023, el reclamante solicitó al delegado de protección de datos de TELECONTACT que le indicase cómo habían obtenido sus datos personales, pero afirma que no obtuvo ninguna respuesta.  Junto a la reclamación aportó la siguiente documentación: C/ Jorge Juan, 6 www.aepd.es 28001 – Madrid sedeaepd.gob.es 2/16 - Correo electrónico de fecha de 1 de marzo de 2023, junto con sus cabeceras, remitido por ***EMAIL.1 (en adelante, el email del reclamante) a ***EMAIL.2. En este correo, el reclamante informa de que, después de que una agencia inmobiliaria contactara con él, su delegado de protección de datos le aportó todos los documentos que indican que sus datos los obtuvieron de ellos pagando sus servicios. El reclamante solicita que le den respuesta a su solicitud de acuerdo con el RGPD, y adjunta un documento PDF con el ejercicio de sus derechos en materia de protección de datos personales, en concreto, solicita lo siguiente: “- chiede conferma che sia o meno in corso un trattamento di dati personali che lo riguardano; - in caso di conferma, chiede di ottenere l'accesso a tali dati, una copia degli stessi, e tutte le informazioni previste alle lettere da a) a h) dell’art. 15, paragrafo 1, del Regolamento (UE) 2016/679 […] - link, copie o riproduzioni dei suoi dati personali; […] - Chiede di essere informato, ai sensi dell’art. 12, paragrafo 4 del Regolamento (UE) 2016/679, al più tardi entro un mese dal ricevimento della presente richiesta, degli eventuali motivi che impediscono al titolare di fornire le informazioni o svolgere le operazioni richi...",Protección de datos personales,Un individuo recibió una llamada telefónica de una agencia inmobiliaria con sus datos personales y denunció a la empresa TELECONTACT LIST S.L. por no responder a su solicitud de información sobre cómo obtuvieron sus datos.,Reclamación ante la autoridad de protección de datos de Italia | Llamada telefónica de la agencia inmobiliaria con datos personales | Solicitud de información al delegado de protección de datos de TELECONTACT | Falta de respuesta de TELECONTACT,No especificado,"Art. 12 RGPD, Art. 15 RGPD","protección de datos personales, RGPD, derechos de los interesados, solicitud de información, agencia inmobiliaria, TELECONTACT LIST S.L."
PD-00069-2026,https://www.aepd.es/documento/pd-00069-2026.pdf,1 / 8  Expediente N.º: EXP202518758 RESOLUCIÓN DE PROCEDIMIENTO DE DERECHOS Vista   la   reclamación   registrada   en   fecha   14   de   agosto   de   2025   ante   esta  Agencia   y realizadas   las   actuaciones   procedimentales   previstas   en   el   Título   VIII   de   la   Ley Orgánica 3...,"1/8  Expediente N.º: EXP202518758 RESOLUCIÓN DE PROCEDIMIENTO DE DERECHOS Vista la reclamación registrada en fecha 14 de agosto de 2025 ante esta Agencia y realizadas las actuaciones procedimentales previstas en el Título VIII de la Ley Orgánica 3/2018, de 5 de diciembre, de Protección de Datos Personales y garantía de los derechos digitales (en lo sucesivo LOPDGDD), se han constatado los siguientes HECHOS PRIMERO: A.A.A. (en adelante, la parte reclamante) ejerció el derecho de Acceso frente a la DIRECCIÓN GENERAL DE LA POLICÍA (en adelante, la parte reclamada) sin que su solicitud haya recibido la contestación legalmente establecida. En la instancia registrada para ejercitar el derecho solicitaba una auditoría completa de accesos a sus datos en verificación documental DNI/NIE, en SIGESPOL y otros sistemas asociados, con detalle mínimo de fecha-hora, unidad/cuerpo, identificador profesional (TIP o código, pseudonimizable), finalidad/procedimiento y terminal/origen del acceso. Según afirma, transcurrido más de un mes desde la solicitud, no ha recibido respuesta ni prórroga motivada. Junto a la reclamación aporta el escrito registrado para solicitar el acceso a los datos y la auditoria. SEGUNDO: De conformidad con el artículo 65.4 de la Ley Orgánica 3/2018, de 5 de diciembre, de Protección de Datos Personales y garantía de los derechos digitales (en adelante LOPDGDD), se dio traslado de dicha reclamación a la parte reclamada, para que procediese a su análisis e informase a esta Agencia en el plazo de un mes, de las acciones llevadas a cabo para adecuarse a los requisitos previstos en la normativa de protección de datos. En su escrito de respuesta a las actuaciones de traslado de 11 de noviembre de 2025, la parte reclamada señala: “La solicitud inicial realizada por la ciudadana Dª A.A.A. no determina el ámbito temporal del ejercicio de derechos. La Agencia Española de Protección de Datos (AEPD) en Resolución E-00739-2021, indicó que cuando existan “grandes cantidades de datos relativos al afectado” es legítimo y adecuado solicitar al mismo que concrete el ámbito temporal o el tipo de datos sobre los que desea ejercer su derecho, evitando así una carga desproporcionada y asegurando un tratamiento preciso de la solicitud, aspectos que, a criterio de este responsable, podrían darse en la solicitud de la reclamante.  C/ Jorge Juan, 6 www.aepd.es 28001 – Madrid sedeaepd.gob.es 2/8 Adicionalmente, se informa que la Policía Nacional cuenta con una arquitectura informática de seguridad acorde al Real Decreto 311/2022, de 3 de mayo, por el que se regula el Esquema Nacional de Seguridad en el ámbito de la Administración Electrónica, con auditorias y sistemas de detección de brechas o incidentes de seguridad. Uno de los pilares de dicho sistema es la disponibilidad de servicio. La consulta masiva que parece solicitar la reclamante podría poner en riesgo dicha disponibilidad. Por lo expuesto, y reiterando que la garantía de derechos de los ciudadanos es una p...",Derecho de Acceso,"Una persona ejerció su derecho de acceso a la DIRECCIÓN GENERAL DE LA POLICÍA para obtener una auditoría completa de accesos a sus datos, pero no recibió respuesta. La AEPD analizó la reclamación y la respuesta de la policía, que argumentó que la solicitud era demasiado amplia y podría poner en riesgo la disponibilidad del servicio.",Solicitud de acceso a datos personales | Falta de respuesta de la DIRECCIÓN GENERAL DE LA POLICÍA | Argumento de la policía sobre la amplitud de la solicitud,No especificado,Art. 65.4 LOPDGDD,"Derecho de Acceso, Protección de Datos, Policía Nacional, Auditoría, Disponibilidad del servicio"
PS-00499-2025,https://www.aepd.es/documento/ps-00499-2025.pdf,1 / 7  Expediente N.º: EXP202515431 RESOLUCIÓN DE PROCEDIMIENTO SANCIONADOR Del procedimiento instruido por la Agencia Española de Protección de Datos  y en base a los siguientes ANTECEDENTES PRIMERO : Como consecuencia de reclamación presentada ante la Agencia Española de Protección  de Datos...,"1/7  Expediente N.º: EXP202515431 RESOLUCIÓN DE PROCEDIMIENTO SANCIONADOR Del procedimiento instruido por la Agencia Española de Protección de Datos y en base a los siguientes ANTECEDENTES PRIMERO: Como consecuencia de reclamación presentada ante la Agencia Española de Protección de Datos contra CONSULTORÍAS BARRIANO, S.A.S. (en adelante, C. BARRIANO), apreciándose indicios de un posible incumplimiento de las normas en el ámbito de las competencias de la Agencia Española de Protección de Datos, se iniciaron actuaciones con número de expediente EXP202503599. Con fecha 5 de marzo de 2025, de conformidad con el artículo 65 de la Ley Orgánica 3/2018, de 5 de diciembre, de Protección de Datos Personales y garantía de los derechos digitales (en adelante, LOPDGDD), se admitió a trámite la reclamación presentada por la parte reclamante. SEGUNDO: La Subdirección General de Inspección de Datos procedió a la realización de actuaciones previas de investigación para el esclarecimiento de los hechos en cuestión, en virtud de los poderes de investigación otorgados a las autoridades de control en el artículo 58.1 del Reglamento (UE) 2016/679 (Reglamento General de Protección de Datos, en adelante RGPD), y de conformidad con lo establecido en el Título VII, Capítulo I, Sección segunda, de la LOPDGDD. En el marco de las actuaciones de investigación, se remitió por dos veces a A.A.A., como (…) de C. BARRIANO, un requerimiento de información, relativo a la reclamación indicada en el apartado primero, para que en el plazo de diez días hábiles presentase ante esta Agencia la información y documentación que en él se señalaban. TERCERO: El referido requerimiento de información, que se notificó en las dos ocasiones conforme a las normas establecidas en la Ley 39/2015, de 1 de octubre, del Procedimiento Administrativo Común de las Administraciones Públicas (en adelante, LPACAP), fue recogido por el A.A.A. con fechas con fechas 12 y 31 de julio de 2025, como consta en los acuses de recibo que obran en el expediente. CUARTO: Respecto a la información requerida, C. BARRIANO no ha remitido respuesta alguna a esta Agencia Española de Protección de Datos. QUINTO: Con fecha 2 de octubre de 2025, la Presidencia de la Agencia Española de Protección de Datos acordó iniciar procedimiento sancionador a C. BARRIANO, por la presunta infracción del Artículo 58.1 del RGPD, tipificada en el Artículo 83.5 del RGPD. C/ Jorge Juan, 6 www.aepd.es 28001 – Madrid sedeaepd.gob.es 2/7 El acuerdo de inicio fue notificado a C. BARRIANO con fecha 03 de octubre de 2025, como consta en el acuse de recibo que obra en el expediente. SEXTO: Notificado el citado acuerdo de inicio conforme a las normas establecidas en la LPACAP y transcurrido el plazo otorgado para la formulación de alegaciones, se ha constatado que no se ha recibido alegación alguna de C. BARRIANO. El artículo 64.2.f) de la LPACAP -disposición de la que se informó a C. BARRIANO en el acuerdo de apertura del procedimiento- establece que s...",Incumplimiento de normas de protección de datos,"La Agencia Española de Protección de Datos inició un procedimiento sancionador contra CONSULTORÍAS BARRIANO, S.A.S. por no responder a requerimientos de información relacionados con una reclamación sobre protección de datos personales.","Reclamación presentada ante la Agencia Española de Protección de Datos | Iniciación de actuaciones de investigación | Requerimiento de información a CONSULTORÍAS BARRIANO, S.A.S. | Falta de respuesta por parte de la empresa",No especificado,"Art. 58.1 del Reglamento General de Protección de Datos (RGPD), Art. 83.5 del RGPD","protección de datos, procedimiento sancionador, Agencia Española de Protección de Datos, RGPD, incumplimiento de normas"
AI-00556-2024,https://www.aepd.es/documento/ai-00556-2024.pdf,1 / 6  Expediente N.º: EXP202417627 RESOLUCIÓN DE ARCHIVO DE ACTUACIONES De   las   actuaciones   practicadas   por   la  Agencia   Española   de   Protección   de   Datos   y teniendo como base los siguientes HECHOS PRIMERO :   La  Agencia   Española   de   Protección   de   Datos   ha   tenido...,"1/6  Expediente N.º: EXP202417627 RESOLUCIÓN DE ARCHIVO DE ACTUACIONES De las actuaciones practicadas por la Agencia Española de Protección de Datos y teniendo como base los siguientes HECHOS PRIMERO: La Agencia Española de Protección de Datos ha tenido conocimiento a través de una denuncia de ciertos hechos que podrían vulnerar la legislación en materia de protección de datos.  Con fecha 15 de octubre de 2024, la Directora de la Agencia Española de Protección de Datos instó a la Subdirección General de Inspección de Datos (SGID) a iniciar las actuaciones previas de investigación a las que se refiere el artículo 67 de la Ley Orgánica 3/2018, de 5 de diciembre, de Protección de Datos Personales y garantía de los derechos digitales (en adelante, LOPDGDD) para investigar al SERVICIO CANARIO DE LA SALUD con NIF Q8555011I (en adelante, SCS o la parte denunciada) en relación con los siguientes hechos: Denuncia dirigida contra el SCS en la que se informa que se puso en conocimiento de la oficina de seguridad, la existencia de una vulnerabilidad crítica en la seguridad de los servicios web publicados para el aplicativo (…), que se utiliza para la gestión de la historia clínica y la receta electrónica en el ámbito de la atención primaria.  La vulnerabilidad se describe en los siguientes términos: en el archivo “(...)” presente en todas las estaciones de trabajo en la carpeta del aplicativo .NET, se exponían las url de los servicios, comprobándose que no se aplicaba ningún tipo de seguridad en acceso a los métodos, permitiendo a cualquier atacante acceder sin restricciones a datos como la historia clínica de una persona. SEGUNDO: La SGID procedió a la realización de actuaciones previas de investigación para el esclarecimiento de los hechos en cuestión, en virtud de las funciones asignadas a las autoridades de control en el artículo 57.1 y de los poderes otorgados en el artículo 58.1 del Reglamento (UE) 2016/679 (Reglamento General de Protección de Datos, en adelante RGPD), y de conformidad con lo establecido en el Título VII, Capítulo I, Sección segunda, de la LOPDGDD, teniendo conocimiento de los siguientes extremos: Existen vulnerabilidades históricas en la aplicación, al menos desde la verificación del 10 de enero de 2023: consumo de servicios por HTTP sin cifrar, exposición de contratos WSDL, de exposición de ficheros “(...)” en cliente y ausencia de autenticación de servicios internos confiando en la red interna. Aunque estas C/ Jorge Juan, 6 www.aepd.es 28001 – Madrid sedeaepd.gob.es 2/6 vulnerabilidades fueron advertidas en una auditoría, el 10 de enero de 2023, comunicadas también por el denunciante en junio de ese mismo año y reiteradas en abril de 2024, el cierre efectivo de las correcciones se sitúa entre abril y junio de 2025 y tienen lugar tras el primer requerimiento de esta agencia del 24 de marzo de 2025. El SCS señala que el fallo detectado era una vulnerabilidad técnica de difícil explotación y no se disponía de evidencias para determina...",Seguridad de la información,"El Servicio Canario de la Salud (SCS) fue denunciado por una vulnerabilidad crítica en la seguridad de sus servicios web, que permitía el acceso no autorizado a historias clínicas y recetas electrónicas. La AEPD investigó y encontró que, a pesar de que las vulnerabilidades fueron advertidas en una auditoría en enero de 2023, no se corrigieron hasta abril-junio de 2025, después de un requerimiento de la agencia.",Denuncia de vulnerabilidad crítica en la seguridad de los servicios web del SCS | Existencia de vulnerabilidades históricas en la aplicación | Falta de corrección de las vulnerabilidades hasta después de un requerimiento de la AEPD,No especificado,"Art. 57.1 RGPD, Art. 58.1 RGPD, Título VII, Capítulo I, Sección segunda de la LOPDGDD","seguridad de la información, vulnerabilidad crítica, historias clínicas, recetas electrónicas, SCS, AEPD, RGPD, LOPDGDD"
PS-00390-2025,https://www.aepd.es/documento/ps-00390-2025.pdf,1 / 8  Expediente N.º: EXP202512471 RESOLUCIÓN DE PROCEDIMIENTO SANCIONADOR Del procedimiento instruido por la Agencia Española de Protección de Datos  y en base a los siguientes ANTECEDENTES PRIMERO : Como consecuencia de reclamación presentada ante la Agencia Española de   Protección   de...,"1/8  Expediente N.º: EXP202512471 RESOLUCIÓN DE PROCEDIMIENTO SANCIONADOR Del procedimiento instruido por la Agencia Española de Protección de Datos y en base a los siguientes ANTECEDENTES PRIMERO: Como consecuencia de reclamación presentada ante la Agencia Española de Protección de Datos contra el SERVICIO EXTREMEÑO DE SALUD con NIF Q0600413I (en adelante, SES), apreciándose indicios de un posible incumplimiento de las normas en el ámbito de las competencias de la Agencia Española de Protección de Datos, se iniciaron actuaciones con número de expediente EXP202413653. De acuerdo con lo previsto en el artículo 65 de la Ley Orgánica 3/2018, de 5 de diciembre, de Protección de Datos Personales y garantía de los derechos digitales (LOPDGDD en lo sucesivo), se trasladó la reclamación al responsable o al Delegado de Protección de Datos que en su caso hubiere designado, solicitándole que remitiera a esta Agencia la información y documentación que se indicaba.  El traslado, que se notificó conforme a las normas establecidas en la Ley 39/2015, de 1 de octubre, del Procedimiento Administrativo Común de las Administraciones Públicas (en adelante, LPACAP) mediante notificación electrónica, fue recogido por el responsable con fecha 8 de octubre de 2024, como consta en el acuse de recibo que obra en el expediente. Con fecha 7 de noviembre de 2024 y número de registro de entrada REGAGE24e00084687108, el SES respondió al traslado de la reclamación realizado desde esta Agencia Española de Protección de Datos. Con fecha 25 de diciembre de 2024, de conformidad con el artículo 65 de la LOPDGDD, se admitió a trámite la reclamación presentada por la parte reclamante. SEGUNDO: La Subdirección General de Inspección de Datos procedió a la realización de actuaciones previas de investigación para el esclarecimiento de los hechos en cuestión, en virtud de los poderes de investigación otorgados a las autoridades de control en el artículo 58.1 del Reglamento (UE) 2016/679 (Reglamento General de Protección de Datos, en adelante RGPD), y de conformidad con lo establecido en el Título VII, Capítulo I, Sección segunda, de la citada LOPDGDD. En el marco de las actuaciones de investigación, se remitió por tres veces al SES un requerimiento de información, relativo a la reclamación indicada en el apartado primero, para que, en el plazo de diez días hábiles, presentase ante esta Agencia la información y documentación que se señalaban. C/ Jorge Juan, 6 www.aepd.es 28001 – Madrid sedeaepd.gob.es 2/8 TERCERO: El referido requerimiento de información, que se notificó en las tres ocasiones conforme a las normas establecidas en la LPACAP, fue recogido por el SES con fechas con fechas 11 de febrero, 28 de febrero y 14 de marzo de 2025, como consta en los acuses de recibo que obran en el expediente. CUARTO: Con fecha 25 de abril de 2025 y número de registro de entrada REGAGE25e00035371253, el SES presenta respuesta al requerimiento de información. Una vez analizada dicha respuesta, se remit...",Protección de datos personales,La Agencia Española de Protección de Datos investigó una reclamación contra el Servicio Extremeño de Salud por posible incumplimiento de normas de protección de datos personales,Reclamación presentada ante la AEPD | Investigación por la Subdirección General de Inspección de Datos | Requerimiento de información al SES,No especificado,"Art. 58.1 del Reglamento (UE) 2016/679, LOPDGDD","protección de datos personales, AEPD, Servicio Extremeño de Salud, investigación, reclamación"
PD-00067-2026,https://www.aepd.es/documento/pd-00067-2026.pdf,"1 / 7  Expediente N.º:   EXP202518322 RESOLUCIÓN DE PROCEDIMIENTO DE DERECHOS Vista la reclamación registrada en fecha 19 de septiembre de 2025 ante esta Agencia Española de Protección de Datos (en lo sucesivo, AEPD) y realizadas las actuaciones procedimentales   previstas   en   el   Título...","1/7  Expediente N.º: EXP202518322 RESOLUCIÓN DE PROCEDIMIENTO DE DERECHOS Vista la reclamación registrada en fecha 19 de septiembre de 2025 ante esta Agencia Española de Protección de Datos (en lo sucesivo, AEPD) y realizadas las actuaciones procedimentales previstas en el Título VIII de la Ley Orgánica 3/2018, de 5 de diciembre, de Protección de Datos Personales y garantía de los derechos digitales (en lo sucesivo, LOPDGDD), se han constatado los siguientes HECHOS PRIMERO: A.A.A. (en lo sucesivo, la parte reclamante) ejerció el derecho de supresión frente a la entidad HOTELES FERRER, S.L. con CIF. B07156458 (en lo sucesivo, Hoteles Ferrer o la parte reclamada) el 06/05/2025 y reiteró la solicitud el 02/08/2025, sin haber recibido respuesta ni confirmación alguna. Junto al escrito de reclamación aporta documentación relativa a los correos electrónicos remitidos a la dirección info@ferrerhotels.com, uno de fecha 06/05/2025, mediante el que ejercita su derecho de supresión solicitando la eliminación de todos sus datos personales y confirmación escrita de ello, y otro de fecha 02/08/2025, en el que reitera la solicitud denunciando la falta de respuesta. SEGUNDO: En fecha 28 de octubre de 2025 se incorporan al expediente evidencias de la política de privacidad de Ferrer Hoteles obtenidas de su sitio web www.ferrerhotels.com, en las que se identifica expresamente a HOTELES FERRER S.L. como responsable del tratamiento de los datos personales de los usuarios. En dicha política se informa asimismo de la posibilidad de ejercitar ante dicha entidad los derechos sobre sus datos personales figurando como datos de contacto para ejercerlos: C/ Ter, 21 3 - 07009 Palma (Illes Balears).  info@ferrerhotels.com.  TERCERO: En fecha 30 de octubre de 2025, de conformidad con el artículo 65.4 de la LOPDGDD, se dio traslado de la reclamación a la parte reclamada, para que procediese a su análisis e informase a esta Agencia en el plazo de un mes, de las acciones llevadas a cabo para adecuarse a los requisitos previstos en la normativa de protección de datos.  El traslado se practicó conforme a las normas establecidas en la Ley 39/2015, de 1 de octubre, del Procedimiento Administrativo Común de las Administraciones Públicas (en adelante, LPACAP), mediante notificación electrónica el 30/10/2025, como consta en el justificante de recibo que figura en el expediente,  No consta ningún tipo de respuesta de la parte reclamada a dicho traslado. CUARTO: En fecha 19 de diciembre de 2025, de conformidad con el artículo 65 de la LOPDGDD, se admitió a trámite la reclamación presentada por la parte reclamante. QUINTO: En fecha 10 de marzo de 2026 se concedió a la parte reclamada trámite de audiencia para que presentase las alegaciones que estimara convenientes. C/ Jorge Juan, 6 www.aepd.es 28001 – Madrid sedeaepd.gob.es 2/7 La notificación del trámite de audiencia se practicó conforme a las normas establecidas en la LPACAP, en concreto, mediante publicación realizada el 30 de marzo d...",Derecho de supresión,"Un individuo ejerció su derecho de supresión frente a HOTELES FERRER, S.L. sin recibir respuesta, lo que llevó a una reclamación ante la AEPD. La entidad no respondió a los traslados de la reclamación, incumpliendo la normativa de protección de datos.","Ejercicio del derecho de supresión por parte del reclamante | Falta de respuesta por parte de HOTELES FERRER, S.L. | Reiteración de la solicitud de supresión | Incorporación de evidencias de la política de privacidad de Ferrer Hoteles",No especificado,"Art. 17 RGPD, Art. 12 RGPD","Derecho de supresión, HOTELES FERRER, S.L., AEPD, Protección de datos, Reclamación, Normativa de protección de datos"
PS-00280-2025,https://www.aepd.es/documento/ps-00280-2025.pdf,1 / 8  Expediente N.º: EXP202506941 RESOLUCIÓN DE PROCEDIMIENTO SANCIONADOR Del procedimiento instruido por la Agencia Española de Protección de Datos  y en base a los siguientes ANTECEDENTES PRIMERO :   Con   fecha   8   de   julio   de   2024   se   interpuso   reclamación   ante   la  Agencia...,"1/8  Expediente N.º: EXP202506941 RESOLUCIÓN DE PROCEDIMIENTO SANCIONADOR Del procedimiento instruido por la Agencia Española de Protección de Datos y en base a los siguientes ANTECEDENTES PRIMERO: Con fecha 8 de julio de 2024 se interpuso reclamación ante la Agencia Española de Protección de Datos por una posible infracción imputable a quien se identifica como A.A.A. con NIF ***NIF.1 (*en adelante, A.A.A.).  Los hechos que se pone en conocimiento de esta autoridad: La parte reclamante indica que, el 26 de junio de 2024, solicitó a la empresa reclamada que le facilitara todos los registros de imagen y audio en los que esta aparece, y en los que, aunque no aparezca, hallan personas dirigiéndose a ella, captados por la cámara de videovigilancia existente en la entrada del restaurante. La parte reclamante señala que solicitó los registros captados en la franja horaria desde las 11:30 hasta la 13:30 del 22 de junio del 2024, con petición de entrega antes del 30 de junio. La parte reclamante manifiesta que no ha recibido respuesta de la empresa reclamada y, por otros motivos que no le han revelado, le han notificado, por WhatsApp, su despido, el 5 de julio de 2024, sin que la parte reclamante haya firmado aún el documento de despido al no haber recibido respuesta a su petición, que expresa la pasó por escrito y por WhatsApp a la empresa reclamada (propietario del restaurante). La parte reclamante que insiste en la entrega de los registros de las cámaras, quieres poner en conocimiento de la AEPD que las cámaras captan audio, por lo que registran conversaciones. Asimismo, expone que la empresa nunca le notificó los usos y fines de la instalación de videocámaras y, no hay carteles informativos en ninguna parte del restaurante advirtiendo de la existencia de videovigilancia. Aporta (Anexo Documental I) a) escrito de reclamación ante la AEPD, con fecha de 8 de julio de 2024; b) fotografía exterior del restaurante; c) fotografía de una videocámara, encima de un microondas, en lo que parece la barra del restaurante; d) fotografía del modelo de videocámara; e) fotografía interior del restaurante. SEGUNDO: De conformidad con el artículo 65.4 de la Ley Orgánica 3/2018, de 5 de diciembre, de Protección de Datos Personales y garantía de los derechos digitales (en adelante LOPDGDD), se dio traslado de dicha reclamación a A.A.A., para que procediese a su análisis e informase a esta Agencia en el plazo de un mes, de las acciones llevadas a cabo para adecuarse a los requisitos previstos en la normativa de protección de datos. C/ Jorge Juan, 6 www.aepd.es 28001 – Madrid sedeaepd.gob.es 2/8 La notificación del traslado de la reclamación, que se practicó conforme a las normas establecidas en la Ley 39/2015, de 1 de octubre, del Procedimiento Administrativo Común de las Administraciones Públicas (en adelante, LPACAP) mediante correo postal certificado, fue devuelta por ""ausente"". La notificación se reiteró por el mismo medio, entregándose el día 18/09/2024. No se ha rec...",Videovigilancia,"Un empleado de un restaurante solicitó los registros de imagen y audio captados por la cámara de videovigilancia del establecimiento, pero no recibió respuesta. El empleado denunció a la AEPD por la falta de notificación sobre el uso de videovigilancia y la ausencia de carteles informativos.",Solicitud de registros de imagen y audio | Falta de respuesta por parte del restaurante | Denuncia a la AEPD por falta de notificación y ausencia de carteles informativos | Captación de audio por las cámaras de videovigilancia,No especificado,"Art. 5 RGPD, Art. 6 RGPD, Art. 12 RGPD, Art. 13 RGPD","videovigilancia, cámaras, restaurante, registros de imagen y audio, notificación, carteles informativos, protección de datos"
AI-00023-2025,https://www.aepd.es/documento/ai-00023-2025.pdf,"1 / 6  Expediente N.º: EXP202416481 RESOLUCIÓN DE ARCHIVO DE ACTUACIONES De   las   actuaciones   practicadas   por   la  Agencia   Española   de   Protección   de   Datos   y teniendo como base los siguientes HECHOS PRIMERO :   Con   fecha   27   de   diciembre   de   2024,   se   presentó...","1/6  Expediente N.º: EXP202416481 RESOLUCIÓN DE ARCHIVO DE ACTUACIONES De las actuaciones practicadas por la Agencia Española de Protección de Datos y teniendo como base los siguientes HECHOS PRIMERO: Con fecha 27 de diciembre de 2024, se presentó reclamación ante la Agencia Española de Protección de Datos contra A.A.A. y B.B.B. (en adelante, la parte reclamada).  Los motivos en que basa la reclamación son los siguientes: La parte reclamante alega que la parte reclamada no suprime sus datos personales de un directorio online, tras haberlo solicitado mediante email en 2 ocasiones sin obtener respuesta. Junto a la notificación se aporta copia de dos correos electrónicos enviados con fechas 22/03/2024 y 18/10/2023 solicitando la supresión de sus datos personales a la dirección ***EMAIL.1. También manifiesta en su correo electrónico de fecha 22/03/2024 que ha solicitado la supresión por la propia página web pero que no se proporciona un resguardo tras pulsar “submit” o da un error. SEGUNDO: Con fecha 25 de octubre de 2023 de conformidad con el artículo 65 de la LOPDGDD, se admitió a trámite la reclamación presentada. TERCERO: La Subdirección General de Inspección de Datos procedió a la realización de actuaciones previas de investigación para el esclarecimiento de los hechos en cuestión, en virtud de las funciones asignadas a las autoridades de control en el artículo 57.1 y de los poderes otorgados en el artículo 58.1 del Reglamento (UE) 2016/679 (Reglamento General de Protección de Datos, en adelante RGPD), y de conformidad con lo establecido en el Título VII, Capítulo I, Sección segunda, de la LOPDGDD, teniendo conocimiento de los siguientes extremos: Con fecha 28/10/2025 se comprueba respecto de la página web en la url http://abogadosenmadrid.net que:  1. No consta contenido de privacidad al pulsar el enlace “Privacy Policy”. 2. No consta contenido cuando se pulsa el enlace “Terms of Use”. 3. Consta un formulario de contacto donde se tienen que rellenar los campos de nombre y apellidos, email, así como la consulta a realizar. Y consta también a pie de dicho formulario los datos de contacto siguientes: “Name: B.B.B.  Address: (…). Lahore  Email: ***EMAIL.1 C/ Jorge Juan, 6 www.aepd.es 28001 – Madrid sedeaepd.gob.es 2/6 Tax identification Number: N/A” 4. Constan publicados los siguientes datos de la reclamante en la url ***URL.1: C.C.C. Colegio de Abogados de Madrid: (…) Dirección: ***DIRECCIÓN.1 Población: ***LOCALIDAD.1 Teléfono: (…) ver teléfono completo ***URL.2” 5. En la url ***URL.3 consta un formulario para eliminar datos del sitio web y consta un campo para rellenar el nombre, un campo para rellenar el email, un campo para rellenar el número de contacto y un campo para rellenar el link donde está la información a borrar. Consta un botón “Submit” y el texto “Cargos de supresión de este enlace son €5”. Con fecha 29/10/2025 se comprueba que:  1. Que en relación al dominio (…) consta publicada la siguiente información en relación al registrant d...",Protección de datos personales,Un individuo denunció que su información personal no fue suprimida de un directorio en línea después de solicitarlo en varias ocasiones. La AEPD investigó y encontró que el sitio web no proporcionaba un aviso de privacidad adecuado y que los datos personales de la reclamante estaban disponibles públicamente.,Solicitud de supresión de datos personales | Falta de respuesta por parte del responsable del sitio web | Investigación de la AEPD sobre el sitio web | Encontrar datos personales públicamente disponibles,No especificado,"Art. 57.1 RGPD, Art. 58.1 RGPD, Art. 65 LOPDGDD","protección de datos, supresión de datos, directorio en línea, AEPD, RGPD, LOPDGDD"
PS-00355-2025,https://www.aepd.es/documento/ps-00355-2025.pdf,1 / 7  Expediente N.º: EXP202509610 RESOLUCIÓN DE PROCEDIMIENTO SANCIONADOR Del procedimiento instruido por la Agencia Española de Protección de Datos  y en base a los siguientes ANTECEDENTES PRIMERO : Como consecuencia de reclamación presentada ante la Agencia Española de   Protección   de...,"1/7  Expediente N.º: EXP202509610 RESOLUCIÓN DE PROCEDIMIENTO SANCIONADOR Del procedimiento instruido por la Agencia Española de Protección de Datos y en base a los siguientes ANTECEDENTES PRIMERO: Como consecuencia de reclamación presentada ante la Agencia Española de Protección de Datos, apreciándose indicios de un posible incumplimiento de las normas en el ámbito de las competencias de la Agencia Española de Protección de Datos, se iniciaron actuaciones con número de expediente EXP202401731. SEGUNDO: La Subdirección General de Inspección de Datos procedió a la realización de actuaciones previas de investigación para el esclarecimiento de los hechos en cuestión, en virtud de los poderes de investigación otorgados a las autoridades de control en el artículo 58.1 del Reglamento (UE) 2016/679 (Reglamento General de Protección de Datos, en adelante RGPD), y de conformidad con lo establecido en el Título VII, Capítulo I, Sección segunda, de la de la Ley Orgánica 3/2018, de 5 de diciembre, de Protección de Datos Personales y garantía de los derechos digitales (LOPDGDD en lo sucesivo). En el marco de las actuaciones de investigación, se remitió por tres veces a NEGOCIOS R&R 2020 S.L. con NIF B01983576 (en adelante, NEGOCIOS R&R) un requerimiento de información, relativo a la reclamación indicada en el apartado primero, para que, en el plazo de diez días hábiles, presentase ante esta Agencia la información y documentación que se señalaban. TERCERO: El requerimiento de información fue notificado en las tres ocasiones conforme a las normas establecidas en la Ley 39/2015, de 1 de octubre, del Procedimiento Administrativo Común de las Administraciones Públicas (en adelante, LPACAP), siendo recogido por NEGOCIOS R&R en fechas 24 de marzo, 25 de abril y 5 de junio de 2025, según consta en los acuses de recibo que obran en el expediente.  CUARTO: Respecto a la información requerida, NEGOCIOS R&R no ha remitido respuesta alguna a esta Agencia Española de Protección de Datos. QUINTO: Con fecha 18 de julio de 2025, la Presidencia de la Agencia Española de Protección de Datos acordó iniciar procedimiento sancionador a la parte NEGOCIOS R&R, por la presunta infracción del Artículo 58.1 del RGPD, tipificada en el Artículo 83.5 del RGPD. El acuerdo de inicio se notificó mediante anuncio publicado en el BOE en fecha 10 de octubre de 2025, tras un intento infructuoso de notificación postal en el domicilio fiscal del responsable. C/ Jorge Juan, 6 www.aepd.es 28001 – Madrid sedeaepd.gob.es 2/7 SEXTO: Notificado el citado acuerdo de inicio conforme a las normas establecidas en la LPACAP y transcurrido el plazo otorgado para la formulación de alegaciones, se ha constatado que no se ha recibido alegación alguna de NEGOCIOS R&R. El artículo 64.2.f) de la LPACAP -disposición de la que se informó a NEGOCIOS R&R en el acuerdo de apertura del procedimiento- establece que si no se efectúan alegaciones en el plazo previsto sobre el contenido del acuerdo de iniciación, cuando ést...",Incumplimiento de normas de protección de datos,La Agencia Española de Protección de Datos inició un procedimiento sancionador contra NEGOCIOS R&R 2020 S.L. por no responder a requerimientos de información relacionados con una reclamación sobre protección de datos.,Reclamación presentada ante la Agencia Española de Protección de Datos | Actuaciones de investigación por la Subdirección General de Inspección de Datos | Requerimientos de información a NEGOCIOS R&R 2020 S.L. | Falta de respuesta de NEGOCIOS R&R 2020 S.L.,No especificado,"Art. 58.1 del Reglamento General de Protección de Datos (RGPD), Art. 83.5 del RGPD","protección de datos, Agencia Española de Protección de Datos, procedimiento sancionador, RGPD, incumplimiento"
PS-00323-2023,https://www.aepd.es/documento/ps-00323-2023.pdf,1 / 7  Expediente N.º: EXP202308794 RESOLUCIÓN DE PROCEDIMIENTO SANCIONADOR Del procedimiento instruido por la Agencia Española de Protección de Datos  y en base a los siguientes ANTECEDENTES PRIMERO :   La   Agencia   Española   de   Protección   de   Datos   tuvo   conocimiento   de   la noticia...,"1/7  Expediente N.º: EXP202308794 RESOLUCIÓN DE PROCEDIMIENTO SANCIONADOR Del procedimiento instruido por la Agencia Española de Protección de Datos y en base a los siguientes ANTECEDENTES PRIMERO: La Agencia Española de Protección de Datos tuvo conocimiento de la noticia publicada el ***FECHA.1 en la dirección ***URL.1, que informa sobre la “(…)”, siendo además de interés: Del titular: “(…).” “(…)”. Los hechos se produjeron en la madrugada del “pasado ***FECHA.2”. “(…).” SEGUNDO: Previo acuerdo de la Directora de la Agencia Española de Protección de Datos, adoptado el 04/11/2022 de conformidad con el artículo 67 de la Ley Orgánica 3/2018, de 5 de diciembre, de Protección de Datos Personales y garantía de los derechos digitales (en adelante, LOPDGDD), la Subdirección General de Inspección de Datos procedió a la realización de actuaciones previas de investigación para el esclarecimiento de los hechos, teniendo conocimiento de los siguientes extremos: 1. En fecha 7/11/2022, se solicita colaboración a la Brigada Provincial de Policía Judicial en ***LOCALIDAD.1 (BPPJ), recibiéndose un día después un escrito de dicha Brigada, Grupo investigación (Unidad de Atención a la Familia y Mujer - UFAM), en el que comunica: . “…una vez tramitado el atestado (...)… El día de los hechos los autores emitieron en directo a través de la red social ***PLATAFORMA.1 la agresión sexual a la menor, y durante esta emisión diversas personas grabaron su contenido y lo difundieron posteriormente a través de la aplicación WhatsApp… los videos creados parecen haber sido borrados de la aplicación WhatsApp y parece que la difusión de estos ha cesado… Los datos de la denunciante son… Los datos de los autores de la emisión en directo… Graban el contenido de la emisión en directo y lo difunden: Que la persona que grabó el vídeo del directo en tiempo real, subido a través de la aplicación de ***PLATAFORMA.1, desde el perfil de…, es… y varias personas lo difundieron a otros grupos de WhatsApp: … A.A.A. y…”. 2. En fecha ***FECHA.3, se remite a esta Agencia desde la BPPJ, copia del atestado C/ Jorge Juan, 6 www.aepd.es 28001 – Madrid sedeaepd.gob.es 2/7 N.º (...), consistente en Diligencias del instructor y actas de declaraciones. Cabe destacar lo siguiente:    . Incluye una Diligencia Inicial, (…), ampliatoria, en las que hace constar la denuncia inicial de la madre de la víctima menor de edad de ***FECHA.2, ampliadas el (…), la fecha, hora y la dirección del domicilio en el que suceden los hechos, añadiendo “cuando… (nombre y apellido del agresor) mantuvo relaciones sexuales con… (nombre y apellido de la víctima), sin el consentimiento de la misma dado el estado de embriaguez en el que se encontraba, así como que… (nombre del agresor) permitió la grabación y difusión de la misma a través de un directo en la aplicación de ***PLATAFORMA.1, mediante el perfil de ***PLATAFORMA.1 de… (nombre del agresor), siendo que en dicha grabación aparece la menor totalmente desnuda... Que del direct...",Difusión de contenido íntimo sin consentimiento,"Una menor de edad fue agredida sexualmente y el acto fue grabado y difundido en directo a través de una red social y posteriormente a través de WhatsApp, sin el consentimiento de la víctima.",Agresión sexual a una menor de edad | Grabación y difusión del acto en directo a través de una red social | Difusión del contenido a través de WhatsApp,No especificado,"Art. 5 RGPD, Art. 6 RGPD, Ley Orgánica 3/2018, de 5 de diciembre, de Protección de Datos Personales y garantía de los derechos digitales (LOPDGDD)","difusión de contenido íntimo, agresión sexual, menor de edad, red social, WhatsApp, protección de datos personales"
AI-00154-2025,https://www.aepd.es/documento/ai-00154-2025.pdf,"1 / 6  Expediente N.º: EXP202415814 RESOLUCIÓN DE ARCHIVO DE ACTUACIONES De   las   actuaciones   practicadas   por   la  Agencia   Española   de   Protección   de   Datos   y teniendo como base los siguientes: HECHOS PRIMERO : Con fecha 15 de octubre de 2024, se presentó reclamación ante la...","1/6  Expediente N.º: EXP202415814 RESOLUCIÓN DE ARCHIVO DE ACTUACIONES De las actuaciones practicadas por la Agencia Española de Protección de Datos y teniendo como base los siguientes: HECHOS PRIMERO: Con fecha 15 de octubre de 2024, se presentó reclamación ante la Agencia Española de Protección de Datos contra VODAFONE ESPAÑA, S.A.U. con NIF A80907397 (en adelante, la parte reclamada o Vodafone). Los motivos en que basa la reclamación son los siguientes: La parte reclamante manifiesta que, en fecha 21 de agosto de 2024, se ha llevado a cabo un cambio de titularidad de su contrato con la reclamada, sin su consentimiento, suplantando su identidad. Señala que, tras contactar con la reclamada, le informan que el cambio lo realiza su excónyuge, alegando el fallecimiento del reclamante.  Junto a la reclamación se aporta la siguiente documentación: - Denuncia interpuesta ante el puesto del Cuartel de la Guardia Civil sito en el municipio   de ***LOCALIDAD.1, con fecha 22 de agosto de 2024. - Copia del contrato de telefonía móvil que mantuvo suscrito con Vodafone. - Reclamación ante la oficina municipal de información del consumidor. SEGUNDO: De conformidad con el artículo 65.4 de la Ley Orgánica 3/2018, de 5 de diciembre, de Protección de Datos Personales y garantía de los derechos digitales (en adelante LOPDGDD), se dio traslado de dicha reclamación a la parte reclamada, para que procediese a su análisis e informase a esta Agencia en el plazo de un mes, de las acciones llevadas a cabo para adecuarse a los requisitos previstos en la normativa de protección de datos. El traslado, que se practicó conforme a las normas establecidas en la Ley 39/2015, de 1 de octubre, del Procedimiento Administrativo Común de las Administraciones Públicas (en adelante, LPACAP), fue recogido en fecha 19/11/2024 como consta en el acuse de recibo que obra en el expediente. Con fecha 19/12/2024 se recibe en esta Agencia escrito de respuesta indicando los motivos que dan lugar a la incidencia y las medidas adicionales que adoptaron. TERCERO: Con fecha 15 de enero de 2025, de conformidad con el artículo 65 de la LOPDGDD, se admitió a trámite la reclamación presentada. C/ Jorge Juan, 6 www.aepd.es 28001 – Madrid sedeaepd.gob.es 2/6 CUARTO: La Subdirección General de Inspección de Datos procedió a la realización de actuaciones previas de investigación para el esclarecimiento de los hechos en cuestión, en virtud de las funciones asignadas a las autoridades de control en el artículo 57.1 y de los poderes otorgados en el artículo 58.1 del Reglamento (UE) 2016/679 (Reglamento General de Protección de Datos, en adelante RGPD), y de conformidad con lo establecido en el Título VII, Capítulo I, Sección segunda, de la LOPDGDD, teniendo conocimiento de los siguientes extremos: Solicitada información sobre el motivo por el que los sistemas permitieron ejecutar un cambio de titular por fallecimiento sin existir la documentación previa que acredite este motivo de cambio, Vodafone manifiesta:...",Suplantación de identidad y cambio de titularidad de contrato,"Un individuo denunció a Vodafone por cambiar la titularidad de su contrato sin su consentimiento, alegando su fallecimiento. La AEPD investigó y Vodafone informó sobre las medidas adoptadas para evitar este tipo de incidentes.",Cambio de titularidad de contrato sin consentimiento | Alegación de fallecimiento del titular | Denuncia ante la AEPD y la Guardia Civil | Investigación de la AEPD,No especificado,"Art. 5 RGPD, Art. 6 RGPD, LOPDGDD","suplantación de identidad, cambio de titularidad, contrato, Vodafone, AEPD, investigación, protección de datos"
AI-00524-2024,https://www.aepd.es/documento/ai-00524-2024.pdf,1 / 7  Expediente N.º: EXP202416777 RESOLUCIÓN DE ARCHIVO DE ACTUACIONES De   las   actuaciones   practicadas   por   la  Agencia   Española   de   Protección   de   Datos   y teniendo como base los siguientes HECHOS PRIMERO :   La  Agencia   Española   de   Protección   de   Datos   ha   tenido...,"1/7  Expediente N.º: EXP202416777 RESOLUCIÓN DE ARCHIVO DE ACTUACIONES De las actuaciones practicadas por la Agencia Española de Protección de Datos y teniendo como base los siguientes HECHOS PRIMERO: La Agencia Española de Protección de Datos ha tenido conocimiento a través de una denuncia de ciertos hechos que podrían vulnerar la legislación en materia de protección de datos por parte de la AUTORIDAD PORTUARIA DE LA BAHÍA DE CÁDIZ con NIF Q1167004I (en adelante, la Autoridad Portuaria o la parte denunciada).  La parte denunciante expone que en la entidad denunciada se realiza el control de jornada con el registro de datos biométricos (facial y anteriormente, con huella dactilar). La parte denunciante expresa su preocupación por tratamiento de datos personales de los trabajadores, indica que, cuando piden garantías de medidas de seguridad a la autoridad portuaria, esta les indica que cumple con la normativa.  Señala que, en julio de 2024, se les informó de un ciberataque sufrido por la entidad, trasladando que la amenaza continuaba activa, sin que hasta la fecha se les haya comunicado lo contrario. Junto con el escrito de denuncia, se aportan escritos de fechas 1 de agosto y 11 de octubre de 2024 por los que solicita a la Autoridad Portuaria el cambio de método de registro horario. SEGUNDO: Con fecha 31 de octubre de 2024, la Directora de la Agencia Española de Protección de Datos instó a la Subdirección General de Inspección de Datos (SGID) a iniciar las actuaciones previas de investigación a las que se refiere el artículo 67 de la Ley Orgánica 3/2018, de 5 de diciembre, de Protección de Datos Personales y garantía de los derechos digitales (en adelante, LOPDGDD).  La Subdirección General de Inspección de Datos procedió a la realización de actuaciones previas de investigación para el esclarecimiento de los hechos en cuestión, en virtud de las funciones asignadas a las autoridades de control en el artículo 57.1 y de los poderes otorgados en el artículo 58.1 del Reglamento (UE) 2016/679 (Reglamento General de Protección de Datos, en adelante RGPD), y de conformidad con lo establecido en el Título VII, Capítulo I, Sección segunda, de la LOPDGDD, teniendo conocimiento, entre otras cuestiones, de los siguientes extremos: C/ Jorge Juan, 6 www.aepd.es 28001 – Madrid sedeaepd.gob.es 2/7 - La AUTORIDAD PORTUARIA implantó en el año 2009, para el control del registro de la jornada laboral de los trabajadores, un sistema basado en tecnología de lectura de huella dactilar. En el año 2021, a raíz de una Instrucción de la Secretaría General de Función Pública sobre “Medidas y líneas de actuación en materia de prevención de riesgos laborales frente al COVID-2019 de cara a la reincorporación presencial del personal”, cambió la configuración, instalando unos lectores de reconocimiento facial, compatibles con el sistema ya implantado. - Tras la publicación de la “Guía sobre tratamientos de control de presencia mediante sistemas biométricos” de la AEPD, se abrió ...",Control de jornada con datos biométricos,"La Autoridad Portuaria de la Bahía de Cádiz utiliza un sistema de control de jornada con registro de datos biométricos, lo que genera preocupación sobre el tratamiento de datos personales de los trabajadores, especialmente tras un ciberataque en 2024.",Uso de tecnología de lectura de huella dactilar desde 2009 | Cambio a lectores de reconocimiento facial en 2021 | Ciberataque en 2024 | Denuncia sobre el tratamiento de datos personales,No especificado,"Art. 5 RGPD, Art. 6 RGPD, Art. 32 RGPD, Art. 33 RGPD","control de jornada, datos biométricos, reconocimiento facial, huella dactilar, ciberataque, protección de datos"
AI-00012-2025,https://www.aepd.es/documento/ai-00012-2025.pdf,"1 / 5  Expediente N.º: EXP202417191 RESOLUCIÓN DE ARCHIVO DE ACTUACIONES De   las   actuaciones   practicadas   por   la  Agencia   Española   de   Protección   de   Datos   y teniendo como base los siguientes HECHOS PRIMERO : En fecha 20 de octubre de 2024, se presentó reclamación ante la Agencia...","1/5  Expediente N.º: EXP202417191 RESOLUCIÓN DE ARCHIVO DE ACTUACIONES De las actuaciones practicadas por la Agencia Española de Protección de Datos y teniendo como base los siguientes HECHOS PRIMERO: En fecha 20 de octubre de 2024, se presentó reclamación ante la Agencia Española de Protección de Datos contra “responsable desconocido” en los siguientes términos: La parte reclamante manifiesta que fue titular del dominio web ***DOMINIO.1. Indica que el actual titular del citado dominio está publicando en la página web ***URL.1 datos personales del reclamante, concretamente, su nombre, dirección de correo electrónico y fotografía, sin su consentimiento. Señala que en fecha 13 de abril de 2024, presentó reclamación ante la AEPD habiendo recibido resolución el 21 de mayo de 2024. En la citada resolución se indicaba que no constaba que hubiera ejercitado previamente su derecho de supresión ante el responsable del tratamiento. Manifiesta haber intentado ejercer dicho derecho mediante el único canal de contacto disponible, correspondiente al correo electrónico asociado al registro WHOIS, en fechas 23 de abril de 2024 y 9 de junio de 2024, sin haber obtenido respuesta en un plazo superior a dos meses. Asimismo, señala que en la página web referida no consta información relativa al responsable del tratamiento, delegado de protección de datos ni ningún otro medio de contacto alternativo. La parte reclamante indica que sus datos personales están siendo utilizados en el sitio web con fines lucrativos, mediante la inserción de publicidad, lo que le está ocasionando perjuicios, entre ellos la recepción de comunicaciones comerciales no solicitadas. En consecuencia, solicita la intervención de la Agencia Española de Protección de Datos al considerar que los hechos descritos podrían constituir una vulneración de la normativa vigente en materia de protección de datos personales. Aporta como documentación las comunicaciones remitidas solicitando la supresión de sus datos.  C/ Jorge Juan, 6 www.aepd.es 28001 – Madrid sedeaepd.gob.es 2/5 SEGUNDO: En fecha 9 de diciembre de 2024, de conformidad con el artículo 65 de la LOPDGDD, se admitió a trámite la reclamación presentada. TERCERO: La Subdirección General de Inspección de Datos procedió a la realización de actuaciones previas de investigación para el esclarecimiento de los hechos en cuestión, en virtud de las funciones asignadas a las autoridades de control en el artículo 57.1 y de los poderes otorgados en el artículo 58.1 del Reglamento (UE) 2016/679 (Reglamento General de Protección de Datos, en adelante RGPD), y de conformidad con lo establecido en el Título VII, Capítulo I, Sección segunda, de la LOPDGDD, teniendo conocimiento de los siguientes extremos: En fecha 21/01/2025, se comprueba en la política de privacidad de que el representante del art. 27 RGPD de NAMECHEAP INC. es EDPO. Con fecha 22/01/2025 se envía formulario de abuso solicitando datos a CLOUDFLARE sobre el sitio web reclamado. Asimismo, se reali...",Protección de datos personales en internet,"Un individuo denunció que su nombre, dirección de correo electrónico y fotografía estaban siendo publicados en una página web sin su consentimiento, y que no había obtenido respuesta a sus solicitudes de supresión de datos. La AEPD investigó y admitió a trámite la reclamación.",Publicación de datos personales sin consentimiento | Solicitud de supresión de datos sin respuesta | Uso de datos personales con fines lucrativos,No especificado,"Art. 57.1 RGPD, Art. 58.1 RGPD, LOPDGDD","protección de datos, publicación de datos personales, consentimiento, supresión de datos, uso de datos con fines lucrativos"
AI-00512-2024,https://www.aepd.es/documento/ai-00512-2024.pdf,"1 / 5  Expediente N.º: EXP202416506 RESOLUCIÓN DE ARCHIVO DE ACTUACIONES De   las   actuaciones   practicadas   por   la  Agencia   Española   de   Protección   de   Datos   y teniendo como base los siguientes HECHOS PRIMERO : La Agencia  Española  de Protección  de Datos tuvo conocimiento, a...","1/5  Expediente N.º: EXP202416506 RESOLUCIÓN DE ARCHIVO DE ACTUACIONES De las actuaciones practicadas por la Agencia Española de Protección de Datos y teniendo como base los siguientes HECHOS PRIMERO: La Agencia Española de Protección de Datos tuvo conocimiento, a través de una denuncia, de ciertos hechos que podrían vulnerar la normativa en materia de protección de datos.  Con fecha 26 de noviembre de 2024, la Directora de la Agencia Española de Protección de Datos (AEPD) instó a la Subdirección General de Inspección de Datos (SGID) a iniciar las actuaciones previas de investigación a las que se refiere el artículo 67 de la Ley Orgánica 3/2018, de 5 de diciembre, de Protección de Datos Personales y garantía de los derechos digitales (en adelante, LOPDGDD), para investigar a RESIDENCIAL ETXE-LAN, S.L. con NIF B48999478, (en adelante, ETXE-LAN o la parte denunciada) en relación con los siguientes hechos: La publicación de varios videos en la red social TikTok por parte de la residencia de ancianos RESIDENCIAL ETXE-LAN, S.L., en los que se identifica claramente a varias personas residentes en la misma.  SEGUNDO: La Subdirección General de Inspección de Datos procedió a la realización de actuaciones previas de investigación para el esclarecimiento de los hechos en cuestión, en virtud de las funciones asignadas a las autoridades de control en el artículo 57.1 y de los poderes otorgados en el artículo 58.1 del Reglamento (UE) 2016/679 (Reglamento General de Protección de Datos, en adelante RGPD), y de conformidad con lo establecido en el Título VII, Capítulo I, Sección segunda, de la Ley Orgánica 3/2018, de 5 de diciembre, de Protección de Datos Personales y garantía de los derechos digitales teniendo conocimiento de los siguientes extremos: - Por parte de esta Agencia se comprueba que existe un gran número de videos  publicados de los residentes en el perfil de la red social TikTok en los que casi  siempre intervienen los mismos residentes. - La publicación de imágenes/videoclips de las actividades del centro en redes sociales se realiza con el consentimiento previo de las personas que figuran en los videos o, en su caso, de sus representantes legales, limitando la difusión de estas imágenes a los residentes que han prestado su consentimiento expreso. A este respecto se remite el consentimiento prestado por 12 personas.  - La parte denunciada asegura no haber recibido queja de los residentes, familiares y/o representantes en relación con este tratamiento, y no han C/ Jorge Juan, 6 www.aepd.es 28001 – Madrid sedeaepd.gob.es 2/5 recibido solicitud de ejercicio de los derechos reconocidos en los artículos 15 a 21 del RGPD de ninguno de ellos. - Se prevé un plazo máximo de mantenimiento de los vídeos en la red social de cinco (5) años, con retirada anticipada en caso de solicitud o revocación del consentimiento. FUNDAMENTOS DE DERECHO I  Competencia De acuerdo con las funciones que el artículo 57.1 a), f) y h) del RGPD confiere a cada autoridad de contr...",Publicación de videos en redes sociales,"La Agencia Española de Protección de Datos investigó a RESIDENCIAL ETXE-LAN, S.L. por publicar videos en TikTok que identificaban claramente a residentes en la residencia de ancianos, analizando si se contaba con el consentimiento previo de los residentes o sus representantes legales.",Publicación de videos en TikTok | Identificación de residentes en los videos | Consentimiento previo de los residentes o sus representantes legales,No especificado,"Art. 57.1 RGPD, Art. 58.1 RGPD, Art. 15-21 RGPD","protección de datos, redes sociales, TikTok, consentimiento, residentes, representantes legales"
PD-00079-2026,https://www.aepd.es/documento/pd-00079-2026.pdf,"1 / 9  Expediente N.º: EXP202602944  RESOLUCIÓN DE PROCEDIMIENTO DE DERECHOS Vista la reclamación registrada en fecha 18 de noviembre de 2025 ante esta Agencia Española de Protección de Datos (en lo sucesivo, AEPD) y realizadas las actuaciones procedimentales   previstas   en   el   Título   VIII...","1/9  Expediente N.º: EXP202602944  RESOLUCIÓN DE PROCEDIMIENTO DE DERECHOS Vista la reclamación registrada en fecha 18 de noviembre de 2025 ante esta Agencia Española de Protección de Datos (en lo sucesivo, AEPD) y realizadas las actuaciones procedimentales previstas en el Título VIII de la Ley Orgánica 3/2018, de 5 de diciembre, de Protección de Datos Personales y garantía de los derechos digitales (en lo sucesivo, LOPDGDD), se han constatado los siguientes HECHOS PRIMERO: En fecha 18 de noviembre de 2025 el Banco de España (en lo sucesivo, BE) remitió a esta Agencia la reclamación formulada ante dicho organismo por A.A.A. (en lo sucesivo, la parte reclamante), al apreciar que su objeto guardaba relación con la normativa sobre protección de datos personales. Junto al oficio de traslado se incorporó la siguiente documentación: - Formulario de reclamación presentado ante el BE por la disconformidad de la reclamante con la respuesta ofrecida por BANCO DE SABADELL, S.A. (en adelante, Banco Sabadell o parte reclamada), respecto de un posible acceso indebido a datos vinculados a cuentas en las que figuraba autorizada. - Escrito de 26/02/2025 dirigido a Banco Sabadell, S.A., en el que denuncia un posible uso indebido de datos internos de cuentas vinculadas a comunidades de propietarios y solicita revisión de registros de acceso con identificación de usuario, fecha y hora, así como investigación interna. - Escrito de 25/03/2025 remitido por el Banco Sabadell, S.A. a la reclamante, en el que indica que no puede facilitar la información solicitada por falta de concreción y por no tratarse de un derecho de acceso. - Escrito de 19/09/2025 dirigido al Banco Sabadell, S.A. en el que la reclamante aporta nuevos datos obtenidos el 16/09/2025 y reitera la solicitud de identificación de intervinientes. - Correo electrónico de 22/09/2025 remitido por la reclamante al Banco Sabadell, S.A., en el que rectifica la fecha de los hechos al 16/09/2025. Consta respuesta de la misma fecha informando de su traslado al área competente y señalando que las imágenes captadas fueron eliminadas conforme a la normativa vigente. - Escrito de 29/09/2025 dirigido a Banco Sabadell, S.A. y a su DPD, en el que solicita copia de los registros de acceso efectuados por empleados de la oficina. - Correo electrónico de 16/10/2025 remitido por el Banco Sabadell, S.A., en contestación a la solicitud de acceso, en el que informa de que únicamente puede facilitar los registros de acceso realizados por la propia interesada C/ Jorge Juan, 6                                                                                                                                                                        www.aepd.es 28001 - Madrid                                                                                                                                                                    sedeagpd.gob.es 2/9 mediante banca a distancia o cajeros automáticos. Asimismo, comunica que las imágenes s...",Acceso a datos personales,Una persona denunció un posible acceso indebido a datos vinculados a cuentas en las que figuraba autorizada en el Banco Sabadell. La AEPD analizó la reclamación y la respuesta del banco.,Denuncia de acceso indebido a datos personales | Solicitud de revisión de registros de acceso | Respuesta del Banco Sabadell indicando falta de concreción y no tratarse de un derecho de acceso | Aportación de nuevos datos y reiteración de la solicitud de identificación de intervinientes,No especificado,"Ley Orgánica 3/2018, de 5 de diciembre, de Protección de Datos Personales y garantía de los derechos digitales (LOPDGDD)","acceso a datos personales, Banco Sabadell, AEPD, protección de datos, derechos digitales"
AI-00071-2025,https://www.aepd.es/documento/ai-00071-2025.pdf,1 / 5  Expediente  N.º: EXP202503188 RESOLUCIÓN DE ARCHIVO DE ACTUACIONES De   las   actuaciones   practicadas   por   la  Agencia   Española   de   Protección   de   Datos   y teniendo como base los siguientes HECHOS PRIMERO : El 19 de noviembre de 2024   la Agencia Española de Protección de...,"1/5  Expediente N.º: EXP202503188 RESOLUCIÓN DE ARCHIVO DE ACTUACIONES De las actuaciones practicadas por la Agencia Española de Protección de Datos y teniendo como base los siguientes HECHOS PRIMERO: El 19 de noviembre de 2024 la Agencia Española de Protección de Datos tuvo conocimiento de ciertos hechos que podrían dar lugar a una infracción en materia de protección de datos.  Con fecha 26 de febrero de 2025, la Presidencia de la Agencia Española de Protección de Datos (AEPD) instó a la Subdirección General de Inspección de Datos (SGID) a iniciar las actuaciones previas de investigación a las que se refiere el artículo 67 de la Ley Orgánica 3/2018, de 5 de diciembre, de Protección de Datos Personales y garantía de los derechos digitales (en adelante, LOPDGDD), para investigar los siguientes hechos: Denuncia contra (…) que ha compartido en múltiples ocasiones material íntimo de la persona afectada, (…) usando tecnología deepfake. Afirma que estos hechos han sido puestos en conocimiento de la policía, y que existe un procedimiento en curso que se encuentra en fase de instrucción, seguido ante el ***JUZGADO.1. Solicita la supresión del perfil de TikTok ***USUARIO.1, que ha suplantado la identidad de la afectada, compartiendo imágenes de carácter íntimo en las que aparece en ropa interior, tratándose de material que ya ha usado en ocasiones anteriores, en plataformas como Facebook y páginas de contactos. Consta la siguiente información: 1.- Escrito dirigido al ***JUZGADO.1, aportando documentación al procedimiento (…). Entre esa documentación, como Documento Núm. 2, se hace referencia a las capturas de pantalla de la cuenta de TikTok denunciada. 2.- Denuncia policial, presentada en fecha ***FECHA.1. 3.- Capturas de pantalla de la cuenta de TikTok denunciada, donde se publican las imágenes de la afectada en ropa interior. Estas evidencias fueron capturadas el ***FECHA.2. SEGUNDO: Con fecha 27 de mayo de 2025, de conformidad con el artículo 65 de la LOPDGDD, se admitió a trámite la reclamación presentada. C/ Jorge Juan, 6 www.aepd.es 28001 – Madrid sedeaepd.gob.es 2/5 TERCERO: La Subdirección General de Inspección de Datos procedió a la realización de actuaciones previas de investigación para el esclarecimiento de los hechos en cuestión, en virtud de las funciones asignadas a las autoridades de control en el artículo 57.1 y de los poderes otorgados en el artículo 58.1 del Reglamento (UE) 2016/679 (Reglamento General de Protección de Datos, en adelante RGPD), y de conformidad con lo establecido en el Título VII, Capítulo I, Sección segunda, de la LOPDGDD, teniendo conocimiento de los siguientes extremos: - Con fecha 27/02/2025 se recoge la siguiente evidencia: captura en video del perfil de TikTok del usuario ***USUARIO.1 (...). - En dicha fecha se ordena la retirada del contenido a TIKTOK TECHNOLOGY  LIMITED y se comprueba la efectiva retirada el 28/02/2025. - Con fecha 31/03/2025 se remite requerimiento de información a TIKTOK  TECHNOLOGY LIMITED r...",Protección de datos personales y deepfake,"Una persona denunció que su material íntimo había sido compartido en TikTok mediante tecnología deepfake, y solicitó la supresión del perfil que había suplantado su identidad. La AEPD investigó y ordenó la retirada del contenido.",Compartir material íntimo en TikTok mediante deepfake | Suplantación de identidad en la plataforma | Denuncia policial y procedimiento en curso | Retirada del contenido por la AEPD,No especificado,"Art. 57.1 RGPD, Art. 58.1 RGPD, Art. 65 LOPDGDD, Art. 67 LOPDGDD","deepfake, protección de datos, TikTok, suplantación de identidad, material íntimo, AEPD, investigación, retirada de contenido"
PS-00072-2025,https://www.aepd.es/documento/ps-00072-2025.pdf,1 / 10  Expediente N.º: EXP202415134 RESOLUCIÓN DE PROCEDIMIENTO SANCIONADOR Del procedimiento instruido por la Agencia Española de Protección de Datos  y en base a los siguientes ANTECEDENTES PRIMERO :   Con   fecha   12   de   septiembre   de   2024   se   interpuso   reclamación   ante   la...,"1/10  Expediente N.º: EXP202415134 RESOLUCIÓN DE PROCEDIMIENTO SANCIONADOR Del procedimiento instruido por la Agencia Española de Protección de Datos y en base a los siguientes ANTECEDENTES PRIMERO: Con fecha 12 de septiembre de 2024 se interpuso reclamación ante la Agencia Española de Protección de Datos por una posible infracción imputable a A.A.A. con NIF ***NIF.1 (en adelante, A.A.A.).  Los hechos que se pone en conocimiento de esta autoridad se plasman de la siguiente manera:  “que el dueño de la casa donde tiene alquilada una habitación ha instalado 7 cámaras de videovigilancia con audio en zonas comunes (salón, cocina, terraza, pasillo y entrada) y sobre la puerta de su habitación, sin avisarla” Aporta denuncia ante la Policía Nacional, e imágenes de las cámaras, su ubicación y orientación (Anexo I).  SEGUNDO: De conformidad con el artículo 65.4 de la Ley Orgánica 3/2018, de 5 de diciembre, de Protección de Datos Personales y garantía de los derechos digitales (en adelante LOPDGDD), se dio traslado de dicha reclamación a A.A.A., para que procediese a su análisis e informase a esta Agencia en el plazo de un mes, de las acciones llevadas a cabo para adecuarse a los requisitos previstos en la normativa de protección de datos. Con fecha 10/12/2024 se recibe en esta Agencia escrito de respuesta en el que no se facilita ninguna explicación en relación con los hechos recogidos en la reclamación, tan sólo se aporta una declaración responsable firmada en la que se indica que las cámaras no están en funcionamiento.  TERCERO: Con fecha 12 de diciembre de 2024, de conformidad con el artículo 65 de la LOPDGDD, se admitió a trámite la reclamación.  CUARTO: Con fecha 2 de octubre de 2025, la Presidencia de la Agencia Española de Protección de Datos acordó iniciar procedimiento sancionador a la parte reclamada, por la presunta infracción del Artículo 6 del RGPD, tipificada en el Artículo 83.5 del RGPD. QUINTO: Notificado el citado acuerdo de inicio conforme a las normas establecidas en la Ley 39/2015, de 1 de octubre, del Procedimiento Administrativo Común de las Administraciones Públicas (en adelante, LPACAP) y transcurrido el plazo otorgado C/ Jorge Juan, 6 www.aepd.es 28001 – Madrid sedeaepd.gob.es 2/10 para la formulación de alegaciones, se ha constatado que no se ha recibido alegación alguna por la parte reclamada. El artículo 64.2.f) de la LPACAP -disposición de la que se informó a la parte reclamada en el acuerdo de apertura del procedimiento- establece que si no se efectúan alegaciones en el plazo previsto sobre el contenido del acuerdo de iniciación, cuando éste contenga un pronunciamiento preciso acerca de la responsabilidad imputada, podrá ser considerado propuesta de resolución. En el presente caso, el acuerdo de inicio del expediente sancionador determinaba los hechos en los que se concretaba la imputación, la infracción del RGPD atribuida a la reclamada y la sanción que podría imponerse. Por ello, tomando en consideración que la parte recla...",Videovigilancia,"Una persona instaló 7 cámaras de videovigilancia con audio en zonas comunes de una vivienda sin informar a los ocupantes, lo que motivó una reclamación ante la Agencia Española de Protección de Datos. La entidad responsable no proporcionó explicaciones adecuadas y solo aportó una declaración de que las cámaras no estaban en funcionamiento.",Instalación de 7 cámaras de videovigilancia con audio en zonas comunes | Falta de información a los ocupantes | Reclamación ante la Agencia Española de Protección de Datos | Declaración de la entidad responsable de que las cámaras no estaban en funcionamiento,No especificado,"Art. 6 RGPD, Art. 83.5 del RGPD","videovigilancia, cámaras, zonas comunes, protección de datos, RGPD, sanción"
PA-00055-2025,https://www.aepd.es/documento/pa-00055-2025.pdf,1 / 8  Expediente N.º: EXP202501084 RESOLUCIÓN DE     PROCEDIMIENTO DE APERCIBIMIENTO Del procedimiento instruido por la Agencia Española de Protección de Datos  y en base a los siguientes ANTECEDENTES PRIMERO :   Con   fecha   19   de   diciembre   de   2024   se   interpuso   reclamación   ante...,"1/8  Expediente N.º: EXP202501084 RESOLUCIÓN DE     PROCEDIMIENTO DE APERCIBIMIENTO Del procedimiento instruido por la Agencia Española de Protección de Datos y en base a los siguientes ANTECEDENTES PRIMERO: Con fecha 19 de diciembre de 2024 se interpuso reclamación ante la Agencia Española de Protección de Datos por A.A.A. (en adelante, la parte reclamante) por  una posible infracción imputable a  FEDERACIÓN DE ASOCIACIONES CANINAS PARA EL FOMENTO DE LAS RAZAS PURAS con NIF G84874692 (en adelante, F. A. C. o parte reclamada).  Los hechos que se ponen en conocimiento de esta autoridad son: La parte reclamante manifiesta que el 10 de diciembre de 2024 la parte reclamada ha publicado un comunicado en el que se exponen sus datos personales sin mediar su consentimiento. Señala asimismo que en las webs de la parte reclamada no se incluye información sobre el tratamiento de datos. Aporta copia del comunicado y documento en el que aparecen los datos identificativos y su número de documento nacional de identidad. Documentación relevante aportada por la parte reclamante: - Copia del comunicado de la FAC- Federación de Asociaciones Caninas de fecha 11 de diciembre (de 2024) publicado en su Facebook. En este comunicado se indica:  “COMUNICADO 2 como continuidad al comunicado de ayer y viendo que hay mucha gente afectada por A.A.A. queremos exponer que: - Toda la documentación que ella ha expedido no es válida. - Los altas de afijo los expide FAC desde su central en Madrid, en ningún momento ninguna delegación. - Los cursos que ha estado impartiendo ella de etología y crianza canina no se van a homologa por FAC ya que esos cursos están registrados con propiedad intelectual a nombre de B.B.B. y solo ella imparte, examina y da titulación. - Los cursos de jueces que esta señora también ha impartido tampoco son válidos, ya esos cursos y esta titulación las otorga FAC. FAC seguirá trabajando para esclarecer todo lo que ha acontecido en esa delegación y está a disposición de quien lo solicite el acuerdo firmado con la misma donde queda claro y patente lo que podían hacer y lo que no. Gracias por hacernos llegar por distintas vías toda la información que tenéis que ya es mucha. Un saludo”. -Documento en el que aparecen los datos identificativos y número de documento nacional de identidad de la afectada. El documento aportado es una copia de un certificado acreditativo de que la parte reclamante a fecha ***FECHA.1 es C/ Jorge Juan, 6 www.aepd.es 28001 – Madrid sedeaepd.gob.es 2/8 ***PUESTO.1 en 10 provincias, expedido por el ***PUESTO.2, en el que figuran los datos personales de nombre, apellidos y DNI de la parte reclamante, si bien no consta acreditado que el mismo se haya obtenido en los sitios web de la FAC. SEGUNDO: De conformidad con el artículo 65.4 de la Ley Orgánica 3/2018, de 5 de diciembre, de Protección de Datos Personales y garantía de los derechos digitales (en adelante LOPDGDD), se dio traslado de dicha reclamación a F. A. C., para que procediese a s...",Publicación de datos personales sin consentimiento,Una persona denunció a la Agencia Española de Protección de Datos que la Federación de Asociaciones Caninas publicó sus datos personales sin su consentimiento en un comunicado y que sus sitios web no incluyen información sobre el tratamiento de datos.,Publicación de un comunicado con datos personales sin consentimiento | Falta de información sobre el tratamiento de datos en los sitios web de la Federación de Asociaciones Caninas | Denuncia por posible infracción de protección de datos,No especificado,"Art. 5 RGPD, Art. 6 RGPD, Art. 12 RGPD, Art. 13 RGPD","protección de datos, publicación de datos personales, consentimiento, Federación de Asociaciones Caninas, LOPDGDD, RGPD"
PA-00007-2026,https://www.aepd.es/documento/pa-00007-2026.pdf,1 / 9  Expediente N.º: EXP202602043 RESOLUCIÓN DE     PROCEDIMIENTO DE APERCIBIMIENTO Del procedimiento instruido por la Agencia Española de Protección de Datos  y en base a los siguientes ANTECEDENTES PRIMERO : Con fecha 24 de mayo de 2024 se interpuso reclamación ante la Agencia Española   de...,"1/9  Expediente N.º: EXP202602043 RESOLUCIÓN DE     PROCEDIMIENTO DE APERCIBIMIENTO Del procedimiento instruido por la Agencia Española de Protección de Datos y en base a los siguientes ANTECEDENTES PRIMERO: Con fecha 24 de mayo de 2024 se interpuso reclamación ante la Agencia Española de Protección de Datos por hechos que podrían ser constitutivos de una infracción imputable a A.A.A. con NIF ***NIF.1 (en adelante, A.A.A.).  La parte reclamante manifiesta que la entidad FINCAS VALBEN le representó en el trámite de compraventa de una vivienda de su propiedad con un tercero. Para ello facilitó sus datos personales con el fin de confeccionar un contrato de reserva con el comprador, si bien éste finalmente decidió no concretar la venta. Tras ello, la reclamante manifiesta que solicitó a FINCAS VALBEN la aportación del contrato de reserva suscrito y el acceso a sus datos mediante carta certificada, solicitud recibida según acuse de recibo expedido por Correos, sin haber obtenido contestación. Junto a su escrito aporta copia del escrito remitido solicitando copia del contrato de reserva, solicitud de acceso a sus datos, prueba de envío y acuse de recibo expedido por Correos. SEGUNDO: Con fecha 24 de agosto de 2024, de conformidad con el artículo 65 de la LOPDGDD, se admitió a trámite la reclamación.  TERCERO: La Subdirección General de Inspección de Datos procedió a la realización de actuaciones previas de investigación para el esclarecimiento de los hechos en cuestión, en virtud de las funciones asignadas a las autoridades de control en el artículo 57.1 y de los poderes otorgados en el artículo 58.1 del Reglamento (UE) 2016/679 (Reglamento General de Protección de Datos, en adelante RGPD), y de conformidad con lo establecido en el Título VIII, de la LOPDGDD. Como consecuencia de las actuaciones realizadas, se ha tenido conocimiento de los siguientes extremos: Se ha cotejado en la web de Correos (www.correos.es) el documento de acuse de recibo aportado por la reclamante. De dicho documento se desprende que en fecha 19/04/2024 se realiza un envío por correo certificado de la parte reclamante, dirigido a FINCAS VALBEN, que es recibido con fecha 22/04/2024. En la prueba de entrega expedida por Correos figura como receptora “A.A.A.”, con documento identificativo “***NIF.1”. Asimismo, se requirió información a IDEALISTA S.A. solicitando los datos de su cliente, la empresa FINCAS VALBEN, que identifica como responsable de la misma a A.A.A., con número de identificación fiscal ***NIF.1.  C/ Jorge Juan, 6 www.aepd.es 28001 – Madrid sedeaepd.gob.es 2/9 Con fechas 30/09/2024 y 16/10/2024 se requirió información a A.A.A. notificándose el requerimiento a la dirección aportada. Con fecha 28/10/2024 se requirió notificando a la dirección del local de FINCAS VALBEN. Finalmente, con fecha 11/11/2024 se requirió información notificando a la dirección que figuraba para A.A.A. en el padrón municipal, siendo todas las notificaciones devueltas. Con fecha 13/12/2024 la Age...",Acceso a datos personales,Una persona física denunció a la AEPD que la entidad FINCAS VALBEN no le proporcionó acceso a sus datos personales después de solicitarlos por carta certificada. La AEPD investigó y encontró que la entidad no respondió a la solicitud de acceso a los datos.,Solicitud de acceso a datos personales | No respuesta de la entidad | Investigación de la AEPD,No especificado,"Art. 15 RGPD, Art. 12 RGPD","acceso a datos personales, solicitud de acceso, entidad no responde, investigación de la AEPD, RGPD"
PD-00037-2026,https://www.aepd.es/documento/pd-00037-2026.pdf,1 / 7 Expediente N.º: EXP202518663 RESOLUCIÓN DE PROCEDIMIENTO DE DERECHOS Vista   la   reclamación   registrada   en   fecha   12   de   agosto   de   2025   ante   esta  Agencia   y realizadas   las   actuaciones   procedimentales   previstas   en   el   Título   VIII   de   la   Ley Orgánica 3/...,"1/7 Expediente N.º: EXP202518663 RESOLUCIÓN DE PROCEDIMIENTO DE DERECHOS Vista la reclamación registrada en fecha 12 de agosto de 2025 ante esta Agencia y realizadas las actuaciones procedimentales previstas en el Título VIII de la Ley Orgánica 3/2018, de 5 de diciembre, de Protección de Datos Personales y garantía de los derechos digitales (en lo sucesivo LOPDGDD), se han constatado los siguientes HECHOS PRIMERO: Con fecha 12 de agosto de 2025 tuvo entrada en esta Agencia reclamación presentada por  A.A.A. (en adelante, la parte reclamante) contra SOLUCIONES DIGITALES CRX S.L. (en adelante, la parte reclamada o DISPON) por no haber sido debidamente atendidos los derechos de acceso y limitación. La parte reclamante manifiesta que, en fecha 11 de agosto de 2025, al tener conocimiento de la inclusión de sus datos en sistemas comunes de información crediticia, ejercitó su derecho de acceso frente a DISPON, así como su derecho de limitación.  A tal efecto, remite un intercambio de correos con la parte reclamada que tuvo lugar entre los días 11 y 12 de agosto de 2025 en el que la parte reclamante solicita en varias ocasiones: “conforme al artículo 15 del Reglamento General de Protección de Datos (…) les requiero para que me remitan detalle exacto de la deuda que dicen que mantengo con ustedes (importe, fecha de contratación, fecha de vencimiento, intereses aplicados y comisiones). Copia íntegra del contrato firmado”. Asimismo: “(…) solicito la limitación del tratamiento de mis datos personales conforme al artículo 18 del Reglamento (UE) 2016/679 (RGPD) (…)”. En dicho intercambio de correos, la parte reclamada, contesta sin facilitarle la información solicitada ni atender la limitación al tratamiento de sus datos. SEGUNDO: De conformidad con el artículo 65.4 de la LOPDGDD, se dio traslado de dicha reclamación a la parte reclamada, para que procediese a su análisis e informase a esta Agencia en el plazo de un mes, de las acciones llevadas a cabo para adecuarse a los requisitos previstos en la normativa de protección de datos. La notificación del traslado de la reclamación, que se practicó conforme a las normas establecidas en la Ley 39/2015, de 1 de octubre, del Procedimiento Administrativo Común de las Administraciones Públicas (en adelante, LPACAP), fue realizada en fecha 03 de noviembre de 2025 como consta en el acuse de recibo que obra en el expediente. No ha tenido entrada en esta Agencia ninguna respuesta de la parte reclamada. C/ Jorge Juan, 6 www.aepd.es 28001 – Madrid sedeaepd.gob.es 2/7 TERCERO: El resultado del trámite de traslado indicado en el Hecho anterior no permitió entender satisfechas las pretensiones de la parte reclamante. Con fecha 12 de noviembre de 2025, se produjo la admisión a trámite de la reclamación presentada. Mediante acuerdo de la Presidencia de la Agencia Española de Protección de Datos de fecha 4 de febrero de 2026, se concedió a la parte reclamada trámite de audiencia, para que en el plazo de diez días hábiles presenta...",Derechos de acceso y limitación de datos personales,"Una persona física ejercitó sus derechos de acceso y limitación de datos personales frente a SOLUCIONES DIGITALES CRX S.L. debido a la inclusión de sus datos en sistemas comunes de información crediticia. La empresa no atendió a sus solicitudes, lo que motivó una reclamación ante la AEPD.",Inclusión de datos personales en sistemas de información crediticia | Solicitud de acceso y limitación de datos personales | Falta de respuesta por parte de la empresa | Reclamación ante la AEPD,No especificado,"Art. 15 Reglamento General de Protección de Datos, Art. 18 Reglamento (UE) 2016/679 (RGPD)","Derechos de acceso, Limitación de datos personales, Sistemas de información crediticia, Reclamación, AEPD, RGPD"
PA-00015-2024,https://www.aepd.es/documento/pa-00015-2024.pdf,"1 / 22  Expediente N.º: EXP202411421 IMI Reference: A56ID 468290 RESOLUCIÓN DE     PROCEDIMIENTO DE APERCIBIMIENTO Del procedimiento instruido por la Agencia Española de Protección de Datos  y en base a los siguientes ANTECEDENTES PRIMERO :   A.A.A.   (en   adelante,   la   parte   reclamante)...","1/22  Expediente N.º: EXP202411421 IMI Reference: A56ID 468290 RESOLUCIÓN DE     PROCEDIMIENTO DE APERCIBIMIENTO Del procedimiento instruido por la Agencia Española de Protección de Datos y en base a los siguientes ANTECEDENTES PRIMERO: A.A.A. (en adelante, la parte reclamante) el 27 de octubre de 2022 interpuso reclamación ante la autoridad de protección de datos de Francia. La reclamación se dirige contra NAPPTIVE SOLUTIONS, S.L. con NIF B02744027 (en adelante, NAPPTIVE). Los motivos en que basa la reclamación son los siguientes: El 27 de octubre, recibió un correo electrónico comercial de sondeo en su correo electrónico profesional. Este correo electrónico fue recibido después de ser a priori obtenido de un sitio web como GitHub, sin información previa en el momento de la recogida del uso que se haría a partir de entonces, en violación de las directrices sobre prospección comercial por correo electrónico. Junto a la reclamación se aporta: - Correo electrónico con sus cabeceras completas, enviado a la parte reclamante desde hello@napptive.com el 27 de octubre de 2022, con el siguiente contenido (traducción no oficial, en inglés el original): “Hemos estado explorando proyectos de código abierto con el fin de proporcionar a los principales contribuyentes de proyectos como usted nuestra edición Pro completamente gratuita, sin ningún compromiso.  ¡Hola! Hemos estado explorando * proyectos de código abierto * para proporcionar a los colaboradores principales del proyecto como usted nuestra * Edición Pro * completamente * gratis *, sin ningún compromiso.  En *Napptive* nuestra misión es empoderar a los desarrolladores con una *plataforma de autoservicio* que acelere el desarrollo.  (http://join.napptive.com/playground-free-pro) Ofrecemos una plataforma de aplicaciones nativa de la nube centrada en proporcionar un método simplificado para operar en clústeres * Kubernetes * e implementar aplicaciones complejas, abstrayendo la dificultad de trabajar con entidades Kubernetes de bajo nivel, proporcionándole:  * *Entornos* de desarrollo/despliegue de *autoservicio*. Ya no hay necesidad de abrir tickets y esperar.  * Despliega aplicaciones directamente desde nuestro *Catálogo* con un clic de un botón, y sube las tuyas propias. * *Confianza total* en las aplicaciones que se pueden implementar en diferentes plataformas / infraestructuras C/ Jorge Juan, 6 www.aepd.es 28001 – Madrid sedeaepd.gob.es 2/22 (http://join.napptive.com/playground-free-pro) *Napptive* se encarga de proporcionarle los recursos necesarios para implementar sus aplicaciones en entornos nativos de la nube, con multitenencia segura, entornos de vista previa compartibles y totalmente integrados con sus canalizaciones de CI / CD.  Solo hemos tratado su correo electrónico sobre la base de un interés legítimo. Conservaremos sus datos durante un período de 30 días, y puede solicitar cualquier acceso inmediato o supresión de sus datos respondiendo a este correo electrónico.    Napptive S.L.” SEGU...",Publicidad comercial por correo electrónico,"Una persona recibió un correo electrónico comercial de Napptive Solutions sin haber dado su consentimiento previo, lo que motivó una reclamación ante la autoridad de protección de datos de Francia y posteriormente ante la AEPD, por violación de las directrices sobre prospección comercial por correo electrónico.",Recepción de correo electrónico comercial sin consentimiento | Obtención del correo electrónico desde un sitio web como GitHub sin información previa sobre su uso | Reclamación ante la autoridad de protección de datos de Francia y posteriormente ante la AEPD,No especificado,"Art. 6 RGPD, Directrices sobre prospección comercial por correo electrónico","publicidad comercial, correo electrónico, consentimiento, prospección comercial, RGPD, protección de datos"
PS-00140-2025,https://www.aepd.es/documento/ps-00140-2025.pdf,"1 / 24  Expediente N.º: EXP202316010 RESOLUCIÓN DE PROCEDIMIENTO SANCIONADOR Del procedimiento instruido por la Agencia Española de Protección de Datos  y en base a los siguientes ANTECEDENTES PRIMERO :   Con   fecha   17   de   octubre   de   2023,   la   empresa   23ANDME,   INC   (en adelante...","1/24  Expediente N.º: EXP202316010 RESOLUCIÓN DE PROCEDIMIENTO SANCIONADOR Del procedimiento instruido por la Agencia Española de Protección de Datos y en base a los siguientes ANTECEDENTES PRIMERO: Con fecha 17 de octubre de 2023, la empresa 23ANDME, INC (en adelante, 23ANDME), con domicilio en 349 OYSTER POINT BLVD - 94080 SOUTH SAN FRANCISCO - CALIFORNIA notificó a esta Agencia una brecha de seguridad en la que se habría producido una violación de la seguridad de los datos personales. De acuerdo con la comunicación de la brecha, realizada por la empresa Greenberg Traurig, LLP (en adelante GREENBERG) como representante de 23ANDME, el 01/10/2023 se habría producido una brecha de confidencialidad debida a un ciberataque que afectó a 799 personas residentes en España, clientes de la empresa, en la que se expusieron datos de identidad, contacto y localización, imágenes y datos genéticos. En la comunicación de la brecha, 23ANDME incluye la siguiente descripción del incidente (traducción no oficial realizada con la herramienta “Digital Europe Language Tools”): “(…)” Con fecha 30/10/2023, 23ANDME amplía la información relativa a la brecha. De acuerdo con esta nueva comunicación la brecha habría afectado a otras 1.843 personas en España y habría incluido, además de los datos mencionados anteriormente, datos que revelan el origen étnico. En la descripción incluida en esta segunda comunicación indica lo siguiente (traducción no oficial realizada con la herramienta “Digital Europe Language Tools”): “(…)” SEGUNDO: Como consecuencia de los hechos conocidos, con fecha 31/10/2023, la Directora de la Agencia Española de Protección de Datos instó a la Subdirección General de Inspección de Datos (SGID) a iniciar las actuaciones previas de investigación a las que se refiere el artículo 67 de la Ley Orgánica 3/2018, de 5 de diciembre, de Protección de Datos Personales y garantía de los derechos digitales (en adelante, LOPDGDD). TERCERO: La Subdirección General de Inspección de Datos procedió a la realización de actuaciones previas de investigación para el esclarecimiento de los hechos en cuestión, en virtud de las funciones asignadas a las autoridades de control en el artículo 57.1 y de los poderes otorgados en el artículo 58.1 del Reglamento (UE) C/ Jorge Juan, 6 www.aepd.es 28001 – Madrid sedeaepd.gob.es 2/24 2016/679 (Reglamento General de Protección de Datos, en adelante RGPD), y de conformidad con lo establecido en el Título VIII, de la LOPDGDD. Dado que 23ANDME es una entidad de nacionalidad estadounidense sin establecimiento principal en España y la brecha de datos afectaba a residentes en diferentes Estados, con fecha 25/03/2024, de acuerdo con el artículo 61 del RGPD, se solicitó, a través del “Sistema de información del Mercado Interior” (regulado por el Reglamento (UE) nº 1024/2012, del Parlamento Europeo y del Consejo, de 25 de octubre de 2012), información sobre la existencia, en su caso, de establecimiento de la empresa en otros Estados, constatando...",Brecha de seguridad,"La empresa 23ANDME, INC notificó a la Agencia Española de Protección de Datos una brecha de seguridad que afectó a 2.642 personas residentes en España, clientes de la empresa, en la que se expusieron datos de identidad, contacto y localización, imágenes y datos genéticos.",Notificación de brecha de seguridad por 23ANDME | Ciberataque que afectó a 799 personas inicialmente | Ampliación de la información sobre la brecha que afectó a 1.843 personas adicionales,No especificado,"Art. 57.1 RGPD, Art. 58.1 RGPD, Art. 61 RGPD, Art. 67 LOPDGDD","brecha de seguridad, ciberataque, datos personales, 23ANDME, Agencia Española de Protección de Datos, RGPD, LOPDGDD"
PD-00333-2025,https://www.aepd.es/documento/pd-00333-2025.pdf,1 / 23  Expediente N.º: EXP202515646 RESOLUCIÓN DE PROCEDIMIENTO DE DERECHOS Vista   la   reclamación   registrada   en   fecha   6   de   agosto   de   2025   ante   esta  Agencia   y realizadas   las   actuaciones   procedimentales   previstas   en   el   Título   VIII   de   la   Ley Orgánica 3...,"1/23  Expediente N.º: EXP202515646 RESOLUCIÓN DE PROCEDIMIENTO DE DERECHOS Vista la reclamación registrada en fecha 6 de agosto de 2025 ante esta Agencia y realizadas las actuaciones procedimentales previstas en el Título VIII de la Ley Orgánica 3/2018, de 5 de diciembre, de Protección de Datos Personales y garantía de los derechos digitales (en lo sucesivo, LOPDGDD), se han constatado los siguientes HECHOS PRIMERO: Con fecha 6 de agosto de 2025 tuvo entrada en esta Agencia reclamación presentada por A.A.A. (en adelante, la parte reclamante) contra ILERNA ON LINE, S.L. (en adelante, la parte reclamada) por no haber sido debidamente atendido su derecho de acceso. La parte reclamante indica que ejerció el derecho de acceso ante la parte reclamada, el 24 de junio de 2025, solicitando acceso a todos los datos personales tratados sobre ella y en el contexto de su relación laboral, incluyendo actas, logs de actividad, informes técnicos, trazabilidad de accesos, y contenidos audiovisuales generados con su imagen y voz. La parte reclamante nos informa que la parte reclamada respondió, el 22 de julio de 2025, “(…) denegando el acceso a la mayoría de los documentos solicitados, facilitando solamente información de mi contratación y una respuesta genérica sobre categorías de datos y fines de tratamiento. La negativa se basa en una interpretación restrictiva de que estos datos ""han sido generados en el contexto de una relación laboral"" y por tanto, según alegan, no forman parte del derecho de acceso.” La parte reclamante aporta, entre otros documentos,  - Ejercicio de acceso de la parte reclamante firmado el 24 de junio de 2025, remitida por correo electrónico el 24 de junio de 2025, y dirigida a la parte reclamada solicitando: “1. Copia de mis datos personales que son objeto de tratamiento por ILERNA ONLINE, S.L., incluyendo:  ● Actas de calificación y evaluación de ciclos formativos en los que figure como profesor y/u otra función asignada a mi persona.  ● Convenios y documentación de cualquier tipo presentada ante la Conselleria d’Educació de Cataluña en los que figure mi intervención.  ● Logs, archivos, exportaciones de datos, informes y registros generados en las siguientes herramientas utilizadas por la empresa:  ○ ActivTrak,  ○ Google WorkSpace,  C/ Jorge Juan, 6 www.aepd.es 28001 – Madrid sedeaepd.gob.es 2/23 ○ NinjaOne,  ○ Zoom, ○ Bizneo  ○ así como cualquier otra herramienta de análisis de productividad, actividad o control remoto. ● Informe pericial o técnico informático que respalde las acusaciones vertidas en la carta de despido de fecha ***FECHA.1, así como cualquier informe digital, log, auditoría o archivo que haya sido utilizado para elaborar el expediente disciplinario, especialmente si se hace mención a simulación de actividad con java.awt.Robot, clics automáticos, o actividades sospechosas en Eclipse IDE.  ● Trazabilidad de accesos, firmas electrónicas, y cualquier metadato o rastro digital generado en procesos como firma de actas o acce...",Derecho de acceso a datos personales,"Una persona ejerció su derecho de acceso a datos personales ante su empleadora, ILERNA ON LINE, S.L., solicitando acceso a diversos datos personales relacionados con su relación laboral. La empresa denegó el acceso a la mayoría de los documentos solicitados, alegando que no formaban parte del derecho de acceso. La AEPD analiza si la empresa ha vulnerado el derecho de acceso del interesado.",Ejercicio del derecho de acceso por parte del interesado | Denegación parcial del acceso por parte de la empresa | Reclamación ante la AEPD,No especificado,"Art. 15 RGPD, Art. 12 RGPD","Derecho de acceso, Datos personales, Relación laboral, ILERNA ON LINE, S.L., AEPD, RGPD"
PS-00009-2026,https://www.aepd.es/documento/ps-00009-2026.pdf,1 / 22  Expediente Nº: EXP202412902 RESOLUCIÓN DE TERMINACIÓN DEL PROCEDIMIENTO POR     RECONOCIMIENTO DE RESPONSABILIDAD Y     PAGO VOLUNTARIO Del procedimiento instruido por la Agencia Española de Protección de Datos y en base a los siguientes ANTECEDENTES PRIMERO :  Con fecha 13 de marzo de...,"1/22  Expediente Nº: EXP202412902 RESOLUCIÓN DE TERMINACIÓN DEL PROCEDIMIENTO POR     RECONOCIMIENTO DE RESPONSABILIDAD Y     PAGO VOLUNTARIO Del procedimiento instruido por la Agencia Española de Protección de Datos y en base a los siguientes ANTECEDENTES PRIMERO: Con fecha 13 de marzo de 2026, la Presidencia de la Agencia Española de Protección de Datos acordó iniciar procedimiento sancionador a ECG MÉDICA, S.L. (en adelante, ECG MÉDICA), mediante el acuerdo que se transcribe: <<  Expediente N.º: EXP202412902 ACUERDO DE INICIO DE PROCEDIMIENTO SANCIONADOR De las actuaciones practicadas por la Agencia Española de Protección de Datos y en  base a los siguientes HECHOS PRIMERO: El 25 de julio de 2024 se notificó a esta Agencia una brecha de datos personales por ECG MÉDICA, S.L con NIF B46138632 (en adelante, ECG MÉDICA). “Descripción de los hechos: ECG Médica ha recibido, los días 23, 24 y 25 de julio 2024, varios correos electrónicos a través de direcciones de sus empleados, de un desconocido que amenaza con publicar datos detallados de los pacientes y del negocio del Grupo. El cuerpo del correo incluía el nombre, fecha de nacimiento y e- mail de 6 pacientes que han sido atendidos en distintas clínicas de ECG Médica. En uno de los correos adjunta los 6 informes de diagnóstico de esos pacientes. En el último correo informa que ya había enviado datos médicos a 25 pacientes y amenaza con publicar en las próximas 24 horas información médica de 100 pacientes. ECG Médica inicia, el día 23/07/24, de inmediato, una investigación interna y una auditoría externa de los activos IT para tratar de esclarecer cómo dispone de dicha información. Con los datos que se van recabando, se detecta el acceso a diferentes carpetas de una serie de PCs y servidores, con lo que la sospecha es que es con ese acceso con el que han descargado los ficheros. C/ Jorge Juan, 6 www.aepd.es 28001 – Madrid sedeaepd.gob.es 2/22 Asimismo, se señalaban los siguientes aspectos relevantes en dicha notificación: - Fecha de detección de la brecha: 23 de julio de 2024. - Tipología de los datos afectados: datos básicos: DNI, NIE, pasaporte y / o cualquier otro documento identificativo, datos de contacto, de salud (otros datos de salud). - Número de afectados: 100. - Categoría de afectados: pacientes. - Entre los afectados, no hay menores ni miembros de colectivos vulnerables. - Entre los afectados, se desconoce si hay afectados en otros estados miembros de la UE”.  SEGUNDO: En fecha 29 de julio de 2024 ***HOSPITAL.1 (en adelante, ***HOSPITAL.1) comunica lo siguiente respecto a la brecha notificada a esta AEPD por ECG MÉDICA. En esta notificación inicial, ***HOSPITAL.1 manifiesta lo siguiente: “- Descripción de los hechos: “El proveedor (ECG MÉDICA) contratado por ***HOSPITAL.1 para la prestación del servicio de diagnóstico por imagen ha sufrido un ciberataque que ha visto comprometido los datos personales de un único paciente del ***HOSPITAL.1. Los sistemas de información del ***HOSPITAL.1 ...",Brecha de datos personales,"ECG MÉDICA, S.L. sufrió un ciberataque que comprometió los datos personales de 100 pacientes, incluyendo información de salud, y notificó la brecha a la AEPD. La investigación reveló el acceso no autorizado a carpetas de PCs y servidores.",Notificación de brecha de datos personales por ECG MÉDICA | Ciberataque que comprometió datos de 100 pacientes | Investigación interna y auditoría externa para esclarecer el acceso no autorizado,No especificado,"Art. 32 RGPD, Art. 33 RGPD","brecha de datos, ciberataque, protección de datos, notificación de brecha, investigación interna, auditoría externa"
AI-00549-2024,https://www.aepd.es/documento/ai-00549-2024.pdf,"1 / 6  Expediente N.º: EXP202414196 RESOLUCIÓN DE ARCHIVO DE ACTUACIONES De   las   actuaciones   practicadas   por   la  Agencia   Española   de   Protección   de   Datos   y teniendo como base los siguientes: HECHOS PRIMERO : Con fecha 18 de agosto de 2024, se presentó reclamación ante la...","1/6  Expediente N.º: EXP202414196 RESOLUCIÓN DE ARCHIVO DE ACTUACIONES De las actuaciones practicadas por la Agencia Española de Protección de Datos y teniendo como base los siguientes: HECHOS PRIMERO: Con fecha 18 de agosto de 2024, se presentó reclamación ante la Agencia Española de Protección de Datos contra ING BANK N.V., SUCURSAL EN ESPAÑA con NIF W0037986G (en adelante, la parte reclamada o ING). Los motivos en que basa la reclamación son los siguientes: La parte reclamante manifiesta que en fecha 27 de marzo de 2024, se personó en la entidad ING para solicitar la subrogación de su préstamo hipotecario preexistente con ***ENTIDAD.1.  ING le solicita documentación concerniente al mismo, para su aprobación por el departamento de riesgos y más tarde, con fecha 3 de mayo de 2024, le confirma la parte reclamada la viabilidad económica de la operación y a su vez le solicitan los datos de su gestor en ***ENTIDAD.1. Además, expone la parte reclamante que el día 7 de mayo de 2024 solicita a ING que le confirmen las condiciones del préstamo antes de proceder a indicarles el nombre de su gestor en ***ENTIDAD.1. Así las cosas, le informan que ya habían contactado con su gestor de ***ENTIDAD.1, y la parte reclamante les advierte que no está conforme porque no les había autorizado, a lo que le responden que es el procedimiento que ellos tienen establecido, acceder al gestor aunque no les haya autorizado. Posteriormente, con fecha 8 de mayo de 2024, ING le da a conocer su procedimiento donde enseñan que acceden al gestor de la entidad subrogada es una de las fases de este. La parte reclamante aporta copia de las conversaciones mantenidas con la parte reclamada a través del servicio de chat relativas a la subrogación del préstamo hipotecario, durante el período comprendido entre el 27 de marzo de 2024 y el 15 de mayo de 2024, así como capturas de pantalla de algunos mensajes intercambiados a través de WhatsApp, fechados los días 6, 7, 8, 13 y 15 de mayo de 2024.  SEGUNDO: En fecha 15 de octubre de 2024 la Agencia Española de Protección de Datos acuerda inadmitir a trámite la reclamación presentada por la parte reclamante. TERCERO: En fecha 30 de octubre de 2024 la parte reclamante presenta recurso de reposición contra la Resolución dictada por esta Agencia y en fecha 12 de diciembre de 2024, la AEPD acuerda estimar el mismo y admitir a trámite la reclamación C/ Jorge Juan, 6 www.aepd.es 28001 – Madrid sedeaepd.gob.es 2/6 formulada por la parte reclamante de acuerdo con lo establecido en el artículo 65 de la LOPDGDD. CUARTO: La Subdirección General de Inspección de Datos procedió a la realización de actuaciones previas de investigación para el esclarecimiento de los hechos en cuestión, en virtud de las funciones asignadas a las autoridades de control en el artículo 57.1 y de los poderes otorgados en el artículo 58.1 del Reglamento (UE) 2016/679 (Reglamento General de Protección de Datos, en adelante RGPD), y de conformidad con lo establecido en el Título V...",Protección de datos en operaciones bancarias,"Un cliente de ING Bank N.V. presentó una reclamación ante la AEPD por considerar que la entidad bancaria había accedido a sus datos personales sin autorización durante un proceso de subrogación de préstamo hipotecario. La AEPD inicialmente inadmitió la reclamación, pero tras un recurso de reposición, la admitió a trámite.",Solicitud de subrogación de préstamo hipotecario | ING Bank N.V. accede a datos personales sin autorización | Reclamación ante la AEPD | Inadmisión inicial de la reclamación | Recurso de reposición y admisión a trámite,No especificado,"Art. 57.1 RGPD, Art. 58.1 RGPD, Art. 65 LOPDGDD","protección de datos, operaciones bancarias, subrogación de préstamo hipotecario, ING Bank N.V., AEPD, RGPD, LOPDGDD"
PA-00002-2026,https://www.aepd.es/documento/pa-00002-2026.pdf,"1 / 6  Expediente N.º: EXP202600423 RESOLUCIÓN DE     PROCEDIMIENTO DE APERCIBIMIENTO Del procedimiento instruido por la Agencia Española de Protección de Datos  y en base a los siguientes HECHOS PRIMERO :  A.A.A.  (en adelante, la parte reclamante), con fecha 13/02/2024, interpuso reclamación...","1/6  Expediente N.º: EXP202600423 RESOLUCIÓN DE     PROCEDIMIENTO DE APERCIBIMIENTO Del procedimiento instruido por la Agencia Española de Protección de Datos y en base a los siguientes HECHOS PRIMERO: A.A.A. (en adelante, la parte reclamante), con fecha 13/02/2024, interpuso reclamación ante la Agencia Española de Protección de Datos en los siguientes términos: La parte reclamante manifiesta haber solicitado a FINETWORK, en varias ocasiones, una copia de su contrato. También afirma que FINETWORK envió el 08/02/2024, en un sobre a su nombre y que recibió por correo postal, un contrato que corresponde a otro cliente, y en el que figuran nombre y apellidos, DNI, domicilio, número de teléfono y datos bancarios completos del tercero ajeno a la reclamación. Por otra parte, presume que la copia de su contrato habría sido remitida a otro cliente.  Junto a su reclamación aporta: - El sobre recibido, en el constan, entre otros, el nombre, apellidos, dirección y número de teléfono de la parte reclamante: - A.A.A. ***DIRECCIÓN.1 ATT: TEL. ***TELÉFONO.1 Asimismo, figura como remitente: Finetwork Avda San Luis de Cuba 7B 03600 Elda (Alicante/Alacant) Por otra parte, también consta: “entrega antes de 24 horas. F: 05/02/2024”. Escrito en bolígrafo: “08/02/2024”. - Contrato de 5 de enero de 2024 en el que figuran nombre y apellidos, número de DNI, dirección postal, dirección de correo electrónico, número de teléfono, número de cuenta corriente y el número de petición cliente de un tercero:  “Nombre o razón social: B.B.B. DNI/NIE/NIF: ***NIF.1 ***DIRECCIÓN.2 Email: ***EMAIL.1  TLF. Contacto: ***TELÉFONO.2 Portabilidad: (…) Tarifa: (…) C/ Jorge Juan, 6 www.aepd.es 28001 – Madrid sedeaepd.gob.es 2/6 (…) Número de petición cliente (…) IBAN: ES00-0000-0000-0000-0000-0000 (…)” En este contrato figura como parte contratante la empresa WEWI MOBILE, SL y cuya marca comercial es Finetwork. SEGUNDO: De conformidad con el artículo 65.4 de la Ley Orgánica 3/2018, de 5 de diciembre, de Protección de Datos Personales y garantía de los derechos digitales (en adelante LOPDGDD), se dio traslado de dicha reclamación a FINETWORK TV, S.L. con NIF B42524520 (en adelante, FINETWORK TV), para que procediese a su análisis e informase a esta Agencia en el plazo de un mes, de las acciones llevadas a cabo para adecuarse a los requisitos previstos en la normativa de protección de datos. La notificación del traslado de la reclamación, que se practicó conforme a las normas establecidas en la Ley 39/2015, de 1 de octubre, del Procedimiento Administrativo Común de las Administraciones Públicas (en adelante, LPACAP) mediante notificación electrónica, no fue recogida por la parte reclamada, dentro del plazo de puesta a disposición, entendiéndose rechazada conforme a lo previsto en el art. 43.2 de la LPACAP en fecha 29/03/2024, como consta en el certificado que obra en el expediente. Aunque la notificación se practicó por medios electrónicos, se envió una copia por correo postal que fue notificad...",Protección de datos personales,"Un cliente de Finetwork recibió por error un contrato con los datos personales de otro cliente, incluyendo nombre, apellidos, DNI, dirección, número de teléfono y datos bancarios. El cliente denunció el incidente a la AEPD, que inició un procedimiento de apercibimiento contra Finetwork.",Envío de contrato con datos personales de otro cliente | Denuncia del cliente a la AEPD | Notificación de la reclamación a Finetwork,No especificado,"Ley Orgánica 3/2018, de 5 de diciembre, de Protección de Datos Personales y garantía de los derechos digitales, Ley 39/2015, de 1 de octubre, del Procedimiento Administrativo Común de las Administraciones Públicas","protección de datos personales, Finetwork, contrato, datos personales, AEPD, notificación"
PS-00238-2025,https://www.aepd.es/documento/ps-00238-2025.pdf,1 / 17  Expediente N.º: EXP202416664 RESOLUCIÓN DE PROCEDIMIENTO SANCIONADOR Del procedimiento instruido por la Agencia Española de Protección de Datos  y en base a los siguientes ANTECEDENTES PRIMERO : Con fecha 28 de octubre de 2024 se interpuso reclamación ante la Agencia Española   de...,"1/17  Expediente N.º: EXP202416664 RESOLUCIÓN DE PROCEDIMIENTO SANCIONADOR Del procedimiento instruido por la Agencia Española de Protección de Datos y en base a los siguientes ANTECEDENTES PRIMERO: Con fecha 28 de octubre de 2024 se interpuso reclamación ante la Agencia Española de Protección de Datos por una posible infracción imputable a A.A.A. con NIF ***NIF.1. Los hechos que se pone en conocimiento de esta autoridad quedan plasmados en la reclamación presentada del siguiente modo: La parte reclamante manifiesta que una propiedad privada objeto de alquiler turístico tiene instaladas 3 cámaras que graban en dirección a zona de jardín, porche e interior de la casa a través de ventanal y zona de jacuzzi. Que carecen de cartel anunciador, de advertencia, dispositivo informativo o anuncio. El titular de las cámaras fue advertido de que no grabasen, y se puede observar que se encontraban activadas en varios momentos (imágenes nocturnas). Aporta imágenes de las cámaras, su ubicación, orientación y espacio que podrían captar (Anexo documental I).  SEGUNDO: De conformidad con el artículo 65.4 de la Ley Orgánica 3/2018, de 5 de diciembre, de Protección de Datos Personales y garantía de los derechos digitales (en adelante LOPDGDD), se dio traslado de dicha reclamación a F.J.P., para que procediese a su análisis e informase a esta Agencia en el plazo de un mes, de las acciones llevadas a cabo para adecuarse a los requisitos previstos en la normativa de protección de datos. La notificación del traslado de la reclamación, que se practicó conforme a las normas establecidas en la Ley 39/2015, de 1 de octubre, del Procedimiento Administrativo Común de las Administraciones Públicas (en adelante, LPACAP), fue realizada en fecha 09/12/2024 como consta en el acuse de recibo que obra en el expediente. Con fecha 08/01/2024 se recibe en esta Agencia escrito de respuesta indicando que el sistema de videovigilancia se compone de seis cámaras cuya finalidad es la de preservar la seguridad de la propiedad. La propiedad donde se encuentra instalado el sistema de videovigilancia objeto de esta reclamación es una casa de dos plantas, en la primera vive el responsable del tratamiento y la planta baja se alquila como alquiler vacacional. C/ Jorge Juan, 6 www.aepd.es 28001 – Madrid sedeaepd.gob.es 2/17 Aporta fotografía de las cámaras e imágenes de su campo de visión, en las mismas se observa que de las seis cámaras, sólo dos parecen estar captando la planta de arriba de la casa, una de estas cámaras además está captando vía pública (el mar y zona adyacente). El resto de cámaras están grabando tanto la entrada común a la propiedad, como el jardín de la parte de la vivienda que se alquila y un aparcamiento que la parte reclamada afirma que es de su uso privativo. La parte reclamada afirma que las imágenes sólo se ven en su teléfono móvil a través de usuario y contraseña. La parte reclamada manifiesta que tiene cartel informativo para que sus clientes conozcan de la existencia...",Videovigilancia,"Una propiedad privada objeto de alquiler turístico tiene instaladas cámaras que graban zonas comunes y espacios privados sin cartel anunciador, lo que motivó una reclamación ante la Agencia Española de Protección de Datos.",Instalación de 6 cámaras de videovigilancia | Grabación de zonas comunes y espacios privados | Falta de cartel informativo | Reclamación ante la Agencia Española de Protección de Datos,No especificado,"Art. 5 RGPD, Art. 6 RGPD, Ley Orgánica 3/2018, de 5 de diciembre, de Protección de Datos Personales y garantía de los derechos digitales (LOPDGDD)","videovigilancia, cámaras, alquiler turístico, protección de datos, cartel informativo, privacidad"
AI-00496-2024,https://www.aepd.es/documento/ai-00496-2024.pdf,1 / 6 Expediente N.º: EXP202415831 RESOLUCIÓN DE ARCHIVO DE ACTUACIONES De   las   actuaciones   practicadas   por   la  Agencia   Española   de   Protección   de   Datos   y teniendo como base los siguientes HECHOS PRIMERO :   La  Agencia   Española   de   Protección   de   Datos   ha   tenido...,"1/6 Expediente N.º: EXP202415831 RESOLUCIÓN DE ARCHIVO DE ACTUACIONES De las actuaciones practicadas por la Agencia Española de Protección de Datos y teniendo como base los siguientes HECHOS PRIMERO: La Agencia Española de Protección de Datos ha tenido conocimiento de ciertos hechos que podrían constituir una posible infracción de la legislación en materia de protección de datos relacionados con la publicación en ***PLATAFORMA.1 “***PERFIL.1” (en adelante, los investigados) de la imagen de un menor de edad (14 años) al que se hace referencia en tono de burla. Se pone de manifiesto que, aunque la publicación con la fotografía (…). SEGUNDO: La Subdirección General de Inspección de Datos procedió a la realización de actuaciones previas de investigación para el esclarecimiento de los hechos en cuestión, en virtud de las funciones asignadas a las autoridades de control en el artículo 57.1 y de los poderes otorgados en el artículo 58.1 del Reglamento (UE) 2016/679 (Reglamento General de Protección de Datos, en adelante RGPD), y de conformidad con lo establecido en el Título VII, Capítulo I, Sección segunda, de la LOPDGDD, teniendo conocimiento de los siguientes extremos: 1) Con fecha 11/11/2024 se ordena la retirada del contenido a META PLATFORMS IRELAND LIMITED (a través de FACEBOOK SPAIN, S.L.). Con fecha 18/11/2024 se recibe escrito de respuesta de META confirmando la retirada. 2) Con fecha 25/11/2024 se remite requerimiento de información a META PLATFORMS IRELAND LIMITED solicitando información identificativa del usuario responsable de las publicaciones. 3) Con fecha 21/02/2025 tiene entrada escrito de respuesta en el que aportan la siguiente información: Logins:  IP Address: (…)  Time: (…) Se consulta dicha IP en registros whois dando como resultado la operadora ***EMPRESA.1 C/ Jorge Juan, 6 www.aepd.es 28001 – Madrid sedeaepd.gob.es 2/6 4) Con fecha 24/02/2025 se remite requerimiento de información mediante notificación electrónica a la operadora solicitando la identificación del titular de la línea a la que estuvo asignada la IP. Dicha notificación consta como accedida en el sistema DEHÚ en fecha 06/03/2025. Se reitera con fecha 21/03/2025 constando como accedida en fecha 27/03/2025. 5) Con fecha 10/04/2025 tiene entrada escrito de respuesta en el que aportan la siguiente información relativa al titular: A.A.A. NIF: ***NIF.1  ***DIRECCIÓN.1  Telf.1: ***TELÉFONO.1 5) Con fecha 14/04/2025 se remite requerimiento de información mediante notificación postal a A.A.A. solicitando que informase acerca del responsable de las publicaciones, así como la justificación que legitimaba dicho tratamiento. 6) Con fecha 24/05/2025 tiene entrada escrito de respuesta en el que el investigado manifiesta lo siguiente: “(…) LE INFORMO QUE EL RESPONSABLE DE DICHA PUBLICACIÓN ES (...), CON DOMICILIO EN ***DIRECCIÓN.2 ,EL CUAL MANIFIESTA QUE NO ES AUTOR DE TODAS LAS PUBLICACIONES QUE APARECEN EN EL ANEXO 1 DEL EXPEDIENTE EN CUESTIÓN .” 6) Con fecha 04/07/2025 se remite ...",Protección de datos de menores,"La AEPD investigó la publicación en una plataforma de una imagen de un menor de edad en tono de burla, y tras various requerimientos de información, se identificó al responsable de la publicación y se esclarecieron los hechos",Publicación de imagen de menor de edad en plataforma | Investigación de la AEPD | Retirada del contenido por META PLATFORMS IRELAND LIMITED | Identificación del usuario responsable de las publicaciones,No especificado,"Art. 57.1 RGPD, Art. 58.1 RGPD, Título VII, Capítulo I, Sección segunda de la LOPDGDD","protección de datos, menores de edad, publicación en plataforma, investigación, AEPD, RGPD, LOPDGDD"
AI-00152-2025,https://www.aepd.es/documento/ai-00152-2025.pdf,"1 / 4  Expediente  N.º: EXP202505582 RESOLUCIÓN DE ARCHIVO DE ACTUACIONES De   las   actuaciones   practicadas   por   la  Agencia   Española   de   Protección   de   Datos   y teniendo como base los siguientes HECHOS PRIMERO :   Con   fecha   7   de   abril   de   2023,   se   presentó...","1/4  Expediente N.º: EXP202505582 RESOLUCIÓN DE ARCHIVO DE ACTUACIONES De las actuaciones practicadas por la Agencia Española de Protección de Datos y teniendo como base los siguientes HECHOS PRIMERO: Con fecha 7 de abril de 2023, se presentó reclamación ante la Agencia Española de Protección de Datos contra SURECOM CORPORATION, N.V. (en adelante la parte reclamada) con domicilio en LANDHUIS JOONCHI, KAYA RICHARD J. BEAUJON Z/N, - PO BOX 837, WILLEMSTAD, CURAÇAO.  La parte reclamante manifiesta que tenía una cuenta en el sitio web ***WEB.1, que fue cerrada por el responsable de manera automática tras no acceder a la misma durante mucho tiempo, y que al tratar de registrarse de nuevo utilizando la misma dirección de correo electrónico no pudo. El motivo proporcionado por el sistema era que esa dirección de correo electrónico ya estaba siendo utilizada, por lo que solicitó la supresión de ese dato. Su solicitud no fue satisfecha, siendo informado de la conservación de ese dato y sugiriendo la creación de una nueva cuenta con otra dirección de correo electrónico. Se aportan capturas de pantalla de los correos electrónicos intercambiados con el servicio de soporte de (…) en los que se desprende que el mencionado servicio de soporte i) informa al reclamante de que la cuenta se cerró automáticamente por inactividad por motivos de seguridad y que no se podrá restaurar indicándole que deberá crear una nueva cuenta ii) el reclamante manifiesta su deseo de que su correo electrónico se mantenga en los servidores de la parte reclamada iii) el reclamante solicita la supresión de sus datos personales iv) la parte reclamada le informa de que la aceptación de los términos y condiciones del servicio conlleva la conservación de cierta información del reclamante, ante lo que éste manifiesta su rechazo.   SEGUNDO: Con fecha 7 de junio de 2023, de conformidad con lo establecido en el artículo 56 del RGPD, se remitió la reclamación a la Autoridad de Control de Irlanda la reclamación al considerar que GRANITY ENTERTAINMENT, DAC - designado como responsable del tratamiento en la política de privacidad de la plataforma- tenía su establecimiento principal en dicho país y por ende correspondería a la autoridad de protección de datos de ese Estado actuar como autoridad de control principal. De dicho trámite se informó al reclamante.  El 3 de agosto de 2023, la Autoridad de Control irlandesa comunicó a esta Agencia que, tras haber recibido con fecha 2 de agosto el cuestionario que remitió a (…), se había determinado que el responsable del tratamiento tenía su sede en Curaçao, por lo que sería competencia de esta Agencia la tramitación y resolución de la reclamación. Además, facilitaba la información de contacto del representante de la parte reclamada en la Unión Europea, SMARTX NET APPS SRL.  C/ Jorge Juan, 6 www.aepd.es 28001 – Madrid sedeaepd.gob.es 2/4 TERCERO: Con fecha 13 de noviembre de 2023, de conformidad con el artículo 65 de la LOPDGDD, se admitió a trámite la rec...",Protección de datos personales,Un usuario denunció a la Agencia Española de Protección de Datos que su cuenta en un sitio web fue cerrada automáticamente y no pudo registrarse de nuevo con la misma dirección de correo electrónico. La empresa responsable del sitio web se negó a suprimir sus datos personales.,Cierre automático de la cuenta del usuario | Imposibilidad de registrarse de nuevo con la misma dirección de correo electrónico | Solicitud de supresión de datos personales | Negativa de la empresa a suprimir los datos,No especificado,"Art. 56 RGPD, Art. 65 LOPDGDD","protección de datos, cuenta cerrada, registro, supresión de datos, RGPD, LOPDGDD"
PD-00077-2026,https://www.aepd.es/documento/pd-00077-2026.pdf,1 / 5  Expediente N.º: EXP202520906   RESOLUCIÓN DE PROCEDIMIENTO DE DERECHOS Vista   la   reclamación   registrada   en   fecha   22   de   octubre   de   2025   ante   esta  Agencia   y realizadas   las   actuaciones   procedimentales   previstas   en   el   Título   VIII   de   la   Ley...,"1/5  Expediente N.º: EXP202520906   RESOLUCIÓN DE PROCEDIMIENTO DE DERECHOS Vista la reclamación registrada en fecha 22 de octubre de 2025 ante esta Agencia y realizadas las actuaciones procedimentales previstas en el Título VIII de la Ley Orgánica 3/2018, de 5 de diciembre, de Protección de Datos Personales y garantía de los derechos digitales (en lo sucesivo LOPDGDD), se han constatado los siguientes HECHOS PRIMERO: La parte reclamante ejerció derecho de Acceso frente al reclamado y su solicitud, según manifiesta la parte reclamante, no recibió la contestación legalmente establecida. La parte reclamante aporta diversa documentación relativa a la reclamación planteada ante esta Agencia y sobre el ejercicio del derecho ejercitado. SEGUNDO    : Una vez cumplido el trámite previsto en el artículo 65.4 de la LOPDGDD, se admitió a trámite la reclamación y se concedió a la entidad reclamada trámite de audiencia, para que en el plazo de diez días hábiles presentase las alegaciones que estimara convenientes. La entidad reclamada no ha acreditado, con ocasión de los trámites formalizados, que haya dado respuesta a la solicitud de ejercicio de derechos que le fue presentada por la parte reclamante. FUNDAMENTOS DE DERECHO I  Competencia De acuerdo con los poderes que el artículo 58.2 del Reglamento (UE) 2016/679 (Reglamento General de Protección de Datos, en adelante RGPD), otorga a cada autoridad de control y según lo establecido en los artículos 47, 48.1 y 64.1 de la Ley Orgánica 3/2018, de 5 de diciembre, de Protección de Datos Personales y garantía de los derechos digitales (en adelante, LOPDGDD), es competente para resolver este procedimiento la Presidencia de la Agencia Española de Protección de Datos. Asimismo, el artículo 63.2 de la LOPDGDD determina que: ""Los procedimientos tramitados por la Agencia Española de Protección de Datos se regirán por lo dispuesto en el Reglamento (UE) 2016/679, en la presente ley orgánica, por las disposiciones reglamentarias dictadas en su desarrollo y, en cuanto no las contradigan, con carácter subsidiario, por las normas generales sobre los procedimientos administrativos."" C/ Jorge Juan, 6 www.aepd.es 28001 – Madrid sedeaepd.gob.es 2/5 II  Cuestiones previas De conformidad con lo establecido en el artículo 55 del RGPD, la Agencia Española de Protección de Datos es competente para desempeñar las funciones que se le asignan en su artículo 57, entre ellas, la de hacer aplicar el Reglamento y promover la sensibilización de los responsables y los encargados del tratamiento acerca de las obligaciones que les incumben, así como tratar las reclamaciones presentadas por un interesado e investigar, en la medida oportuna, el motivo de las mismas.  Correlativamente, el artículo 31 del RGPD establece la obligación de los responsables y encargados del tratamiento de cooperar con la autoridad de control que lo solicite en el desempeño de sus funciones. Para el caso de que éstos hayan designado un delegado de protección de datos, ...",Derecho de Acceso,"Un individuo ejerció su derecho de acceso a una entidad, pero no recibió la respuesta legalmente establecida. La AEPD admitió a trámite la reclamación y concedió a la entidad reclamada un trámite de audiencia, pero la entidad no acreditó haber respondido a la solicitud de ejercicio de derechos.",Ejercicio del derecho de acceso | Falta de respuesta de la entidad reclamada | Admisión a trámite de la reclamación,No especificado,"Art. 58.2 RGPD, Art. 55 RGPD, Art. 31 RGPD","Derecho de Acceso, AEPD, RGPD, LOPDGDD, Reclamación, Entidad reclamada"
AI-00492-2024,https://www.aepd.es/documento/ai-00492-2024.pdf,"1 / 8  Expediente N.º: EXP202412688 RESOLUCIÓN DE ARCHIVO DE ACTUACIONES De   las   actuaciones   practicadas   por   la  Agencia   Española   de   Protección   de   Datos   y teniendo como base los siguientes HECHOS PRIMERO :  Con   fecha  11  de   julio  de   2024,  se  presentó  ante   la...","1/8  Expediente N.º: EXP202412688 RESOLUCIÓN DE ARCHIVO DE ACTUACIONES De las actuaciones practicadas por la Agencia Española de Protección de Datos y teniendo como base los siguientes HECHOS PRIMERO: Con fecha 11 de julio de 2024, se presentó ante la Agencia Española de Protección de Datos una reclamación dirigida contra RCI BANQUE, S.A. SUCURSAL EN ESPAÑA, con NIF W0014596A (en adelante, RCI) e IBICE DT OPERACIONES, S.L., con NIF B85764678, (en adelante, IBICE), en la que la parte reclamante ponía de manifiesto que con fecha 3 de julio de 2024 recibió en su cuenta bancaria una domiciliación correspondiente a un recibo emitido por IBICE, relativo a un seguro de asesoría jurídica que afirmaba no haber contratado y que tenía relación con la operación de financiación de su vehículo, realizada con RCI. Junto a la reclamación aportó copia de un mensaje de correo electrónico de fecha 9 de julio de 2024, remitido por RCI en respuesta a un mensaje previo de la parte reclamante. RCI le informa de que el alta se realizó a través de un enlace que se le envió y a través del cual introdujo sus datos personales y “también debía marcar el check del consentimiento de la cesión de datos con descarga de condiciones y el de la política de privacidad, así como la aceptación de darse de alta en el servicio. Con lo cual, en ese momento usted aceptó de manera expresa el servicio y dio su conformidad para tenerlo. Por ese motivo tampoco tenemos ningún documento para poderle enviar"". SEGUNDO: De conformidad con el artículo 65.4 de la Ley Orgánica 3/2018, de 5 de diciembre, de Protección de Datos Personales y garantía de los derechos digitales (en adelante LOPDGDD), se dio traslado de dicha reclamación a RCI, para que procediese a su análisis e informase a esta Agencia en el plazo de un mes, de las acciones llevadas a cabo para adecuarse a los requisitos previstos en la normativa de protección de datos. El traslado, que se practicó conforme a las normas establecidas en la Ley 39/2015, de 1 de octubre, del Procedimiento Administrativo Común de las Administraciones Públicas (en adelante, LPACAP), fue recogido en fecha 26 de septiembre de 2024, como consta en el acuse de recibo que obra en el expediente. Con fecha 25 de octubre de 2024 se recibió en esta Agencia escrito de respuesta, en el que RCI puso de manifiesto: “RCI y la Parte Reclamante mantienen una relación comercial fruto de la formalización del contrato de préstamo número ***CONTRATO.1 de fecha 17 de junio de 2021 (en adelante, el “Contrato de Préstamo”).  C/ Jorge Juan, 6 www.aepd.es 28001 – Madrid sedeaepd.gob.es 2/8 1. En el momento de formalizar el Contrato de Préstamo, la Parte Reclamante otorgó su consentimiento expreso a que la Entidad pudiera ofrecerle, por cualquier medio, incluso electrónico, productos y servicios comercializados por RCI (propios o de terceros).  2. En base a ese consentimiento, la Entidad pudo dirigir a la Parte Reclamante la comunicación sobre el servicio de Asesoría jurídica prestad...",Protección de datos personales,"Un individuo denunció a RCI BANQUE, S.A. y a IBICE DT OPERACIONES, S.L. por una domiciliación bancaria relacionada con un seguro de asesoría jurídica que no había contratado. La AEPD investigó y RCI argumentó que el individuo había dado su consentimiento expreso para el servicio al aceptar los términos y condiciones durante la contratación de un préstamo.",Denuncia por domiciliación bancaria no solicitada | RCI argumenta consentimiento expreso del individuo | Investigación de la AEPD sobre el tratamiento de datos personales,No especificado,"Art. 6 RGPD, LOPDGDD","protección de datos, consentimiento expreso, domiciliación bancaria, seguro de asesoría jurídica, RCI BANQUE, IBICE DT OPERACIONES"
PS-00639-2025,https://www.aepd.es/documento/ps-00639-2025.pdf,"1 / 11  Procedimiento Nº: EXP202515026  (PS/00639/2025)   RESOLUCION DE PROCEDIMIENTO SANCIONADOR De las actuaciones practicadas por la Agencia Española de Protección de Datos (en lo sucesivo, AEPD) y en base a los siguientes: ANTECEDENTES PRIMERO:  En fecha 15 de julio de 2025 se interpuso...","1/11  Procedimiento Nº: EXP202515026 (PS/00639/2025)  RESOLUCION DE PROCEDIMIENTO SANCIONADOR De las actuaciones practicadas por la Agencia Española de Protección de Datos (en lo sucesivo, AEPD) y en base a los siguientes: ANTECEDENTES PRIMERO: En fecha 15 de julio de 2025 se interpuso reclamación ante la AEPD.  La reclamación se dirige contra la entidad THE WAY MEDIA MARKETING AND DIGITAL SERVICES, S.L.  con NIF.: B44789139 (en adelante, la parte reclamada), por la presunta vulneración de la Ley 34/2002, de 11 de julio, de Servicios de la Sociedad de la Información y Comercio Electrónico (en lo sucesivo, LSSI). La parte reclamante manifiesta en su escrito de reclamación que recibe comunicaciones comerciales por parte de la entidad reclamada sin haber otorgado su consentimiento, afirmando que no ha mantenido contacto previo con la misma ni ha facilitado sus datos personales. Señala asimismo que, aun en el hipotético caso de haberlos proporcionado, niega expresamente haber consentido el envío de publicidad. Indica que recibió un correo electrónico de dichas características también el día 6 de julio de 2025 y que viene recibiendo este tipo de comunicaciones con una periodicidad aproximada de una semanal desde hace varios meses. Junto al escrito de reclamación, se acompaña la siguiente documentación: - Fechado el 15/07/2025, correo electrónico de carácter comercial, remitido desde la dirección ***EMAIL.1, dirigido al correo ***EMAIL.2, con el asunto: “A.A.A., Tu préstamo está en riesgo—¡actúa ahora!”, cuyo contenido consiste en una comunicación publicitaria en la que se promociona la contratación de préstamos personales online. SEGUNDO: Con fecha 22 de septiembre de 2025, de conformidad con lo estipulado en el artículo 65.4 de la Ley Orgánica 3/2018, de 5 de diciembre, de Protección de Datos Personales y Garantía de los Derechos Digitales, (en lo sucesivo, LOPDGDD), por parte de esta Agencia, se dio traslado de dicha reclamación a la parte reclamada para que procediese a su análisis e informase, en el plazo de un mes, sobre lo que se exponía en el escrito de reclamación. El traslado se practicó conforme a las normas establecidas en la Ley 39/2015, de 1 de octubre, del Procedimiento Administrativo Común de las Administraciones Públicas (en lo sucesivo, LPACAP), mediante notificación electrónica, con el siguiente resultado: “Ha sido expirada por caducidad, al superarse el plazo establecido para la comparecencia, a fecha de 13/10/25 00:00.”, según consta en el certificado existente en el expediente.  No consta ningún tipo de respuesta del reclamado a dicho traslado. C/ Jorge Juan, 6 www.aepd.es 28001 – Madrid sedeaepd.gob.es 2/11 TERCERO: Con fecha 15 de octubre de 2025, de conformidad con el artículo 65 de la LOPDGDD, se admitió a trámite la reclamación presentada por la parte reclamante. CUARTO: Con fecha 22 de diciembre de 2025 la Presidencia de la Agencia Española de Protección de Datos acordó iniciar procedimiento sancionador a la parte reclamada...",Publicidad por correo electrónico,"Una persona denunció a la AEPD por recibir comunicaciones comerciales por parte de THE WAY MEDIA MARKETING AND DIGITAL SERVICES, S.L. sin haber otorgado su consentimiento. La AEPD analizó la reclamación y dio traslado a la entidad, la cual no respondió. Se inició un procedimiento sancionador.",Reclamación por publicidad no solicitada | Envío de correo electrónico publicitario sin consentimiento | Falta de respuesta de la entidad reclamada,No especificado,"Ley 34/2002, de 11 de julio, de Servicios de la Sociedad de la Información y Comercio Electrónico (LSSI)","publicidad por correo electrónico, consentimiento, LSSI, procedimiento sancionador, AEPD"
PS-00159-2025,https://www.aepd.es/documento/ps-00159-2025.pdf,"1 / 31  Expediente N.º: EXP202500616 RESOLUCIÓN DE TERMINACIÓN DEL PROCEDIMIENTO POR RECONOCIMIENTO DE RESPONSABILIDAD Y PAGO VOLUNTARIO Del procedimiento instruido por la Agencia Española de Protección de Datos  y en base a los siguientes ANTECEDENTES PRIMERO :  Con fecha 2 de marzo de 2026 ,  la...","1/31  Expediente N.º: EXP202500616 RESOLUCIÓN DE TERMINACIÓN DEL PROCEDIMIENTO POR RECONOCIMIENTO DE RESPONSABILIDAD Y PAGO VOLUNTARIO Del procedimiento instruido por la Agencia Española de Protección de Datos y en base a los siguientes ANTECEDENTES PRIMERO: Con fecha 2 de marzo de 2026, la Presidencia de la Agencia Española de Protección de Datos  acordó iniciar procedimiento sancionador a  ACVIL APARCAMIENTOS, S.L.U (en adelante, ACVIL), mediante el acuerdo que se transcribe: <<   Expediente     N.º: EXP202500616 ACUERDO DE INICIO DE PROCEDIMIENTO SANCIONADOR De las actuaciones practicadas por la Agencia Española de Protección de Datos y en  base a los siguientes HECHOS PRIMERO: Con fecha 13 de diciembre de 2024 se interpuso reclamación ante la Agencia Española de Protección de Datos por una posible infracción imputable a ACVIL APARCAMIENTOS, S.L.U con NIF B73454134 (en adelante, ACVIL o parte reclamada).  Los hechos que se ponen en conocimiento de esta autoridad son: La parte reclamante manifiesta que, tras un incidente producido en su vehículo mientras se encontraba aparcado en una plaza de un garaje gestionado por la parte reclamada, solicitó a ésta a través de correo electrónico, en fecha 23 de febrero de 2024, el acceso a imágenes del sistema de videovigilancia del garaje, para obtener la grabación de un incidente que afectó a su vehículo.  Manifiesta que recibió contestación el día 4 de abril de 2024, fuera del plazo establecido a tal efecto por la normativa de protección de datos, donde negaban el acceso pretendido y le instaban a que presentara denuncia ante un Cuerpo de Seguridad del Estado.  C/ Jorge Juan, 6 www.aepd.es 28001 – Madrid sedeaepd.gob.es 2/31 Señala que, tras poner nuevamente de manifiesto su derecho a acceder a dichas imágenes en las que se expongan los datos de la matrícula de su vehículo, indicando que resultaba improcedente que se exigiera denuncia previa por no existir precepto legal que lo exigiera, y exponiendo los fundamentos jurídicos que entiende justifican dicho acceso, recibió nueva comunicación el día 5 de abril de 2024 en la que reiteraban la negativa, indicando que no daban las grabaciones salvo a la policía o a un juez, y que, en cualquier caso, las imágenes ya habían expirado. Junto al escrito, se aporta, entre otra documentación: 1. Copia del correo electrónico enviado en fecha 23 de febrero de 2024 a la dirección de correo electrónico “***EMAIL.1” con el asunto: solicitud formal de derecho de acceso-grabaciones cámaras de seguridad-parking parkia (…); con el siguiente contenido:  “A la atención de Parkia Iniciativas, S.L.U., (ACVIL APARCAMIENTOS, S.L.) y posibles entidades del Grupo Parkia responsables del tratamiento de datos personales: En mi condición de letrado de don A.A.A., y, en su representación, por medio de la presente formulo petición formal para la obtención de copia de imágenes captadas por las videocámaras de seguridad del parking explotado por vuestra entidad, todo ello, al amparo de los...",Videovigilancia y derecho de acceso,"Una persona solicitó acceso a imágenes de videovigilancia de un garaje para obtener grabaciones de un incidente que afectó a su vehículo. La empresa gestora del garaje negó el acceso, indicando que solo proporcionaban grabaciones a la policía o a un juez y que las imágenes ya habían expirado.",Solicitud de acceso a imágenes de videovigilancia | Negativa de la empresa gestora del garaje | Reiteración de la negativa y expiración de las imágenes,No especificado,Art. 15 RGPD,"videovigilancia, derecho de acceso, garaje, imágenes de seguridad, protección de datos"
PS-00166-2024,https://www.aepd.es/documento/ps-00166-2024.pdf,"1 / 47  Expediente N.º: EXP202403154 RESOLUCIÓN DE PROCEDIMIENTO SANCIONADOR Del procedimiento instruido por la Agencia Española de Protección de Datos  y en base a los siguientes ANTECEDENTES PRIMERO : En fecha 12 de febrero de 2024, se interpuso reclamación ante la Agencia Española   de...","1/47  Expediente N.º: EXP202403154 RESOLUCIÓN DE PROCEDIMIENTO SANCIONADOR Del procedimiento instruido por la Agencia Española de Protección de Datos y en base a los siguientes ANTECEDENTES PRIMERO: En fecha 12 de febrero de 2024, se interpuso reclamación ante la Agencia Española de Protección de Datos, por una posible infracción imputable a la UNIVERSIDAD COMPLUTENSE DE MADRID, con NIF Q2818014I (en adelante, UCM).  Los hechos que se ponen en conocimiento de esta autoridad son: La parte reclamante expone que, en septiembre del 2023, presentó una instancia para participar en un proceso selectivo (…) de la Universidad Complutense de Madrid.  Para exonerarse del pago de la tasa, se acogió a su condición de víctima de violencia de género, adjuntando para ello el título habilitante de los servicios sociales.  En fecha 7 de diciembre, se abrió un proceso de información pública. Al no estar conforme con la puntuación otorgada, interpuso una reclamación ante la Comisión de Reclamaciones de la Universidad Complutense de Madrid. Señala que, en fecha 9 de febrero de 2024, le fue notificada, a través de su correo electrónico, la resolución de su reclamación. En dicha resolución se hacía referencia expresa a su condición de víctima de violencia de género cuando en la reclamación no se mencionaba esta circunstancia. Reclama que dicha resolución haya sido notificada al resto de los candidatos, tal y como la Comisión le confirmó por correo electrónico. Entiende por tanto que se ha quebrantado la normativa de protección de datos al haberse revelado a terceros su condición de víctima de violencia de género, ya que la actuación debe maximizar la protección de los datos y la intimidad de este colectivo y evitar que, a la conmoción producida por el daño físico, psíquico, familiar, social o económico, se añada una segunda victimización derivada de un inadecuado tratamiento de su información personal en la ejecución de los procedimientos en los que participen. Junto al escrito, aporta copia de la Resolución dictada, en fecha 9 de febrero de 2024, por el Rectorado de la UCM. En dicho documento, tras identificar a las dos personas que habían presentado reclamación- entre ellas, la reclamante ante la AEPD: se indica lo siguiente: (…) la Comisión de Reclamaciones (…) ha decidido su acumulación por existir entre las mismas la íntima conexión a la que se refiere el artículo 57 de la Ley 39/2015, de 1 de octubre, del Procedimiento Administrativo Común de la Administraciones Pública. C/ Jorge Juan, 6 www.aepd.es 28001 – Madrid sedeaepd.gob.es 2/47 A continuación, se detallan los argumentos recogidos en sendas reclamaciones sin que quede reflejo de la condición de víctima de violencia de género de la reclamante ante esta AEPD.  Posteriormente, en la valoración de los argumentos en los que se basa la reclamación presentada por la reclamante ante esta AEPD, se indica lo siguiente:  Respecto a la segunda reclamación, la Comisión de Selección “ha solicitado documentación compleme...",Protección de datos personales,Una persona presentó una reclamación ante la AEPD por la posible infracción de la Universidad Complutense de Madrid al revelar su condición de víctima de violencia de género en una resolución notificada a otros candidatos en un proceso selectivo.,Presentación de instancia para participar en un proceso selectivo | Revelación de condición de víctima de violencia de género en resolución notificada a otros candidatos | Reclamación ante la AEPD,No especificado,RGPD,"protección de datos personales, víctima de violencia de género, Universidad Complutense de Madrid, proceso selectivo, revelación de información personal"
PA-00045-2025,https://www.aepd.es/documento/pa-00045-2025.pdf,1 / 14  Expediente N.º: EXP202417511 RESOLUCIÓN DE     PROCEDIMIENTO DE APERCIBIMIENTO Del procedimiento instruido por la Agencia Española de Protección de Datos  y en base a los siguientes ANTECEDENTES PRIMERO :   La  Agencia   Española   de   Protección   de   Datos   ha   tenido   conocimiento...,"1/14  Expediente N.º: EXP202417511 RESOLUCIÓN DE     PROCEDIMIENTO DE APERCIBIMIENTO Del procedimiento instruido por la Agencia Española de Protección de Datos y en base a los siguientes ANTECEDENTES PRIMERO: La Agencia Española de Protección de Datos ha tenido conocimiento de ciertos hechos que podrían constituir una posible infracción imputable a A.A.A. con DNI ***NIF.1 (en adelante, A.A.A. o la parte denunciada).  Los hechos que se pusieron en conocimiento de esta autoridad fueron los siguientes: El Juzgado de lo Penal número (...) remite a esta Autoridad testimonio de la sentencia número  ***REFERENCIA.1,  dictada en el procedimiento abreviado ***REFERENCIA.2, a los efectos acordados en la propia sentencia. La sentencia deviene firme el 19 de septiembre de 2024. En el fundamento jurídico primero de la sentencia ***REFERENCIA.1, como cuestión previa se recoge “1º La defensa del acusado formula como cuestión previa aportar en ese momento, 1º Antecedentes penales de B.B.B. (…)”  “El Ministerio Fiscal considera que es impertinente admitir este documento”. La Sentencia señala que “El documento fotocopia de antecedentes penales de B.B.B., que no ha sido parte de este proceso, se declara impertinente, y se debe denunciar el exceso en la defensa por parte del Letrado de la defensa del acusado, pues ha conocido los antecedentes penales de una persona, en el ejercicio de su profesión de Abogado, pero no puede hacer uso de ellos en otro proceso, por tanto se considera que se debe denunciar este exceso a la Agencia Española de Protección de Datos, por si los hechos pueden ser constitutivos de alguna conducta leve prevista en el art. 74.a) de la Ley Orgánica 3/2018,…” Respecto al momento en el que se comete la presunta infracción, del antecedente de hecho primero se desprende que, con fecha 22 de octubre de 2020, tuvo entrada en el Juzgado de lo Penal número (…), procedimiento abreviado instruido por el Juzgado de Instrucción número (…), en el que se decretó, por auto de fecha 31 de julio de 2020, la apertura de juicio oral contra el acusado. Incoado el correspondiente procedimiento por el Juzgado, y previa admisión de los medios de prueba que se estimaron pertinentes, se señaló día para la celebración de juicio oral, que tuvo lugar el ***FECHA.1. Inicialmente se cuenta con la siguiente documentación: - Escrito del Juzgado de lo Penal número (...), en el que comunica que, de conformidad con la Providencia dictada, se adjunta testimonio de la sentencia C/ Jorge Juan, 6 www.aepd.es 28001 – Madrid sedeaepd.gob.es 2/14 ***REFERENCIA.1 dictada en fecha ***FECHA.2, con los efectos acordados en la propia sentencia. - Sentencia número ***REFERENCIA.1 dictada en el procedimiento abreviado ***REFERENCIA.2 por el Juzgado de lo Penal número (…), recoge en la parte dispositiva “Firme que sea esta resolución se procederá a dar traslado de testimonio de los antecedentes penales de B.B.B., como denuncia ante la Agencia de Protección de Datos”. La sentencia, según consta...",Protección de datos personales,"Un abogado accedió a los antecedentes penales de una persona sin autorización y los utilizó en un proceso judicial, lo que podría constituir una infracción de la Ley Orgánica 3/2018",Acceso no autorizado a antecedentes penales | Uso de información personal en un proceso judicial | Denuncia al abogado por posible infracción de la Ley Orgánica 3/2018,No especificado,Art. 74.a) de la Ley Orgánica 3/2018,"protección de datos personales, antecedentes penales, abogado, infracción, Ley Orgánica 3/2018"
AI-00507-2024,https://www.aepd.es/documento/ai-00507-2024.pdf,"1 / 8  Expediente N.º: EXP202412326 RESOLUCIÓN DE ARCHIVO DE ACTUACIONES De   las   actuaciones   practicadas   por   la  Agencia   Española   de   Protección   de   Datos   y teniendo como base los siguientes: HECHOS PRIMERO : Con fecha 12 de agosto de 2024, se presentó reclamación ante la...","1/8  Expediente N.º: EXP202412326 RESOLUCIÓN DE ARCHIVO DE ACTUACIONES De las actuaciones practicadas por la Agencia Española de Protección de Datos y teniendo como base los siguientes: HECHOS PRIMERO: Con fecha 12 de agosto de 2024, se presentó reclamación ante la Agencia Española de Protección de Datos contra HANGAR SPORT ENTER, S.L., con NIF: B05261672, en adelante HANGAR o parte reclamada. Los motivos en que basa la reclamación son los siguientes: La parte reclamante manifiesta que con fecha 3 de agosto de 2024 se inscribió como socia en el gimnasio ***GIMNASIO.1 de ***LOCALIDAD.1 y expone que, “habiendo leído y firmado el contrato, el último paso para proceder al registro como socia fue dar mi huella como doble autenticación de acceso al recinto junto a una pulsera”. Así las cosas, señala que en el contrato sólo se hace referencia a una pulsera que el centro entrega al socio para el acceso al recinto a través de los tornos y que, en ningún caso se establece la recogida de la huella para el acceso al gimnasio. SEGUNDO: Con fecha 12 de noviembre de 2024, de conformidad con el artículo 65 de la LOPDGDD, se admitió a trámite la reclamación presentada. TERCERO: La Subdirección General de Inspección de Datos procedió a la realización de actuaciones previas de investigación para el esclarecimiento de los hechos en cuestión, en virtud de las funciones asignadas a las autoridades de control en el artículo 57.1 y de los poderes otorgados en el artículo 58.1 del Reglamento (UE) 2016/679 (Reglamento General de Protección de Datos, en adelante RGPD), y de conformidad con lo establecido en el Título VII, Capítulo I, Sección segunda, de la LOPDGDD, teniendo conocimiento de los siguientes extremos: - HANGAR contó, al menos, entre 2022 y septiembre de 2025 con un sistema de acceso a sus instalaciones mediante datos biométricos basado en la lectura de la huella dactilar. Se trataba de un sistema 1:1 que requería el previo paso de la pulsera identificativa para el acceso al gimnasio. - HANGAR no contaba con una EIPD en tanto que consideraba que, al generarse un hash y tratarse de un sistema 1:1, no era necesario. - A 19 de septiembre de 2025 asegura que el acceso sólo se realiza mediante dispositivo RFID o código QR, según la configuración elegida por el usuario, sin lectura de huella.  C/ Jorge Juan, 6 www.aepd.es 28001 – Madrid sedeaepd.gob.es 2/8 FUNDAMENTOS DE DERECHO I  Competencia De acuerdo con las funciones que el artículo 57.1 a), f) y h) RGPD confiere a cada autoridad de control y según lo dispuesto en los artículos 47 y 48.1 de la LOPDGDD, es competente para resolver estas actuaciones de investigación la Presidencia de la Agencia Española de Protección de Datos. Asimismo, el artículo 63.2 de la LOPDGDD determina que: ""Los procedimientos tramitados por la Agencia Española de Protección de Datos se regirán por lo dispuesto en el Reglamento (UE) 2016/679, en la presente ley orgánica, por las disposiciones reglamentarias dictadas en su desarrollo y, en...",Protección de datos personales,"Una persona se inscribió en un gimnasio y se le pidió que diera su huella dactilar como método de autenticación, aunque en el contrato no se mencionaba este requisito. La AEPD investigó y encontró que el gimnasio utilizaba un sistema de acceso biométrico sin tener un registro de actividades de tratamiento de datos personales.",Inscripción en un gimnasio | Solicitud de huella dactilar para acceso | Falta de mención en el contrato | Uso de sistema de acceso biométrico,No especificado,"Art. 57.1 RGPD, Art. 58.1 RGPD, Art. 65 LOPDGDD","protección de datos, gimnasio, huella dactilar, autenticación, LOPDGDD, RGPD"
AI-00029-2025,https://www.aepd.es/documento/ai-00029-2025.pdf,1 / 9  Expediente N.º: EXP202415439 RESOLUCIÓN DE ARCHIVO DE ACTUACIONES De las actuaciones practicadas por la Agencia Española de Protección de Datos  y en  base a los siguientes HECHOS PRIMERO : Con fecha 10 de octubre de 2024 se interpuso reclamación ante la Agencia Española   de   Protección...,"1/9  Expediente N.º: EXP202415439 RESOLUCIÓN DE ARCHIVO DE ACTUACIONES De las actuaciones practicadas por la Agencia Española de Protección de Datos y en  base a los siguientes HECHOS PRIMERO: Con fecha 10 de octubre de 2024 se interpuso reclamación ante la Agencia Española de Protección de Datos por una posible infracción imputable a A.A.A. con NIF ***NIF.1 (en adelante, A.A.A. o la parte reclamada), en tanto que ostenta la condición de titular de una oficina de farmacia.  Los hechos que se pone en conocimiento de esta autoridad son: La parte reclamante señala que la parte reclamada (…) ha accedido sin autorización a sus datos personales consagrados en el aplicativo IPAF (Identificación de Pacientes y aportación farmacéutica) de la Comunidad de Madrid.  A estos efectos, presenta junto a su reclamación copia de dos informes del Comité Delegado de Protección de Datos del Servicio Madrileño de salud por el que le confirma que desde la IP de la farmacia de la parte reclamada se habrían producido 5 accesos entre enero y febrero de 2024 y otros dos accesos entre los meses de marzo y mayo de 2024, datando el último de ellos de 12 de mayo de 2024. SEGUNDO: De conformidad con el artículo 65.4 de la Ley Orgánica 3/2018, de 5 de diciembre, de Protección de Datos Personales y garantía de los derechos digitales (en adelante LOPDGDD), se dio traslado de dicha reclamación a la parte reclamada para que procediese a su análisis e informase a esta Agencia en el plazo de un mes, de las acciones llevadas a cabo para adecuarse a los requisitos previstos en la normativa de protección de datos. La notificación del traslado de la reclamación, que se practicó conforme a las normas establecidas en la Ley 39/2015, de 1 de octubre, del Procedimiento Administrativo Común de las Administraciones Públicas (en adelante, LPACAP), fue realizada en fecha 07/11/2024 como consta en el acuse de recibo que obra en el expediente. Con fecha 04/12/2024 se recibe en esta Agencia escrito de respuesta en el que, en síntesis, se señala el funcionamiento del aplicativo IPAF, se sostiene que todo el personal de la farmacia estaba legitimado para el acceso al sistema y se concluye que no se puede determinar que empleado concreto accedió a los datos de la parte reclamante.   TERCERO: Con fecha 10 de enero de 2025, de conformidad con el artículo 65 de la LOPDGDD, se admitió a trámite la reclamación. C/ Jorge Juan, 6 www.aepd.es 28001 – Madrid sedeaepd.gob.es 2/9 CUARTO: La Subdirección General de Inspección de Datos procedió a la realización de actuaciones previas de investigación para el esclarecimiento de los hechos en cuestión, en virtud de las funciones asignadas a las autoridades de control en el artículo 57.1 y de los poderes otorgados en el artículo 58.1 del Reglamento (UE) 2016/679 (Reglamento General de Protección de Datos, en adelante RGPD), y de conformidad con lo establecido en el Título VIII, de la LOPDGDD. Como consecuencia de las actuaciones realizadas, se ha tenido conocimiento ...",Acceso no autorizado a datos personales,"Una persona denunció que una farmacia accedió sin autorización a sus datos personales en el aplicativo IPAF. La AEPD investigó y la farmacia alegó que todo su personal estaba autorizado para acceder al sistema, pero no pudo determinar quién accedió a los datos específicos.",Acceso no autorizado a datos personales en el aplicativo IPAF | Denuncia presentada ante la AEPD | Investigación por la Subdirección General de Inspección de Datos,No especificado,"Art. 57.1 del Reglamento (UE) 2016/679, Art. 58.1 del Reglamento (UE) 2016/679, Art. 65 de la LOPDGDD","acceso no autorizado, datos personales, IPAF, farmacia, AEPD, investigación"
AI-00074-2025,https://www.aepd.es/documento/ai-00074-2025.pdf,"1 / 6 Expediente N.º: EXP202412329 RESOLUCIÓN DE ARCHIVO DE ACTUACIONES De   las   actuaciones   practicadas   por   la  Agencia   Española   de   Protección   de   Datos   y teniendo como base los siguientes HECHOS PRIMERO : Con fecha 13 de agosto de 2024, se presentó reclamación ante la Agencia...","1/6 Expediente N.º: EXP202412329 RESOLUCIÓN DE ARCHIVO DE ACTUACIONES De las actuaciones practicadas por la Agencia Española de Protección de Datos y teniendo como base los siguientes HECHOS PRIMERO: Con fecha 13 de agosto de 2024, se presentó reclamación ante la Agencia Española de Protección de Datos contra el AYUNTAMIENTO DE ZARAGOZA con NIF P5030300G (en adelante, la parte reclamada o el Ayuntamiento). Los motivos en que basa la reclamación son los siguientes: La parte reclamante manifiesta que, para la tramitación del abono anual de transporte urbano con la deducción habilitada para perceptores del Ingreso Mínimo Vital (en adelante, IMV) la parte reclamada exige la aportación de resolución del Instituto Nacional de la Seguridad Social (en adelante, INSS) en la que se le reconoce como titular o beneficiario del IMV. Si bien al acudir a las oficinas de AVANZA ZARAGOZA para tramitar dicho abono bonificado, asegura que “me requieren no solo la resolución, sino que ademas me solicitan el resto de de paginas del archivo electrónico que emite el INSS . Se informa que no es necesario y que en la segunda pagina solo aparecen mis datos económicos, a los que le apercibo que NO deben tener acceso en una oficina de atención al público.” (sic) SEGUNDO: De conformidad con el artículo 65.4 de la Ley Orgánica 3/2018, de 5 de diciembre, de Protección de Datos Personales y garantía de los derechos digitales (en adelante LOPDGDD), se dio traslado de dicha reclamación a AVANZA ZARAGOZA, para que procediese a su análisis e informase a esta Agencia en el plazo de un mes, de las acciones llevadas a cabo para adecuarse a los requisitos previstos en la normativa de protección de datos. El traslado, que se practicó conforme a las normas establecidas en la Ley 39/2015, de 1 de octubre, del Procedimiento Administrativo Común de las Administraciones Públicas (en adelante, LPACAP), fue recogido en fecha 30/09/2024 como consta en el acuse de recibo que obra en el expediente, sin recibirse respuesta al  escrito de traslado. TERCERO: Con fecha 13 de noviembre de 2024, de conformidad con el artículo 65 de la LOPDGDD, se admitió a trámite la reclamación presentada. CUARTO: La Subdirección General de Inspección de Datos procedió a la realización de actuaciones previas de investigación para el esclarecimiento de los hechos en cuestión, en virtud de las funciones asignadas a las autoridades de control en el artículo 57.1 y de los poderes otorgados en el artículo 58.1 del Reglamento (UE) C/ Jorge Juan, 6 www.aepd.es 28001 – Madrid sedeaepd.gob.es 2/6 2016/679 (Reglamento General de Protección de Datos, en adelante RGPD), y de conformidad con lo establecido en el Título VII, Capítulo I, Sección segunda, de la LOPDGDD, teniendo conocimiento de los siguientes extremos: - El Ayuntamiento de Zaragoza es responsable del tratamiento y AVANZA ZARAGOZA encargado del tratamiento.  - El Ayuntamiento señala que el tratamiento de datos tiene como finalidad comprobar si el solicitante cumple co...",Protección de datos personales,"Un ciudadano denunció al Ayuntamiento de Zaragoza por solicitar información adicional y sensible para el abono anual de transporte urbano con deducción para perceptores del Ingreso Mínimo Vital, lo que podría vulnerar la protección de datos personales.",Solicitud de información adicional para el abono de transporte | Reclamación ante la Agencia Española de Protección de Datos | Investigación por la Subdirección General de Inspección de Datos,No especificado,"Art. 57.1 del Reglamento General de Protección de Datos (RGPD), Art. 58.1 del Reglamento General de Protección de Datos (RGPD), Ley Orgánica 3/2018, de 5 de diciembre, de Protección de Datos Personales y garantía de los derechos digitales (LOPDGDD)","protección de datos personales, Ayuntamiento de Zaragoza, Ingreso Mínimo Vital, transporte urbano, Agencia Española de Protección de Datos"
PS-00214-2025,https://www.aepd.es/documento/ps-00214-2025.pdf,"1 / 16  Expediente N.º: EXP202317643 RESOLUCIÓN DE PROCEDIMIENTO SANCIONADOR Del procedimiento instruido por la Agencia Española de Protección de Datos  y en base a los siguientes ANTECEDENTES PRIMERO :   Con   fecha   20   de   septiembre   de   2023,   se   notificó   a   esta   Agencia   una...","1/16  Expediente N.º: EXP202317643 RESOLUCIÓN DE PROCEDIMIENTO SANCIONADOR Del procedimiento instruido por la Agencia Española de Protección de Datos y en base a los siguientes ANTECEDENTES PRIMERO: Con fecha 20 de septiembre de 2023, se notificó a esta Agencia una brecha de datos personales por la CONSELLERÍA DE MEDIO AMBIENTE TERRITORIO Y VIVIENDA DE LA XUNTA DE GALICIA, con NIF S1511001H (en adelante, CONSELLERÍA). Los hechos que se ponen en conocimiento por medio de la notificación son: El 13 de septiembre de 2023 el Centro Criptológico Nacional (en adelante, CCN) comunica a la CONSELLERÍA que ha tenido conocimiento de un posible incidente con el Rexistro Galego de Identificación de Animales de Compañía (en adelante, REGIAC) y que se cree que se ha podido exfiltrar información de carácter personal de las personas y mascotas registradas en la Web. Se han dado casos de otras aplicaciones similares que han sufrido también un incidente. Iniciados los trabajos de investigación, se verifica que puede haber al menos 7 perfiles comprometidos con diferentes niveles de acceso  Fecha de detección de la brecha: 18 de septiembre de 2023.  Número de afectados según notificación: 30.000 según la notificación inicial, 40.000 afectados según información trasladada posteriormente.  Tipología de los datos según notificación: datos básicos (Ej: nombre, apellidos, fecha de nacimiento), DNI, NIE, pasaporte y / o cualquier otro documento identificativo, datos de localización, datos de contacto, credenciales de acceso o identificación (usuario y / o contraseña).  El responsable indica que se ha comunicado la brecha a los afectados en fecha 3 de octubre de 2023: comunicación del incidente en Diario Oficial de Galicia y web corporativa. SEGUNDO: Como consecuencia de los hechos conocidos, con fecha 21 de noviembre de 2023, la Directora de la Agencia Española de Protección de Datos instó a la Subdirección General de Inspección de Datos (SGID) a iniciar las actuaciones previas de investigación a las que se refiere el artículo 67 de la Ley Orgánica 3/2018, de 5 de diciembre, de Protección de Datos Personales y garantía de los derechos digitales (en adelante, LOPDGDD). TERCERO: La Subdirección General de Inspección de Datos procedió a la realización de actuaciones previas de investigación para el esclarecimiento de los hechos en cuestión, en virtud de las funciones asignadas a las autoridades de control en el artículo 57.1 y de los poderes otorgados en el artículo 58.1 del Reglamento (UE) C/ Jorge Juan, 6 www.aepd.es 28001 – Madrid sedeaepd.gob.es 2/16 2016/679 (Reglamento General de Protección de Datos, en adelante RGPD), y de conformidad con lo establecido en el Título VIII, de la LOPDGDD. Como consecuencia de las actuaciones realizadas, se ha tenido conocimiento de los siguientes extremos: 1.- Análisis de la brecha. 1.1. Cronología de los hechos.  El sistema informático REGIAC sufrió una brecha de datos personales que permitió la exfiltración de aproximadamente 40....",Brecha de datos personales,"La CONSELLERÍA DE MEDIO AMBIENTE TERRITORIO Y VIVIENDA DE LA XUNTA DE GALICIA notificó una brecha de datos personales en el Rexistro Galego de Identificación de Animales de Compañía (REGIAC), afectando a aproximadamente 40.000 personas, con exfiltración de datos básicos, identificativos, de localización y credenciales de acceso.",Notificación de brecha de datos personales por la CONSELLERÍA | Exfiltración de información de carácter personal de personas y mascotas registradas en la Web del REGIAC | Detección de la brecha el 18 de septiembre de 2023 | Comunicación de la brecha a los afectados el 3 de octubre de 2023,No especificado,"Art. 5 RGPD, Art. 32 RGPD, Art. 33 RGPD","brecha de datos personales, REGIAC, CONSELLERÍA DE MEDIO AMBIENTE TERRITORIO Y VIVIENDA DE LA XUNTA DE GALICIA, exfiltración de datos, notificación de brecha, protección de datos personales"
AI-00550-2024,https://www.aepd.es/documento/ai-00550-2024.pdf,"1 / 4  Expediente N.º: EXP202417475 RESOLUCIÓN DE ARCHIVO DE ACTUACIONES De   las   actuaciones   practicadas   por   la  Agencia   Española   de   Protección   de   Datos   y teniendo como base los siguientes HECHOS PRIMERO : Con fecha 28/11/2024, se presentó denuncia ante la Agencia Española de...","1/4  Expediente N.º: EXP202417475 RESOLUCIÓN DE ARCHIVO DE ACTUACIONES De las actuaciones practicadas por la Agencia Española de Protección de Datos y teniendo como base los siguientes HECHOS PRIMERO: Con fecha 28/11/2024, se presentó denuncia ante la Agencia Española de Protección de Datos contra VODAFONE ESPAÑA, S.A.U. con NIF A80907397 (en adelante, VODAFONE o la parte denunciada). Los motivos en que basa la denuncia son los siguientes: El 5/06/2020 la Asamblea de Extremadura suscribió un contrato para el suministro de 65 terminales móviles y 65 tabletas digitales, su activación, puesta en marcha, gestión y mantenimiento, así como la prestación del servicio para su funcionamiento con la empresa VODAFONE ESPAÑA, S.A.U.  El 29/04/2024 por parte del Departamento de Servicios Telemáticos de la Asamblea de Extremadura se solicita a Telefónica la portabilidad conjunta de 62 líneas móviles, titularidad de la Asamblea de Extremadura, desde Vodafone España, quien hasta la fecha operaba el referido servicio. No obstante, la portabilidad de la línea ***TELÉFONO.1 es rechazada.  El 6/05/2024, el Equipo de Gestión Conjunta de Vodafone comunica al Departamento de Servicios Telemáticos de la Cámara que la referida línea ha sido portada a Orange (Amena) con fecha 28/02/2024. Sin embargo, en abril de 2024 la línea se encontraba asignada a la Asamblea de Extremadura en el ámbito de la web de gestión y en los servicios de facturación.  Solicitadas las oportunas aclaraciones por parte del Departamento de Servicios Telemáticos de la Asamblea de Extremadura, desde Vodafone España se responde en fecha 3/06/2024 que ha existido un “error puntual en los sistemas de información que han provocado que el mismo número ***TELÉFONO.1 que se asignó a una línea de la Asamblea de Extremadura estuviera también asignado a otro cliente de Vodafone. Dicho cliente, una pequeña empresa, decidió portar dicha numeración a Orange, y una vez ejecutada ésta no hay posibilidad de recuperar el número para Vodafone.” Además, añaden que “el cliente portado a Orange, del segmento pequeña empresa, no ha tenido en ningún momento ni tiene acceso al historial de llamadas y comunicaciones de la línea de la Asamblea de Extremadura, ya que, aunque compartieron el número, cada línea funcionaba como dos instancias independientes. Adicionalmente hemos comprobado que todo el proceso de portabilidad se ha realizado conforme a lo establecido en la regulación vigente, analizando no solo la documentación interna de Vodafone sino también toda la información que nos ha C/ Jorge Juan, 6 www.aepd.es 28001 – Madrid sedeaepd.gob.es 2/4 proporcionado Orange, y que no podemos poner a su disposición por normativa de protección de datos. Por lo tanto, no hay ningún solo indicio de que el cliente de pequeña empresa hiciera o vaya a hacer un uso indebido del número.”  Vodafone, mediante correo electrónico recibido el 10/06/2024, reconoce que entre el 30/06/2023 y el 28/02/2024, fecha en la que se portó la línea a otro...",Portabilidad de líneas móviles y protección de datos,La Asamblea de Extremadura denunció a Vodafone España por la portabilidad no autorizada de una línea móvil y el acceso potencial a datos de la Asamblea por parte de un cliente de Vodafone. Vodafone atribuyó el incidente a un error en sus sistemas de información y aseguró que no hubo acceso indebido a los datos de la Asamblea.,Contrato entre la Asamblea de Extremadura y Vodafone para el suministro de terminales móviles y servicios | Solicitud de portabilidad de líneas móviles a Telefónica | Rechazo de la portabilidad de una línea específica | Comunicación de Vodafone sobre el portado de la línea a Orange | Reconocimiento de un error en los sistemas de información de Vodafone,No especificado,"Reglamento General de Protección de Datos (RGPD), Normativa sobre portabilidad de líneas móviles","portabilidad de líneas móviles, protección de datos, Vodafone, Asamblea de Extremadura, error en sistemas de información, acceso no autorizado"
PS-00447-2023,https://www.aepd.es/documento/ps-00447-2023.pdf,"1 / 52  Expediente N.º: EXP202308367 Procedimiento Sancionador N.º PS/00447/2023 RESOLUCIÓN DE PROCEDIMIENTO SANCIONADOR Del procedimiento instruido por la Agencia Española de Protección de Datos  y en base a los siguientes ANTECEDENTES PRIMERO :   A.A.A.   (en adelante, la parte reclamante) con...","1/52  Expediente N.º: EXP202308367 Procedimiento Sancionador N.º PS/00447/2023 RESOLUCIÓN DE PROCEDIMIENTO SANCIONADOR Del procedimiento instruido por la Agencia Española de Protección de Datos y en base a los siguientes ANTECEDENTES PRIMERO: A.A.A. (en adelante, la parte reclamante) con fecha 13 de mayo de 2023 interpuso reclamación ante la Agencia Española de Protección de Datos. La reclamación se dirige contra B.B.B., ***PUESTO.1 de la empresa DIMAGAZA, S.L. con NIF B88439856 (en adelante, la parte reclamada/DIMAGAZA).  En el escrito recibido la parte reclamante manifiesta, resumidamente:  - Que en el momento en que éste prestaba servicios como trabajador en la empresa DIMAGAZA, se llevó a cabo un procedimiento de despido colectivo, del que éste fue afectado.  - Dentro del citado procedimiento, con fecha de 26 de enero de 2023 se celebró una reunión entre los representantes de los trabajadores y el comité de empresa, cuya acta de declaración final del periodo de consultas del procedimiento fue publicada en el tablón de anuncios que la citada empresa tiene en una nave abierta al tránsito de personas ajenas a la misma, sin ninguna medida de seguridad.  - Que, en dicha acta, se adjuntaba la relación de trabajadores afectados por el despido colectivo, entre los que se halla el reclamante, en la que aparecen expuestos sus datos personales, tales como su nombre y apellidos, DNI, fecha de nacimiento, número de afiliación a la Seguridad Social, antigüedad en la empresa, etcétera.  - Tras requerir verbalmente y por correo electrónico copia de la referida acta al ***PUESTO.1, éste le indicó que la misma había sido publicada en el tablón de anuncios de la empresa, siendo entonces cuando comprobó que se habían colgado en el citado tablón de anuncio las listas anexas al acta, con los datos personales de los trabajadores afectados por el despedido, en las condiciones que pueden observarse en las fotografías aportadas junto con la reclamación. Junto a la reclamación se aporta:  - Copia del acta de la reunión de 26 de enero de 2023, cuyo apartado cuarto menciona 3 datos personales de 4 trabajadores comprendidos en un convenio con la seguridad social, y cuyo Anexo consta de una lista en la que aparecen 9 datos personales de XXX trabajadores, a los que había afectado el despido colectivo.  - Fotografías del tablón de anuncios donde se hallan publicados por separado el acta, y las dos páginas de las que consta el anexo con la lista de trabajadores afectados por el despido. Se aprecia que no existe anonimización de los datos personales que aparecen en el anexo. No se puede apreciar si los datos C/ Jorge Juan, 6 www.aepd.es 28001 – Madrid sedeagpd.gob.es 2/52 personales que aparecen en el apartado 4 del cuerpo del acta han sido anonimizados.  - Diversos correos electrónicos intercambiados el 3 y 4 de febrero de 2023 entre el reclamante y ***PUESTO.1, en el que éste último le indica que el acta se encontraba expuesta en el citado tablón de anuncios. SEGUNDO: De co...",Protección de datos personales,"Un trabajador denunció a la Agencia Española de Protección de Datos que su empresa, DIMAGAZA, publicó en un tablón de anuncios accesible al público sus datos personales y los de otros trabajadores afectados por un despido colectivo, sin medidas de seguridad ni anonimización.",Publicación de datos personales en un tablón de anuncios | Inexistencia de medidas de seguridad para proteger los datos | Denuncia del trabajador afectado | Celebración de una reunión con representantes de trabajadores y comité de empresa,No especificado,"Art. 5 RGPD, Art. 32 RGPD","protección de datos, despido colectivo, tablero de anuncios, anonimización, seguridad, datos personales"
AI-00497-2024,https://www.aepd.es/documento/ai-00497-2024.pdf,"1 / 10  Expediente N.º: EXP202415839 RESOLUCIÓN DE ARCHIVO DE ACTUACIONES De   las   actuaciones   practicadas   por   la  Agencia   Española   de   Protección   de   Datos   y teniendo como base los siguientes, HECHOS PRIMERO : La Agencia  Española  de Protección  de Datos tuvo conocimiento, a...","1/10  Expediente N.º: EXP202415839 RESOLUCIÓN DE ARCHIVO DE ACTUACIONES De las actuaciones practicadas por la Agencia Española de Protección de Datos y teniendo como base los siguientes, HECHOS PRIMERO: La Agencia Española de Protección de Datos tuvo conocimiento, a través de denuncia presentada el 15/10/2024, de ciertos hechos que podrían vulnerar la legislación en materia de protección de datos.  Con fecha 11/11/2024 la Directora de Agencia Española de Protección de Datos (en adelante, AEPD), instó a la Subdirección General de Inspección de Datos (SGID) a iniciar las actuaciones previas de investigación a las que se refiere el artículo 67 de la Ley Orgánica 3/2018, de 5 de diciembre, de Protección de Datos Personales y garantía de los derechos digitales (en adelante, LOPDGDD), para investigar a D.G. DE LA GUARDIA CIVIL con NIF S2816003D (en adelante, D.G.G.C.) en relación con los siguientes hechos: La parte denunciante, señala que en el Pliego de Prescripciones Técnicas del expediente ***EXPEDIENTE.1, para la contratación de la red de puntos de recarga de los vehículos eléctricos de la Guardia Civil, y más específicamente en lo relativo a la activación y autenticación del usuario frente al punto de recarga, se establece un sistema que requiere el reconocimiento facial para la recarga de vehículos eléctricos.   La parte denunciante, al considerarlo un tratamiento de datos abusivo, por existir otros sistemas de identificación, se dirigió al Delegado de Protección de Datos de la entidad denunciada, sin recibir una respuesta convincente, indicándole que no estaba en funcionamiento, habiéndose realizado únicamente la instalación y que se encontraba en fase de pruebas, sin fecha de inicio concreta de puesta en marcha. SEGUNDO: De conformidad con el artículo 65.4 de la Ley Orgánica 3/2018, de 5 de diciembre, de Protección de Datos Personales y garantía de los derechos digitales (en adelante LOPDGDD), se dio traslado de dicha reclamación a la parte reclamada, para que procediese a su análisis e informase a esta Agencia en el plazo de un mes, de las acciones llevadas a cabo para adecuarse a los requisitos previstos en la normativa de protección de datos. El traslado, que se practicó conforme a las normas establecidas en la Ley 39/2015, de 1 de octubre, del Procedimiento Administrativo Común de las Administraciones Públicas (en adelante, LPACAP), fue recogido en fecha 18/12/2024 como consta en el acuse de recibo que obra en el expediente. Con fecha 8/01/2025 se recibe en esta Agencia escrito de respuesta del DPD de la D.G.G.C., indicando en esencia, que “ante el requerimiento de información de la AEPD este DPD ha realizado la recomendación de la inmediata paralización de las recargas C/ Jorge Juan, 6 www.aepd.es 28001 – Madrid sedeaepd.gob.es 2/10 de vehículos eléctricos con uso de biometría, si se estuvieran realizando, en tanto no quede clarificado en qué circunstancias se están efectuando dichas labores de recarga y esté dado de alta el tratamiento d...",Reconocimiento facial,"La Guardia Civil implementó un sistema de recarga de vehículos eléctricos que requería reconocimiento facial, lo que fue denunciado como un tratamiento de datos abusivo. La AEPD investigó y la entidad denunciada paralizó el uso de biometría hasta que se clarificaran las circunstancias de su uso.",Implementación de un sistema de recarga de vehículos eléctricos con reconocimiento facial | Denuncia por tratamiento de datos abusivo | Investigación de la AEPD | Paralización del uso de biometría por la entidad denunciada,No especificado,"Art. 65.4 LOPDGDD, Art. 67 LOPDGDD","reconocimiento facial, biometría, protección de datos, Guardia Civil, vehículos eléctricos, recarga de vehículos"
PD-00058-2026,https://www.aepd.es/documento/pd-00058-2026.pdf,1 / 8  Expediente N.º: EXP202520307 RESOLUCIÓN DE PROCEDIMIENTO DE DERECHOS Vista   la   reclamación   registrada   en   fecha   14   de   octubre   de   2025   ante   esta  Agencia   y realizadas   las   actuaciones   procedimentales   previstas   en   el   Título   VIII   de   la   Ley Orgánica...,"1/8  Expediente N.º: EXP202520307 RESOLUCIÓN DE PROCEDIMIENTO DE DERECHOS Vista la reclamación registrada en fecha 14 de octubre de 2025 ante esta Agencia y realizadas las actuaciones procedimentales previstas en el Título VIII de la Ley Orgánica 3/2018, de 5 de diciembre, de Protección de Datos Personales y garantía de los derechos digitales (en lo sucesivo LOPDGDD), se han constatado los siguientes HECHOS PRIMERO: A.A.A. (en adelante, la parte reclamante) ejerció el derecho de Acceso frente a la CONSEJERÍA DE EDUCACIÓN DE LA JUNTA DE CASTILLA Y LEÓN (en adelante, la parte reclamada) sin que su solicitud haya recibido la contestación legalmente establecida. La parte reclamante manifiesta que en fecha 10 de septiembre de 2025 remitió carta certificada a la dirección postal de la sede de la Inspección Educativa de León, dependiente de la parte reclamada, solicitando determinada documentación relativa a la matriculación de su hijo, menor de edad, en un centro dependiente de dicha consejería, así como ejerciendo su derecho de acceso a la información relativa a su hijo y al proceso de matriculación, sin haber obtenido debida contestación una vez transcurrido el plazo que, para ello, establece la normativa de protección de datos. Aporta copia de su solicitud y resguardo de envío de carta certificada con su solicitud. SEGUNDO: De conformidad con el artículo 65.4 de la Ley Orgánica 3/2018, de 5 de diciembre, de Protección de Datos Personales y garantía de los derechos digitales (en adelante LOPDGDD), se dio traslado de dicha reclamación a la parte reclamada, para que procediese a su análisis e informase a esta Agencia en el plazo de un mes, de las acciones llevadas a cabo para adecuarse a los requisitos previstos en la normativa de protección de datos. En su escrito de respuesta a las actuaciones de traslado de 25 de noviembre de 2025, la parte reclamada señala: “La reclamante dirigió con fecha 28/08/2025 un correo electrónico al Delegado de Protección de Datos de la Consejería de Educación de Castilla y León (dpd.educacion@jcyl.es), denunciando la matriculación de su hijo en una escuela infantil de León sin su consentimiento expreso.  Este correo fue contestado el mismo día, recomendando la utilización del formulario de la página web de Protección de Datos existente en la sede electrónica de la Junta de Castilla y León. Todo ello con la finalidad de completar los datos de la reclamación, aclarar su contenido y cumplir en definitiva con los requisitos establecidos en las normas del procedimiento administrativo sobre acreditación de la identidad.  C/ Jorge Juan, 6 www.aepd.es 28001 – Madrid sedeaepd.gob.es 2/8 El mismo día, pero en un correo posterior, se volvió a indicar a la reclamante que la página señalada le aclararía los derechos que podrían asistirle, así como la forma de ejercerlos en el formulario en que podría detallar todo lo ocurrido, siendo por otro lado requisito indispensable el registro de la solicitud (por medios electrónicos o presenci...",Derecho de Acceso,"Una persona ejerció su derecho de acceso a información relativa a la matriculación de su hijo menor de edad en un centro educativo, sin recibir respuesta de la Consejería de Educación de la Junta de Castilla y León. La AEPD analizó la reclamación y las respuestas de la consejería, constatando incumplimiento de la normativa de protección de datos.",Solicitud de acceso a información sobre matriculación de un menor | Falta de respuesta de la Consejería de Educación | Remisión de correo electrónico al Delegado de Protección de Datos | Respuesta recomendando el uso de un formulario en la página web,No especificado,"Art. 12 LOPDGDD, Art. 15 RGPD","Derecho de Acceso, Protección de Datos, Matriculación, Menor de edad, Consejería de Educación, AEPD"
AI-00211-2025,https://www.aepd.es/documento/ai-00211-2025.pdf,"1 / 8  Expediente N.º: EXP202502925 RESOLUCIÓN DE ARCHIVO DE ACTUACIONES De   las   actuaciones   practicadas   por   la  Agencia   Española   de   Protección   de   Datos   (en adelante AEPD) y teniendo como base los siguientes, HECHOS PRIMERO :  Con   fecha  23  de  enero  de  2025,   la...","1/8  Expediente N.º: EXP202502925 RESOLUCIÓN DE ARCHIVO DE ACTUACIONES De las actuaciones practicadas por la Agencia Española de Protección de Datos (en adelante AEPD) y teniendo como base los siguientes, HECHOS PRIMERO: Con fecha 23 de enero de 2025, la Autoridad Catalana de Protección de Datos (APDCAT) remitió, de conformidad con el artículo 14 de la Ley 40/2015, de 1 de octubre, de Régimen Jurídico del Sector Público (LRJSP) a la AEPD reclamación contra SERVICIO DE SALUD DE LAS ILLES BALEARS con NIF Q0719003F (en adelante, la parte reclamada o IBSALUT). Los motivos en que basa la reclamación son los siguientes: La parte reclamante manifiesta que, a raíz de solicitar el acceso a su historia clínica, considera que se habrían producido accesos indebidos a su historia clínica por parte de su exmarido (A.A.A.), así como compañeros suyos. Señala que este habría trabajado como médico de familia en el Centro de Salud de ***LOCALIDAD.1 (Illes Balears), comunidad autónoma en la que ella habría residido hasta 20XX. Así, su exmarido se habría valido de su posición para acceder de forma indebida en reiteradas ocasiones a su historia clínica y a la de sus hijos, no habiendo sido su médico de cabecera y trabajando en un Centro de Salud distinto al que les pertenecía. Refiere que ha encontrado: anotaciones médicas en su historia clínica realizadas por su exmarido de forma fraudulenta, diagnósticos hechos por compañeros de este a petición de él, y que, supuestamente este habría prescrito recetas a su nombre.  Junto a la reclamación aporta:    Escrito de denuncia dirigido a la APDCAT el 15/01/2025 en el que la parte reclamante manifiesta los hechos descritos.  Copia de la reclamación presentada ante la Gerencia de Atención Primaria de ***LOCALIDAD.2 el 30/12/2022 en la que reitera su solicitud de acceso a la copia de su historia clínica y el informe de trazabilidad de los accesos efectuados a la misma.  Copia de la reclamación presentada ante la Gerencia de Atención Primaria de ***LOCALIDAD.2 el 12/04/2023 en la que muestra su disconformidad con la historia clínica recibida y reitera su solicitud de acceso al informe de trazabilidad.  Captura de pantalla del correo recibido el 21/04/2023 de la Gerencia de Atención Primaria desde (…) en el que se da por contestada la solicitud y se informa de que se dará traslado al correspondiente departamento para obtener el informe de trazabilidad.  Copia de la resolución de la Gerencia de Atención Primaria de ***LOCALIDAD.2 del 25/04/2023 denegando el acceso a la información sobre los profesionales que han accedido a su historia clínica. C/ Jorge Juan, 6 www.aepd.es 28001 – Madrid sedeaepd.gob.es 2/8  Copia de la respuesta, fechada el 9/05/2023, de la representante legal de su exmarido a la demanda de divorcio interpuesta por la parte reclamante (…). SEGUNDO: De conformidad con el artículo 65.4 de la Ley Orgánica 3/2018, de 5 de diciembre, de Protección de Datos Personales y garantía de los derechos digitales (en adel...",Acceso indebido a historia clinica,"Una persona denuncia que su exmarido, un medico, accedio de forma indebida a su historia clinica y a la de sus hijos, a pesar de no ser su medico de cabecera, y que se realizaron anotaciones medicas fraudulentas y se prescribieron recetas a su nombre",Acceso indebido a historia clinica | Anotaciones medicas fraudulentas | Prescripcion de recetas a nombre de la parte reclamante | Denuncia ante la APDCAT y la AEPD,No especificado,"Art. 5 RGPD, Art. 6 RGPD, Ley Orgánica 3/2018, de 5 de diciembre, de Protección de Datos Personales y garantía de los derechos digitales","historia clinica, acceso indebido, medico, exmarido, AEPD, APDCAT, proteccion de datos"
AI-00133-2024,https://www.aepd.es/documento/ai-00133-2024.pdf,"1 / 3  Expediente N.º: EXP202315840 RESOLUCIÓN DE CADUCIDAD DE ACTUACIONES De   las   actuaciones   practicadas   por   la  Agencia   Española   de   Protección   de   Datos   y teniendo como base los siguientes: HECHOS PRIMERO :   Con   fecha   8   de   septiembre   de   2023,   se   presentó...","1/3  Expediente N.º: EXP202315840 RESOLUCIÓN DE CADUCIDAD DE ACTUACIONES De las actuaciones practicadas por la Agencia Española de Protección de Datos y teniendo como base los siguientes: HECHOS PRIMERO: Con fecha 8 de septiembre de 2023, se presentó reclamación ante la Agencia Española de Protección de Datos contra SERVICIOS INMOBILIARIOS Y GESTIÓN RCL-MADRID, S.L. con NIF B87801262 (en adelante, la parte reclamada o Servicios Inmobiliarios). Los motivos en que basa la reclamación son los siguientes: La reclamante manifiesta que se han publicado en distintos portales inmobiliarios anuncios del piso en el que vive de alquiler, y en el cual constan sus datos personales (nombre, apellido, número de teléfono, fecha de inicio del alquiler).  Y, aporta la siguiente documentación: - Captura de pantalla de un anuncio publicado en el sitio web ***URL.1. - Correo electrónico que le enviaron en respuesta a una solicitud previa de supresión donde le informan de que el anuncio lo publicó la inmobiliaria reclamada. SEGUNDO: De conformidad con el artículo 65.4 de la Ley Orgánica 3/2018, de 5 de diciembre, de Protección de Datos Personales y garantía de los derechos digitales (en adelante LOPDGDD), se dio traslado de dicha reclamación a la parte reclamada, para que procediese a su análisis e informase a esta Agencia en el plazo de un mes, de las acciones llevadas a cabo para adecuarse a los requisitos previstos en la normativa de protección de datos. El traslado, que se practicó conforme a las normas establecidas en la Ley 39/2015, de 1 de octubre, del Procedimiento Administrativo Común de las Administraciones Públicas (en adelante, LPACAP), fue recogido en fecha 8 de noviembre de 2023 como consta en el acuse de recibo que obra en el expediente. No se ha recibido respuesta a este escrito de traslado. TERCERO: Con fecha 8 de diciembre de 2023, de conformidad con el artículo 65 de la LOPDGDD, se admitió a trámite la reclamación presentada. CUARTO: La Subdirección General de Inspección de Datos procedió a la realización de actuaciones previas de investigación para el esclarecimiento de los hechos en cuestión, en virtud de las funciones asignadas a las autoridades de control en el C/ Jorge Juan, 6 www.aepd.es 28001 – Madrid sedeaepd.gob.es 2/3 artículo 57.1 y de los poderes otorgados en el artículo 58.1 del Reglamento (UE) 2016/679 (Reglamento General de Protección de Datos, en adelante RGPD), y de conformidad con lo establecido en el Título VII, Capítulo I, Sección segunda, de la LOPDGDD, confirmándose, entre otros aspectos, que los datos de la reclamante no figuraban en los portales inmobiliarios en cuestión al menos desde el 6 de noviembre de 2023.   FUNDAMENTOS DE DERECHO I Competencia De acuerdo con las funciones que el artículo 57.1 a), f) y h) del Reglamento (UE) 2016/679 (Reglamento general de protección de datos, en adelante RGPD) confiere a cada autoridad de control y según lo dispuesto en los artículos 47 y 48.1 de la LOPDGDD, es competente para resolve...",Publicación de datos personales en portales inmobiliarios,"Una persona denunció que su información personal fue publicada en portales inmobiliarios sin su consentimiento. La AEPD investigó y confirmó que los datos ya no estaban disponibles en los portales, pero no recibió respuesta de la inmobiliaria reclamada.",Publicación de datos personales en portales inmobiliarios | Denuncia ante la AEPD | Investigación y confirmación de la no disponibilidad de los datos en los portales,No especificado,"Art. 57.1 RGPD, Art. 58.1 RGPD, LOPDGDD","protección de datos, portales inmobiliarios, publicación de datos personales, AEPD, investigación, inmobiliaria"
PS-00227-2025,https://www.aepd.es/documento/ps-00227-2025.pdf,"1 / 17  Expediente N.º: EXP202317641 RESOLUCIÓN DE PROCEDIMIENTO SANCIONADOR Del procedimiento instruido por la Agencia Española de Protección de Datos  y en base a los siguientes ANTECEDENTES PRIMERO : Con fecha 13 de octubre de 2023, se notificó a esta Agencia una brecha de datos   personales...","1/17  Expediente N.º: EXP202317641 RESOLUCIÓN DE PROCEDIMIENTO SANCIONADOR Del procedimiento instruido por la Agencia Española de Protección de Datos y en base a los siguientes ANTECEDENTES PRIMERO: Con fecha 13 de octubre de 2023, se notificó a esta Agencia una brecha de datos personales de la CONSEJERÍA DE AGRICULTURA, GANADERÍA Y DESARROLLO RURAL DE LA JUNTA DE CASTILLA Y LEÓN, con NIF S4711001J (en adelante, CONSEJERÍA ). Resumen de la notificación: Ciberincidente con afectación a la base de datos del registro de animales de compañía autonómica Sistema de Identificación de Animales de Compañía de Castilla y León (en adelante, SIACYL), que gestiona los datos de los animales y dueños. En el momento de la notificación se encuentra en investigación el alcance total y se ha procedido a aplicar las recomendaciones que ha dado el Centro Criptológico Nacional (en adelante, CCN): (...).  Fecha de detección de la brecha: 11 de octubre de 2023.  Número de afectados según notificación: 70.000 según la notificación inicial, 43.000 afectados según información trasladada posteriormente.  Tipología de los datos según notificación: datos básicos (Ej: nombre, apellidos, fecha de nacimiento), DNI, NIE, Pasaporte y / o cualquier otro documento identificativo, datos de contacto.  La CONSEJERÍA indica en la notificación que se encuentra pendiente decidir si se realizará comunicación a los afectados.  SEGUNDO: Como consecuencia de los hechos conocidos, con fecha 21 de noviembre de 2023, la Directora de la Agencia Española de Protección de Datos instó a la Subdirección General de Inspección de Datos (SGID) a iniciar las actuaciones previas de investigación a las que se refiere el artículo 67 de la Ley Orgánica 3/2018, de 5 de diciembre, de Protección de Datos Personales y garantía de los derechos digitales (en adelante, LOPDGDD). TERCERO: La Subdirección General de Inspección de Datos procedió a la realización de actuaciones previas de investigación para el esclarecimiento de los hechos en cuestión, en virtud de las funciones asignadas a las autoridades de control en el artículo 57.1 y de los poderes otorgados en el artículo 58.1 del Reglamento (UE) 2016/679 (Reglamento General de Protección de Datos, en adelante RGPD), y de conformidad con lo establecido en el Título VIII, de la LOPDGDD. C/ Jorge Juan, 6 www.aepd.es 28001 – Madrid sedeaepd.gob.es 2/17 Como consecuencia de las actuaciones realizadas, se ha tenido conocimiento de los siguientes extremos: 1. Análisis de la brecha. 1.1. Cronología de los hechos.  El sistema informático SIACYL sufrió una brecha de datos personales que permitió la exfiltración de aproximadamente 72.000 registros. Dicha brecha, según la información facilitada por la CONSEJERÍA, tuvo lugar entre los días (…). La brecha de datos personales fue detectada con posterioridad a partir de una comunicación del CCN alertando de esta. El responsable manifiesta: “(…)”.  Las comunicaciones con el CCN, de las que se ha facilitado un extracto, indi...",Brecha de datos personales,"La Consejería de Agricultura, Ganadería y Desarrollo Rural de la Junta de Castilla y León sufrió una brecha de datos personales en su sistema de identificación de animales de compañía, afectando a aproximadamente 72.000 registros de dueños y animales.",Brecha de datos personales en el sistema SIACYL | Exfiltración de 72.000 registros | Detección de la brecha a través de una alerta del Centro Criptológico Nacional | Investigación y actuaciones previas de la Agencia Española de Protección de Datos,No especificado,"Art. 32 RGPD, Art. 33 RGPD","brecha de datos, protección de datos personales, Consejería de Agricultura, Junta de Castilla y León, SIACYL, Centro Criptológico Nacional"
AI-00523-2024,https://www.aepd.es/documento/ai-00523-2024.pdf,1 / 7  Expediente N.º: EXP202416764 RESOLUCIÓN DE ARCHIVO DE ACTUACIONES De   las   actuaciones   practicadas   por   la  Agencia   Española   de   Protección   de   Datos   y teniendo como base los siguientes HECHOS PRIMERO :   La  Agencia   Española   de   Protección   de   Datos   ha   tenido...,"1/7  Expediente N.º: EXP202416764 RESOLUCIÓN DE ARCHIVO DE ACTUACIONES De las actuaciones practicadas por la Agencia Española de Protección de Datos y teniendo como base los siguientes HECHOS PRIMERO: La Agencia Española de Protección de Datos ha tenido conocimiento a través de una denuncia de ciertos hechos que podrían vulnerar la legislación en materia de protección de datos. Con fecha 29 de noviembre de 2024, la Directora de la Agencia Española de Protección de Datos instó a la Subdirección General de Inspección de Datos (SGID) a iniciar las actuaciones previas de investigación a las que se refiere el artículo 67 de la Ley Orgánica 3/2018, de 5 de diciembre, de Protección de Datos Personales y garantía de los derechos digitales (en adelante, LOPDGDD) para investigar las implicaciones desde la perspectiva de protección de datos derivadas  de la publicación de la constitución de las Juntas Electorales de Zona, en 2023 y 2024 en el Boletín Oficial de la Provincia de ***PROVINCIA.1. SEGUNDO: La Subdirección General de Inspección de Datos procedió a la realización de actuaciones previas de investigación para el esclarecimiento de los hechos en cuestión, en virtud de las funciones asignadas a las autoridades de control en el artículo 57.1 y de los poderes otorgados en el artículo 58.1 del Reglamento (UE) 2016/679 (Reglamento General de Protección de Datos, en adelante RGPD), y de conformidad con lo establecido en el Título VII, Capítulo I, Sección segunda, de la LOPDGDD, teniendo conocimiento de los siguientes extremos: - Se ha verificado por esta Inspección que en el Boletín Oficial de la Provincia de ***PROVINCIA.1 número XX publicado el día ***FECHA.1 se publicaron las actas de constitución de la Junta Electoral Provincial de ***PROVINCIA.1 y las Juntas Electorales de Zona (JEZ) de (…), las cuales incluyen el nombramiento de los miembros que constituyen las correspondientes Juntas Electorales, de quienes se publicaron el nombre y apellidos y puesto judicial. Las publicaciones correspondientes a las JEZ de      ***LOCALIDAD.1    ,      ***LOCALIDAD.2    , ***LOCALIDAD.3     publicaron además de los citados datos, el número de DNI de cada uno de los miembros. (el subrayado es de la AEPD) - También se ha verificado que en el Boletín Oficial de la Provincia de ***PROVINCIA.1 número XX publicado el día ***FECHA.2 se publicaron las actas de constitución de la JEP de ***PROVINCIA.1 y las JEZ para las elecciones europeas de (…), las cuales incluyen el nombramiento de los miembros que constituyen las correspondientes Juntas Electorales, de quienes se publica el nombre y apellidos y puesto judicial. Las publicaciones correspondientes a las JEZ C/ Jorge Juan, 6 www.aepd.es 28001 – Madrid sedeaepd.gob.es 2/7 de    ***LOCALIDAD.1, ***LOCALIDAD.2, ***LOCALIDAD.3, publicaron además de los citados datos, el número de DNI de cada uno de los miembros. (el subrayado es de la AEPD) - Según consta en la Ley Orgánica 5/1985, de 19 de junio, del Régimen Electoral Gene...",Publicación de datos personales,"La AEPD investigó la publicación de actas de constitución de Juntas Electorales en el Boletín Oficial de la Provincia, que incluían nombres, apellidos, puestos judiciales y números de DNI de los miembros, lo que podría vulnerar la legislación de protección de datos.","Publicación de actas de constitución de Juntas Electorales en el Boletín Oficial de la Provincia | Inclusión de nombres, apellidos, puestos judiciales y números de DNI de los miembros | Investigación de la AEPD sobre la posible vulneración de la legislación de protección de datos",No especificado,"Reglamento (UE) 2016/679 (Reglamento General de Protección de Datos, RGPD), Ley Orgánica 3/2018, de 5 de diciembre, de Protección de Datos Personales y garantía de los derechos digitales (LOPDGDD)","protección de datos, publicación de datos personales, Juntas Electorales, Boletín Oficial de la Provincia, número de DNI, legislación de protección de datos"
PD-00068-2026,https://www.aepd.es/documento/pd-00068-2026.pdf,"1 / 8  Expediente N.º: EXP202518019 RESOLUCIÓN DE PROCEDIMIENTO DE DERECHOS Vista la reclamación registrada en fecha 18 de septiembre de 2025 ante esta Agencia y   realizadas   las   actuaciones   procedimentales   previstas   en   el   Título   VIII   de   la   Ley Orgánica 3/2018, de 5 de...","1/8  Expediente N.º: EXP202518019 RESOLUCIÓN DE PROCEDIMIENTO DE DERECHOS Vista la reclamación registrada en fecha 18 de septiembre de 2025 ante esta Agencia y realizadas las actuaciones procedimentales previstas en el Título VIII de la Ley Orgánica 3/2018, de 5 de diciembre, de Protección de Datos Personales y garantía de los derechos digitales (en lo sucesivo LOPDGDD), se han constatado los siguientes HECHOS PRIMERO: A.A.A. (en adelante, la parte reclamante) ejerció el derecho de Acceso frente a la JEFATURA SUPERIOR DE POLICÍA DE MADRID (en adelante, la parte reclamada) sin que su solicitud haya recibido la contestación legalmente establecida. La parte reclamante señala que, el 27 de junio de 2022, solicitó el de acceso a sus datos personales mediante el formulario oficial disponible en la página web de la AEPD, dirigido a la Unidad Regional de Sanidad - Jefatura Superior de Policía de Madrid. La parte reclamante comunica que esa solicitud nunca fue atendida. La parte reclamante indica que, el 17 de mayo de 2025, reiteró, a través de registro, su solicitud de acceso a la totalidad de su historia clínica y documentación médica obrante en los Servicios Sanitarios de la Jefatura Superior de Policía de Madrid, sin recibir respuesta, remitiendo un nuevo escrito, presentado por registro, el 6 de septiembre de 2025, sin que a fecha de 18 de septiembre de 2025 haya recibido respuesta. Aporta: a) escrito de reclamación ante la AEPD, con fecha de 18 de septiembre de 2025; b) escrito de solicitud de acceso a sus datos personales, con fecha de 22 de junio de 2022; c) escrito de solicitud de acceso a sus datos personales, presentado por registro del Ministerio del Interior, con fecha de 17 de mayo de 2025; d) escrito de solicitud de acceso a sus datos personales, presentado por registro del Ministerio del Interior, con fecha de 6 de septiembre de 2025. SEGUNDO: De conformidad con el artículo 65.4 de la Ley Orgánica 3/2018, de 5 de diciembre, de Protección de Datos Personales y garantía de los derechos digitales (en adelante LOPDGDD), se dio traslado de dicha reclamación a la parte reclamada, para que procediese a su análisis e informase a esta Agencia en el plazo de un mes, de las acciones llevadas a cabo para adecuarse a los requisitos previstos en la normativa de protección de datos. No se ha recibido escrito de respuesta a las actuaciones de traslado de 28 de octubre de 2025, por parte de la reclamada. TERCERO:  El resultado del trámite de traslado indicado en el Hecho anterior no permitió entender satisfechas las pretensiones de la parte reclamante. Con fecha 18 de diciembre de 2025, se produjo la admisión a trámite de la reclamación presentada. C/ Jorge Juan, 6 www.aepd.es 28001 – Madrid sedeaepd.gob.es 2/8 Mediante acuerdo de la Presidencia de la Agencia Española de Protección de Datos de fecha 10 de marzo de 2026, se concedió a la parte reclamada trámite de audiencia, para que en el plazo de diez días hábiles presentase las alegaciones que estimara ...",Acceso a datos personales,"Una persona solicitó el acceso a sus datos personales a la Jefatura Superior de Policía de Madrid y no recibió respuesta, por lo que presentó una reclamación ante la AEPD.",Solicitud de acceso a datos personales el 27 de junio de 2022 | Reiteración de la solicitud el 17 de mayo de 2025 | Nueva solicitud el 6 de septiembre de 2025 | No se recibió respuesta a ninguna de las solicitudes,No especificado,Art. 65.4 LOPDGDD,"acceso a datos personales, Jefatura Superior de Policía de Madrid, AEPD, LOPDGDD, reclamación"
AI-00535-2024,https://www.aepd.es/documento/ai-00535-2024.pdf,"1 / 8  Expediente N.º: EXP202411862 RESOLUCIÓN DE ARCHIVO DE ACTUACIONES De   las   actuaciones   practicadas   por   la  Agencia   Española   de   Protección   de   Datos   y teniendo como base los siguientes HECHOS PRIMERO : Con fecha 12 de agosto de 2024, se presentó reclamación ante la Agencia...","1/8  Expediente N.º: EXP202411862 RESOLUCIÓN DE ARCHIVO DE ACTUACIONES De las actuaciones practicadas por la Agencia Española de Protección de Datos y teniendo como base los siguientes HECHOS PRIMERO: Con fecha 12 de agosto de 2024, se presentó reclamación ante la Agencia Española de Protección de Datos contra A.A.A. con NIF ***NIF.1 (en adelante, la parte reclamada). Los motivos en que basa la reclamación son los siguientes: La parte reclamante manifiesta que la parte reclamada, (…), envió a un grupo corporativo de WhatsApp un informe médico que contenía sus datos personales. Señala que presta sus servicios en ***ORGANISMO.1 y que, tras personarse en las dependencias médicas, le fueron realizadas diferentes pruebas y entregado un certificado por el que se indicaba que (…). La parte reclamada (***PUESTO.1) le indicó que se fuera casa, y tras insistirle la parte reclamante en que, conforme al certificado, podía realizar determinadas funciones, le instó a que le enviara el informe. Tras enviar la parte reclamante a la parte reclamada el documento, previa eliminación de parte de su contenido, tuvo conocimiento de que este lo había reenviado a un grupo corporativo de WhatsApp.  1. Escrito dirigido a Recursos Humanos de ***ORGANISMO.1 en el que denuncia los hechos reflejados en la reclamación. 2. Capturas de pantalla del grupo de WhatsApp en el que figura el mensaje y el certificado médico enviado. 3. Foto del certificado médico, parte de cuyo contenido ha sido tachado y no resulta visible. SEGUNDO: De conformidad con el artículo 65.4 de la Ley Orgánica 3/2018, de 5 de diciembre, de Protección de Datos Personales y garantía de los derechos digitales (en adelante LOPDGDD), se dio traslado de dicha reclamación a la parte reclamada, para que procediese a su análisis e informase a esta Agencia en el plazo de un mes, de las acciones llevadas a cabo para adecuarse a los requisitos previstos en la normativa de protección de datos. El traslado, que se practicó conforme a las normas establecidas en la Ley 39/2015, de 1 de octubre, del Procedimiento Administrativo Común de las Administraciones Públicas (en adelante, LPACAP) mediante correo postal certificado, fue devuelto por “desconocido” el 10 de septiembre de 2024. No habiéndose recibido respuesta al C/ Jorge Juan, 6 www.aepd.es 28001 – Madrid sedeaepd.gob.es 2/8 escrito de traslado hasta el 12 de agosto de 2025, tal y como se indicará posteriormente. TERCERO: Con fecha 12 de noviembre de 2024, de conformidad con el artículo 65 de la LOPDGDD, se admitió a trámite la reclamación presentada. CUARTO: La Subdirección General de Inspección de Datos procedió a la realización de actuaciones previas de investigación para el esclarecimiento de los hechos en cuestión, en virtud de las funciones asignadas a las autoridades de control en el artículo 57.1 y de los poderes otorgados en el artículo 58.1 del Reglamento (UE) 2016/679 (Reglamento General de Protección de Datos, en adelante RGPD), y de conformidad con lo esta...",Protección de datos personales,"Un empleado denunció que su informe médico fue compartido sin consentimiento en un grupo de WhatsApp corporativo. La AEPD investigó y admitió a trámite la reclamación, pero no se recibió respuesta del responsable del tratamiento.",Compartir informe médico sin consentimiento | Denuncia del empleado | Investigación de la AEPD,No especificado,"Art. 5 RGPD, Art. 57.1 RGPD, Art. 58.1 RGPD, Art. 65 LOPDGDD","protección de datos, informe médico, compartir datos, consentimiento, AEPD, investigación"
AI-00122-2025,https://www.aepd.es/documento/ai-00122-2025.pdf,1 / 5  Expediente  N.º: EXP202409743 RESOLUCIÓN DE CADUCIDAD DE ACTUACIONES De   las   actuaciones   practicadas   por   la  Agencia   Española   de   Protección   de   Datos   y teniendo como base los siguientes HECHOS PRIMERO : Con fechas 18 de marzo de 2024 y 3 de junio de 2024 se interpusieron...,"1/5  Expediente N.º: EXP202409743 RESOLUCIÓN DE CADUCIDAD DE ACTUACIONES De las actuaciones practicadas por la Agencia Española de Protección de Datos y teniendo como base los siguientes HECHOS PRIMERO: Con fechas 18 de marzo de 2024 y 3 de junio de 2024 se interpusieron dos reclamaciones ante la Agencia Española de Protección de Datos por una posible infracción imputable a ORANGE ESPAGNE, S.A.U. con NIF A82009812 (en adelante, ORANGE) en las que se pone de manifiesto que, con ocasión de la recogida de un terminal móvil adquirido mediante financiación, se exige el escaneo de su Documento Nacional de Identidad (DNI) como requisito previo para la entrega del dispositivo según la Ley 10/2010, de prevención de blanqueo de capitales. Los reclamantes consideran que dicho tratamiento de datos personales resulta excesivo y no amparado en una obligación legal, alegando que la normativa vigente únicamente exige la identificación del cliente, pero no el escaneo del documento. Los hechos que se pone en conocimiento de esta autoridad en cada una de las reclamaciones son los siguientes: Reclamación 1:  La fecha de entrada de la reclamación es de 18 de marzo de 2024 siendo el reclamante A.A.A. (en adelante, la parte reclamante 1). La parte reclamante indica que, al ir a recoger un pedido a un establecimiento físico de la compañía reclamada, la empleada que le atiende le solicita el DNI para escanearlo antes de entregarle el pedido.  El reclamante se niega a entregar el DNI para su escaneo y se marcha del establecimiento sin recibir el pedido y poniendo una reclamación en el propio establecimiento.  Aporta la reclamación interpuesta en el establecimiento con fecha 16 de marzo de 2024 y un documento de texto en el que exporta la conversación de WhatsApp que mantiene en esa misma fecha con un agente de la compañía que le explica que el escaneado del DNI es la forma de tener pruebas documentales de que el pedido se entregó al cliente y que nadie que no sea él lo ha recogido de forma fraudulenta.  En lo que aquí interesa, junto con la reclamación aporta  a) documento de texto en el que se exporta la conversación de WhatsApp mantenida por el reclamante y un agente de la compañía, en el que se le explica que el C/ Jorge Juan, 6 www.aepd.es 28001 – Madrid sedeaepd.gob.es 2/5 escaneado del DNI es la forma de tener pruebas documentales de que el pedido se entregó al cliente y que nadie que no sea él lo ha recogido de manera fraudulenta, con fecha de 16 de marzo de 2024.  b) captura de pantalla de una noticia de una multa de la AEPD a ORANGE.  Reclamación 2: En fecha 3 de junio de 2024 siendo reclamante B.B.B. (en adelante, la parte reclamante 2) tiene entrada nueva reclamación en la que la  parte reclamante manifiesta que, en fecha 20 de mayo de 2024, tras acudir a un establecimiento de la parte reclamada para recoger un terminal móvil que había acordado con la compañía, la empleada le indica que para la recogida debe escanear su DNI y procede al escaneo del documento, ...",Protección de datos personales,"Dos reclamantes denuncian a ORANGE ESPAGNE, S.A.U. por exigir el escaneo de su DNI como requisito previo para la entrega de un terminal móvil adquirido mediante financiación, considerando que dicho tratamiento de datos personales resulta excesivo y no amparado en una obligación legal.",Reclamación 1: El reclamante se niega a entregar el DNI para su escaneo y se marcha del establecimiento sin recibir el pedido. | Reclamación 2: La empleada del establecimiento de ORANGE indica que para la recogida del terminal móvil debe escanear el DNI del reclamante y procede al escaneo del documento. | Ambos reclamantes consideran que el escaneo del DNI es un tratamiento de datos personales excesivo y no amparado en una obligación legal.,No especificado,"Ley 10/2010, de prevención de blanqueo de capitales, Reglamento General de Protección de Datos (RGPD)","protección de datos personales, escaneo de DNI, ORANGE ESPAGNE, S.A.U., financiación, terminal móvil, obligación legal, reclamaciones"
AI-00526-2024,https://www.aepd.es/documento/ai-00526-2024.pdf,"1 / 14  Expediente N.º: EXP202412598 RESOLUCIÓN DE ARCHIVO DE ACTUACIONES De   las   actuaciones   practicadas   por   la  Agencia   Española   de   Protección   de   Datos   y teniendo como base los siguientes HECHOS PRIMERO : Con fecha 25/07/2024, se presentó reclamación ante la Agencia Española...","1/14  Expediente N.º: EXP202412598 RESOLUCIÓN DE ARCHIVO DE ACTUACIONES De las actuaciones practicadas por la Agencia Española de Protección de Datos y teniendo como base los siguientes HECHOS PRIMERO: Con fecha 25/07/2024, se presentó reclamación ante la Agencia Española de Protección de Datos contra IBERDROLA CLIENTES, S.A.U. con NIF A95758389 (en adelante, IBERDROLA o la parte reclamada). Los motivos en que basa la reclamación son los siguientes: La parte reclamante manifiesta que, el día 22/07/2024, al solicitar un cambio de tarifa para sus contratos de suministro de luz y gas en su domicilio habitual, le informan que no es posible por figurar inscrita en el fichero de información crediticia ASNEF- EQUIFAX. En este punto refiere la parte reclamante que en ningún momento fue informada de esta circunstancia. La parte reclamante comprueba a continuación que dichas anotaciones fueron realizadas por IBERDROLA CLIENTES, S.A.U., parte reclamada, a raíz de unas facturas impagadas de una vivienda de la que la parte reclamante es arrendadora.  Refiere posteriormente la parte reclamante que se puso en contacto con la parte reclamada, con la que intercambió varios correos electrónicos. En los mismos se le informaba que constaban dos contratos con cuantías impagadas, y ya dados de baja, en la vivienda arrendada; uno de luz por cambio de comercializadora y otro de gas por impago. Ante el requerimiento de la parte reclamante para que le informasen sobre el solicitante del cambio de comercializadora, siendo ella la titular, recibe como respuesta que esa información debe solicitarla a la nueva empresa, al mismo tiempo que se le niega el nombre de la nueva comercializadora.  Considera la parte reclamante que esta forma de proceder vulnera la normativa vigente en materia de protección de datos de carácter personal, al no informar la parte reclamada de su inclusión en el fichero ASNEF-EQUIFAX, y al haber accedido a un cambio de comercializadora por parte de un tercero, cuando es ella la titular del contrato. Junto a la notificación se aportan los correos electrónicos enviados entre ambas partes y captura de pantalla del fichero ASNEF, donde se visualiza los impagos de la parte reclamante.  C/ Jorge Juan, 6 www.aepd.es 28001 – Madrid sedeaepd.gob.es 2/14 SEGUNDO: De conformidad con el artículo 65.4 de la Ley Orgánica 3/2018, de 5 de diciembre, de Protección de Datos Personales y garantía de los derechos digitales (en adelante LOPDGDD), se dio traslado de dicha reclamación a la parte reclamada, para que procediese a su análisis e informase a esta Agencia en el plazo de un mes, de las acciones llevadas a cabo para adecuarse a los requisitos previstos en la normativa de protección de datos. El traslado, que se practicó conforme a las normas establecidas en la Ley 39/2015, de 1 de octubre, del Procedimiento Administrativo Común de las Administraciones Públicas (en adelante, LPACAP), fue recogido en fecha 18/09/2024 como consta en el acuse de recibo que obra en el ex...",Protección de datos personales,"Una persona presentó una reclamación contra IBERDROLA CLIENTES, S.A.U. por no informarle sobre su inclusión en el fichero de información crediticia ASNEF-EQUIFAX y por permitir un cambio de comercializadora sin su consentimiento.",La parte reclamante solicitó un cambio de tarifa para sus contratos de suministro de luz y gas | Le informaron que no era posible debido a su inclusión en el fichero ASNEF-EQUIFAX | La parte reclamante no había sido informada previamente sobre esta inclusión | La parte reclamante intercambió correos electrónicos con IBERDROLA para obtener más información,No especificado,"Art. 12 LOPDGDD, Art. 13 LOPDGDD, Art. 14 LOPDGDD","protección de datos personales, inclusión en fichero de información crediticia, ASNEF-EQUIFAX, cambio de comercializadora, consentimiento, información"
PD-00035-2026,https://www.aepd.es/documento/pd-00035-2026.pdf,1 / 14  Expediente N.º: EXP202515551 RESOLUCIÓN DE PROCEDIMIENTO DE DERECHOS Vista   la   reclamación   registrada   en   fecha   25   de   julio   de   2025   ante   esta   Agencia   y realizadas   las   actuaciones   procedimentales   previstas   en   el   Título   VIII   de   la   Ley Orgánica...,"1/14  Expediente N.º: EXP202515551 RESOLUCIÓN DE PROCEDIMIENTO DE DERECHOS Vista la reclamación registrada en fecha 25 de julio de 2025 ante esta Agencia y realizadas las actuaciones procedimentales previstas en el Título VIII de la Ley Orgánica 3/2018, de 5 de diciembre, de Protección de Datos Personales y garantía de los derechos digitales (en lo sucesivo LOPDGDD), se han constatado los siguientes HECHOS PRIMERO: Con fecha 25 julio de 2025 tuvo entrada en esta Agencia reclamación presentada por A.A.A. (en adelante, la parte reclamante) contra SERVICIO EXTREMEÑO DE SALUD (SES) (en adelante, la parte reclamada) por no haber sido debidamente atendido el derecho de acceso a su historia clínica y a imágenes de videovigilancia de su padre fallecido. La parte reclamante expone que mediante escrito de fecha 17 de junio de 2025, solicitó acceso a varios datos médicos, a datos del personal sanitario, y acceso a las ""Grabaciones de videovigilancia (si existen) en la zona de urgencias, observación y pasillos desde las (…) horas hasta las (…) horas el día ***FECHA.1, para verificar la atención y los traslados realizados, en especial la planta donde se encontraba ingresado, hasta consulta ORL. O en su defecto cronología detallada de su traslado y recorrido""; y que a través de escrito de fecha 17 de junio de 2025, la parte reclamada le comunica que ""Las grabaciones de videovigilancia no forman parte de la historia clínica están sujetas a un régimen jurídico distinto. Estas imágenes están protegidas por derecho a la intimidad y a la protección de datos personales (artículo 18.1 de Constitución Española y Reglamento General de Protección de Datos - RGPD). Solo pueden ser facilitadas en casos muy concretos, como requerimientos judiciales investigaciones oficiales, y siempre con las debidas garantías legales. Por tanto, no es posible entregar dichas grabaciones a particulares, incluso siendo familiares del fallecido, salvo orden judicial expresa"" y ""Lamentamos comunicarle que no es posible atender su solicitud de acceso a las imágenes de videovigilancia ni a la identificación del personal médico ni a los registros operativos internos, por estar fuera del ámbito del derecho de acceso a la historia clínica y protegidos por normativa específica de protección de datos y confidencialidad profesional"". Una vez recibida la citada respuesta, la parte reclamante remitió una nueva solicitud con fecha 26 de junio de 2025, de la emisión de un certificado oficial y detallado del visionado de las mismas, indicando:  ""• Fecha y hora de las grabaciones revisadas.  • Estancias hospitalarias implicadas.  • Traslados, ingresos o movimientos relevantes de mi padre. Todo ello limitado a la figura del paciente fallecido y sin vulnerar la privacidad de terceros, conforme a lo previsto en la normativa vigente."" C/ Jorge Juan, 6 www.aepd.es 28001 – Madrid sedeaepd.gob.es 2/14 Y que recibió respuesta mediante escrito de fecha 23 de julio de 2025, comunicando que ""Tal y como ya se le comu...",Acceso a historia clínica y videovigilancia,"Un ciudadano solicitó acceso a la historia clínica y grabaciones de videovigilancia de su padre fallecido al Servicio Extremeño de Salud, pero se le denegó el acceso debido a la protección de la intimidad y los datos personales.",Solicitud de acceso a historia clínica y videovigilancia | Denegación del acceso por parte del Servicio Extremeño de Salud | Solicitud de certificado oficial del visionado de las grabaciones,No especificado,"Art. 18.1 de la Constitución Española, Reglamento General de Protección de Datos (RGPD)","acceso a historia clínica, videovigilancia, protección de datos personales, intimidad, Servicio Extremeño de Salud"
PS-00192-2025,https://www.aepd.es/documento/ps-00192-2025.pdf,1 / 65  Expediente N.º: EXP202504677 RESOLUCIÓN DE PROCEDIMIENTO SANCIONADOR Del procedimiento instruido por la Agencia Española de Protección de Datos  y en base a los siguientes ANTECEDENTES PRIMERO :   Con   fecha   4   de   julio   de   2023   se   interpuso   reclamación   ante   la  Agencia...,"1/65  Expediente N.º: EXP202504677 RESOLUCIÓN DE PROCEDIMIENTO SANCIONADOR Del procedimiento instruido por la Agencia Española de Protección de Datos y en base a los siguientes ANTECEDENTES PRIMERO: Con fecha 4 de julio de 2023 se interpuso reclamación ante la Agencia Española de Protección de Datos por una posible infracción imputable a VIPTHINK, S.L. con NIF B87609418 (en adelante, VIPTHINK).  Los hechos que se pusieron en conocimiento de esta autoridad eran: Quien reclama señala que reservó un apartamento turístico a través de la plataforma ***PLATAFORMA.1, y que el propietario establecía la obligación de utilizar la aplicación ***APLICACIÓN.1 para realizar el proceso de check in de manera online. Manifiesta que la citada aplicación exige fotografiar ambas caras del DNI, así como una fotografía del titular del documento para poder finalizar el check-in y reservar un apartamento.  Afirma que se dirigió a la reclamada el 21 de junio de 2023 por correo electrónico solicitando una justificación al respecto, no habiendo recibido respuesta. Junto al escrito, se aportó: - Copia del correo electrónico enviado por quien reclama a ***EMAIL.1 con fecha 21 de junio de 2023, con el siguiente contenido:  “He reservado un apartamento a través de la plataforma ***PLATAFORMA.1 y me obligan a hacer el check in en vuestra plataforma ***APLICACIÓN.1. Al realizar el check in he comprobado que los datos que se solicitan son excesivos incumpliendo con el art. 5.1.c) del RGPD, el principio de minimización. Entiendo que por motivos legales se solicite la parte delantera del DNI para comprobar el número y comunicarlo a las autoridades si fuese necesario, tal como indiciáis en vuestra política de protección de datos. Sin embargo, no es necesaria la información que aparece en la parte trasera del DNI y que se me ha exigido para realizar el check-in si quiero acceder al apartamento que he reservado y ya pagado. Además, también incumple el principio de minimización de datos exigir una fotografía de mi cara. Tanto la imagen de mi cara como la parte trasera del DNI es obligatorio para finalizar el check in. Según la normativa vigente, estos datos no son necesarios comunicar a la autoridad competente si hubiese algún problema. Según la normativa vigente, los datos a comunicar únicamente serían número de DNI, fecha de expedición, nacionalidad, fecha de nacimiento y fecha de entrega del alojamiento. Por otro lado, la finalidad de vuestra política indica: ""Los datos personales de incluidos en el formulario de contacto web por parte de contactos y solicitantes serán tratados con la finalidad de poder atender su C/ Jorge Juan, 6 www.aepd.es 28001 – Madrid sedeaepd.gob.es 2/65 solicitud y enviarle información sobre nuestros productos y servicios ***APLICACIÓN.1 relacionados con alojamiento."" En este caso, no he podido no dar mi consentimiento para no recibir productos y servicios de ***APLICACIÓN.1. Me gustaría una respuesta del motivo por qué se obliga a dar el exceso de datos y ...",Protección de datos personales,"Un usuario denunció a VIPTHINK, S.L. por exigir datos personales excesivos para el check-in en un apartamento turístico a través de la aplicación ***APLICACIÓN.1, incluyendo la fotografía de ambas caras del DNI y una fotografía del titular del documento.",Denuncia por posible infracción de protección de datos | Exigencia de datos personales excesivos para check-in | Falta de respuesta a la solicitud de justificación,No especificado,Art. 5.1.c) del RGPD (principio de minimización),"protección de datos, check-in, apartamento turístico, aplicación móvil, RGPD, principio de minimización"
PS-00037-2025,https://www.aepd.es/documento/ps-00037-2025.pdf,"1 / 56  Expediente Nº: EXP202314107 RESOLUCIÓN DE TERMINACIÓN DEL PROCEDIMIENTO POR PAGO VOLUNTARIO Del procedimiento instruido por la Agencia Española de Protección de Datos  y en base a los siguientes ANTECEDENTES PRIMERO :   Con fecha 16 de abril de 2025 ,   la Presidencia  de la Agencia...","1/56  Expediente Nº: EXP202314107 RESOLUCIÓN DE TERMINACIÓN DEL PROCEDIMIENTO POR PAGO VOLUNTARIO Del procedimiento instruido por la Agencia Española de Protección de Datos y en base a los siguientes ANTECEDENTES PRIMERO: Con fecha 16 de abril de 2025, la Presidencia de la Agencia Española de Protección de Datos acordó iniciar procedimiento sancionador a GSMA LIMITED (en adelante, GSMA). Notificado el acuerdo de inicio y tras analizar las alegaciones presentadas, con fecha 20 de febrero de 2026 se emitió la propuesta de resolución que a continuación se transcribe: << Expediente N.º: EXP202314107 Contenido PROPUESTA DE RESOLUCIÓN DE PROCEDIMIENTO SANCIONADOR...................2 PRIMERO: Escrito de denuncia de 10/08/2023..........................................................2 SEGUNDO: Acuerdo de la Presidencia de inicio de actuaciones previas de  investigación (API).....................................................................................................3 TERCERO: Inicio de API............................................................................................3 CUARTO: Información obtenida de FUNDACIÓ BARCELONA MOBILE WORLD  CAPITAL FOUNDATION (MWCapital)........................................................................3 QUINTO: Obtención de información de GSMA LIMITED............................................4 SEXTO: Información de GSMA LIMITED en la herramienta Axesor.........................24 SÉPTIMO: Acuerdo de inicio de 16/04/2025............................................................25 OCTAVO: Alegaciones al acuerdo de inicio..............................................................25 NOVENO: Se acompaña como anexo relación de documentos obrantes en el  procedimiento...........................................................................................................30 HECHOS PROBADOS.............................................................................................30 PRIMERO:...............................................................................................................31 SEGUNDO:..............................................................................................................31 TERCERO:...............................................................................................................32 CUARTO:.................................................................................................................32 QUINTO:..................................................................................................................33 SEXTO:....................................................................................................................35 SÉPTIMO:................................................................................................................36 OCTAVO:..................................................................................................................36 NOVENO:...................................................",Protección de datos,"La Agencia Española de Protección de Datos inició un procedimiento sancionador contra GSMA LIMITED por presuntas infracciones de la normativa de protección de datos. Tras analizar las alegaciones y obtener información adicional, se emitió una propuesta de resolución.",Inicio de procedimiento sancionador | Análisis de alegaciones | Obtención de información adicional,No especificado,No especificado,"protección de datos, GSMA LIMITED, Agencia Española de Protección de Datos, procedimiento sancionador"
AI-00222-2024,https://www.aepd.es/documento/ai-00222-2024.pdf,1 / 8  Expediente N.º: EXP202409710 RESOLUCIÓN DE ARCHIVO DE ACTUACIONES De   las   actuaciones   practicadas   por   la  Agencia   Española   de   Protección   de   Datos   y teniendo como base los siguientes HECHOS PRIMERO : Con fecha 17/04/2024 se interpuso reclamación ante la Agencia Española...,"1/8  Expediente N.º: EXP202409710 RESOLUCIÓN DE ARCHIVO DE ACTUACIONES De las actuaciones practicadas por la Agencia Española de Protección de Datos y teniendo como base los siguientes HECHOS PRIMERO: Con fecha 17/04/2024 se interpuso reclamación ante la Agencia Española de Protección de Datos por una posible infracción imputable a BLEISOR SOLUTION, S.A.S., con NIF de Colombia 901689980-9, donde tiene su sede, (en adelante, BLEISOR).  Los hechos que se ponen en conocimiento de esta autoridad son los siguientes: La parte reclamante manifiesta haber recibido una llamada de teléfono de la empresa ***EMPRESA.1, en la que es informado de que son una empresa comercializadora de ***EMPRESA.2, su actual compañía de luz, y que a partir de esa fecha ellos van a gestionar su contrato. Indica que le ofrecen un descuento anual y el abono de la siguiente factura, por un cobro indebido de la compañía. Le facilitan su número de DNI, su nombre completo y su número de cuenta bancaria y le solicitan que firme un documento en el que presta su consentimiento para recibir llamadas comerciales.   Tras dar su consentimiento, recibe un mensaje de texto con un documento de protección de datos personales en el que figura como responsable del tratamiento ***CONSULTORIA.1, comprobando así que se trata de una nueva empresa, a la que se le habían cedido sus datos personales. Para poder proceder a la firma de este documento de aceptación de la política de protección de datos, le comunican que debe darse de baja en la a Lista Robinson, hecho por el que se dio cuenta de que se trataba de un engaño. La parte reclamante manifiesta que realizó una llamada al servicio de atención al cliente de la compañía de luz con la que tenía originariamente su contrato y le dan como respuesta que ha sido víctima de una estafa. Junto al escrito, se aporta: - copia de los mensajes de texto recibidos y de dicho documento de protección de datos: - 1º SMS de 15:22 horas -  a nombre de ***CONSULTORIA.1 con el texto:  ¿El precio de tu consumo de luz/gas es excesivo? Obtén tu código de promoción ***URL. ***TELÉFONO.1 C/ Jorge Juan, 6 www.aepd.es 28001 – Madrid sedeaepd.gob.es 2/8 - 2º SMS de 15:23 horas - a nombre de ***EMPRESA.3 con el texto:  Gracias por introducir sus datos. Este es el código único que deberá facilitar al agente comercial para poder beneficiarse del descuento: (…) Obtén hasta un 100% de descuento en energía en tu … ***WEB.1  - 3º SMS de 15:23 horas - a nombre de ***CONSULTORIA.1 con el texto:  Contacto desde: ***WEB.1  Telefono móvil: ***TELÉFONO.1 Codigo de registro: (…) IP: (…) Autorizo a contactarme con fines comerciales: Si Este es tu enlace para firmar el documento de protección de datos: (…) (SMS CERTIFICADO) - 4º SMS de 15:24 horas - a nombre de Click and Sign con documento de protección de datos de carácter personal con la siguiente información: - Responsable del tratamiento: ***CONSULTORIA.1, con NIT (…), Bogotá DC (Colombia). - Finalidad del tratamiento: ***CONSULTORIA.1 re...",Protección de datos personales,"Una persona recibió una llamada de una empresa que se hacía pasar por la comercializadora de su compañía de luz, ofreciéndole un descuento y solicitando su consentimiento para recibir llamadas comerciales. Posteriormente, se dio cuenta de que se trataba de una estafa y que sus datos personales habían sido cedidos a otra empresa sin su consentimiento.",Llamada de una empresa que se hace pasar por la comercializadora de la compañía de luz | Oferta de descuento y solicitud de consentimiento para recibir llamadas comerciales | Cesión de datos personales a otra empresa sin consentimiento | Envío de mensajes de texto con enlaces para firmar un documento de protección de datos,No especificado,"Art. 5 RGPD, Art. 6 RGPD","protección de datos personales, estafa, cesión de datos, consentimiento, llamadas comerciales, mensaje de texto"
PA-00025-2025,https://www.aepd.es/documento/pa-00025-2025.pdf,1 / 18  Expediente N.º: EXP202413548 RESOLUCIÓN DE     PROCEDIMIENTO DE APERCIBIMIENTO Del procedimiento instruido por la Agencia Española de Protección de Datos  y en base a los siguientes ANTECEDENTES PRIMERO :   Con   fecha   3   de   septiembre   de   2024   se   interpuso   reclamación   ante...,"1/18  Expediente N.º: EXP202413548 RESOLUCIÓN DE     PROCEDIMIENTO DE APERCIBIMIENTO Del procedimiento instruido por la Agencia Española de Protección de Datos y en base a los siguientes ANTECEDENTES PRIMERO: Con fecha 3 de septiembre de 2024 se interpuso reclamación ante la Agencia Española de Protección de Datos por una posible infracción imputable a LOKURA PC COMPUTER SHOP, S.L. con NIF B54749908 (en adelante, LOKURA PC).  Los hechos que se ponen en conocimiento de esta autoridad son los siguientes: El sitio web de LOKURA PC, a pesar de la existencia de un formulario de recogida de datos personales, no cuenta con aviso legal y el apartado de Política de Privacidad está incompleto, al no identificarse adecuadamente al responsable, entre otras deficiencias. SEGUNDO: Con fecha 3 de octubre de 2024 se procedió a comprobar por esta Agencia el sitio web https://lokurapc.es/, en particular las secciones https://lokurapc.es/contacto/ y https://lokurapc.es/politica-privacidad/, incorporándose al expediente tanto el Formulario de contacto como la Política de Privacidad obtenidos a través de dicho sitio web. A continuación, se detalla el contenido de ambos documentos según constaban publicados en la web a 03/10/2024. Formulario de contacto “Contacto Estamos aquí para ayudarte  C. Manuel de Falla, 26, 03187 Los Montesinos, Alicante 966 72 04 80 Síguenos  Envíanos tu mensaje C/ Jorge Juan, 6 www.aepd.es 28001 – Madrid sedeaepd.gob.es 2/18 Nombre (*) Email Teléfono (*) Consulta (*)   He leído y acepto la Política de Privacidad Introduce el código de seguridad Enviar (*) Datos obligatorios""   Política de Privacidad “Política de privacidad A efectos de los previsto en la Ley Orgánica 15/1999, de 13 de diciembre, de Protección de Datos de Carácter Personal, Lokura PC SL informa al Usuario de que es titular de un fichero de datos de carácter personal inscrito ante el R.G.P.D. (Registro General de Protección de Datos), en los que sus datos quedan incorporados y son tratados con el fin de prestarle los servicios solicitados y enviarle la información de nuestra empresa que pueda ser de su interés.  ENVIO Y REGISTRO DE DATOS DE CARÁCTER PERSONAL. El envío de datos de carácter personal es obligatorio para contactar y realizar operaciones comerciales con Lokura PC S.L. Asimismo, el no facilitar los datos personales solicitados o el no aceptar la presente política de protección de datos supone la imposibilidad de suscribirse a nuestros contenidos y procesar las solicitudes realizadas en nuestro portal.  De acuerdo a lo establecido en la Ley Orgánica 15/1999, de 13 de diciembre, de Protección de Datos de Carácter Personal, le informamos que los datos personales que nos envíe serán incorporados a nuestro Fichero de USUARIOS DE LA WEB, titularidad de Lokura S.L. y con domicilio en Alicante, ……Este fichero tiene implementadas todas las medidas técnicas y organizativas de seguridad establecidas en el Real Decreto 1720/2007, de desarrollo de la LOPD.  NAVEGACIÓN Al navegar...",Protección de datos personales,"La empresa LOKURA PC COMPUTER SHOP, S.L. fue denunciada por no tener un aviso legal y una Política de Privacidad completa en su sitio web, lo que podría suponer una infracción de la Ley Orgánica de Protección de Datos de Carácter Personal.",Denuncia por posible infracción de protección de datos | Falta de aviso legal en el sitio web | Política de Privacidad incompleta,No especificado,"Ley Orgánica 15/1999, de 13 de diciembre, de Protección de Datos de Carácter Personal, Real Decreto 1720/2007","protección de datos, LOPD, RGPD, Política de Privacidad, aviso legal, sitio web"
PS-00330-2024,https://www.aepd.es/documento/ps-00330-2024.pdf,"1 / 4  Expediente N. º:  EXP202309321 RESOLUCIÓN DE CADUCIDAD DE PROCEDIMIENTO SANCIONADOR De las actuaciones practicadas por la Agencia Española de Protección de Datos y   en base a los siguientes HECHOS PRIMERO :   A.A.A.   (en   adelante,   la   parte   reclamante)   con   fecha   13   de...","1/4  Expediente N.º: EXP202309321 RESOLUCIÓN DE CADUCIDAD DE PROCEDIMIENTO SANCIONADOR De las actuaciones practicadas por la Agencia Española de Protección de Datos y en base a los siguientes HECHOS PRIMERO: A.A.A. (en adelante, la parte reclamante) con fecha 13 de junio de 2023 interpuso reclamación ante la Agencia Española de Protección de Datos. La reclamación se dirige contra el SERVICIO EXTREMEÑO DE SALUD con CIF Q0600413I (en adelante, SES). Los motivos en que basa la reclamación son los siguientes: La parte reclamante expone accesos indebidos a su historia clínica por una facultativa que no le ha prestado asistencia sanitaria dentro del servicio público de salud y sí de forma privada. Asimismo, refiere que con fecha 25/02/2022 interpuso reclamación ante la Defensora de los Usuarios del Sistema Sanitario Público de Extremadura, con fecha 06/04/2022 se procedió a incoar expediente disciplinario con referencia ***REFERENCIA.1 contra la referida facultativa, recayendo resolución sancionadora por la comisión de falta disciplinaria grave en fecha (…), por el acceso injustificado a la historia clínica de la parte reclamante el día 29/10/2021.  También refiere un acceso indebido el 2/10/2019 por el que no ha obtenido respuesta. Presentó ampliaciones a su reclamación los días 10 y 11 de octubre de 2023. SEGUNDO: De conformidad con el artículo 65.4 de la Ley Orgánica 3/2018, de 5 de diciembre, de Protección de Datos Personales y garantía de los derechos digitales (en adelante LOPDGDD), se dio traslado de dicha reclamación a la VICEPRESIDENCIA SEGUNDA Y CONSEJERÍA DE SANIDAD Y SERVICIOS SOCIALES de EXTREMADURA, para que procediese a su análisis e informase a esta Agencia en el plazo de un mes, de las acciones llevadas a cabo para adecuarse a los requisitos previstos en la normativa de protección de datos. No se ha recibido respuesta a este escrito de traslado. TERCERO: Con fecha 27 de septiembre de 2023, de conformidad con el artículo 65 de la LOPDGDD, se admitió a trámite la reclamación presentada por la parte reclamante. CUARTO: La Subdirección General de Inspección de Datos procedió a la realización de actuaciones previas de investigación para el esclarecimiento de los hechos en cuestión, en virtud de las funciones asignadas a las autoridades de control en el artículo 57.1 y de los poderes otorgados en el artículo 58.1 del Reglamento (UE) C/ Jorge Juan 6 www.aepd.es 28001 - Madrid sedeaepd.gob.es 2/4 2016/679 (Reglamento General de Protección de Datos, en adelante RGPD), y de conformidad con lo establecido en el Título VII, Capítulo I, Sección segunda, de la LOPDGDD. QUINTO: Con fecha 25 de octubre de 2024, la Directora de la Agencia Española de Protección de Datos acordó iniciar procedimiento sancionador a la parte reclamada, con arreglo a lo dispuesto en los artículos 63 y 64 de la Ley 39/2015, de 1 de octubre, del Procedimiento Administrativo Común de las Administraciones Públicas (en adelante, LPACAP), por la presunta infracción del artículo ...",Acceso indebido a historia clínica,Una persona denunció el acceso indebido a su historia clínica por una facultativa que no le había prestado asistencia sanitaria dentro del servicio público de salud. La AEPD analizó el caso y encontró que hubo accesos injustificados a la historia clínica de la persona reclamante.,Acceso indebido a historia clínica el 29/10/2021 | Acceso indebido el 2/10/2019 | Incoación de expediente disciplinario contra la facultativa,No especificado,"Art. 5 RGPD, Art. 6 RGPD, LOPDGDD","acceso indebido, historia clínica, facultativa, sanidad, protección de datos, AEPD"
PS-00620-2025,https://www.aepd.es/documento/ps-00620-2025.pdf,"1 / 16  Expediente Nº: EXP202517289 RESOLUCIÓN DE TERMINACIÓN DEL PROCEDIMIENTO POR PAGO VOLUNTARIO Del procedimiento instruido por la Agencia Española de Protección de Datos  y en base a los siguientes ANTECEDENTES PRIMERO :  Con fecha 24 de enero de 2026 ,  la Presidencia de la Agencia Española...","1/16  Expediente Nº: EXP202517289 RESOLUCIÓN DE TERMINACIÓN DEL PROCEDIMIENTO POR PAGO VOLUNTARIO Del procedimiento instruido por la Agencia Española de Protección de Datos y en base a los siguientes ANTECEDENTES PRIMERO: Con fecha 24 de enero de 2026, la Presidencia de la Agencia Española de Protección de Datos acordó iniciar procedimiento sancionador a VODAFONE ESPAÑA, S.A.U. (en adelante, VODAFONE). Notificado el acuerdo de inicio y tras analizar las alegaciones presentadas, con fecha 12 de marzo de 2026 se emitió la propuesta de resolución que a continuación se transcribe: << Expediente Nº: EXP202517289 (PS/00620/2025)  PROPUESTA DE RESOLUCIÓN DEL PROCEDIMIENTO SANCIONADOR De las actuaciones practicadas por la Agencia Española de Protección de Datos (en lo sucesivo, AEPD) y en base a los siguientes: ANTECEDENTES PRIMERO: Con fecha 11 de agosto de 2025 se interpuso reclamación ante la Agencia Española de Protección de Datos. La reclamación se dirige contra VODAFONE ESPAÑA, S.A.U. con NIF A80907397 (en adelante, VODAFONE o la parte reclamada), por la presunta vulneración de la Ley 34/2002, de 11 de julio, de Servicios de la Sociedad de la Información y Comercio Electrónico (en lo sucesivo, LSSI). El reclamante manifiesta haber recibido el 11 de agosto de 2025 un mensaje de carácter publicitario a través de la aplicación WhatsApp desde el número ***TELÉFONO.1, en el que el remitente se identificaba como empleada de una tienda Vodafone de ***LOCALIDAD.1, ofreciéndole una promoción comercial.  Señala que no ha autorizado el tratamiento de sus datos personales con fines publicitarios, que se encuentra inscrito en la Lista Robinson y que la comunicación revela información sobre su condición de cliente de Movistar, circunstancia que, a su juicio, evidenciaría un acceso o cruce de bases de datos sin su consentimiento.  Junto al escrito de reclamación, se acompaña la siguiente documentación: - Captura de pantalla de una conversación mantenida a través de la aplicación WhatsApp, en la que se observa una comunicación recibida el mismo día de la captura. En dicha conversación aparece como remitente el número C/ Jorge Juan, 6 www.aepd.es 28001 – Madrid sedeaepd.gob.es 2/16 ***TELÉFONO.1,   identificado   en   WhatsApp   como   “Vodafone ***LOCALIDAD.2”, no figurando como contacto guardado ni existiendo grupos en común. El mensaje recibido tiene carácter comercial y se inicia con el texto: “(…)”. Se ofrece una promoción comercial, preguntando al destinatario si “sigue con Movistar” y añadiendo que, por acudir a la tienda a informarse, se le ofrecería un detalle adicional. El texto completo del mensaje se incluye en los hechos probados. - Captura de pantalla de la respuesta del reclamante en la que manifiesta su disconformidad con la comunicación recibida, indicando que se ha producido el uso de sus datos personales sin consentimiento, que se encuentra inscrito en la Lista Robinson y que la comunicación constituye publicidad no solicitada. SEGUNDO: En fecha...",Publicidad no solicitada,Un reclamante recibió un mensaje publicitario de Vodafone a través de WhatsApp sin haber autorizado el tratamiento de sus datos personales. El reclamante estaba inscrito en la Lista Robinson y consideró que la comunicación era publicidad no solicitada.,Reclamación por publicidad no solicitada | Uso de datos personales sin consentimiento | Inscripción en la Lista Robinson,No especificado,"Ley 34/2002, de 11 de julio, de Servicios de la Sociedad de la Información y Comercio Electrónico (LSSI)","publicidad no solicitada, Vodafone, WhatsApp, Lista Robinson, protección de datos, comercio electrónico"
PS-00409-2024,https://www.aepd.es/documento/ps-00409-2024.pdf,"1 / 12  Expediente N.º: EXP202404420 RESOLUCIÓN DE PROCEDIMIENTO SANCIONADOR Del procedimiento instruido por la Agencia Española de Protección de Datos  y en base a los siguientes HECHOS PRIMERO :   Con   fecha   6/03/2024,   LA   D.G.   DE   INFANCIA,   FAMILIA Y  FOMENTO   DE LA  NATALIDAD,   en...","1/12  Expediente N.º: EXP202404420 RESOLUCIÓN DE PROCEDIMIENTO SANCIONADOR Del procedimiento instruido por la Agencia Española de Protección de Datos y en base a los siguientes HECHOS PRIMERO: Con fecha 6/03/2024, LA D.G. DE INFANCIA, FAMILIA Y FOMENTO DE LA NATALIDAD, en la representación que ostenta de la menor de edad A.A.A. (en adelante, la parte reclamante) interpuso reclamación ante la Agencia Española de Protección de Datos por una posible infracción imputable a B.B.B. con NIF ***NIF.1 (en adelante, B.B.B.).                                                              Los hechos que se ponen en conocimiento de esta autoridad son los siguientes: La parte reclamante pone de manifiesto la existencia de un vídeo que está difundido en Internet, en la plataforma ***PLATAFORMA.1, concretamente ***URL.1, referido a una menor, A.A.A., que está bajo su tutela legal, habiéndose realizado esta publicación sin su consentimiento. Según lo manifestado por la parte reclamante, en este vídeo, B.B.B., madre de la menor, que tiene suspendida la patria potestad, expone públicamente a su hija, revelando su identidad. El vídeo es accesible fácilmente, ya que, al introducir el nombre y apellidos de la menor en un buscador de internet, el primer contenido que aparece es el mencionado vídeo. En él, puede observarse a B.B.B. hablando a cámara, solicitando dinero para litigar (…), denunciando (…) hacia su hija y el ""robo"" de la menor. Afirma la parte reclamante que el vídeo objeto de la reclamación ha sido difundido sin su autorización, siendo esta entidad de la administración de la Comunidad ***LOCALIDAD.1 la que ostenta la representación legal de la menor tutelada, por lo que B.B.B., al estar suspendida en el ejercicio de la patria potestad, carece de facultad para autorizar cualquier publicación de datos que afecten a la menor. Según indica la parte reclamante, B.B.B. asegura haber eliminado otros vídeos difundidos, pero dice no poder eliminar el vídeo referido al no haber sido difundido por ella y desconocer quien puede haberlo difundido.  No consta que la parte reclamante se haya dirigido al prestador del servicio para solicitar la retirada del vídeo. SEGUNDO: El 19/03/2024 por parte de la AEPD se comprueba que el vídeo se encuentra disponible en ***PLATAFORMA.1 a través del enlace ***URL.1, donde lleva publicado desde el 17/02/20XX, habiendo sido visualizado un total 130 veces. El vídeo se titula “(...)” y se acompaña del comentario: “Necesitamos ayuda económica para C/ Jorge Juan, 6 www.aepd.es 28001 – Madrid sedeaepd.gob.es 2/12 contratar un abogado privado penal que nos ayude en el grave caso de mi hija. Los jueces por el momento no han ayudado demasiado. Gracias de antemano. Que Dios te bendiga. ES 00 0000 0000 0000 0000 0000”. El vídeo cuenta con 8:04 minutos de duración. Se trata de un plano fijo en el que una mujer habla a cámara identificándose como B.B.B. y madre de la menor que se encuentra bajo la tutela de la Comunidad ***LOCALIDAD.1. En su relato...",Protección de datos de menores,"Una madre publicó un vídeo en Internet sin autorización, exponiendo públicamente a su hija menor de edad y revelando su identidad, lo que generó una reclamación ante la AEPD por posible infracción de protección de datos",Publicación de un vídeo en Internet sin autorización | Exposición pública de una menor de edad | Revelación de la identidad de la menor | Difusión del vídeo a través de una plataforma en línea,No especificado,"Art. 5 RGPD, Art. 6 RGPD","protección de datos, menores de edad, publicación no autorizada, exposición pública, identidad, plataforma en línea, AEPD"
PS-00038-2025,https://www.aepd.es/documento/ps-00038-2025.pdf,1 / 12  Expediente N.º: EXP202413245 RESOLUCIÓN DE PROCEDIMIENTO SANCIONADOR Del procedimiento instruido por la Agencia Española de Protección de Datos  y en base a los siguientes HECHOS PRIMERO : Con fecha 13/09/2024 se interpuso reclamación ante la Agencia Española de   Protección   de   Datos...,"1/12  Expediente N.º: EXP202413245 RESOLUCIÓN DE PROCEDIMIENTO SANCIONADOR Del procedimiento instruido por la Agencia Española de Protección de Datos y en base a los siguientes HECHOS PRIMERO: Con fecha 13/09/2024 se interpuso reclamación ante la Agencia Española de Protección de Datos por una posible infracción imputable a MONUMENTAL FORMA SPORT, S.L. con NIF B96608237 (en adelante, MONUMENTAL FORMA o la parte reclamada).  Los hechos que se ponen en conocimiento de esta autoridad son los siguientes: La parte reclamante manifiesta que en fecha 5/02/2024 remitió solicitud de supresión de sus datos a MONUMENTAL FORMA mediante correo electrónico remitido a la dirección que aparece habilitada a tal efecto en la política de privacidad de la web de la parte reclamada, arco.rpgd@forma-sport.com, y recibió como respuesta un correo en el que se le notificaba que no se había encontrado esa dirección o bien que no podía recibir el correo. La parte reclamante remitió, en fechas 5 y 8 de febrero y 20 de marzo de 2024, correos electrónicos reiterando su solicitud a otras dos direcciones de correo electrónico vinculadas a la parte reclamada, sat@formasport.com y forma- sport@hotmail.es, siendo notificado nuevamente que no se pudo entregar su solicitud a la dirección de correo. La parte reclamante declara que no ha recibido debida contestación a su petición una vez transcurrido el plazo establecido a tal efecto por la normativa de protección de datos. Junto al escrito, se aporta: - Correo electrónico, de fecha 5/02/2024, enviado a la dirección arco.rpgd@forma-sport.com , y cuyo asunto es “Solicitud de cancelación de datos personales de las bases de datos de MONUMENTAL FORMA SPORT, S.L”, en el que manifiesta que “teniendo en cuenta que no estoy interesado en sus productos o servicios, les comunico mi petición para que sean cancelados todos mis datos personales que figuren en las bases de datos de MONUMENTAL FORMA SPORT, S.L., así como los que hayan podido ceder a posibles terceros”. La respuesta a este correo, en la misma fecha, es “No se ha encontrado la dirección. Tu mensaje no se ha entregado a arco.rpgd@forma sport.com porque no se ha encontrado la dirección o esta no puede recibir correo”. C/ Jorge Juan, 6 www.aepd.es 28001 – Madrid sedeaepd.gob.es 2/12 - Correo electrónico, de fecha 8/02/2024, enviado a la dirección forma- sport@hotmail.es, que es básicamente copia del anterior y del que no aporta repuesta.  - Correo electrónico de fecha 5/02/2024, idéntico a los anteriores a sat@forma- sport.com, y cuya respuesta, el 6/02/2024, fue “Se ha producido un problema temporal al entregar el mensaje a sat@formasport.com. Gmail lo seguirá intentando durante 46 horas más. Recibirás una notificación si la entrega falla de forma permanente”, el 7/02/2024, “Se ha producido un problema temporal al entregar el mensaje a sat@formasport.com. Gmail lo seguirá intentando durante 21 horas más. Recibirás una notificación si la entrega falla de forma permanente” y el 8/02/2024...",Protección de datos personales,"Un individuo solicitó a MONUMENTAL FORMA SPORT, S.L. la supresión de sus datos personales a través de varios correos electrónicos, pero no recibió una respuesta adecuada dentro del plazo establecido por la normativa de protección de datos.",Solicitud de supresión de datos personales | Falta de respuesta adecuada dentro del plazo establecido | Intentos de contacto a través de varias direcciones de correo electrónico,No especificado,"Art. 12 RGPD, Art. 17 RGPD","protección de datos, supresión de datos, derechos del interesado, plazo de respuesta, MONUMENTAL FORMA SPORT, S.L."
PD-00268-2025,https://www.aepd.es/documento/pd-00268-2025.pdf,1 / 12  Expediente N.º: EXP202512776 RESOLUCIÓN DE PROCEDIMIENTO DE DERECHOS Vista   la   reclamación   registrada   en   fecha   11   de   junio   de   2025   ante   esta  Agencia   y realizadas   las   actuaciones   procedimentales   previstas   en   el   Título   VIII   de   la   Ley Orgánica 3...,"1/12  Expediente N.º: EXP202512776 RESOLUCIÓN DE PROCEDIMIENTO DE DERECHOS Vista la reclamación registrada en fecha 11 de junio de 2025 ante esta Agencia y realizadas las actuaciones procedimentales previstas en el Título VIII de la Ley Orgánica 3/2018, de 5 de diciembre, de Protección de Datos Personales y garantía de los derechos digitales (en lo sucesivo, LOPDGDD), se han constatado los siguientes HECHOS PRIMERO: Con fecha 11 de junio de 2025 tuvo entrada en esta Agencia reclamación presentada por A.A.A. (en adelante, la parte reclamante) contra la DIRECCIÓN GENERAL DE LA POLICÍA (en adelante, la parte reclamada) por no haber sido debidamente atendido los derechos de oposición y supresión. El 07/05/25 la parte reclamante solicitó a la parte reclamada que suprimiera todos los números de teléfono a su nombre y se opuso a recibir llamadas telefónicas de la policía nacional. El 20/05/25 remitió un nuevo escrito a la parte reclamada para conocer el estado en el que se encontraba la tramitación de su petición. Según afirma, las solicitudes formuladas no han sido resueltas en el plazo de un mes. Junto a la reclamación aporta la siguiente documentación: - Justificante registro de entrada GVA de fecha 08/05/2025 dirigido a la Dirección General de la Policía, adjuntando dos escritos: o solicitud “(…) se cancelen todos los números de telefonía de líneas a mi nombre que consten en la base de datos de la Policía Nacional”. o “(…) me opongo a recibir llamadas telefónicas por parte de la policía nacional a números de telefonía de líneas a mi nombre.” - Recibo de presentación en Oficina de registro de fecha 20/05/2025 dirigido a la Dirección General de la Policía, adjuntando escrito en el que solicita conocer el estado de tramitación de las solicitudes e identidad de la autoridad o personal bajo cuya responsabilidad se tramitan dichas solicitudes. SEGUNDO: De conformidad con el artículo 65.4 de la LOPDGDD, se dio traslado de dicha reclamación a la parte reclamada, para que procediese a su análisis e informase a esta Agencia en el plazo de un mes, de las acciones llevadas a cabo para adecuarse a los requisitos previstos en la normativa de protección de datos. La notificación del traslado de la reclamación, que se practicó conforme a las normas establecidas en la Ley 39/2015, de 1 de octubre, del Procedimiento Administrativo Común de las Administraciones Públicas (en adelante, LPACAP), fue realizada en fecha 11/08/2025 como consta en el acuse de recibo que obra en el expediente. C/ Jorge Juan, 6 www.aepd.es 28001 – Madrid sedeaepd.gob.es 2/12 Con fecha 11/08/2025 se recibe en esta Agencia escrito de respuesta indicando: «Se participa que en los archivos obrantes de esta Oficina Central Nacional de Protección de Datos de la Policía Nacional, sobre la parte reclamante obra el ***EXPEDIENTE.1 de esa AEPD, el cual se ha contestado oportunamente. [...] Los derechos de oposición y supresión relativos a los números de teléfono indicados por el reclamante no concretan...",Protección de datos personales,Un ciudadano presentó una reclamación ante la AEPD por no haber sido atendidos sus derechos de oposición y supresión de datos personales por la Dirección General de la Policía.,Solicitud de supresión de números de teléfono | Oposición a recibir llamadas telefónicas de la policía nacional | Reclamación ante la AEPD por no haber sido resueltas las solicitudes en el plazo de un mes,No especificado,"Art. 65.4 LOPDGDD, Ley 39/2015, de 1 de octubre, del Procedimiento Administrativo Común de las Administraciones Públicas","protección de datos personales, derechos de oposición y supresión, Dirección General de la Policía, AEPD, LOPDGDD"
AI-00533-2024,https://www.aepd.es/documento/ai-00533-2024.pdf,"1 / 16  Expediente  N.º: EXP202411909 RESOLUCIÓN DE ARCHIVO DE ACTUACIONES De   las   actuaciones   practicadas   por   la  Agencia   Española   de   Protección   de   Datos   y teniendo como base los siguientes HECHOS PRIMERO :   Con   fecha   3   de   julio   de   2024,   se   presentó...",Error extrayendo PDF: 503 Server Error: Service Unavailable for url: https://www.aepd.es/documento/ai-00533-2024.pdf...,Error de procesamiento,,,,,
PS-00020-2025,https://www.aepd.es/documento/ps-00020-2025.pdf,"1 / 75  Expediente N.º: EXP202400624 RESOLUCIÓN DE TERMINACIÓN DEL PROCEDIMIENTO POR PAGO VOLUNTARIO Del procedimiento instruido por la Agencia Española de Protección de Datos  y en base a los siguientes ANTECEDENTES PRIMERO :   Con fecha 15 de abril de 2025 ,   la Presidencia  de la Agencia...","1/75  Expediente N.º: EXP202400624 RESOLUCIÓN DE TERMINACIÓN DEL PROCEDIMIENTO POR PAGO VOLUNTARIO Del procedimiento instruido por la Agencia Española de Protección de Datos y en base a los siguientes ANTECEDENTES PRIMERO: Con fecha 15 de abril de 2025, la Presidencia de la Agencia Española de Protección de Datos acordó iniciar procedimiento sancionador a ALKORA EBS CORREDURIA DE SEGUROS Y REASEGUROS SAU (en adelante, ALKORA). Notificado el acuerdo de inicio y tras analizar las alegaciones presentadas, con fecha 16 de febrero de 2026 se emitió la propuesta de resolución que a continuación se transcribe: << Expediente N.º: EXP202400624 PROPUESTA DE RESOLUCIÓN DE PROCEDIMIENTO SANCIONADOR Del procedimiento instruido por la Agencia Española de Protección de Datos y en base a los siguientes: Contenido ANTECEDENTES..........................................................................................................3 PRIMERO: Con fecha 22 de abril de 2023, se notificó a esta Agencia una brecha de  datos personales de ALKORA EBS CORREDURIA DE SEGUROS Y  REASEGUROS SAU, con NIF A01051747 (en adelante, ALKORA)..........................3 SEGUNDO: Con fecha 27 de diciembre de 2023 se interpuso una reclamación ante  la Agencia Española de Protección de Datos relacionada con la brecha de datos  personales anteriormente notificada...........................................................................5 TERCERO: De conformidad con el artículo 65.4 de la Ley Orgánica 3/2018, de 5 de  diciembre, de Protección de Datos Personales y garantía de los derechos digitales  (en adelante LOPDGDD), se dio traslado de dicha reclamación a ALKORA, para que procediese a su análisis e informase a esta Agencia en el plazo de un mes, de las  acciones llevadas a cabo para adecuarse a los requisitos previstos en la normativa  de protección de datos...............................................................................................7 CUARTO: Con fecha 27 de marzo de 2024, de conformidad con el artículo 65 de la  LOPDGDD, se admitió a trámite la reclamación.......................................................20 C/ Jorge Juan, 6 www.aepd.es 28001 – Madrid sedeaepd.gob.es 2/75 QUINTO: La Subdirección General de Inspección de Datos procedió a la realización  de actuaciones previas de investigación para el esclarecimiento de los hechos en  cuestión, en virtud de las funciones asignadas a las autoridades de control en el  artículo 57.1 y de los poderes otorgados en el artículo 58.1 del Reglamento (UE)  2016/679 (Reglamento General de Protección de Datos, en adelante RGPD), y de  conformidad con lo establecido en el Título VIII, de la LOPDGDD...........................20 Origen y desarrollo de la brecha:..........................................................................21 Número de personas afectadas:...........................................................................22 Tipos de datos:...........................................................................",Protección de datos personales,"La Agencia Española de Protección de Datos inició un procedimiento sancionador contra ALKORA EBS CORREDURIA DE SEGUROS Y REASEGUROS SAU debido a una brecha de datos personales notificada en abril de 2023 y una reclamación presentada en diciembre de 2023. Tras las investigaciones y análisis, se emitió una propuesta de resolución.",Notificación de brecha de datos personales en abril de 2023 | Reclamación presentada en diciembre de 2023 | Investigación y análisis por la Agencia Española de Protección de Datos,No especificado,"Reglamento General de Protección de Datos (RGPD), Ley Orgánica 3/2018, de 5 de diciembre, de Protección de Datos Personales y garantía de los derechos digitales (LOPDGDD)","protección de datos personales, brecha de datos, reclamación, investigación, sancionador, RGPD, LOPDGDD"
AI-00490-2024,https://www.aepd.es/documento/ai-00490-2024.pdf,"1 / 5  Expediente N.º: EXP202412304 RESOLUCIÓN DE ARCHIVO DE ACTUACIONES De   las   actuaciones   practicadas   por   la  Agencia   Española   de   Protección   de   Datos   y teniendo como base los siguientes HECHOS PRIMERO :   Con   fecha   12   de   julio   de   2024,   se   presentó...",Error extrayendo PDF: 503 Server Error: Service Unavailable for url: https://www.aepd.es/documento/ai-00490-2024.pdf...,Error de procesamiento,,,,,
PS-00542-2024,https://www.aepd.es/documento/ps-00542-2024.pdf,1 / 13  Expediente N. º:  EXP202413782 RESOLUCIÓN DE PROCEDIMIENTO SANCIONADOR Del procedimiento instruido por la Agencia Española de Protección de Datos  y en base a los siguientes: ANTECEDENTES PRIMERO : Con fecha 22 de agosto de 2024 se interpuso reclamación ante la Agencia Española   de...,"1/13  Expediente N.º: EXP202413782 RESOLUCIÓN DE PROCEDIMIENTO SANCIONADOR Del procedimiento instruido por la Agencia Española de Protección de Datos y en base a los siguientes: ANTECEDENTES PRIMERO: Con fecha 22 de agosto de 2024 se interpuso reclamación ante la Agencia Española de Protección de Datos por una posible infracción imputable a A.A.A. con NIF ***NIF.1 (en adelante, A.A.A.).  Los hechos que se pusieron en conocimiento de esta autoridad eran: Quien reclama afirma que A.A.A. realizó en su perfil de la red social ***RED.1 (***USUARIO.1) varias publicaciones, sin su consentimiento, en las que se incluyen imágenes suyas, su identificación por nombre y apellidos y una referencia a la dirección de su domicilio, así como imágenes de su hija menor de edad. También señala que se han difundido datos personales de su madre en la red social ***RED.2 por parte de A.A.A. Junto al escrito, se aportaba: - Copia de la comparecencia del reclamante ante la Policía Local de ***LOCALIDAD.1 de fecha 6 de agosto de 2024, con número de diligencias ***REFERENCIA.1, donde realizaba las siguientes manifestaciones: “Que sobre las 21:30 del día 4 de agosto de 2024 le han comunicado que en internet, concretamente en la red social ***RED.1 aparece dos video similares donde sale él y su hija menor (…), para cuya subida y difusión en internet no ha dado consentimiento. Su hija es (…). De la cual tiene la patria potestad.  Que conoce a la persona que ha realizado el video ya que tienen conflictos de convivencia con ella, siendo habitual que suba videos a internet sin permiso, que se llama A.A.A. y vive en calle ***DIRECCIÓN.1. Que esta persona ha subido las fotos en ***RED.1 con el usuario ***USUARIO.1.   Que también aparece en los videos su dirección actual y su nombre y apellidos.   Que manifiesta que no ha dado su consentimiento a A.A.A. ni para grabar ni para difundir ningún video o imagen sobre sus personas en internet, y menos aun sobre su hija menor. Y que tampoco ha dado su consentimiento para que publique su dirección y nombre apellidos, los cuales también aparecen en el video.   Que cree que el video se lo realizo a él y a su hija, el domingo, sobre las 21:30 en la ***DIRECCIÓN.2 cuando iba a casa de su pareja, y él le indico a A.A.A. con la mano que no hiciese el video.  C/ Jorge Juan 6 www.aepd.es 28001 - Madrid sedeaepd.gob.es 2/13 Que no se lo dijo verbalmente porque esta señora es muy conflictiva y agresiva y quería evitar un conflicto y proteger a su hija.   Que aporta a las presentes tres capturas de pantalla sobre los videos donde sale su hija y su rostro, así como la imagen de él y sus datos personales, dirección y nombre y apellidos.  Que acaba de ver en ***RED.1 que un video lo han visto ya ***CANTIDAD.1 personas. Y el otro video ***CANTIDAD.2 personas. A través del siguiente enlace: ***URL.1”. - Copia de las capturas de pantalla aportadas por el reclamante en la comparecencia realizada ante la Policía Local de ***LOCALIDAD.1 de fecha 6 de agosto ...",Publicacion de datos personales sin consentimiento,"Una persona denunció a la AEPD que otra persona, A.A.A., publicó en redes sociales imágenes y datos personales suyos y de su hija menor sin consentimiento, incluyendo su dirección y nombre y apellidos.",Publicación de imágenes y datos personales sin consentimiento | Difusión de videos en redes sociales | Inclusión de datos personales de una menor de edad | Denuncia ante la Policía Local y la AEPD,No especificado,"Art. 5 RGPD, Art. 6 RGPD, Art. 8 RGPD","publicacion de datos personales, redes sociales, menor de edad, consentimiento, proteccion de datos, AEPD"
PS-00089-2025,https://www.aepd.es/documento/ps-00089-2025.pdf,1 / 29 Expediente N.º: EXP202500241 RESOLUCIÓN DE PROCEDIMIENTO SANCIONADOR Del procedimiento instruido por la Agencia Española de Protección de Datos  y en base a los siguientes ANTECEDENTES PRIMERO : La  Agencia  Española  de  Protección  de Datos tuvo conocimiento  a través de distintos   medios...,"1/29 Expediente N.º: EXP202500241 RESOLUCIÓN DE PROCEDIMIENTO SANCIONADOR Del procedimiento instruido por la Agencia Española de Protección de Datos y en base a los siguientes ANTECEDENTES PRIMERO: La Agencia Española de Protección de Datos tuvo conocimiento a través de distintos medios de comunicación de ciertos hechos que podrían constituir una posible infracción imputable a DOS MIL PALABRAS SL, NIF B87277455 (en adelante, DOS MIL PALABRAS o DMP).  Los hechos que se pusieron en conocimiento de esta autoridad fueron los siguientes: Tratamiento de datos personales relativo a la difusión de un video donde se visualiza la agresión física de un joven a una segunda persona (…). Según la información de la que se tuvo conocimiento, se trataría de la agresión de un menor de 16 años a un hombre (…). Asimismo, la información publicada señala que la agresión fue grabada por una tercera persona y difundida posteriormente a través de distintos medios y redes sociales de internet. SEGUNDO: Como consecuencia de los hechos conocidos, con fecha 3/10/2023, la Directora de la Agencia Española de Protección de Datos instó a la Subdirección General de Inspección de Datos (SGID) a iniciar las actuaciones previas de investigación a las que se refiere el artículo 67 de la Ley Orgánica 3/2018, de 5/12, de Protección de Datos Personales y garantía de los derechos digitales (en adelante, LOPDGDD). TERCERO: La SGID procedió a la realización de actuaciones previas de investigación para el esclarecimiento de los hechos en cuestión, en virtud de las funciones asignadas a las autoridades de control en el artículo 57.1 y de los poderes otorgados en el artículo 58.1 del Reglamento (UE) 2016/679 (Reglamento General de Protección de Datos, en adelante RGPD), y de conformidad con lo establecido en el Título VIII, de la LOPDGDD. Con fecha 13/01/2025, el Inspector encargado de la realización de actuaciones previas, procedió a realizar las siguientes: 1) Diligencia, indicando: “Para hacer constar que en esta fecha se obtiene impresión de la siguiente información obtenida a través de Internet: Resultado de la consulta realizada en la página web: ***URL.1 en fecha ***FECHA.1. El nombre del archivo es el siguiente: (…). El hash o huella del archivo es el siguiente: (habiendo utilizado (…)): (…) En el video, se muestra el diario digital de ***FECHA.2 11:48 junto a la noticia “(…)” “El C/ Jorge Juan, 6 www.aepd.es 28001 – Madrid sedeaepd.gob.es 2/29 caso (…)”. En las imágenes del video se ve de cara a un señor mayor, y de espaldas a un joven “(…)” y que el suceso aconteció hace dos meses (…).  1) En la sección de “política de privacidad” de la noticia, figura que el responsable del tratamiento es DOS MIL PALABRAS SL, NIF B87277455 (en adelante, DMP), resultando constatado en actuaciones previas Tras la orden de retirada de contenido de datos personales de la citada dirección web que contenía la noticia y el video de la AEPD de 13/01/2025 y requerimiento en tal sentido a DMP como medida pro...",Difusión de datos personales a través de redes sociales,"La Agencia Española de Protección de Datos investigó a DOS MIL PALABRAS SL por la difusión de un video que mostraba la agresión física de un joven a una segunda persona, sin autorización y sin respetar la privacidad de los involucrados.",Difusión de un video que muestra una agresión física | Grabación y publicación del video sin autorización | Investigación de la AEPD sobre la posible infracción de la LOPDGDD y el RGPD,No especificado,"Art. 5 RGPD, Art. 6 RGPD, Ley Orgánica 3/2018, de 5/12, de Protección de Datos Personales y garantía de los derechos digitales (LOPDGDD)","Difusión de datos personales, Redes sociales, Privacidad, Agresión física, Investigación de la AEPD, LOPDGDD, RGPD"
PS-00075-2025,https://www.aepd.es/documento/ps-00075-2025.pdf,1 / 28  Expediente N.º: EXP202412828  (PS/00075/2025) RESOLUCIÓN DEL PROCEDIMIENTO SANCIONADOR. De las actuaciones practicadas por la Agencia Española de Protección de Datos y en base a los siguientes: ANTECEDENTES PRIMERO :   Con   fecha   15   de   septiembre   de   2024   se   interpuso...,Error extrayendo PDF: 503 Server Error: Service Unavailable for url: https://www.aepd.es/documento/ps-00075-2025.pdf...,Error de procesamiento,,,,,
PS-00516-2025,https://www.aepd.es/documento/ps-00516-2025.pdf,1 / 26  Expediente N.º: EXP202409851 RESOLUCIÓN DE TERMINACIÓN DEL PROCEDIMIENTO POR RECONOCIMEINTO DE RESPONSABILDIAD Y PAGO VOLUNTARIO CON MEDIDAS CORRECTIVAS Del procedimiento instruido por la Agencia Española de Protección de Datos y en base a los siguientes. HECHOS PRIMERO : Con fecha 5/01/...,Error extrayendo PDF: 503 Server Error: Service Unavailable for url: https://www.aepd.es/documento/ps-00516-2025.pdf...,Error de procesamiento,,,,,
PD-00334-2025,https://www.aepd.es/documento/pd-00334-2025.pdf,1 / 23  Expediente N.º: EXP202515640 RESOLUCIÓN DE PROCEDIMIENTO DE DERECHOS Vista   la   reclamación   registrada   en   fecha   6   de   agosto   de   2025   ante   esta  Agencia   y realizadas   las   actuaciones   procedimentales   previstas   en   el   Título   VIII   de   la   Ley Orgánica 3...,"1/23  Expediente N.º: EXP202515640 RESOLUCIÓN DE PROCEDIMIENTO DE DERECHOS Vista la reclamación registrada en fecha 6 de agosto de 2025 ante esta Agencia y realizadas las actuaciones procedimentales previstas en el Título VIII de la Ley Orgánica 3/2018, de 5 de diciembre, de Protección de Datos Personales y garantía de los derechos digitales (en lo sucesivo, LOPDGDD), se han constatado los siguientes HECHOS PRIMERO: Con fecha 6 de agosto de 2025 tuvo entrada en esta Agencia reclamación presentada por A.A.A. (en adelante, la parte reclamante) contra ILERNA ON LINE, S.L. (en adelante, la parte reclamada) por no haber sido debidamente atendido el derecho de acceso. La parte reclamante indica que ejerció el derecho de acceso ante la parte reclamada, el 23 de junio de 2025, solicitando acceso a todos los datos personales tratados sobre ella y en el contexto de su relación laboral, incluyendo actas, logs de actividad, informes técnicos, trazabilidad de accesos, y contenidos audiovisuales generados con su imagen y voz. La parte reclamante nos informa que la parte reclamada respondió, el 22 de julio de 2025, de modo parcial e incompleto, denegando o excluyendo datos personales relevantes como:  a) registros de ActivTrak utilizados para emitir un expediente disciplinario en su contra (incluyendo eventos, patrones de uso, logs de productividad y automatismos);  b) informes técnicos elaborados con sus datos, incluyendo menciones al uso de java.awt.Robot en Eclipse;  c) capturas de pantalla, archivos CSV y análisis que fueron subidos a ChatGPT sin anonimización, base legal ni contrato de encargado de tratamiento;  d) grabaciones de clases realizadas mediante Zoom institucional de la empresa reclamada, vinculadas a su cuenta profesional, que siguen accesibles a estudiantes en el campus, y no han sido reconocidas ni incluidas en la relación de contenidos audiovisuales. La parte reclamante aporta, entre otros documentos,  - Ejercicio de acceso de la parte reclamante firmada el 21 de junio de 2025, remitida por correo electrónico el 23 de junio de 2025, y dirigida a la parte reclamada solicitando: “1. Copia de mis datos personales que son objeto de tratamiento por ILERNA ONLINE, S.L., incluyendo:  C/ Jorge Juan, 6 www.aepd.es 28001 – Madrid sedeaepd.gob.es 2/23 ● Actas de calificación y evaluación de ciclos formativos en los que figure como profesor, (…) u otra función asignada a mi persona.  ● Convenios y documentación presentada ante la Conselleria d’Educació de Cataluña en los que figure mi intervención ya sean convenios de prácticas u otra documentación docente.  ● Logs, archivos, exportaciones de datos, informes y registros generados en las siguientes herramientas utilizadas por la empresa:  ○ ActivTrak,  ○ Google WorkSpace,  ○ NinjaOne,  ○ así como cualquier otra herramienta de análisis de productividad, actividad o control remoto. ● Informe pericial o técnico informático que respalde las acusaciones vertidas en la carta de despido de fecha ***FECHA.1, as...",Derecho de acceso,"Una persona ejerció su derecho de acceso a los datos personales tratados por ILERNA ON LINE, S.L. en el contexto de su relación laboral, pero la empresa respondió de manera parcial e incompleta, denegando o excluyendo datos personales relevantes.",Ejercicio del derecho de acceso por parte de la reclamante | Respuesta parcial e incompleta por parte de la empresa | Denegación o exclusión de datos personales relevantes,No especificado,Art. 15 RGPD,"derecho de acceso, datos personales, relación laboral, ILERNIA ON LINE, S.L., ActivTrak, Zoom, ChatGPT"
PD-00063-2026,https://www.aepd.es/documento/pd-00063-2026.pdf,"1 / 11  Expediente N.º: EXP202600777  (PD/00063/2026) RESOLUCIÓN DE PROCEDIMIENTO DE DERECHOS Vista   la   reclamación   registrada   en   fecha   27   de   octubre   de   2025   ante   esta  Agencia Española de Protección de Datos (en lo sucesivo, AEPD) y realizadas las actuaciones...","1/11  Expediente N.º: EXP202600777 (PD/00063/2026) RESOLUCIÓN DE PROCEDIMIENTO DE DERECHOS Vista la reclamación registrada en fecha 27 de octubre de 2025 ante esta Agencia Española de Protección de Datos (en lo sucesivo, AEPD) y realizadas las actuaciones procedimentales previstas en el Título VIII de la Ley Orgánica 3/2018, de 5 de diciembre, de Protección de Datos Personales y garantía de los derechos digitales (en lo sucesivo LOPDGDD), se han constatado los siguientes HECHOS PRIMERO: A.A.A. (en lo sucesivo, la parte reclamante) ejerció el derecho de acceso frente a la entidad EOS SPAIN, S.L., con CIF. B64102072 (en lo sucesivo, EOS SPAIN o la parte reclamada). La parte reclamante manifiesta que ejercitó el derecho de acceso frente a la parte reclamada mediante el envío de una solicitud en la que requería información sobre los datos tratados en relación con una deuda que se le atribuye, cuyo origen afirma desconocer. Señala que la respuesta recibida se limitó a facilitar determinados datos personales, sin incluir información suficiente que le permitiera conocer de forma completa el tratamiento realizado, en particular en relación con los datos asociados a la deuda. Considera, por ello, que su derecho de acceso no ha sido plenamente atendido en los términos previstos en el artículo 15 del Reglamento (UE) 2016/679 (Reglamento General de Protección de Datos, (en adelante, RGPD). Junto al escrito de reclamación se presenta la siguiente documentación: - Documento 1.- Fecha: 17/07/2025. Escrito de ejercicio del derecho de acceso remitido por la parte reclamante a la parte reclamada, en el que solicita información sobre los datos personales tratados en relación con una deuda. - Documento 2.- Fecha: 25/08/2025. Respuesta de la parte reclamada en la que se facilita información relativa al tratamiento de los datos personales incluyendo la finalidad del tratamiento y su base jurídica, vinculada a la gestión de un crédito cedido por ***EMPRESA.1 (en lo sucesivo, ***EMPRESA.1). SEGUNDO: En fecha 16 de enero de 2026, de conformidad con el artículo 65.4 de la LOPDGDD, se dio traslado de dicha reclamación a la parte reclamada, para que procediese a su análisis e informase a esta Agencia de las acciones llevadas a cabo para adecuarse a los requisitos previstos en la normativa de protección de datos. TERCERO: En fecha 27 de enero de 2026, de conformidad con el artículo 65 de la LOPDGDD, se admitió a trámite la reclamación presentada por la parte reclamante. CUARTO: En fecha 12 de febrero de 2026 la parte reclamada presenta escrito de contestación a la solicitud realizada por esta Agencia en el que manifiesta los siguiente: C/ Jorge Juan, 6 www.aepd.es 28001 – Madrid sedeaepd.gob.es 2/11 - Trata los datos personales de la parte reclamante en el marco de la gestión de un crédito cuya titularidad le fue cedida por ***EMPRESA.1 informando de todo ello a la parte reclamante. - Que atendió la solicitud de la parte reclamante mediante el envío de comunicaciones en las...",Derecho de acceso,"Un individuo ejerció su derecho de acceso a EOS SPAIN, S.L. para obtener información sobre una deuda que se le atribuía, pero consideró que la respuesta recibida no fue completa. La AEPD analizó la reclamación y las respuestas de la entidad para determinar si se había cumplido con el derecho de acceso según el artículo 15 del RGPD.","Ejercicio del derecho de acceso por parte del individuo | Respuesta parcial de EOS SPAIN, S.L. | Reclamación ante la AEPD",No especificado,Art. 15 RGPD,"Derecho de acceso, RGPD, LOPDGDD, AEPD, EOS SPAIN, S.L., Deuda, Protección de datos"
PD-00326-2025,https://www.aepd.es/documento/pd-00326-2025.pdf,1 / 7  Expediente N.º: EXP202517612 RESOLUCIÓN DE PROCEDIMIENTO DE DERECHOS Vista   la   reclamación   registrada   en   fecha   5   de   agosto   de   2025   ante   esta  Agencia   y realizadas   las   actuaciones   procedimentales   previstas   en   el   Título   VIII   de   la   Ley Orgánica 3/...,"1/7  Expediente N.º: EXP202517612 RESOLUCIÓN DE PROCEDIMIENTO DE DERECHOS Vista la reclamación registrada en fecha 5 de agosto de 2025 ante esta Agencia y realizadas las actuaciones procedimentales previstas en el Título VIII de la Ley Orgánica 3/2018, de 5 de diciembre, de Protección de Datos Personales y garantía de los derechos digitales (en lo sucesivo, LOPDGDD), se han constatado los siguientes HECHOS PRIMERO: Con fecha 5 de agosto de 2025 tuvo entrada en esta Agencia reclamación presentada por A.A.A. (en adelante, la parte reclamante) contra SANTANDER CONSUMER FINANCE, S.A. (en adelante, la parte reclamada) por no haber sido debidamente atendido el derecho de supresión. La parte reclamante manifiesta que, en fecha 5 de agosto de 2025 solicitó la supresión de sus datos personales ante ASNEF, en relación a una deuda con ***EMPRESA.1 y SANTANDER CONSUMER. Señala que se incluyeron sus datos personales sin notificárselo previamente de forma fehaciente.  SEGUNDO: Con fecha 6 de agosto tuvo entrada en esta Agencia un nuevo escrito de la parte reclamante aportando la respuesta emitida por Asnef con fecha 6 de agosto de 2025 en la que:  “En relación con su solicitud, recibida en nuestras oficinas el pasado 5 agosto 2025, en la que nos solicita Supresión de sus datos que figuran registrados en el Fichero ASNEF e incluidos a instancias de la entidad SANTANDER C.FINANCE, le informamos que hemos trasladado su solicitud a la entidad SANTANDER C.FINANCE, procediendo la misma a confirmar la existencia de la deuda y por tanto la permanencia de los datos en el fichero. En este sentido, le comunicamos que no resulta posible atender a su solicitud de supresión de los datos.” TERCERO: De conformidad con el artículo 65.4 de la LOPDGDD, se dio traslado de dicha reclamación a la parte reclamada, para que procediese a su análisis e informase a esta Agencia en el plazo de un mes, de las acciones llevadas a cabo para adecuarse a los requisitos previstos en la normativa de protección de datos. La notificación del traslado de la reclamación, que se practicó conforme a las normas establecidas en la Ley 39/2015, de 1 de octubre, del Procedimiento Administrativo Común de las Administraciones Públicas (en adelante, LPACAP), fue realizada en fecha 21 de octubre de 2025 como consta en el acuse de recibo que obra en el expediente. Con fecha 6 de noviembre de 2025 se recibe en esta Agencia escrito de respuesta indicando que la parte reclamante suscribió contrato de tarjeta el día 14 de febrero de 2022 en el que se informaba de la posibilidad de comunicación de datos personales a C/ Jorge Juan, 6 www.aepd.es 28001 – Madrid sedeaepd.gob.es 2/7 los ficheros comunes de solvencia ASNEF y EXPERIAN en caso de incumplir las obligaciones de pago. La parte reclamante no abonó varias cuotas de la tarjeta lo que motivó la inclusión de sus datos en sistemas de información crediticia el 16 de diciembre de 2022, previo requerimiento de pago efectuado a través de correo postal, comunicación ...",Derecho de supresión,"Un individuo solicitó la supresión de sus datos personales ante ASNEF debido a una deuda con SANTANDER CONSUMER FINANCE, S.A., pero la entidad no atendió su solicitud. La AEPD analizó el caso y encontró que la parte reclamada no había informado adecuadamente al reclamante sobre la comunicación de sus datos a ficheros comunes de solvencia.",Solicitud de supresión de datos personales | Inclusión de datos en sistemas de información crediticia | Requerimiento de pago previo a la inclusión de datos,No especificado,"Art. 12 RGPD, Art. 17 RGPD","Derecho de supresión, ASNEF, SANTANDER CONSUMER FINANCE, Protección de datos, Información crediticia"
AI-00410-2024,https://www.aepd.es/documento/ai-00410-2024.pdf,1 / 4 Expediente  N.º: EXP202316931 RESOLUCIÓN DE ARCHIVO DE ACTUACIONES De   las   actuaciones   practicadas   por   la  Agencia   Española   de   Protección   de   Datos   y teniendo como base los siguientes HECHOS PRIMERO :   Con   fecha   06/11/2023   se   interpuso   reclamación   por     C.C....,"1/4 Expediente N.º: EXP202316931 RESOLUCIÓN DE ARCHIVO DE ACTUACIONES De las actuaciones practicadas por la Agencia Española de Protección de Datos y teniendo como base los siguientes HECHOS PRIMERO: Con fecha 06/11/2023 se interpuso reclamación por  C.C.C., ante la Agencia Española de Protección de Datos por una posible infracción de la normativa de protección de datos. Los hechos puestos de manifiesto son los siguientes: La reclamante afirma que adquirió una mascota con la que le facilitaron el correspondiente pasaporte canino con la referencia de su código de microchip. No obstante, el pasaporte tenía adherida una etiqueta, retirada la cual, se podía ver otro número de microchip. Al consultar la reclamante el segundo número en la página web de la Red Española de Identificación de Animales de Compañía (en adelante, REIAC), que ofrece los datos registrados por el CONSEJO DE COLEGIOS PROFESIONALES DE VETERINARIOS DE CASTILLA-LA MANCHA, accedía a la información de otra mascota y a los datos de su propietario. Junto a su reclamación aportó copia del contrato de reserva, contrato de adquisición de su mascota, copia de la transferencia de pago, imagen del pasaporte de su mascota que incluye dos códigos de microchip, captura de pantalla de la información obtenida del segundo código en la página web de REIAC. SEGUNDO: De conformidad con el artículo 65.4 de la Ley Orgánica 3/2018, de 5 de diciembre, de Protección de Datos Personales y garantía de los derechos digitales (en adelante LOPDGDD), Con fecha 24/11/2023 se realizó el traslado de la reclamación a A.A.A., vendedora de la mascota, y a YUNCOSVET, S.L., la clínica veterinaria que expidió el pasaporte, que respondieron con fechas 28/12/2023 y 03/01/2024 respectivamente, informando sobre el proceso de expedición del pasaporte y registro del animal. TERCERO: Con fecha 15/01/2024, de conformidad con el artículo 65 de la LOPDGDD, la Directora de la Agencia Española de protección de Datos (en adelante, AEPD) resolvió la inadmisión a trámite de la reclamación por falta de indicios racionales de la existencia de una infracción en el ámbito competencial de la AEPD. Con fecha 19/01/2024, la reclamante interpuso recurso de reposición contra dicha Resolución de inadmisión a trámite. Con fecha 18/09/2024, la Directora de AEPD resolvió estimar el recurso y admitir a trámite la reclamación formulada. CUARTO: La Subdirección General de Inspección de Datos procedió a la realización de actuaciones previas de investigación para el esclarecimiento de los hechos en cuestión, en virtud de las funciones asignadas a las autoridades de control en el C/ Jorge Juan, 6 www.aepd.es 28001 – Madrid sedeaepd.gob.es 2/4 artículo 57.1 y de los poderes otorgados en el artículo 58.1 del Reglamento (UE) 2016/679 (Reglamento General de Protección de Datos, en adelante RGPD), y de conformidad con lo establecido en el Título VIII, de la LOPDGDD. FUNDAMENTOS DE DERECHO I Competencia De acuerdo con las funciones que el artículo 57.1 a), f) ...",Protección de datos personales en la identificación de animales de compañía,"Una persona adquirió una mascota y encontró que el pasaporte canino contenía dos números de microchip diferentes, lo que llevó a la exposición de datos personales de otra persona al consultar en la página web de REIAC. La AEPD investigó y resolvió sobre la admisibilidad de la reclamación y la posible infracción de la normativa de protección de datos.",Adquisición de mascota con pasaporte canino con dos números de microchip | Exposición de datos personales al consultar en la página web de REIAC | Reclamación ante la AEPD | Respuesta de la vendedora y la clínica veterinaria | Inadmisión a trámite inicial y posterior recurso de reposición,Estimación del recurso y admisión a trámite de la reclamación,"Art. 57.1 RGPD, Art. 58.1 RGPD, LOPDGDD","protección de datos, identificación de animales de compañía, microchip, REIAC, AEPD, reclamación, infracción de datos"
PS-00026-2025,https://www.aepd.es/documento/ps-00026-2025.pdf,1 / 12  Expediente N.º: EXP202411980 RESOLUCIÓN DE TERMINACIÓN DEL PROCEDIMIENTO POR RECONOCIMIENTO DE RESPONSABILIDAD Y PAGO VOLUNTARIO Del procedimiento instruido por la Agencia Española de Protección de Datos  y en base a los siguientes ANTECEDENTES PRIMERO :   Con fecha 22 de octubre de 2025...,Error extrayendo PDF: 503 Server Error: Service Unavailable for url: https://www.aepd.es/documento/ps-00026-2025.pdf...,Error de procesamiento,,,,,
AI-00503-2024,https://www.aepd.es/documento/ai-00503-2024.pdf,"1 / 11  Expediente N.º: EXP202413350 RESOLUCIÓN DE ARCHIVO DE ACTUACIONES De   las   actuaciones   practicadas   por   la  Agencia   Española   de   Protección   de   Datos   y teniendo como base los siguientes, HECHOS PRIMERO :   Con   fecha   23   de   julio   de   2024,   se   presentó...",Error extrayendo PDF: 503 Server Error: Service Unavailable for url: https://www.aepd.es/documento/ai-00503-2024.pdf...,Error de procesamiento,,,,,
AI-00465-2024,https://www.aepd.es/documento/ai-00465-2024.pdf,1 / 8  Expediente N.º: EXP202414985 RESOLUCIÓN DE ARCHIVO DE ACTUACIONES De   las   actuaciones   practicadas   por   la  Agencia   Española   de   Protección   de   Datos   y teniendo como base los siguientes HECHOS PRIMERO :   La  Agencia   Española   de   Protección   de   Datos   ha   tenido...,"1/8  Expediente N.º: EXP202414985 RESOLUCIÓN DE ARCHIVO DE ACTUACIONES De las actuaciones practicadas por la Agencia Española de Protección de Datos y teniendo como base los siguientes HECHOS PRIMERO: La Agencia Española de Protección de Datos ha tenido conocimiento el 10/10/2024 de ciertos hechos que podrían constituir una posible infracción de la normativa en materia de protección de datos.  Con fecha 24 de octubre de 2024, la Directora de la Agencia Española de Protección de Datos (AEPD) instó a la Subdirección General de Inspección de Datos (SGID) a iniciar las actuaciones previas de investigación a las que se refiere el artículo 67 de la Ley Orgánica 3/2018, de 5 de diciembre, de Protección de Datos Personales y garantía de los derechos digitales (en adelante, LOPDGDD), para investigar a SOPRA STERIA ESPAÑA, S.A. con NIF A79329108 (en adelante, S.E. o SOPRA), en relación a la utilización de un sistema de acceso a sus instalaciones mediante huella dactilar con uso de datos biométricos.  SEGUNDO: La Subdirección General de Inspección de Datos procedió a la realización de actuaciones previas de investigación para el esclarecimiento de los hechos en cuestión, en virtud de las funciones asignadas a las autoridades de control en el artículo 57.1 y de los poderes otorgados en el artículo 58.1 del Reglamento (UE) 2016/679 (Reglamento General de Protección de Datos, en adelante RGPD), y de conformidad con lo establecido en el Título VIII, de la LOPDGDD. Como consecuencia de las actuaciones realizadas, se ha tenido conocimiento de los siguientes extremos: - SOPRA contaba con un sistema de control de accesos en sus instalaciones basado en el uso de datos biométricos (huella dactilar) desde el año 2012. El sistema afectaba a 2.919 empleados, aproximadamente el 70% de la plantilla. - La finalidad del sistema, según manifestaciones de SOPRA, era garantizar la seguridad (…). - El tratamiento se efectuó sin haber realizado una EIPD previa, sin que conste su elaboración hasta febrero de 2024.  - A julio de 2024 SOPRA contaba con un plan para la retirada del sistema basado en biometría en los siguientes términos:  .- (…) - En enero de 2026 SOPRA confirma a la AEPD que el sistema se ha retirado de todos los centros trabajo de la entidad desde octubre de 2025 y que ha instalado un sistema alternativo.  C/ Jorge Juan, 6 www.aepd.es 28001 – Madrid sedeaepd.gob.es 2/8 FUNDAMENTOS DE DERECHO I  Competencia De acuerdo con las funciones que el artículo 57.1 a), f) y h) del Reglamento (UE) 2016/679 (Reglamento general de protección de datos, en adelante RGPD) confiere a cada autoridad de control y según lo dispuesto en los artículos 47 y 48.1 de la Ley Orgánica 3/2018, de 5 de diciembre, de Protección de Datos Personales y garantía de los derechos digitales (en lo sucesivo LOPDGDD), es competente para resolver estas actuaciones de investigación la Presidencia de la Agencia Española de Protección de Datos. Asimismo, el artículo 63.2 de la LOPDGDD determina que: ""Los p...",Uso de datos biométricos,"La AEPD investigó a SOPRA STERIA ESPAÑA, S.A. por utilizar un sistema de acceso a sus instalaciones mediante huella dactilar sin realizar una Evaluación de Impacto en la Protección de Datos (EIPD) previa. El sistema afectaba a 2.919 empleados y se utilizó desde 2012 hasta su retirada en octubre de 2025.","Uso de un sistema de control de accesos basado en huella dactilar desde 2012 | Afectación a 2.919 empleados, aproximadamente el 70% de la plantilla | Falta de realización de una EIPD previa | Retirada del sistema en octubre de 2025",No especificado,"Art. 35 RGPD (Evaluación de impacto en la protección de datos), Art. 5 RGPD (Principios relativos al tratamiento de datos personales), Art. 9 RGPD (Tratamiento de categorías especiales de datos personales)","datos biométricos, huella dactilar, acceso a instalaciones, Evaluación de Impacto en la Protección de Datos, SOPRA STERIA ESPAÑA, S.A., AEPD"
PS-00247-2025,https://www.aepd.es/documento/ps-00247-2025.pdf,1 / 9  Expediente N.º: EXP202505712 RESOLUCIÓN DE PROCEDIMIENTO SANCIONADOR Del procedimiento instruido por la Agencia Española de Protección de Datos  y en base a los siguientes ANTECEDENTES PRIMERO : Como consecuencia de reclamación presentada ante la Agencia Española de   Protección   de...,Error extrayendo PDF: 503 Server Error: Service Unavailable for url: https://www.aepd.es/documento/ps-00247-2025.pdf...,Error de procesamiento,,,,,
PS-00174-2024,https://www.aepd.es/documento/ps-00174-2024.pdf,1 / 33  Expediente N.º: EXP202314663 RESOLUCIÓN DE PROCEDIMIENTO SANCIONADOR Del procedimiento instruido por la Agencia Española de Protección de Datos  y en base a los siguientes ANTECEDENTES PRIMERO :   La  Agencia   Española   de   Protección   de   Datos   ha   tenido   conocimiento   de...,Error extrayendo PDF: 503 Server Error: Service Unavailable for url: https://www.aepd.es/documento/ps-00174-2024.pdf...,Error de procesamiento,,,,,
REPOSICION-PD-00056-2026,https://www.aepd.es/documento/reposicion-pd-00056-2026.pdf,"1 / 5 Expediente Nº.: EXP202520758  (RR/00292/2026) RESOLUCIÓN DE RECURSO DE REPOSICIÓN Examinado   el  recurso  de  reposición   interpuesto   por     A.A.A.   (en   lo   sucesivo,  la  parte recurrente)   contra la resolución dictada por la Presidencia de la Agencia Española  de Protección de...","1/5 Expediente Nº.: EXP202520758 (RR/00292/2026) RESOLUCIÓN DE RECURSO DE REPOSICIÓN Examinado el recurso de reposición interpuesto por  A.A.A. (en lo sucesivo, la parte recurrente) contra la resolución dictada por la Presidencia de la Agencia Española de Protección de Datos de fecha 23 de marzo de 2026, y en base a los siguientes HECHOS PRIMERO: Con fecha 23 de marzo de 2026 se dictó resolución por la Presidencia de la Agencia Española de Protección de Datos, en el expediente EXP202520758, en la que se acordó DESESTIMAR la reclamación formulada por A.A.A.  frente a la entidad REPAGALIA, S.L. con CIF B88326392 (en lo sucesivo, REPAGALIA), al considerar que había quedado debidamente atendido el derecho de acceso previsto en el artículo 15 del RGPD. La resolución ahora recurrida fue notificada fehacientemente a la parte recurrente el 23 de marzo de 2026, según consta en el acuse de recibo que figura en el expediente. SEGUNDO: Con fecha 23 de marzo de 2026 la parte recurrente ha presentado, en esta Agencia, recurso de reposición contra la resolución indicada por considerar que realiza una interpretación restrictiva del derecho de acceso, al no facilitar una copia íntegra y comprensible de los datos personales tratados, sino meros resúmenes insuficientes. Invoca la jurisprudencia del TJUE (asunto C-487/21) para sostener que el derecho de acceso exige la entrega de una reproducción auténtica e inteligible de los datos, incluyendo, en su caso, documentos completos. Asimismo, alega que la información proporcionada (burofax y explicaciones telefónicas) no permite verificar la licitud del tratamiento ni conocer con precisión las operaciones realizadas, especialmente cuando se han comunicado datos a terceros. Rechaza que la confidencialidad empresarial pueda limitar el derecho a la protección de datos, insistiendo en su derecho a conocer los destinatarios y condiciones de las cesiones. TERCERO: Con fecha 31 de marzo de 2026 se concedió REPAGALIA trámite de audiencia, para que en el plazo de diez días hábiles presentase las alegaciones que estimara convenientes sobre el contenido del recurso de reposición. CUARTO: Con fecha 31 de marzo de 2026 REPAGALIA presenta escrito de alegaciones en el que sostiene que ya facilitó al reclamante acceso a sus datos personales incluyendo cuantías, importes y pagos, mediante las respuestas dadas a sus solicitudes, por lo que entiende que el derecho de acceso habría quedado satisfecho. C/ Jorge Juan, 6 www.aepd.es 28001 – Madrid sedeaepd.gob.es 2/5 FUNDAMENTOS DE DERECHO I Competencia Es competente para resolver el presente recurso la Presidencia de la Agencia Española de Protección de Datos, de conformidad con lo dispuesto en el artículo 123 de la Ley 39/2015, de 1 de octubre, del Procedimiento Administrativo Común de las Administraciones Públicas (en lo sucesivo, LPACAP) y el artículo 48.1 de la Ley Orgánica 3/2018, de 5 de diciembre, de Protección de Datos Personales y garantía de los derechos digitales (en lo sucesivo, ...",Derecho de acceso a datos personales,"Un individuo, A.A.A., interpuso una reclamación contra REPAGALIA, S.L. por considerar que no se le facilitó acceso completo a sus datos personales. La AEPD desestimó la reclamación, considerando que se había atendido el derecho de acceso. El individuo recurrió esta decisión, argumentando que la información proporcionada era insuficiente y que se le debía entregar una copia íntegra y comprensible de sus datos personales.","Reclamación de A.A.A. contra REPAGALIA, S.L. por acceso a datos personales | Desestimación de la reclamación por la AEPD | Recurso de reposición presentado por A.A.A. | Alegaciones de REPAGALIA, S.L. sobre el acceso ya facilitado a los datos personales",No especificado,"Art. 15 RGPD, Art. 123 de la Ley 39/2015, de 1 de octubre, del Procedimiento Administrativo Común de las Administraciones Públicas, Art. 48.1 de la Ley Orgánica 3/2018, de 5 de diciembre, de Protección de Datos Personales y garantía de los derechos digitales","Derecho de acceso, Datos personales, RGPD, AEPD, Reclamación, Recurso de reposición, Protección de datos"
PD-00056-2026,https://www.aepd.es/documento/pd-00056-2026.pdf,"1 / 12  Expediente N.º: EXP202520758  (PD/00056/2026) RESOLUCIÓN DE PROCEDIMIENTO DE DERECHOS Vista  la  reclamación  registrada  en  fecha   8  de septiembre  de  2025   ante  esta Agencia Española de Protección de Datos, (en lo sucesivo, AEPD) y realizadas las actuaciones procedimentales...","1/12  Expediente N.º: EXP202520758 (PD/00056/2026) RESOLUCIÓN DE PROCEDIMIENTO DE DERECHOS Vista la reclamación registrada en fecha 8 de septiembre de 2025 ante esta Agencia Española de Protección de Datos, (en lo sucesivo, AEPD) y realizadas las actuaciones procedimentales previstas en el Título VIII de la Ley Orgánica 3/2018, de 5 de diciembre, de Protección de Datos Personales y garantía de los derechos digitales (en lo sucesivo LOPDGDD), se han constatado los siguientes PRIMERO: A.A.A. (en lo sucesivo, la parte reclamante) ejerció el derecho de acceso frente a la entidad REPAGALIA, S.L., con CIF B88326392 (en lo sucesivo, REPAGALIA o la parte reclamada). La parte reclamante manifiesta que suscribió el ***FECHA.1 un contrato con la parte reclamada para la gestión y negociación de sus deudas con distintos acreedores, en cuyo marco dicha entidad actuaba en su nombre utilizando sus datos personales y su firma para la formalización de acuerdos con dichas entidades. Indica que, en el contexto de dicha relación contractual, ejercitó en diversas ocasiones su derecho de acceso, mediante solicitudes remitidas por correo electrónico y mediante burofax de fecha 29/08/2024, requiriendo copia de los acuerdos firmados en su nombre, el desglose de las operaciones realizadas y la justificación de las cantidades abonadas y cobradas.  Según expone, la parte reclamada denegó facilitar la documentación solicitada alegando que se trataba de información confidencial entre empresas, lo que la parte reclamante considera equivalente a una denegación de su derecho de acceso en tanto que este incluye el derecho a recibir copia de sus datos personales. Sostiene que, transcurrido el plazo legal previsto para atender el ejercicio del derecho, no se le ha facilitado la información solicitada de forma completa. Junto a su reclamación aporta, en lo que interesa al presente procedimiento de derechos, la siguiente documentación: - Documento. Título del documento: “Re: Liquidación de deuda”.- Descripción del documento: Cadena de correos electrónicos intercambiados entre la parte reclamante y la entidad REPAGALIA, S.L., en relación con la liquidación de una deuda. En el correo electrónico remitido por la parte reclamante a la parte reclamada el 19 de agosto de 2022 en la que, entre otra normativa, cita el artículo 15 del LOPDGDD en relación con acceso a la documentación relacionada con las gestiones realizadas en su nombre. Mediante correo electrónico de esa misma fecha, la parte reclamada responde a esa solicitud señalando que los acuerdos alcanzados son cruces de ficheros por cierre amistoso, sin que exista acuerdo físico que se le remita al cliente puesto que responde a información confidencial entre empresas. C/ Jorge Juan, 6 www.aepd.es 28001 – Madrid sedeaepd.gob.es 2/12 - Documento 2.- Fecha: 29/08/2024. Título del documento: “Reclamación remitida mediante burofax a REPAGALIA”.- Descripción del documento: Escrito remitido por la parte reclamante a REPAGALIA, S.L., mediant...",Derecho de acceso,"Una persona ejerció su derecho de acceso a sus datos personales frente a la entidad REPAGALIA, S.L., que gestionaba sus deudas con distintos acreedores. La entidad denegó facilitar la documentación solicitada alegando que se trataba de información confidencial entre empresas.",La parte reclamante suscribió un contrato con REPAGALIA para la gestión y negociación de sus deudas | La parte reclamante ejercitó su derecho de acceso a sus datos personales | La parte reclamada denegó facilitar la documentación solicitada,No especificado,Art. 15 LOPDGDD,"derecho de acceso, datos personales, gestión de deudas, información confidencial, LOPDGDD"
PS-00263-2024,https://www.aepd.es/documento/ps-00263-2024.pdf,"1 / 4  Expediente  N.º: EXP202402280  RESOLUCIÓN DE CADUCIDAD DE PROCEDIMIENTO SANCIONADOR De las actuaciones practicadas por la Agencia Española de Protección de Datos   y en base a los siguientes HECHOS PRIMERO :   A.A.A.   (en   adelante,   la   parte   reclamante)   con   fecha   22   de...","1/4  Expediente N.º: EXP202402280  RESOLUCIÓN DE CADUCIDAD DE PROCEDIMIENTO SANCIONADOR De las actuaciones practicadas por la Agencia Española de Protección de Datos y en base a los siguientes HECHOS PRIMERO: A.A.A. (en adelante, la parte reclamante) con fecha 22 de diciembre de 2023 interpuso reclamación ante la Agencia Española de Protección de Datos. La reclamación se dirige contra PUCHERONLINE, S.L. con NIF B09970864 (en adelante, PUCHERONLINE o parte reclamada). Los motivos en que basa la reclamación son los siguientes: La parte reclamante expone que con fecha 21/12/2023 acudió a la reclamada para hacerse un tratamiento médico estético, consintiendo que sus imágenes fueran utilizadas en congresos, pero no en redes sociales. No obstante, asegura que sus imágenes se publicaron en distintas redes sociales, por lo que expresó su disconformidad a la parte reclamada. A pesar de la promesa de eliminación de sus fotografías, señala que una de ellas sigue publicada.  Junto a su reclamación aporta documentación que acredita los extremos anteriores. SEGUNDO: El 08/02/2024 esta Agencia comprueba la inexistencia de fotografías de la parte reclamante en Instagram ni en YouTube. TERCERO: De conformidad con el artículo 65.4 de la Ley Orgánica 3/2018, de 5 de diciembre, de Protección de Datos Personales y garantía de los derechos digitales (en adelante LOPDGDD), se dio traslado de dicha reclamación a PUCHERONLINE, para que procediese a su análisis e informase a esta Agencia en el plazo de un mes, de las acciones llevadas a cabo para adecuarse a los requisitos previstos en la normativa de protección de datos. CUARTO: Con fecha 22 de marzo de 2024, de conformidad con el artículo 65 de la LOPDGDD, se admitió a trámite la reclamación presentada por la parte reclamante.  QUINTO: Con fecha 29 de octubre de 2024, la Directora de la Agencia Española de Protección de Datos acordó iniciar procedimiento sancionador contra la parte reclamada por las presuntas infracciones de los artículos 9 y 6 del RGPD, ambas tipificadas en el artículo 83.5 de la misma norma.  FUNDAMENTOS DE DERECHO I Competencia De acuerdo con los poderes que el artículo 58.2 del Reglamento (UE) 2016/679 (Reglamento General de Protección de Datos, en adelante RGPD), otorga a cada autoridad de control y según lo establecido en los artículos 47, 48.1, 64.2 y 68.1 de la C/ Jorge Juan, 6 www.aepd.es 28001 – Madrid sedeagpd.gob.es 2/4 Ley Orgánica 3/2018, de 5 de diciembre, de Protección de Datos Personales y garantía de los derechos digitales (en adelante, LOPDGDD), es competente para resolver este procedimiento la Presidencia de la Agencia Española de Protección de Datos. Asimismo, el artículo 63.2 de la LOPDGDD determina que: ""Los procedimientos tramitados por la Agencia Española de Protección de Datos se regirán por lo dispuesto en el Reglamento (UE) 2016/679, en la presente ley orgánica, por las disposiciones reglamentarias dictadas en su desarrollo y, en cuanto no las contradigan, con carácter subsi...",Protección de datos personales,"Una persona se sometió a un tratamiento médico estético y dio su consentimiento para que sus imágenes fueran utilizadas en congresos, pero no en redes sociales. Sin embargo, sus imágenes se publicaron en redes sociales, lo que motivó una reclamación ante la Agencia Española de Protección de Datos.","Publicación no autorizada de imágenes en redes sociales | Consentimiento para uso de imágenes en congresos, no en redes sociales | Reclamación ante la Agencia Española de Protección de Datos",No especificado,"Art. 6 RGPD, Art. 9 RGPD","protección de datos, imágenes personales, redes sociales, consentimiento, reclamación, Agencia Española de Protección de Datos"
PS-00304-2024,https://www.aepd.es/documento/ps-00304-2024.pdf,"1 / 28  Expediente N.º: EXP202313543 RESOLUCIÓN DE PROCEDIMIENTO SANCIONADOR Del procedimiento  instruido  por la Agencia  Española  de Protección  de  Datos   y en  base  a los siguientes ANTECEDENTES PRIMERO :   Con   fecha   ***FECHA.1   “ 11.41 ”,   figura   una   noticia   publicada   en   el...",Error extrayendo PDF: 503 Server Error: Service Unavailable for url: https://www.aepd.es/documento/ps-00304-2024.pdf...,Error de procesamiento,,,,,
REPOSICION-PS-00190-2024,https://www.aepd.es/documento/reposicion-ps-00190-2024.pdf,"1 / 11  Expediente n.º: EXP202316394 RESOLUCIÓN DE RECURSO DE REPOSICIÓN Examinado   el   recurso   de   reposición   interpuesto   por   CURENERGÍA COMERCIALIZADOR   DE   ÚLTIMO   RECURSO   S.A.U.   (en   lo   sucesivo,   la   parte recurrente   o   CURENERGÍA)   contra   la   resolución...","1/11  Expediente n.º: EXP202316394 RESOLUCIÓN DE RECURSO DE REPOSICIÓN Examinado el recurso de reposición interpuesto por  CURENERGÍA COMERCIALIZADOR DE ÚLTIMO RECURSO S.A.U. (en lo sucesivo, la parte recurrente o CURENERGÍA) contra la resolución dictada por la Presidencia de la Agencia Española de Protección de Datos de fecha 22 de diciembre de 2025, y en base a los siguientes HECHOS PRIMERO: Con fecha 22 de diciembre de 2025, se dictó resolución por la Presidencia de la Agencia Española de Protección de Datos en el expediente EXP202316394, en virtud de la cual se imponía a CURENERGÍA COMERCIALIZADOR DE ÚLTIMO RECURSO S.A.U. por una infracción del artículo 25 del RGPD, tipificada en el artículo 83.4 del RGPD, una multa de 500.000 euros (quinientos mil euros). Dicha resolución, que fue notificada a la parte recurrente en fecha 30 de diciembre de 2025, fue dictada previa la tramitación del correspondiente procedimiento sancionador, de conformidad con lo dispuesto en la Ley Orgánica 3/2018, de 5 de diciembre, de Protección de Datos Personales y garantía de los derechos digitales (LOPDGDD), y supletoriamente en la Ley 39/2015, de 1 de octubre, del Procedimiento Administrativo Común de las Administraciones Públicas (en lo sucesivo, LPACAP), en materia de tramitación de procedimientos sancionadores. SEGUNDO: Como hechos probados del citado. procedimiento sancionador, PS/00190/2024, quedó constancia de los siguientes: PRIMERO: Con fecha de 2 de agosto de 2023, la parte reclamante, cliente de CURENERGÍA, recibió de esta empresa un correo electrónico que contenía datos personales de otro cliente.  En concreto, se indicaba de este último: - Nombre y apellidos - Existencia de una deuda frente a la empresa - Cuantía de la deuda - Nº referencia del contrato, número y fecha de factura SEGUNDO. La recepción de dicho correo por la parte reclamante estuvo causada por el hecho de que un empleado del encargado del tratamiento de CURENERGÍA, atribuyó erróneamente al cliente tercero la dirección de correo electrónico de la parte reclamante. Con ello, esta última recibió una comunicación dirigida a aquel.   TERCERO. El error estuvo propiciado por el hecho de que dicho empleado atendía simultáneamente a dos clientes en el momento de la incorporación al sistema de la dirección de correo electrónico. Se ha acreditado que el canal de C/ Jorge Juan, 6                                                                                                                                                                        www.aepd.es 28001 - Madrid                                                                                                                                                                    sedeagpd.gob.es 2/11 atención mediante mensajería “chat” permitía la atención simultáneamente de dos clientes por el mismo agente.  El canal de atención al cliente mediante chat fue suprimido en el año 2024. El número de interacciones mediante dicho canal de CURENERGÍA con ...",Protección de datos personales,"CURENERGÍA COMERCIALIZADOR DE ÚLTIMO RECURSO S.A.U. fue sancionada con 500.000 euros por infracción del artículo 25 del RGPD, al enviar un correo electrónico con datos personales de un cliente a otro cliente debido a un error de un empleado",Envío de correo electrónico con datos personales de un cliente a otro cliente | Error de un empleado al atribuir erróneamente la dirección de correo electrónico | Atención simultánea a dos clientes mediante mensajería 'chat',Sanción de 500.000 euros,"Art. 25 RGPD, Art. 83.4 RGPD","protección de datos personales, infracción del RGPD, sanción, CURENERGÍA, correo electrónico, datos personales, error de empleado"
REPOSICION-AI-00105-2025,https://www.aepd.es/documento/reposicion-ai-00105-2025.pdf,"1 / 10 Expediente nº.:  EXP202408485 RESOLUCIÓN DE RECURSO DE REPOSICIÓN Examinado   el  recurso  de  reposición   interpuesto   por     A.A.A.   (en  lo   sucesivo,   la   parte recurrente)   contra la resolución dictada por la Presidencia de la Agencia Española  de Protección de Datos de fecha 21...","1/10 Expediente nº.:  EXP202408485 RESOLUCIÓN DE RECURSO DE REPOSICIÓN Examinado el recurso de reposición interpuesto por  A.A.A. (en lo sucesivo, la parte recurrente) contra la resolución dictada por la Presidencia de la Agencia Española de Protección de Datos de fecha 21 de marzo de 2026, y en base a los siguientes HECHOS PRIMERO: Con fecha 21 de marzo de 2026, se dictó resolución por la Presidencia de la Agencia Española de Protección de Datos en el expediente EXP202408485, por la que se procedía al archivo de las actuaciones previas de investigación iniciadas a raíz de la reclamación presentada por el recurrente y al no observarse indicios de infracción en materia de protección de datos personales. Dicha resolución fue notificada a la parte recurrente en fecha 24 de marzo de 2026 según consta en el acuse de recibo que figura en el expediente. SEGUNDO    :  La parte recurrente ha   presentado en fecha 24 de abril de 2026, en esta Agencia Española de Protección de Datos, recurso de reposición, fundamentándolo básicamente en lo siguiente:  -FUNDAMENTO PREVIO: Vicios procesales y defectos de instrucción que determinan la nulidad o anulabilidad de la resolución impugnada. (i) Caducidad de las actuaciones previas de investigación (art. 67.2 LOPDGDD). (ii) Ausencia injustificada de acuerdo de inicio del procedimiento sancionador (art. 68 LOPDGDD). (iii) Instrucción materialmente insuficiente a la luz de la doctrina del Tribunal Supremo. (iv) Inversión indebida de la carga de la prueba (arts. 5.2 y 24 RGPD). (v) Archivo inicial prematuro sin apertura de actuaciones previas de investigación (defecto saneado sólo formalmente). (vi) Omisión de toda valoración del propio Informe de Actuaciones Previas de 20/10/2025. -FUNDAMENTO PRIMERO: Contradicción con los propios actos de la Administración: la Resolución estimatoria de 13/03/2025 en el mismo expediente. -FUNDAMENTO SEGUNDO: El ""pacto verbal"" invocado por la CLINICA es inexistente y, en todo caso, inidóneo para justificar el tratamiento. (i) Incumplimiento del requisito de forma escrita del artículo 28 RGPD. (ii) Incompatibilidad con las cláusulas contractuales que sí existen por escrito. (iii) Principio de literalidad del contrato público y prohibición legal expresa de pacto verbal. (iv) El correo de Madrid Salud desmiente el pacto. C/ Jorge Juan, 6                                                                                                                                                                        www.aepd.es 28001 - Madrid                                                                                                                                                                    sedeagpd.gob.es 2/10 (v) Nulidad de pleno derecho del supuesto pacto verbal. (vi) Acto de contenido imposible (art. 47.1.c LPAC). (vii)La respuesta de la CLINICA al Punto 3 del requerimiento de 03/04/2025. (viii) Falsedad instrumental vertida en el expediente: “porque así lo manifestó el mismo al solicitar...",Protección de datos personales,"La Agencia Española de Protección de Datos resolvió un recurso de reposición presentado por A.A.A. contra la resolución de archivo de las actuaciones previas de investigación en el expediente EXP202408485, en el que se cuestionaba la validez de un supuesto 'pacto verbal' como base para el tratamiento de datos personales",Presentación de una reclamación por A.A.A. | Resolución de archivo de las actuaciones previas de investigación | Presentación de un recurso de reposición por A.A.A. | Alegaciones sobre vicios procesales y defectos de instrucción,No especificado,"Art. 5 RGPD, Art. 24 RGPD, Art. 28 RGPD, Art. 67.2 LOPDGDD, Art. 68 LOPDGDD","protección de datos personales, recurso de reposición, pacto verbal, tratamiento de datos, Agencia Española de Protección de Datos, RGPD, LOPDGDD"
REPOSICION-PD-00299-2025,https://www.aepd.es/documento/reposicion-pd-00299-2025.pdf,"1 / 19 Expediente Nº.  EXP202509766  (RR/00130/2026) RESOLUCIÓN DE RECURSO DE REPOSICIÓN Examinado   el  recurso  de  reposición   interpuesto   por     A.A.A.   (en   lo  sucesivo,  la  parte recurrente) contra la resolución dictada por la Presidencia de la Agencia Española de Protección de Datos...","1/19 Expediente Nº. EXP202509766 (RR/00130/2026) RESOLUCIÓN DE RECURSO DE REPOSICIÓN Examinado el recurso de reposición interpuesto por  A.A.A. (en lo sucesivo, la parte recurrente) contra la resolución dictada por la Presidencia de la Agencia Española de Protección de Datos (en lo sucesivo, AEPD) de fecha 10 de enero de 2026, y en base a los siguientes HECHOS PRIMERO: En fecha 10 de enero de 2026 se dictó resolución por la Presidencia de la Agencia Española de Protección de Datos en el expediente EXP202509766 (PD/00299/2025) en el que se acordó DESESTIMAR la reclamación formulada por A.A.A. frente a la AGENCIA ESTATAL DE ADMINISTRACIÓN TRIBUTARIA con CIF. Q2826000H (en lo sucesivo, AEAT), en lo relativo al ejercicio del derecho de acceso a datos personales y ESTIMAR por motivos formales la reclamación formulada en lo relativo a la tramitación de la prórroga del plazo para atender la solicitud de acceso presentada. SEGUNDO: En fecha 14 de febrero de 2026 tuvo entrada en esta Agencia recurso de reposición interpuesto por la parte recurrente contra la resolución recaída en el expediente EXP202509766 (PD/00299/2025), en el que se formulan diversas alegaciones que se extractan a continuación: I. Alegaciones relativas a vicios procedimentales El recurrente articula como eje central del recurso la existencia de una acumulación material encubierta de reclamaciones, sin observancia de los requisitos del artículo 57 de la Ley 39/2015, de 1 de octubre, del Procedimiento Administrativo Común de las Administraciones Públicas (en lo sucesivo, LPACAP).  Sostiene que la AEPD habría resuelto de facto hasta seis reclamaciones autónomas — relativas a vehículos oficiales, accesos en movilidad, vacaciones y permisos, alertas de contenedores, llamadas telefónicas y mensajes SMS, y horas extraordinarias— sin dictar acuerdo formal de acumulación, sin notificación al interesado y sin motivar la concurrencia de identidad sustancial o conexión íntima entre ellas. Conectado con ello, denuncia una falta de delimitación clara del objeto del procedimiento y una incongruencia interna, omisiva y extra petitum del fallo, al entender que la resolución mezcla reclamaciones distintas sin identificar con precisión cuáles han sido examinadas y resueltas, conteniendo pronunciamientos estimatorios y desestimatorios sin adecuada individualización. Asimismo, sostiene que únicamente le fue notificada la admisión a trámite de una de las reclamaciones, afirmando que las restantes deben entenderse admitidas por silencio positivo conforme al artículo 65.5 de la Ley Orgánica 3/2018, de 5 de diciembre, de Protección de Datos Personales y garantía de los derechos digitales (en lo sucesivo, LOPDGDD) y reclama su tramitación independiente con traslado, audiencia y resolución expresa y motivada en cada caso. C/ Jorge Juan, 6                                                                                                                                                                        www.aepd....",Derecho de acceso a datos personales,Un ciudadano interpuso una reclamación contra la Agencia Estatal de Administración Tributaria (AEAT) por el ejercicio del derecho de acceso a datos personales. La AEPD desestimó la reclamación y el ciudadano presentó un recurso de reposición alegando vicios procedimentales y falta de delimitación clara del objeto del procedimiento.,Reclamación por derecho de acceso a datos personales | Desestimación de la reclamación por la AEPD | Presentación de recurso de reposición | Alegaciones de vicios procedimentales,No especificado,"Art. 57 de la Ley 39/2015, de 1 de octubre, del Procedimiento Administrativo Común de las Administraciones Públicas, Art. 65.5 de la Ley Orgánica 3/2018, de 5 de diciembre, de Protección de Datos Personales y garantía de los derechos digitales","Derecho de acceso, Datos personales, Reclamación, Recurso de reposición, Vicios procedimentales, AEPD, AEAT"
REPOSICION-PD-00011-2026,https://www.aepd.es/documento/reposicion-pd-00011-2026.pdf,"1 / 5 Expediente nº.: EXP202519426  (RR/00264/2026) RESOLUCIÓN DE RECURSO DE REPOSICIÓN Examinado   el  recurso  de  reposición   interpuesto   por     A.A.A.   (en   lo   sucesivo,  la  parte recurrente)   contra la resolución dictada por la Presidencia de la Agencia Española  de Protección de...",Error extrayendo PDF: 503 Server Error: Service Unavailable for url: https://www.aepd.es/documento/reposicion-pd-00011-2026.pdf...,Error de procesamiento,,,,,
REPOSICION-PD-00343-2025,https://www.aepd.es/documento/reposicion-pd-00343-2025.pdf,"1 / 3 Expediente N.º: EXP202513340 RESOLUCIÓN DE RECURSO DE REPOSICIÓN Examinado   el   recurso   de   reposición   interpuesto   por     A.A.A.   (en   adelante,   la   parte recurrente), contra la resolución dictada por la Presidencia de la Agencia Española de Protección   de   Datos,   de...","1/3 Expediente N.º: EXP202513340 RESOLUCIÓN DE RECURSO DE REPOSICIÓN Examinado el recurso de reposición interpuesto por  A.A.A. (en adelante, la parte recurrente), contra la resolución dictada por la Presidencia de la Agencia Española de Protección de Datos, de fecha 2 de marzo de 2026, y teniendo como base los siguientes: HECHOS PRIMERO: En fecha 2 de marzo de 2026, se dictó resolución por la Presidencia de la Agencia Española de Protección de Datos en el expediente EXP202513340. La resolución fue notificada a la parte recurrente en fecha 3 de marzo de 2026, según consta acreditado en el expediente. SEGUNDO: En fecha 28 de abril de 2026, la parte recurrente presenta en la Agencia Española de Protección de Datos recurso de reposición contra la resolución indicada en el punto anterior, en el que muestra su disconformidad con la misma. A los anteriores hechos son de aplicación los siguientes, FUNDAMENTOS DE DERECHO I Competencia Es competente para resolver el presente recurso la Presidencia de la Agencia Española de Protección de Datos, de conformidad con lo dispuesto en el artículo 123 de la Ley 39/2015, de 1 de octubre, del Procedimiento Administrativo Común de las Administraciones Públicas (en lo sucesivo, LPACAP) y el artículo 48.1 de la Ley Orgánica 3/2018, de 5 de diciembre, de Protección de Datos Personales y garantía de los derechos digitales (en lo sucesivo, LOPDGDD). II Causa de inadmisión El artículo 116 de la LPACAP establece en su letra d) como causa de inadmisión de los recursos administrativos “Haber transcurrido el plazo para la interposición del recurso.” III Cómputo del plazo de interposición C/ Jorge Juan, 6 www.aepd.es 28001 – Madrid sedeaepd.gob.es 2/3 Según lo establecido en el artículo 124 de la LPACAP: “El plazo para la interposición del recurso de reposición será de un mes, si el acto fuera expreso”.  Añade el artículo 119 de dicha ley que: “La resolución del recurso estimará en todo o en parte o desestimará las pretensiones formuladas en el mismo o declarará su inadmisión”. En lo que respecta al cómputo del plazo señalado, debe atenderse a lo dispuesto en el apartado 4 del artículo 30 de la LPACAP que dice: “Si el plazo se fija en meses o años, éstos se computarán a partir del día siguiente a aquel en que tenga lugar la notificación o publicación del acto de que se trate, o desde el siguiente a aquel en que se produzca la estimación o desestimación por silencio administrativo. El plazo concluirá el mismo día en que se produjo la notificación, publicación o silencio administrativo en el mes o el año de vencimiento. Si en el mes de vencimiento no hubiera día equivalente a aquel en que comienza el cómputo, se entenderá que el plazo expira el último día del mes”. En este caso, la resolución de la Presidencia de la Agencia Española de Protección de Datos, de fecha 2 de marzo de 2026, fue notificada a la parte recurrente en fecha 3 de marzo de 2026, y el recurso de reposición ha sido interpuesto en fecha 28 de abril de 2026. Por...",Recurso de reposición,"Un recurrente interpuso un recurso de reposición contra una resolución de la AEPD, pero se analiza si el plazo para la interposición del recurso fue respetado.",Resolución de la AEPD el 2 de marzo de 2026 | Notificación a la parte recurrente el 3 de marzo de 2026 | Interposición del recurso de reposición el 28 de abril de 2026,No especificado,"Art. 123 de la Ley 39/2015, Art. 48.1 de la Ley Orgánica 3/2018, Art. 116 de la LPACAP, Art. 124 de la LPACAP","recurso de reposición, AEPD, plazo de interposición, notificación, resolución administrativa"
REPOSICION-PD-00342-2025,https://www.aepd.es/documento/reposicion-pd-00342-2025.pdf,"1 / 3 Expediente N.º: EXP202514428 RESOLUCIÓN DE RECURSO DE REPOSICIÓN Examinado  el recurso de reposición  interpuesto por   CONSEJERÍA DE SANIDAD DE LA COMUNIDAD DE MADRID   (en adelante, la parte recurrente), contra la resolución dictada   por  la  Presidencia   de  la  Agencia   Española  de...",Error extrayendo PDF: 503 Server Error: Service Unavailable for url: https://www.aepd.es/documento/reposicion-pd-00342-2025.pdf...,Error de procesamiento,,,,,
REPOSICION-PS-00376-2024,https://www.aepd.es/documento/reposicion-ps-00376-2024.pdf,"1 / 3  Expediente N.º: EXP202408724 RESOLUCIÓN DE RECURSO DE REPOSICIÓN Examinado el recurso de reposición interpuesto por   PINKGREEN BARCELONA, S.L. (en adelante, la parte recurrente), contra la resolución dictada por la Presidencia de la Agencia Española de Protección de Datos, de fecha 10 de...",Error extrayendo PDF: 503 Server Error: Service Unavailable for url: https://www.aepd.es/documento/reposicion-ps-00376-2024.pdf...,Error de procesamiento,,,,,
AI-00504-2024,https://www.aepd.es/documento/ai-00504-2024.pdf,1 / 7  Expediente N.º: EXP202416022 RESOLUCIÓN DE ARCHIVO DE ACTUACIONES De   las   actuaciones   practicadas   por   la  Agencia   Española   de   Protección   de   Datos   y teniendo como base los siguientes: HECHOS PRIMERO :   La  Agencia   Española   de   Protección   de   Datos   ha   tenido...,"1/7  Expediente N.º: EXP202416022 RESOLUCIÓN DE ARCHIVO DE ACTUACIONES De las actuaciones practicadas por la Agencia Española de Protección de Datos y teniendo como base los siguientes: HECHOS PRIMERO: La Agencia Española de Protección de Datos ha tenido conocimiento a través de una comunicación de ciertos hechos que podrían vulnerar la legislación en materia de protección de datos. Con fecha 22 de noviembre de 2024 la Directora de la Agencia Española de Protección de Datos acordó iniciar actuaciones previas de investigación a las que se refiere el artículo 67 de la Ley Orgánica 3/2018, de 5 de diciembre, de Protección de Datos Personales y garantía de los derechos digitales (en adelante, LOPDGDD) en relación con los siguientes hechos: La parte comunicante, que no se identifica ni aporta datos de contacto, denuncia la publicación de un reel en Instagram donde aparece la imagen de un menor llorando en situación de vulnerabilidad (***URL.1). Se visualiza a un menor bajo el texto: ""(…)"". De fondo, también se escucha la voz de un hombre que dice: ""(…)"" y la voz de una mujer que dice ""(…)"". La publicación ya cuenta con 5793 ""Me gusta"" en menos de 12 horas. La cuenta IG denunciada, ***PERFIL.1, es pública y tiene más de un millón y medio de seguidores. Además del vídeo denunciado, también se publican otros vídeos donde aparecen menores de edad. SEGUNDO: La Subdirección General de Inspección de Datos procedió a la realización de actuaciones previas de investigación para el esclarecimiento de los hechos en cuestión, en virtud de las funciones asignadas a las autoridades de control en el artículo 57.1 y de los poderes otorgados en el artículo 58.1 del Reglamento (UE) 2016/679 (Reglamento General de Protección de Datos, en adelante RGPD), y de conformidad con lo establecido en el Título VII, Capítulo I, Sección segunda, de la LOPDGDD, teniendo conocimiento de los siguientes extremos: Con fecha 14/11/2024 se captura evidencia del contenido publicado en la URL ***URL.1 . Con fecha 18/11/2024 se observa que en los perfiles de ***PERFIL.1 de Facebook y Telegram se publicita la web ***WEB.1 y se comprueba que actualmente se encuentra no disponible. Se realiza búsqueda en la plataforma Wayback Machine de la web ***WEB.1 obteniendo la última captura del 25 de febrero de 2024 del apartado “Aviso legal”. En dicha página se publican los siguientes datos acerca de la identidad del responsable: C/ Jorge Juan, 6 www.aepd.es 28001 – Madrid sedeaepd.gob.es 2/7 Titular: A.A.A. NIF/CIF: ***NIF.1 Domicilio: ***DIRECCIÓN.1 Correo electrónico: ***EMAIL.1 Sitio Web: ***WEB.1 Se averigua a partir de múltiples resultados en el buscador Google y en la red social Linkedin que A.A.A. se identifica como CEO y “account manager” de la multiplataforma digital de entretenimiento ***PERFIL.1.  Con fecha 18 de febrero de 2025 se envía requerimiento a A.A.A.. La notificación resulta entregada el día 28 del mismo mes y año. Con fecha 28 de febrero de 2025 se recibe respuesta de A.A.A. real...",Protección de datos de menores en redes sociales,Una denuncia sobre la publicación de un vídeo en Instagram que muestra a un menor en situación de vulnerabilidad llevó a la AEPD a investigar. Se encontró que la cuenta responsable tiene más de un millón y medio de seguidores y publica regularmente contenido con menores de edad.,Publicación de un vídeo en Instagram con un menor en situación de vulnerabilidad | La cuenta tiene más de un millón y medio de seguidores | Se publican regularmente vídeos con menores de edad,No especificado,"Art. 57.1 del Reglamento (UE) 2016/679, Art. 58.1 del Reglamento (UE) 2016/679","protección de datos, menores de edad, Instagram, redes sociales, AEPD, investigación"
REPOSICION-PS-00163-2025,https://www.aepd.es/documento/reposicion-ps-00163-2025.pdf,"1 / 5  Expediente nº.:    EXP202417456 RESOLUCIÓN DE RECURSO DE REPOSICIÓN Examinado   el   recurso   de   reposición   interpuesto   por   AYUNTAMIENTO   DE  AJALVIR (en lo sucesivo, la parte recurrente)   contra la resolución dictada por la Presidencia de la Agencia Española de Protección de...",Error extrayendo PDF: 503 Server Error: Service Unavailable for url: https://www.aepd.es/documento/reposicion-ps-00163-2025.pdf...,Error de procesamiento,,,,,
REPOSICION-IT-06135-2025,https://www.aepd.es/documento/reposicion-it-06135-2025.pdf,"•&nbsp;&nbsp;&nbsp;&nbsp;Expediente N.º: EXP202511304RESOLUCIÓN DE RECURSO DE REPOSICIÓNExaminado el recurso de reposición interpuesto por A.A.A. (en lo sucesivo, la parte recurrente) contra la resolución dictada por la Presidencia de la Agencia Española de Protección de Datos, de fecha 14 de julio...",Error extrayendo PDF: 503 Server Error: Service Unavailable for url: https://www.aepd.es/documento/reposicion-it-06135-2025.pdf...,Error de procesamiento,,,,,
REPOSICION-IT-05182-2025,https://www.aepd.es/documento/reposicion-it-05182-2025.pdf,"•&nbsp;&nbsp;&nbsp;&nbsp;Expediente N.º: EXP202509694RESOLUCIÓN DE RECURSO DE REPOSICIÓNExaminado el recurso de reposición interpuesto por A.A.A. (en lo sucesivo, la parte recurrente) contra la resolución dictada por la Presidencia de la Agencia Española de Protección de Datos, de fecha 23 de junio...",Error extrayendo PDF: 503 Server Error: Service Unavailable for url: https://www.aepd.es/documento/reposicion-it-05182-2025.pdf...,Error de procesamiento,,,,,
REPOSICION-IT-05046-2025,https://www.aepd.es/documento/reposicion-it-05046-2025.pdf,"•&nbsp;&nbsp;&nbsp;&nbsp;Expediente N.º: EXP202509478RESOLUCIÓN DE RECURSO DE REPOSICIÓNExaminado el recurso de reposición interpuesto por A.A.A. (en lo sucesivo, la parte recurrente) contra la resolución dictada por la Presidencia de la Agencia Española de Protección de Datos, de fecha 18 de junio...",Error extrayendo PDF: 503 Server Error: Service Unavailable for url: https://www.aepd.es/documento/reposicion-it-05046-2025.pdf...,Error de procesamiento,,,,,
AI-00476-2024,https://www.aepd.es/documento/ai-00476-2024.pdf,"1 / 6  Expediente N.º: EXP202409238 RESOLUCIÓN DE ARCHIVO DE ACTUACIONES De   las   actuaciones   practicadas   por   la  Agencia   Española   de   Protección   de   Datos   y teniendo como base los siguientes HECHOS PRIMERO :   Con   fecha   11   de   junio   de   2024,   se   presentó...",Error extrayendo PDF: 503 Server Error: Service Unavailable for url: https://www.aepd.es/documento/ai-00476-2024.pdf...,Error de procesamiento,,,,,
AI-00467-2024,https://www.aepd.es/documento/ai-00467-2024.pdf,1 / 7 Expediente N.º: EXP202415032 RESOLUCIÓN DE ARCHIVO DE ACTUACIONES De   las   actuaciones   practicadas   por   la  Agencia   Española   de   Protección   de   Datos   y teniendo como base los siguientes HECHOS PRIMERO :   La  Agencia   Española   de   Protección   de   Datos   ha   tenido...,"1/7 Expediente N.º: EXP202415032 RESOLUCIÓN DE ARCHIVO DE ACTUACIONES De las actuaciones practicadas por la Agencia Española de Protección de Datos y teniendo como base los siguientes HECHOS PRIMERO: La Agencia Española de Protección de Datos ha tenido conocimiento a través de una denuncia de ciertos hechos que podrían vulnerar la legislación en materia de protección de datos.  Con fecha 25 de octubre de 2024, la Presidencia de la Agencia Española de Protección de Datos instó a la Subdirección General de Inspección de Datos (SGID) a iniciar las actuaciones previas de investigación a las que se refiere el artículo 67 de la Ley Orgánica 3/2018, de 5 de diciembre, de Protección de Datos Personales y garantía de los derechos digitales (en adelante, LOPDGDD) para investigar a COMERCIAL LINKY 88, S.L. (LINKY 88), ECOXPRESS SOLUCIONES Y SERVICIOS, S.L. (ECOXPRESS) y SIMPLYTECH, S.L. (SYMPLITECH) en relación con los siguientes hechos: La posible cesión de datos a raíz de las sucesivas compraventas de 2.032 paquetes de ALIEXPRES no entregados a sus destinatarios finales entre ECOXPRESS (CANIAO), SIMPLYTECH, LINKY88 y POSTUREO SHOP, S.L. Los paquetes objeto de contraventa tendrían todos los datos de remitente y destinatario, así como las direcciones y los teléfonos que figuraban en los mismos, a pesar de haber firmado previamente un acuerdo de confidencialidad por el que se comprometían al borrado de estos datos. SEGUNDO: La Subdirección General de Inspección de Datos procedió a la realización de actuaciones previas de investigación para el esclarecimiento de los hechos en cuestión, en virtud de las funciones asignadas a las autoridades de control en el artículo 57.1 y de los poderes otorgados en el artículo 58.1 del Reglamento (UE) 2016/679 (Reglamento General de Protección de Datos, en adelante RGPD), y de conformidad con lo establecido en el Título VII, Capítulo I, Sección segunda, de la LOPDGDD, teniendo conocimiento de los siguientes extremos: Se ha comprobado que la secuencia de compraventa de paquetes entre las distintas entidades denunciadas es la siguiente:  ECOXPRESS/CAINIAO a SIMPLYTECH. De esta a LINKY88. Finalmente, de la anterior a POSTUREO SHOP S.L. Asimismo, se ha tenido conocimiento de que: C/ Jorge Juan, 6 www.aepd.es 28001 – Madrid sedeaepd.gob.es 2/7 - entre CAINIAO y SIMPLYTECH, figura un acuerdo de venta de 8 de marzo de 2024 con 10 certificados de destrucción firmados por SIMPLYTECH entre el 15 de abril y el 16 de septiembre de 2024. - entre CAINIAO y ECOXPRESS, figura una cesión de acuerdo de ventas con SIMPLYTECH de 29 de agosto de 2024 con efecto desde el 15 de abril de 2024. - entre SIMPLYTECH y LINKY88, figura una factura de venta de 20 de junio de 2024 de 2.032 paquetes. - entre LINKY88 y POSTUREO, figura una factura de venta de 21 de junio de 2024 de 2.032 paquetes. - entre LINKY88 y POSTUREO, figura un acuerdo de venta de 26 de junio de 2024 con adenda de protección de datos y acuerdo de protección de datos de 20 de junio de ...",Error de procesamiento,,,,,
AI-00019-2025,https://www.aepd.es/documento/ai-00019-2025.pdf,"1 / 7  Expediente N.º: EXP202415071 RESOLUCIÓN DE ARCHIVO DE ACTUACIONES De   las   actuaciones   practicadas   por   la  Agencia   Española   de   Protección   de   Datos   y teniendo como base los siguientes HECHOS PRIMERO :   Con   fecha   6   de   septiembre   de   2024,   se   presentó...","1/7  Expediente N.º: EXP202415071 RESOLUCIÓN DE ARCHIVO DE ACTUACIONES De las actuaciones practicadas por la Agencia Española de Protección de Datos y teniendo como base los siguientes HECHOS PRIMERO: Con fecha 6 de septiembre de 2024, se presentó reclamación ante la Agencia Española de Protección de Datos contra MAPFRE ESPAÑA COMPAÑÍA DE SEGUROS Y REASEGUROS, S.A. con NIF A28141935 (en adelante, la parte reclamada o MAPFRE).  Los motivos en que basa la reclamación son los siguientes: El reclamante manifiesta que solicitó a MAPFRE la baja de la póliza de un vehículo por fallecimiento del titular de la póliza (actuando como abogado del titular de dicho vehículo) con el fin de retirarlo de la vía pública por estacionamiento de larga temporada. Manifiesta que, para dicho trámite de baja, aportó su DNI para que la empleada tomase sus datos identificativos y comprobase su identidad, así como el correspondiente certificado de defunción. No obstante, manifiesta que la empleada que le atendió hizo fotografías de su DNI por ambas caras con el teléfono móvil, sin su consentimiento, por lo que presentó reclamación ante la parte reclamada por el modo de proceder, sin que haya recibido contestación al respecto. Junto a la reclamación aporta copia del escrito de reclamación, firmado electrónicamente, de fecha 13 de agosto de 2024, así como copia de los mensajes de correo electrónico intercambiados con la parte reclamada, en fecha 14 de agosto de 2024, en los que dicha entidad indica que para proceder a la baja de la póliza ""necesitamos que nos adjunten baja del vehículo y DNI de la persona que solicite la baja. Rogamos disculpen las molestias"". Asimismo, aporta nombre y apellidos de la empleada, datos identificativos de la oficina, número de póliza y matrícula del vehículo. SEGUNDO: De conformidad con el artículo 65.4 de la Ley Orgánica 3/2018, de 5 de diciembre, de Protección de Datos Personales y garantía de los derechos digitales (en adelante LOPDGDD), se dio traslado de dicha reclamación a MAPFRE, para que procediese a su análisis e informase a esta Agencia en el plazo de un mes, de las acciones llevadas a cabo para adecuarse a los requisitos previstos en la normativa de protección de datos. Con fecha 25/11/2024 se recibe en esta Agencia escrito de respuesta indicando lo siguiente: “La reclamación viene a describir unos hechos presuntamente ocurridos en la relación mantenida entre el reclamante y una empleada de la delegación a la que éste acudió con objeto de solicitar la anulación de una póliza, presuntamente en representación de su tomador que, según su declaración, había fallecido.  C/ Jorge Juan, 6 www.aepd.es 28001 – Madrid sedeaepd.gob.es 2/7 La reclamación trae causa de la presunta obtención por dicha empleada de una fotografía del DNI del reclamante.  A la vista de los hechos expuestos en su reclamación y tras realizarse por mi representada las debidas investigaciones sobre los mismos, manifiesta que en ningún momento MAPFRE ha obtenido, tratado,...",Error de procesamiento,,,,,
PA-00077-2025,https://www.aepd.es/documento/pa-00077-2025.pdf,"1 / 14  Expediente N.º: EXP202520593 RESOLUCIÓN DE     PROCEDIMIENTO DE APERCIBIMIENTO Del procedimiento instruido por la Agencia Española de Protección de Datos  y en base a los siguientes HECHOS PRIMERO : Con fecha 11/07/2024, se interpuso reclamación ante la Agencia Española de   Protección...","1/14  Expediente N.º: EXP202520593 RESOLUCIÓN DE     PROCEDIMIENTO DE APERCIBIMIENTO Del procedimiento instruido por la Agencia Española de Protección de Datos y en base a los siguientes HECHOS PRIMERO: Con fecha 11/07/2024, se interpuso reclamación ante la Agencia Española de Protección de Datos por una posible infracción imputable a CONSORWEB, S.L. con NIF B98586720 (en adelante, CONSORWEB).  Los hechos que se ponen en conocimiento de esta autoridad son los siguientes: El 05/06/2024, la parte reclamante solicitó, vía email, la rescisión del contrato con la empresa CONSORWEB, S.L. por incumplimiento del mismo, y a su vez, copia de las grabaciones de las llamadas en las que hubiese sido partícipe. Afirma que no había sido informado previamente y que ha sido conocedor de dichas grabaciones al haber hecho referencia a ellas la trabajadora de la empresa CONSORWEB, S.L. El mismo 05/06/2024 recibió respuesta por parte de la trabajadora de la parte reclamada, confirmando que serían solicitadas al departamento oportuno.  El 06/06/2024 y el 14/06/2024, reitera la solicitud de las grabaciones de las llamadas a las que le hicieron referencia y nuevamente le confirman que ya han sido solicitadas al departamento correspondiente. Al no recibir una respuesta por parte CONSORWEB, S.L., el 18/06/2024, ejercitó su derecho de acceso en base al  artículo 15 del Reglamento (UE) 2016/679 (Reglamento General de Protección de Datos, en adelante RGPD), para solicitar copia de las grabaciones además de información sobre el tratamiento de sus datos, a la dirección ***EMAIL.5, que es la que consta en la política de privacidad de https://consorweb.com/politica-privacidad.html. En fecha 11/07/2024, recibe respuesta por parte de CONSORWEB, S.L. indicando que se le había informado sobre la grabación de las mismas en cada una de ellas, y que han procedido al borrado de las grabaciones, por lo cual no se las pueden facilitar.  La parte reclamante considera que CONSORWEB, como responsable del tratamiento, no llega a atender su petición de enviarle una copia sobre las grabaciones además de no informarle de manera adecuada sobre el tratamiento de sus datos, en concreto, sobre la grabación de las llamadas, finalidad de las mismas y base legitimadora, ya sea vía email, telefónica, página web o incluso a través del contrato firmado.  Junto a su reclamación aporta: - Copia de las comunicaciones intercambiadas con la parte denunciada, entre las que se incluye el ejercicio del derecho de acceso. Del intercambio de correos, se destaca lo siguiente: C/ Jorge Juan, 6 www.aepd.es 28001 – Madrid sedeaepd.gob.es 2/14 o Correo de 5 de junio de 2024 a las 17:02 horas de la parte reclamante (***EMAIL.1) dirigido a ***EMAIL.2, ***EMAIL.3, entre otros en el que se solicita: “(…) Por último y debido a que (…) en reiteradas ocasiones señala el cumplimiento por su parte de todos los puntos indicados mediante los cuales me ha indicado con fechas y horas ya que las llamadas han sido grabadas, solicito ...",Error de procesamiento,,,,,
PA-00014-2025,https://www.aepd.es/documento/pa-00014-2025.pdf,1 / 7  Expediente N.º: EXP202415626 RESOLUCIÓN DE     PROCEDIMIENTO DE APERCIBIMIENTO Del procedimiento instruido por la Agencia Española de Protección de Datos  y en base a los siguientes ANTECEDENTES PRIMERO :   Con   fecha   26   de   septiembre   de   2024   se   interpuso   reclamación   ante...,"1/7  Expediente N.º: EXP202415626 RESOLUCIÓN DE     PROCEDIMIENTO DE APERCIBIMIENTO Del procedimiento instruido por la Agencia Española de Protección de Datos y en base a los siguientes ANTECEDENTES PRIMERO: Con fecha 26 de septiembre de 2024 se interpuso reclamación ante la Agencia Española de Protección de Datos por una posible infracción imputable a A.A.A. con NIF ***NIF.1 (en adelante, A.A.A.).  Los hechos que se pone en conocimiento de esta autoridad son los siguientes: “instalación de cámara en comercio de frutería a de su propiedad, grabando no solo la puerta de acces0 (…) sino la vía pública y el discurrir de la gente (…)” Aporta imágenes de las cámaras, su ubicación y orientación. Y un vídeo con la grabación de su imagen (Anexo I).  SEGUNDO: De conformidad con el artículo 65.4 de la Ley Orgánica 3/2018, de 5 de diciembre, de Protección de Datos Personales y garantía de los derechos digitales (en adelante LOPDGDD), se dio traslado de dicha reclamación a A.A.A., para que procediese a su análisis e informase a esta Agencia en el plazo de un mes, de las acciones llevadas a cabo para adecuarse a los requisitos previstos en la normativa de protección de datos. La notificación del traslado de la reclamación, que se practicó conforme a las normas establecidas en la Ley 39/2015, de 1 de octubre, del Procedimiento Administrativo Común de las Administraciones Públicas (en adelante, LPACAP), fue realizada en fecha 18/11/2024 como consta en el acuse de recibo que obra en el expediente. No se ha recibido respuesta a este escrito de traslado. TERCERO: Con fecha 26 de diciembre de 2024, de conformidad con el artículo 65 de la LOPDGDD, se admitió a trámite la reclamación.  CUARTO: Con fecha 3 de junio de 2025, la Presidencia de la Agencia Española de Protección de Datos acordó iniciar procedimiento de apercibimiento a la parte reclamada, por la presunta infracción del artículo 5.1 c) RGPD, tipificada en el Artículo 83.5 del RGPD. QUINTO: La notificación del citado acuerdo de iniciación, que se practicó conforme a las normas establecidas en la Ley 39/2015, de 1 de octubre, del Procedimiento Administrativo Común de las Administraciones Públicas (en adelante, LPACAP), fue intentado de notificar en tiempo y forma, como consta en el acuse de recibo que obra C/ Jorge Juan, 6 www.aepd.es 28001 – Madrid sedeaepd.gob.es 2/7 en el expediente, dejándose <acuse de recibo> para su retirada en el Servicio Oficial de Correos.  SEXTO: Una vez transcurrido el plazo otorgado para la formulación de alegaciones, se ha constatado que no se ha recibido alegación alguna por la parte reclamada. A la vista de todo lo actuado, por parte de la Agencia Española de Protección de Datos en el presente procedimiento se consideran hechos probados los siguientes, HECHOS PROBADOS Primero. Los hechos traen causa de la reclamación presentada por medio de la cual se traslada la presencia de cámara instalada en comercio “que graba imágenes de la parte exterior” afectando a derechos de los tr...",Error de procesamiento,,,,,
PA-00003-2026,https://www.aepd.es/documento/pa-00003-2026.pdf,1 / 7  Expediente N.º: EXP202503849 RESOLUCIÓN DE     PROCEDIMIENTO DE APERCIBIMIENTO Del procedimiento instruido por la Agencia Española de Protección de Datos  y en base a los siguientes ANTECEDENTES PRIMERO :   Con   fecha   2   de   julio   de   2024   se   interpuso   reclamación   ante   la...,"1/7  Expediente N.º: EXP202503849 RESOLUCIÓN DE     PROCEDIMIENTO DE APERCIBIMIENTO Del procedimiento instruido por la Agencia Española de Protección de Datos y en base a los siguientes ANTECEDENTES PRIMERO: Con fecha 2 de julio de 2024 se interpuso reclamación ante la Agencia Española de Protección de Datos por una posible infracción imputable a quien identifica como A.A.A. con NIF ***NIF.1. Los hechos que se pone en conocimiento de esta autoridad son: “que el reclamado, vecino de la misma comunidad de propietarios, dispone de un sistema de videovigilancia compuesto de cuatro cámaras que ""encuadran"" su jardín privado y su casa. Expone asimismo que una de las grabaciones, que captaba el espacio común de la comunidad, incluyendo su imagen, la de su pareja y la de una amiga, fue difundida a través del chat vecinal (aporta copia del video)”. Junto al escrito, se aporta Copia del Video con el tratamiento de datos efectuado (Anexo I).  SEGUNDO: Con fecha 2 de octubre de 2024, de conformidad con el artículo 65 de la LOPDGDD, se admitió a trámite la reclamación.  TERCERO: La Subdirección General de Inspección de Datos procedió a la realización de actuaciones previas de investigación para el esclarecimiento de los hechos en cuestión, en virtud de las funciones asignadas a las autoridades de control en el artículo 57.1 y de los poderes otorgados en el artículo 58.1 del Reglamento (UE) 2016/679 (Reglamento General de Protección de Datos, en adelante RGPD), y de conformidad con lo establecido en el Título VIII, de la LOPDGDD. INFORME DE ACTUACIONES PREVIAS DE INVESTIGACIÓN Los antecedentes que constan en los sistemas de información son los siguientes:  Con fecha de 10 de marzo de 2025, la Agencia Española de Protección de Datos acordó admitir a trámite la reclamación que ha dado lugar a las presentes actuaciones de investigación en relación con los hechos reclamados. ENTIDADES INVESTIGADAS Durante las presentes actuaciones se han investigado las siguientes entidades: A.A.A. con NIE ***NIF.1 con domicilio en (…) C/ Jorge Juan, 6 www.aepd.es 28001 – Madrid sedeaepd.gob.es 2/7 RESULTADO DE LAS ACTUACIONES DE INVESTIGACIÓN Examinado el vídeo presentado, se constata que una de las cámaras instaladas en la propiedad reclamada capta imágenes más allá de la parte privada de la parcela alcanzando hasta el horizonte. Por otra parte, analizadas las fotografías presentadas, se desprende que una de ellas es desde la que se ha grabado el vídeo mencionado. Respecto a la fotografía de la otra cámara no se encuentran indicios de que pueda estar captando la propiedad del reclamante ni ningún otro espacio no privativo. Con objeto de poder identificar correctamente al propietario de la villa reclamada, se solicita al ayuntamiento de ***AYUNTAMIENTO.1 que identifique al propietario de la parcela en cuestión. Con fecha de 18 de junio de 2025 se recibe en esta Agencia, con número de registro (…) , escrito de contestación poniendo de manifiesto que los datos facilitados, los comu...",Error de procesamiento,,,,,
PA-00003-2025,https://www.aepd.es/documento/pa-00003-2025.pdf,1 / 9  Expediente N.º: EXP202406278 RESOLUCIÓN DE     PROCEDIMIENTO DE APERCIBIMIENTO Del procedimiento instruido por la Agencia Española de Protección de Datos   y en base a los siguientes ANTECEDENTES PRIMERO :   Con   fecha   17/03/2024   se   interpuso   reclamación   ante   la   Agencia...,"1/9  Expediente N.º: EXP202406278 RESOLUCIÓN DE     PROCEDIMIENTO DE APERCIBIMIENTO Del procedimiento instruido por la Agencia Española de Protección de Datos y en base a los siguientes ANTECEDENTES PRIMERO: Con fecha 17/03/2024 se interpuso reclamación ante la Agencia Española de Protección de Datos por una posible infracción imputable a A.A.A. con NIF ***NIF.1 (en adelante, A.A.A. o parte reclamada).  Los hechos que se pone en conocimiento de esta autoridad: La parte reclamante manifiesta que A.A.A. ha subido sin su consentimiento a sus redes sociales un vídeo humorístico en el que se le reconoce. En el vídeo, el cual tiene muchas visualizaciones y seguidores en sus redes, A.A.A. sorprende a viandantes mientras otra persona graba sus reacciones. Encontró el reclamante la publicación en Tik Tok e Instagram. Se dirigió al responsable del vídeo solicitando que lo editara o lo suprimiese, sin respuesta, aunque consta la recepción del mensaje. Escribió a las plataformas, y afirma que Tik Tok no le había respondido aún y que Instagram le pide copia de su DNI para atender su petición, a lo que se opone, pidiendo a la AEPD ""que me diga cómo proceder"". Junto al escrito, se aporta: -1 Enlaces a los videos, Tik Tok ***URL.1, y en INSTAGRAM:  ***URL.2 -2-Copia de “e mail REQUERIMIENTO AL AUTOR DEL VIDEO Y DIFUSIÓN”, dirigido a ***USUARIO.1, el 13/03, pidiendo la retirada del video de la red Tik Tok realizado en (…) y como iba vestido, “remitente notificado con Mailtrack    ”. Añade que no se le respondió. 2-Copia de respuesta de INSTAGRAM a su e mail, en el que le informa en respuesta a la petición del reclamante de 15/03/2024, que deben comprobar que esa persona es el y que es necesario que “nos envíe un documento de identificación valido en el que se vean claramente su rostro y video”, “Responda a este mensaje y adjunta una copia de su documento de identificación. Para obtener información sobre como adjuntar un documento de identificación y que tipos de documentos aceptamos consulte…un link de Instagram. 3- Manifiesta que también ejerció el derecho frente a Tik Tok, sin obtener respuesta, sin aportar copia de tal petición. 4-Captura de pantalla en la que se ve una imagen del propio reclamante, a ciertos metros, andando por la acera y cerca, una persona disfrazada de arbusto en un lado que le hace la broma. Se ve en la pantalla ***USUARIO.1.  SEGUNDO: Por la Subdirección General de inspección de Datos, se obtuvieron las siguientes evidencias con la finalidad de analizar la reclamación: C/ Jorge Juan, 6 www.aepd.es 28001 – Madrid sedeaepd.gob.es 2/9 1-Captura de 23/04/2024 de Web bookingagentinfocom, “booking agent info”, (influenciadores digitales) de “A.A.A.” en la que figura que es un creador digital que comenzó a hacer Tik Toking a los 21 años, abril de 2020, y estrella de Tik Tok, también popular en IG, fecha nacimiento (…). 2-Captura de pantalla en Linkedin de “A.A.A.” a 23/04/2024. “***LOCALIDAD.1 y alrededores”. 3-Captura el 18/04/2024 del video *...",Error de procesamiento,,,,,
PA-00061-2025,https://www.aepd.es/documento/pa-00061-2025.pdf,1 / 13  Expediente N.º: EXP202503221 RESOLUCIÓN DE     PROCEDIMIENTO DE APERCIBIMIENTO Del procedimiento instruido por la Agencia Española de Protección de Datos  y en base a los siguientes ANTECEDENTES PRIMERO : Con fecha 29 de enero de 2025 se interpuso reclamación ante la Agencia Española   de...,"1/13  Expediente N.º: EXP202503221 RESOLUCIÓN DE     PROCEDIMIENTO DE APERCIBIMIENTO Del procedimiento instruido por la Agencia Española de Protección de Datos y en base a los siguientes ANTECEDENTES PRIMERO: Con fecha 29 de enero de 2025 se interpuso reclamación ante la Agencia Española de Protección de Datos por una posible infracción imputable a la ASOCIACIÓN DE PINTORES CON LA BOCA Y CON EL PIE, S.L. con NIF B80926199 (en adelante, APBP).  Los hechos que se pone en conocimiento de esta autoridad son: La parte reclamante manifiesta que ha recibido, en fecha 29/01/25, una carta postal nominativa en la que la asociación remitente APBP promociona su actividad comercial, concretamente la tienda de su sitio web, sin su consentimiento y sin haber mantenido relación alguna con la asociación reclamada. Junto con el escrito de reclamación se acompaña una imagen del sobre recibido, constando: - nombre, apellidos y dirección postal del reclamante - acrónimo de la asociación remitente - código QR con acceso al enlace: https://pintoresbocapie.com/detras, invitando a visitar la tienda de la asociación, accesible a través de: https://pintoresbocapie.com/tienda/  - número de referencia: ""***REFERENCIA.1"" SEGUNDO: De conformidad con el artículo 65.4 de la Ley Orgánica 3/2018, de 5 de diciembre, de Protección de Datos Personales y garantía de los derechos digitales (en adelante LOPDGDD), se dio traslado de dicha reclamación a APBP, para que procediese a su análisis e informase a esta Agencia en el plazo de un mes, de las acciones llevadas a cabo para adecuarse a los requisitos previstos en la normativa de protección de datos. La notificación del traslado de la reclamación, que se practicó conforme a las normas establecidas en la Ley 39/2015, de 1 de octubre, del Procedimiento Administrativo Común de las Administraciones Públicas (en adelante, LPACAP), fue realizada en fecha 28/02/2025 como consta en el acuse de recibo que obra en el expediente. Con fecha 20/03/2025 se recibe en esta Agencia escrito de respuesta indicando que la parte reclamada, Asociación de Pintores con la Boca y el Pie, S.L. (APBP), tiene como propósito apoyar a estos artistas para que puedan vivir de su producción artística, mediante la comercialización de sus obras en formato calendario, tarjetas de felicitación, láminas y libros ilustrados. C/ Jorge Juan, 6 www.aepd.es 28001 – Madrid sedeaepd.gob.es 2/13 Durante el mes de enero de 2025 remitieron cartas de agradecimiento a aquellas personas que habían comprado alguno de sus productos en la campaña de Navidad. La parte reclamada indica que la finalidad de esta carta no es realizar una actividad comercial o publicitaria, sino que es una expresión de agradecimiento por la contribución y apoyo dados a la asociación. La parte reclamada señala, que al contrario de lo que se indica en la reclamación, la parte reclamante sí ha tenido relación con la parte reclamada, ya que adquirió uno de sus productos por valor de 8 euros, que fue pagado a travé...",Error de procesamiento,,,,,
PS-00043-2026,https://www.aepd.es/documento/ps-00043-2026.pdf,1 / 8 Expediente N.º: EXP202604492 RESOLUCIÓN DE PROCEDIMIENTO SANCIONADOR Del procedimiento instruido por la Agencia Española de Protección de Datos  y en base a los siguientes ANTECEDENTES PRIMERO : Como consecuencia de reclamación presentada ante la Agencia Española de   Protección   de   Datos...,"1/8 Expediente N.º: EXP202604492 RESOLUCIÓN DE PROCEDIMIENTO SANCIONADOR Del procedimiento instruido por la Agencia Española de Protección de Datos y en base a los siguientes ANTECEDENTES PRIMERO: Como consecuencia de reclamación presentada ante la Agencia Española de Protección de Datos contra TECHORRO SPAIN, S.L. con NIF B16403032 (en adelante, TECHORRO), apreciándose indicios de un posible incumplimiento de las normas en el ámbito de las competencias de la Agencia Española de Protección de Datos, se iniciaron actuaciones con número de expediente EXP202513234. De acuerdo con lo previsto en el artículo 65 de la Ley Orgánica 3/2018, de 5 de diciembre, de Protección de Datos Personales y garantía de los derechos digitales (LOPDGDD en lo sucesivo), se trasladó la reclamación al responsable o al Delegado de Protección de Datos que en su caso hubiere designado, solicitándole que remitiera a esta Agencia la información y documentación que se indicaba. El traslado, que se notificó conforme a las normas establecidas en la Ley 39/2015, de 1 de octubre, del Procedimiento Administrativo Común de las Administraciones Públicas (en adelante, LPACAP) mediante notificación electrónica, fue recogido por el responsable con fecha 2 de septiembre de 2025, como consta en el acuse de recibo que obra en el expediente. Con fecha 16 de septiembre de 2025, de conformidad con el artículo 65 de la LOPDGDD, se admitió a trámite la reclamación presentada por la parte reclamante. SEGUNDO: La Subdirección General de Inspección de Datos procedió a la realización de actuaciones previas de investigación para el esclarecimiento de los hechos en cuestión, en virtud de los poderes de investigación otorgados a las autoridades de control en el artículo 58.1 del Reglamento (UE) 2016/679 (Reglamento General de Protección de Datos, en adelante RGPD), y de conformidad con lo establecido en el Título VII, Capítulo I, Sección segunda, de la citada LOPDGDD. En el marco de las actuaciones de investigación, se remitió por dos veces a TECHORRO un requerimiento de información, relativo a la reclamación indicada en el apartado primero, para que, en el plazo de diez días hábiles, presentase ante esta Agencia la información y documentación que se señalaban. El referido requerimiento fue notificado a TECHORRO en ambas ocasiones conforme a las normas establecidas en la LPACAP con fechas 9 de diciembre de 2025 y 2 de enero de 2026, como consta en los acuses de recibo que obran en el expediente. C/ Jorge Juan, 6                                                                                                                                                                        www.aepd.es 28001 - Madrid                                                                                                                                                                    sedeagpd.gob.es 2/8 TERCERO: Ante la falta de respuesta, se remitió una vez más a TECHORRO el citado requerimiento de información para que, en...",Error de procesamiento,,,,,
PS-00500-2025,https://www.aepd.es/documento/ps-00500-2025.pdf,1 / 8  Expediente N.º: EXP202515490 RESOLUCIÓN DE PROCEDIMIENTO SANCIONADOR Del procedimiento instruido por la Agencia Española de Protección de Datos  y en base a los siguientes ANTECEDENTES PRIMERO : Como consecuencia de reclamación presentada ante la Agencia Española de   Protección   de...,"1/8  Expediente N.º: EXP202515490 RESOLUCIÓN DE PROCEDIMIENTO SANCIONADOR Del procedimiento instruido por la Agencia Española de Protección de Datos y en base a los siguientes ANTECEDENTES PRIMERO: Como consecuencia de reclamación presentada ante la Agencia Española de Protección de Datos contra MONUMENTAL FORMA SPORT, S.L. con NIF B96608237 (en adelante, M.F.S.), apreciándose indicios de un posible incumplimiento de las normas en el ámbito de las competencias de la Agencia Española de Protección de Datos, se iniciaron actuaciones con número de expediente EXP202412595.  De acuerdo con lo previsto en el artículo 65 de la Ley Orgánica 3/2018, de 5 de diciembre, de Protección de Datos Personales y garantía de los derechos digitales (LOPDGDD en lo sucesivo), se trasladó la reclamación al responsable o al Delegado de Protección de Datos que en su caso hubiere designado, solicitándole que remitiera a esta Agencia la información y documentación que se indicaba.  El traslado, que se notificó conforme a las normas establecidas en la Ley 39/2015, de 1 de octubre, del Procedimiento Administrativo Común de las Administraciones Públicas (en adelante, LPACAP) mediante notificación electrónica, fue recogido por el responsable con fecha 20 de septiembre de 2024, como consta en el acuse de recibo que obra en el expediente. Con fecha 18 de octubre de 2024 y número de registro de entrada REGAGE24e00079565804, M.F.S respondió al traslado de la reclamación realizado desde esta Agencia Española de Protección de Datos. Con fecha 1 de diciembre de 2024, de conformidad con el artículo 65 de la LOPDGDD, se admitió a trámite la reclamación presentada por la parte reclamante. SEGUNDO: La Subdirección General de Inspección de Datos procedió a la realización de actuaciones previas de investigación para el esclarecimiento de los hechos en cuestión, en virtud de los poderes de investigación otorgados a las autoridades de control en el artículo 58.1 del Reglamento (UE) 2016/679 (Reglamento General de Protección de Datos, en adelante RGPD), y de conformidad con lo establecido en el Título VII, Capítulo I, Sección segunda, de la citada LOPDGDD. En el marco de las actuaciones de investigación, se remitió por tres veces a M.F.S un requerimiento de información, relativo a la reclamación indicada en el apartado primero, para que, en el plazo de doce días hábiles, presentase ante esta Agencia la información y documentación que se señalaban. El referido requerimiento de información, que se notificó conforme a las normas establecidas en la LPACAP mediante notificación electrónica, no fue recogido por C/ Jorge Juan, 6 www.aepd.es 28001 – Madrid sedeaepd.gob.es 2/8 M.F.S. dentro del plazo de puesta a disposición. En consecuencia, de conformidad con lo previsto en los art. 43.2 y 41.5 de la LPACAP, dichas notificaciones se entendieron rechazadas y se consideró efectuado el trámite en fechas 19 de enero, 17 de marzo y 28 de junio de 2025, según consta en los acuses de recibo que obran en el...",,,,,,
PD-00103-2026,https://www.aepd.es/documento/pd-00103-2026.pdf,1 / 9  Expediente N.º: EXP202608214 RESOLUCIÓN DE PROCEDIMIENTO DE DERECHOS Vista   la   reclamación   registrada   en   fecha   19   de   enero   de   2026   ante   esta  Agencia   y realizadas   las   actuaciones   procedimentales   previstas   en   el   Título   VIII   de   la   Ley Orgánica 3/...,"1/9  Expediente N.º: EXP202608214 RESOLUCIÓN DE PROCEDIMIENTO DE DERECHOS Vista la reclamación registrada en fecha 19 de enero de 2026 ante esta Agencia y realizadas las actuaciones procedimentales previstas en el Título VIII de la Ley Orgánica 3/2018, de 5 de diciembre, de Protección de Datos Personales y garantía de los derechos digitales (en lo sucesivo, LOPDGDD), se han constatado los siguientes HECHOS PRIMERO: Con fecha 19 de enero de 2026 tuvo entrada en esta Agencia reclamación presentada por A.A.A. (en adelante, la parte reclamante) contra SOMACAL, S.L. (en adelante, la parte reclamada) por no haber sido debidamente atendido el derecho de acceso a su historia clínica. La parte reclamante, cliente de la parte reclamada, tras una serie de discrepancias por el servicio recibido, a través de correo electrónico de fecha ***FECHA.2, solicitó acceso a copia íntegra de su historia clínica, incluyendo imágenes y copia del informe de la intervención del día ***FECHA.1 de 2025, y ese mismo día y por el mismo medio le respondieron ""Le avisaremos convenientemente en qué fecha puede recoger su documentación""; y no le han vuelto a contactar. Aporta copia los correos electrónicos intercambiados, entre otros: - Correo electrónico de la parte reclamante a la parte reclamada de fecha ***FECHA.2, indicando “(…) Preparadme, cuanto antes, una copia de toda mi documentación clínica (incluidas imágenes) y una fecha para recogerla, además del informe.” - Respuesta de la parte reclamada el mismo día indicando “Le avisaremos convenientemente en qué fecha puede recoger su documentación.” SEGUNDO: De conformidad con el artículo 65.4 de la LOPDGDD, se dio traslado de dicha reclamación a la parte reclamada, para que procediese a su análisis e informase a esta Agencia en el plazo de un mes, de las acciones llevadas a cabo para adecuarse a los requisitos previstos en la normativa de protección de datos. La notificación del traslado de la reclamación, que se practicó conforme a las normas establecidas en la Ley 39/2015, de 1 de octubre, del Procedimiento Administrativo Común de las Administraciones Públicas (en adelante, LPACAP), fue realizada en fecha 09 de abril de 2026 como figura en el acuse de recibo que obra en el expediente. No consta que se haya recibido en esta Agencia ninguna respuesta. TERCERO: De acuerdo con los artículos 64.1 y 65.5 de la LOPDGDD, la decisión sobre la admisión o inadmisión a trámite de la reclamación, deberá notificarse a la Paseo de la Castellana, 141, Planta 9                                                                                                                                      www.aepd.es 28046 - Madrid                                                                                                                                                                    sedeaepd.gob.es 2/9 parte reclamante en el plazo de tres meses. Si transcurrido este plazo no se produjera dicha notificación, cuando la reclamación verse sobre la f...",,,,,,
PD-00083-2026,https://www.aepd.es/documento/pd-00083-2026.pdf,"1 / 15 Expediente N.º: EXP202606611 RESOLUCIÓN DE PROCEDIMIENTO DE DERECHOS Vista la reclamación registrada en fecha 22 de diciembre de 2025 ante esta Agencia y realizadas   las   actuaciones   procedimentales   previstas   en   el   Título   VIII   de   la   Ley Orgánica 3/2018, de 5 de diciembre...","1/15 Expediente N.º: EXP202606611 RESOLUCIÓN DE PROCEDIMIENTO DE DERECHOS Vista la reclamación registrada en fecha 22 de diciembre de 2025 ante esta Agencia y realizadas las actuaciones procedimentales previstas en el Título VIII de la Ley Orgánica 3/2018, de 5 de diciembre, de Protección de Datos Personales y garantía de los derechos digitales (en lo sucesivo LOPDGDD), se han constatado los siguientes HECHOS PRIMERO:  A.A.A. (en adelante, la parte reclamante) ejerció el derecho de Acceso a su historia clínica frente a VOLMAE PSICOLOGOS, S.L.P. (en adelante, la parte reclamada) sin que su solicitud haya recibido la contestación legalmente establecida. La parte reclamante expone que el 29/10/2025, solicitó el derecho de acceso a copia completa de su historial clínico psicológico, incluyendo resultados brutos de todas las pruebas y metadatos sobre su creación y tratamiento. Mediante escrito de fecha 17/11/2025, la reclamada le dio respuesta, comunicándole que: ""tiene derecho al informe de seguimiento terapéutico de la intervención realizada"", a ""cualquier otro documento que haya sido formalmente incorporado y utilizado en el proceso de intervención"" (le recuerdan que no se ha utilizado ningún otro documento adicional a los que se llevó para el trabajo personal en casa) y ""no es oportuno entregarle copia de su expediente, el cual incluye notas personales de la profesional de la psicología que le ha atendido"", citando el art. 18.3 de la LAP y la Ley 5/2010, de 24 de junio, sobre derechos y deberes en materia de salud de Castilla-La Mancha, concretamente su Disposición adicional sexta, arts. 27.2, 29, apartados 5 y 6. Por lo que niegan acceso ""directo al expediente, ni a que tome notas del mismo, ni a entregarle nuestras ""anotaciones subjetivas"" o de trabajo interno, tal y como estas quedan definidas en la legislación"". La parte reclamante considera que no se ha dado respuesta correcta a su solicitud de acceso, requiriendo que le entreguen: - Los resultados brutos, puntuaciones y métricas de todas las pruebas psicológicas y neuropsicológicas administradas. - Copia íntegra de cualquier informe, nota o valoración generada a partir de dichas pruebas. - Los metadatos relativos a la fecha de creación, modificación y acceso a dichos documentos. - Un registro de las cesiones o comunicaciones de estos datos a terceros, en su caso. C/ Jorge Juan, 6                                                                                                                                                                        www.aepd.es 28001 - Madrid                                                                                                                                                                    sedeagpd.gob.es 2/15 - Que se investigue la posible cesión o comunicación irregular de datos de salud a terceros (en particular, al SESCAM) sin una base legal que lo ampare. Aporta copia del escrito de respuesta de fecha 17/11/2025; copia del Informe psicológico pag...",,,,,,
PD-00072-2026,https://www.aepd.es/documento/pd-00072-2026.pdf,1 / 7  Expediente N.º: EXP202520182 RESOLUCIÓN DE PROCEDIMIENTO DE DERECHOS Vista   la   reclamación   registrada   en   fecha   13   de   octubre   de   2025   ante   esta  Agencia   y realizadas   las   actuaciones   procedimentales   previstas   en   el   Título   VIII   de   la   Ley Orgánica...,"1/7  Expediente N.º: EXP202520182 RESOLUCIÓN DE PROCEDIMIENTO DE DERECHOS Vista la reclamación registrada en fecha 13 de octubre de 2025 ante esta Agencia y realizadas las actuaciones procedimentales previstas en el Título VIII de la Ley Orgánica 3/2018, de 5 de diciembre, de Protección de Datos Personales y garantía de los derechos digitales (en lo sucesivo, LOPDGDD), se han constatado los siguientes HECHOS PRIMERO: Con fecha 13 de octubre de 2025 tuvo entrada en esta Agencia reclamación presentada por A.A.A. (en adelante, la parte reclamante) contra B.B.B. (en adelante, la parte reclamada) por no haber sido debidamente atendido el derecho de supresión. La parte reclamante indica que, el 15 de septiembre de 2022, contrató los servicios de la letrada reclamada, aceptando el presupuesto y liquidando el 50% convenido. La parte reclamante expone que, el 21 de noviembre de 2022, por varios motivos, se vio en la obligación de trasladar el expediente a otro abogado y el contrato, por lo que dejó a la letrada reclamada. La parte reclamante señala que, el 24 de agosto de 2025, por correo electrónico a la dirección ***EMAIL.1, solicitó a la abogada reclamada la supresión de sus datos personales. Con fecha 2 de octubre de 2025 le volvió a solicitar la supresión mediante el envío de un burofax, que fue recepcionado en la misma fecha. Aporta, entre otros documentos: - Correo electrónico de fecha 24 de agosto de 2025 de la parte reclamante dirigido a la parte reclamada ***EMAIL.1 solicitando la supresión de sus datos personales de “la cabecera con los datos particulares e identificativos, las conversaciones en cualquier formato electrónico y/o en formato audio, correos existentes cruzados entre las partes, todas las grabaciones en formato audible que puedan existir así como en todos los documentos en formal papel existentes. Todo lo mencionado, entre las fechas 15 de septiembre de 2022 y 23 de enero de 2024.” - Burofax de fecha 02 de octubre de 2025, remitido por la parte reclamante y recepcionado por la parte reclamada con la misma fecha, solicitando la supresión de sus datos. SEGUNDO: De conformidad con el artículo 65.4 de la LOPDGDD, se dio traslado de dicha reclamación a la parte reclamada, para que procediese a su análisis e informase a esta Agencia en el plazo de un mes, de las acciones llevadas a cabo para adecuarse a los requisitos previstos en la normativa de protección de datos. C/ Jorge Juan, 6                                                                                                                                                                        www.aepd.es 28001 - Madrid                                                                                                                                                                    sedeagpd.gob.es 2/7 La parte reclamada señala que es cierto que la parte reclamante contrató sus servicios con fecha 15 de septiembre de 2022, y que, con fecha 21 de noviembre de 2022, tal como indica la pa...",,,,,,
PD-00097-2026,https://www.aepd.es/documento/pd-00097-2026.pdf,1 / 9 Expediente N.º: EXP202521246 RESOLUCIÓN DE PROCEDIMIENTO DE DERECHOS Vista   la   reclamación   registrada   en   fecha   8   de   octubre   de   2025   ante   esta  Agencia   y realizadas   las   actuaciones   procedimentales   previstas   en   el   Título   VIII   de   la   Ley Orgánica 3/...,"1/9 Expediente N.º: EXP202521246 RESOLUCIÓN DE PROCEDIMIENTO DE DERECHOS Vista la reclamación registrada en fecha 8 de octubre de 2025 ante esta Agencia y realizadas las actuaciones procedimentales previstas en el Título VIII de la Ley Orgánica 3/2018, de 5 de diciembre, de Protección de Datos Personales y garantía de los derechos digitales (en lo sucesivo LOPDGDD), se han constatado los siguientes HECHOS PRIMERO:  A.A.A. (en adelante, la parte reclamante) ejerció el derecho de Acceso a su historia clínica frente a ASEPEYO, MUTUA COLABORADORA CON LA SEGURIDAD SOCIAL N.º 151 (en adelante, la parte reclamada) sin que su solicitud haya recibido la contestación legalmente establecida. La parte reclamante expone que a través de burofax de fecha de imposición 11/07/2025, solicitó acceso a copia íntegra de su historia clínica; que recibió llamada telefónica para recoger la documentación el 29/07/2025, recibiendo una historia clínica por episodios de 52 páginas, que considera parcial, encontrando a faltar: - Exploraciones complementarias; Informes de ingreso. - Informes de asistencias urgentes. - Solicitudes y resultados de pruebas analíticas y complementarias, incluidas las imágenes o archivo de las mismas: RX AP y oblicua PIE 29/02/2024. RX AP y oblicua PIE Izquierdo 18/03/2025. RM de Tobillo Izquierdo 08/04/2024. RM de Tobillo Izquierdo 22/11/2024. RM Extremidades 22/11/2024. RM de Tobillo Izquierdo 25/03/2025. RX Pelvis y Extremidades Inferiores 25/03/225. ECOGRAFÍA Tobillo Izquierdo 01/04/2025. RM de Pie Izquierdo 11/06/2025. RX Pie AP y Oblicuo 26/06/2025. C/ Jorge Juan, 6                                                                                                                                                                        www.aepd.es 28001 - Madrid                                                                                                                                                                    sedeagpd.gob.es 2/9 - Hojas de evolución de medicina y enfermería, constantes. - Notas de evolución de medicina y enfermería. - Hojas de ordenes médicas ordenadas cronológicamente. - Informe del departamento de informática de los diferentes accesos que se hayan producido en los mencionados documentos, haciendo especial mención en caso de haberse eliminado o modificado algún registro previamente recogido en un acceso posterior al de la fecha del día vigente en la historia. - Emisión de todos los datos que puedan extraerse del sistema informático, incluido prescripción de medicamentos por fecha, diagnósticos realizados, etc. - Solicitudes de consentimiento informado firmados por la parte reclamante o por su representante legal debidamente autorizado o derivado por ley. Asimismo, alega que con fecha 11/09/2025, remitió un nuevo burofax reiterando su solicitud de acceso a copia íntegra de su historia clínica, señalando lo no entregado, no habiendo recibido respuesta. Aporta copia de los referidos burofaxes. SEGUNDO: De conformidad co...",,,,,,
REPOSICION-PS-00486-2024,https://www.aepd.es/documento/reposicion-ps-00486-2024.pdf,"1 / 49  Expediente N.º: EXP202309389 RESOLUCIÓN DE RECURSO DE REPOSICIÓN Examinado el recurso de reposición interpuesto por DIGI SPAIN TELECOM, S.L.U. (en lo   sucesivo,   la   parte   recurrente)   contra   la   resolución   dictada   por   la   Presidencia   de   la Agencia   Española   de...","1/49  Expediente N.º: EXP202309389 RESOLUCIÓN DE RECURSO DE REPOSICIÓN Examinado el recurso de reposición interpuesto por DIGI SPAIN TELECOM, S.L.U. (en lo sucesivo, la parte recurrente) contra la resolución dictada por la Presidencia de la Agencia Española de Protección de Datos, de fecha 23 de noviembre de 2025, y teniendo como base los siguientes HECHOS PRIMERO: Con fecha 23 de noviembre de 2025, se dictó resolución por la Presidencia de la Agencia Española de Protección de Datos en el expediente EXP202309389, en virtud de la cual se imponía a DIGI SPAIN TELECOM, S.L.U., por una infracción del artículo 6.1 del RGPD, tipificada en el artículo 83.5.a) del RGPD, una multa de 120.000 € (ciento veinte mil euros). Dicha resolución, que fue notificada a la parte recurrente en fecha 1 de diciembre de 2025, fue dictada previa la tramitación del correspondiente procedimiento sancionador, de conformidad con lo dispuesto en la Ley Orgánica 3/2018, de 5 de diciembre, de Protección de Datos Personales y garantía de los derechos digitales (LOPDGDD), y supletoriamente en la Ley 39/2015, de 1 de octubre, del Procedimiento Administrativo Común de las Administraciones Públicas (en lo sucesivo, LPACAP), en materia de tramitación de procedimientos sancionadores. SEGUNDO: Como hechos probados del citado procedimiento sancionador, PS/00486/2024, quedó constancia de los siguientes:  «PRIMERO: El reclamante, con residencia en ***LOCALIDAD.1, es cliente de la entidad DIGI. Entre los servicios contratados figura la línea de telefonía móvil número ***TELÉFONO.1. SEGUNDO: Con fecha 8 de enero de 2022, a petición de un tercero no autorizado, DIGI emitió un duplicado de tarjeta SIM para la línea ***TELÉFONO.1, el cual fue activado a las 13:31 horas, quedando el reclamante sin servicio.   TERCERO: En relación con el duplicado de tarjeta SIM reseñado en el Hecho Probado Segundo, DIGI ha manifestado lo siguiente: Que en fecha 7 de enero de 2022, un tercero, que se identifica como el reclamante, se personó ante el stand del distribuidor de DIGI  ***EMPRESA.1,  con ID=***REFERENCIA.1, sito en ***LOCALIDAD.2, para solicitar dicho duplicado de la tarjeta SIM titularidad de quien reclama.  Según DIGI, (…). Tras la previa gestión, el tercero se presentó en el indicado punto de venta de DIGI para obtener el duplicado SIM solicitado, aportando denuncia de robo de móvil y C/ Jorge Juan, 6                                                                                                                                                                        www.aepd.es 28001 - Madrid                                                                                                                                                                    sedeagpd.gob.es 2/49 carnet de identidad del reclamante.  CUARTO: Con fecha 9 de enero, el reclamante contactó con DIG para advertir sobre lo ocurrido. En la información aportada por DIGI constan los contactos realizados por el reclamante el 09/01/20...",,,,,,
REPOSICION-PD-00186-2024,https://www.aepd.es/documento/reposicion-pd-00186-2024.pdf,"1 / 6  Expediente nº.:  EXP202411081 RESOLUCIÓN DE RECURSO DE REPOSICIÓN Examinado   el   recurso   de   reposición   interpuesto   por   A.A.A.   (en   lo   sucesivo,   la   parte recurrente)   contra la resolución dictada por la Presidencia de la Agencia Española  de Protección de Datos de fecha...","1/6  Expediente nº.:  EXP202411081 RESOLUCIÓN DE RECURSO DE REPOSICIÓN Examinado el recurso de reposición interpuesto por A.A.A. (en lo sucesivo, la parte recurrente) contra la resolución dictada por la Presidencia de la Agencia Española de Protección de Datos de fecha 19 de marzo de 2025, y en base a los siguientes HECHOS PRIMERO: Con fecha 19 de marzo de 2025, se dictó resolución por la Presidencia de la Agencia Española de Protección de Datos en el expediente EXP202411081, en la que se acordó desestimar la reclamación del ejercicio de derechos formulada por A.A.A. contra CONSORWEB S.L.  SEGUNDO: La resolución ahora recurrida fue notificada fehacientemente a la parte recurrente el 31 de marzo de 2025, según consta en el acuse de recibo que figura en el expediente. TERCERO: La parte recurrente ha presentado en fecha 19 de abril de 2025 en esta Agencia Española de Protección de Datos, recurso de reposición, en el que señala lo siguiente.  1º Que ejerció su derecho de acceso solicitando a la parte reclamada copia de sus datos personales objeto de tratamiento, entre otra documentación, las grabaciones de las llamadas, así como la totalidad de todos los tratamientos que CONSORWEB S.L. estuviera realizando, a lo que no tuvo contestación inicial. Posteriormente, se le comunicó que las grabaciones habían sido borradas.  Asimismo, considera que la respuesta ha sido insuficiente y que no se ha informado sobre la totalidad de todos los tratamientos. En relación con la resolución desestimatoria del ejercicio de derechos, no se aborda la responsabilidad derivada de la eliminación de las grabaciones.  2º En relación con la contestación remitida por CONSORWEB S.L. a esta autoridad, señala que los hechos no son ciertos, que ejerció su derecho de acceso hasta en cuatro ocasiones y, que las grabaciones fueron eliminadas cuando ya se habían solicitado. Que se le ha dado respuesta, pero que no es cierto lo que afirman, y que la discrepancia surge al ejercitar su derecho de acceso. 3º Señala una falta de cooperación por la parte reclamada con la AEPD, al no proporcionar toda la información solicitada a nuestro requerimiento, así como el hecho de no haber presentado alegaciones en plazo.  4º Considera que se ha vulnerado el derecho de acceso sobre la copia de los tratamientos realizados, infringiendo lo recogido en el artículo 15 del RGPD y el artículo 13 de la LOPDGDD, y el artículo 12 de la Ley al suprimir las C/ Jorge Juan, 6                                                                                                                                                                        www.aepd.es 28001 - Madrid                                                                                                                                                                    sedeagpd.gob.es 2/6 grabaciones solicitadas. En relación con este último artículo, se hace referencia al ***REFERENCIA.1. 5º En la resolución dictada en el procedimiento de derechos no se a...",,,,,,
REPOSICION-PD-00046-2026,https://www.aepd.es/documento/reposicion-pd-00046-2026.pdf,"1 / 7 Expediente nº.:  EXP202522525 RESOLUCIÓN DE RECURSO DE REPOSICIÓN Examinado   el  recurso  de  reposición   interpuesto   por     A.A.A.   (en   lo   sucesivo,  la  parte recurrente)   contra la resolución dictada por la Presidencia de la Agencia Española  de Protección de Datos de fecha 22...","1/7 Expediente nº.:  EXP202522525 RESOLUCIÓN DE RECURSO DE REPOSICIÓN Examinado el recurso de reposición interpuesto por  A.A.A. (en lo sucesivo, la parte recurrente) contra la resolución dictada por la Presidencia de la Agencia Española de Protección de Datos de fecha 22 de junio de 2026, y en base a los siguientes HECHOS PRIMERO: Con fecha 22 de junio de 2026, se dictó resolución por la Presidencia de la Agencia Española de Protección de Datos en el expediente EXP202522525, en la que se acordó desestimar la reclamación del ejercicio de derechos formulada por  A.A.A. contra EXPERIAN BUREAU DE CRÉDITO, S.A.. SEGUNDO: La resolución ahora recurrida fue notificada fehacientemente a la parte recurrente el 2 de julio de 2026, según consta en el acuse de recibo que figura en el expediente. En la resolución ahora recurrida se concluía que: “El procedimiento de derechos se instruye como consecuencia de la falta de atención de alguno de los derechos regulados en la normativa de protección de datos. Por ello, en el presente caso sólo se analizarán y valorarán los hechos relativos al ejercicio de estos derechos, quedando fuera el resto de cuestiones planteadas por las partes. En el supuesto aquí analizado, y por lo que al presente procedimiento interesa, consta que la parte reclamante remitió un correo electrónico a la parte reclamada solicitando la supresión de sus datos. Durante la instrucción del presente procedimiento, la parte reclamada manifiesta que no ha recibido el correo remitido por la parte reclamante, ya que la dirección donde se remitió sólo envía mensajes, no los recepciona, y por ello, no tuvo constancia del ejercicio. Aunque es adecuado que dicha solicitud se dirija a la dirección declarada por el responsable a efectos del ejercicio de los derechos establecidos en los artículos 15 a 22 del Reglamento (UE) 2016/679 o, a la oficina central, se considera que la recepción de la solicitud por cualquier departamento o sucursal del responsable es destino válido de la misma, conforme con el artículo 12 de LODPGDD, que dispone: “El responsable del tratamiento estará obligado a informar al afectado sobre los medios a su disposición para ejercer los derechos que le corresponden. Los medios deberán ser fácilmente accesibles para el afectado. El ejercicio del derecho no podrá ser denegado por el solo motivo de optar el afectado por otro medio.”  Paseo de la Castellana, 141, Planta 9                                                                                                                                      www.aepd.es 28046 - Madrid                                                                                                                                                                    sedeaepd.gob.es 2/7 Es más, aún en el caso de que no se presentase mediante el canal facilitado o en la oficina correspondiente, el órgano receptor debe transmitir la solicitud recibida al departamento encargado de la gestión de este tipo de solicitudes.  Ex...",,,,,,
REPOSICION-PD-00030-2023,https://www.aepd.es/documento/reposicion-pd-00030-2023.pdf,"1 / 4  Expediente nº.:  EXP202202901 RESOLUCIÓN DE RECURSO DE REPOSICIÓN Examinado   el   recurso   de   reposición   interpuesto   por   A.A.A.   (en   lo   sucesivo,   la   parte recurrente)   contra   la   resolución   dictada   por   la   Directora   de   la  Agencia   Española   de Protección...","1/4  Expediente nº.:  EXP202202901 RESOLUCIÓN DE RECURSO DE REPOSICIÓN Examinado el recurso de reposición interpuesto por A.A.A. (en lo sucesivo, la parte recurrente) contra la resolución dictada por la Directora de la Agencia Española de Protección de Datos de fecha 7 de junio de 2023, y en base a los siguientes HECHOS PRIMERO: Con fecha 7 de junio de 2023, se dictó resolución por la Directora de la Agencia Española de Protección de Datos en el expediente EXP202202901, en la que se acordó estimar por motivos formales la reclamación del ejercicio de derechos formulada por A.A.A. contra CAIXABANK, S.A. (en adelante, CAIXABANK). SEGUNDO: La resolución ahora recurrida fue notificada fehacientemente a la parte recurrente el 20 de junio de 2023, según consta en el acuse de recibo que figura en el expediente. TERCERO: La parte recurrente presentó el 20 de julio de 2023 en esta Agencia Española de Protección de Datos, recurso de reposición, en el que alega, en síntesis, lo siguiente: Asegura que la resolución del procedimiento de derechos no se ha pronunciado respecto al fondo del asunto: un supuesto uso ilegítimo por parte de CAIXABANK de sus datos personales, en particular, de su dirección de correo electrónico. Insiste en que ese correo electrónico personal era utilizado por CAIXABANK para realizar notificaciones relativas a la cuenta corriente de la Comunidad de Propietarios de la que era presidente. Señala que ese fue el motivo por el que solicitó el acceso a los datos de la Comunidad de Propietarios a CAIXABANK. Insiste, por otra parte, en que la dirección de correo electrónico le corresponde a él en tanto que persona física, por lo que sí se encontraría en el ámbito de aplicación del RGPD. Por todo lo anterior, reitera que la AEPD debe declarar la falta de legitimación de CAIXABANK para el tratamiento de sus datos personales. FUNDAMENTOS DE DERECHO I Competencia Es competente para resolver el presente recurso la Presidencia de la Agencia Española de Protección de Datos, de conformidad con lo dispuesto en el artículo 123 de la Ley 39/2015, de 1 de octubre, del Procedimiento Administrativo Común de las Administraciones Públicas (en lo sucesivo, LPACAP) y el artículo 48.1 de la Ley Orgánica 3/2018, de 5 de diciembre, de Protección de Datos Personales y garantía de los derechos digitales (en lo sucesivo, LOPDGDD). C/ Jorge Juan, 6 www.aepd.es 28001 – Madrid sedeaepd.gob.es 2/4 II Contestación a las alegaciones presentadas En relación con las alegaciones presentadas, deben hacerse una serie de precisiones: En primer lugar, la reclamación de la ahora parte recurrente exponía diversos asuntos relativos a una presunta falta de legitimación realizada por CAIXABANK respecto al tratamiento de sus datos personales y se centraba, en que había solicitado el acceso a estos para corroborar o comprobar esa supuesta ilicitud, sin que se hubiera atendido su petición.  Ha de partirse de la base de que el despliegue de los diferentes poderes atribuidos a esta Agenci...",,,,,,
REPOSICION-PD-00074-2025,https://www.aepd.es/documento/reposicion-pd-00074-2025.pdf,"1 / 8  Expediente nº.:  EXP202417670 RESOLUCIÓN DE RECURSO DE REPOSICIÓN Examinado   el   recurso   de   reposición   interpuesto   por   C.   O.   INGENIEROS   TÉCNICOS EN INFORMÁTICA DE  LA COM.  VALENCIANA   (en lo   sucesivo,  la  parte  recurrente) contra la resolución  dictada por la...","1/8  Expediente nº.:  EXP202417670 RESOLUCIÓN DE RECURSO DE REPOSICIÓN Examinado el recurso de reposición interpuesto por C. O. INGENIEROS TÉCNICOS EN INFORMÁTICA DE LA COM. VALENCIANA (en lo sucesivo, la parte recurrente) contra la resolución dictada por la Presidencia de la Agencia Española de Protección de Datos de fecha 26 de marzo de 2025, y en base a los siguientes HECHOS PRIMERO: Con fecha 26 de marzo de 2025, se dictó resolución por la Presidencia de la Agencia Española de Protección de Datos en el expediente EXP202417670, en la que se acordó estimar la reclamación del ejercicio de derechos formulada por A.A.A. contra C. O. INGENIEROS TÉCNICOS EN INFORMÁTICA DE LA COM. VALENCIANA (en adelante COITICV).  SEGUNDO: La resolución ahora recurrida fue notificada fehacientemente a la parte recurrente el 26 de marzo de 2025, según consta en el acuse de recibo que figura en el expediente. TERCERO: La parte recurrente ha presentado en fecha en esta Agencia Española de Protección de Datos, recurso de reposición, en el que señala lo siguiente: 1. Atención de la reclamación. El COITICV, tras haber recibido el escrito enviado por esta Agencia en fecha 23 de diciembre de 2024, mediante el que se remitía la reclamación presentada por la parte reclamante, mediante el que solicitaba la indexación de determinada documentación para que no fuera accesible a través de internet, indica que dicha reclamación fue atendida y comunicada a la parte reclamante en fecha 9 de enero de 2025, mediante burofax enviado a la parte reclamante, y que adjuntan en su escrito de recurso. Asimismo, indican que dicho escrito en el que se anunciaban las medidas adoptadas fue comunicado en esa misma fecha a esta Agencia. Por ello, manifiestan que no entienden como se ha dado curso a este procedimiento y no se ha realizado una inadmisión a trámite de la citada reclamación, de acuerdo con el artículo 65.4 de la LOPDGDD. En cualquier caso, indican que en fecha 24 de febrero de 2025 remitieron a esta Agencia un escrito de alegaciones en el que volvían a trasladar las actuaciones efectuadas, la atención al derecho de la parte reclamante y la comunicación de la supresión de todos los datos personales de los anuncios publicados en su web. 2. Vulneración del derecho a la tutela judicial efectiva. C/ Jorge Juan, 6                                                                                                                                                                        www.aepd.es 28001 - Madrid                                                                                                                                                                    sedeagpd.gob.es 2/8 El COITICV considera que la actuación administrativa que ha tenido como consecuencia el presente recurso de reposición, en la que “se han desatendido las comunicaciones reiteradamente remitidas por esta parte y se ignoran las pruebas documentales que acreditan de forma fehaciente el cumplimiento del requerimien...",,,,,,
REPOSICION-PS-00153-2025,https://www.aepd.es/documento/reposicion-ps-00153-2025.pdf,"1 / 7  Expediente n.º: EXP202413968 RESOLUCIÓN DE RECURSO DE REPOSICIÓN Examinado   el   recurso   de   reposición   interpuesto   por   A.A.A.   (en   lo   sucesivo,   la   parte recurrente)   contra la resolución dictada por la Presidencia de la Agencia Española  de Protección de Datos de fecha...","1/7  Expediente n.º: EXP202413968 RESOLUCIÓN DE RECURSO DE REPOSICIÓN Examinado el recurso de reposición interpuesto por A.A.A. (en lo sucesivo, la parte recurrente) contra la resolución dictada por la Presidencia de la Agencia Española de Protección de Datos de fecha 28 de abril de 2026, y en base a los siguientes HECHOS PRIMERO: Con fecha 28 de abril de 2026, se dictó resolución por la Presidencia de la Agencia Española de Protección de Datos en el expediente EXP202413968, en virtud de la cual se imponía a A.A.A. la siguiente sanción administrativa.  IMPONER a A.A.A., con NIF ***NIF.1, por una infracción del Artículo 6 del RGPD, tipificada en el Artículo 83.5 del RGPD, una multa de 6000€ (Seis Mil euros). Dicha resolución, que fue notificada a la parte recurrente en fecha 12 de mayo de 2026, fue dictada previa la tramitación del correspondiente procedimiento sancionador, de conformidad con lo dispuesto en la Ley Orgánica 3/2018, de 5 de diciembre, de Protección de Datos Personales y garantía de los derechos digitales (LOPDGDD), y supletoriamente en la Ley 39/2015, de 1 de octubre, del Procedimiento Administrativo Común de las Administraciones Públicas (en lo sucesivo, LPACAP), en materia de tramitación de procedimientos sancionadores. SEGUNDO: Como hechos <probados> del citado procedimiento sancionador, PS/00153/2025, quedó constancia de los siguientes: Primero. Los hechos traen causa de la reclamación presentada en esta Agencia por medio de la cual se traslada la “instalación de un sistema de cámaras“ en interior de vivienda objeto de alquiler de manera sorpresiva, sin informar a los inquilinos en modo alguno.  Aporta imagen fotográfica de la instalación de dos cámaras en el interior de la vivienda objeto de alquiler (Anexo I).  Segundo. Consta acreditado como principal responsable A.A.A., con NIF ***NIF.1, quien no niega haber instalado el sistema de cámaras en el interior del inmueble.  Tercero. Consta acreditado la instalación de un sistema de video-vigilancia (cuatro cámaras) que afectan a zona de entrada, cocina, escalera y calentador, cuyas imágenes aporta el reclamado, con operatividad en el tratamiento de datos con fines de seguridad y control de incidentes. TERCERO: La parte recurrente ha   presentado en fecha 11 de junio de 2026, en esta Agencia Española de Protección de Datos, recurso de reposición, fundamentándolo, básicamente, en los siguientes extremos: C/ Jorge Juan, 6                                                                                                                                                                        www.aepd.es 28001 - Madrid                                                                                                                                                                    sedeagpd.gob.es 2/7 “Con la presente impugnamos la Resolución de Procedimiento Sancionador en forma y plazo según los artículos 123 y 124 de la Ley 39/2015, por los siguientes Errores GRAVES en los “Hechos Probad...",,,,,,
REPOSICION-PS-00415-2024,https://www.aepd.es/documento/reposicion-ps-00415-2024.pdf,"1 / 13  Expediente nº.:    EXP202407583 (RR/00574/2025) RESOLUCIÓN DE RECURSO DE REPOSICIÓN Examinado   el   recurso   de   reposición   interpuesto   por   AD735   DATA   MEDIA ADVERTISING, S.L.   (en lo sucesivo, AD735 o la parte recurrente)  contra la resolución dictada por la Presidencia de la...","1/13  Expediente nº.:  EXP202407583 (RR/00574/2025) RESOLUCIÓN DE RECURSO DE REPOSICIÓN Examinado el recurso de reposición interpuesto por AD735 DATA MEDIA ADVERTISING, S.L. (en lo sucesivo, AD735 o la parte recurrente) contra la resolución dictada por la Presidencia de la Agencia Española de Protección de Datos de fecha 9 de julio de 2025, y en base a los siguientes HECHOS PRIMERO: Con fecha 9 de julio de 2025, se dictó resolución por la Presidencia de la Agencia Española de Protección de Datos en el expediente EXP202407583 (PS/00415/2024), en virtud de la cual se imponía a AD735 una multa de 10.000 € (diez mil euros) por una infracción del artículo 21 de la Ley 34/2002, de 11 de julio, de Servicios de la Sociedad de la Información y Comercio Electrónico (en lo sucesivo, LSSI), tipificada en el artículo 38.4.d) de la citada norma. Dicha resolución, que fue notificada a la parte recurrente en fecha 10 de julio de 2025, fue dictada previa la tramitación del correspondiente procedimiento sancionador, de conformidad con lo dispuesto en la Ley Orgánica 3/2018, de 5 de diciembre, de Protección de Datos Personales y garantía de los derechos digitales (LOPDGDD), y supletoriamente en la Ley 39/2015, de 1 de octubre, del Procedimiento Administrativo Común de las Administraciones Públicas (en lo sucesivo, LPACAP), en materia de tramitación de procedimientos sancionadores. SEGUNDO: Como hechos probados del citado procedimiento sancionador, PS/00415/2024, quedó constancia de los siguientes: «Primero: En el Servicio de Lista Robinson de exclusión publicitaria consta un registro con el número de DNI y nombre de la parte reclamante con, entre otros datos, la dirección de correo electrónico ***EMAIL.1, inscrito en dicho servicio desde el 04 de octubre 2020.  Segundo: Los datos de carácter personal del reclamante figuran en el fichero de AD735 DATA MEDIA ADVERTISING denominado PREMIUM SALES. La finalidad del tratamiento, tal y como se recoge en la Política de Privacidad publicada en el sitio web, https://prb.premium-sales.es/privacy, es la siguiente: ─ Tramitar el alta de los usuarios en el Sorteo de su interés organizado por AD735, sólo o en colaboración con terceras empresas, y gestionar adecuadamente su participación en el mismo. ─ Tratar los datos personales de los usuarios con fines comerciales y de mercadotecnia, ya sea por medios ordinarios o electrónicos, todo ello de conformidad con lo indicado en el apartado, ""Comunicaciones Comerciales"", siempre que hayan consentido el tratamiento de sus datos personales a estos efectos. ─ Dar respuesta a las dudas, quejas, comentarios o inquietudes que puedan tener los participantes relativas a la información incluida en el sitio web C/ Jorge Juan, 6 www.aepd.es 28001 – Madrid sedeaepd.gob.es 2/13 http://prb.premium-sales.es y la resolución de incidencias relativas al tratamiento de los datos personales y cuestiones referentes a los textos legales incluidos en el sitio web. Tercero: La parte reclamante ha recibido en...",,,,,,
REPOSICION-AI-00189-2024,https://www.aepd.es/documento/reposicion-ai-00189-2024.pdf,"1 / 16  Expediente nº.:  EXP202406461 RESOLUCIÓN DE RECURSO DE REPOSICIÓN Examinado   el   recurso   de   reposición   interpuesto   por   A.A.A. ,   actuando   en representación de  B.B.B., C.C.C., D.D.D., E.E.E., F.F.F., G.G.G. y H.H.H.   (en adelante, los recurrentes)  contra la resolución...","1/16  Expediente nº.:  EXP202406461 RESOLUCIÓN DE RECURSO DE REPOSICIÓN Examinado el recurso de reposición interpuesto por A.A.A., actuando en representación de B.B.B., C.C.C., D.D.D., E.E.E., F.F.F., G.G.G. y H.H.H. (en adelante, los recurrentes) contra la resolución dictada por la Presidencia de la Agencia Española de Protección de Datos de fecha 25 de octubre de 2025, y en base a los siguientes HECHOS PRIMERO: Con fecha 25 de octubre de 2025, se dictó resolución por la Presidencia de la Agencia Española de Protección de Datos en el expediente EXP202406461, procediéndose al archivo de las actuaciones previas de investigación. Las actuaciones se abrieron a raíz de una denuncia, a la que luego se añadieron varias reclamaciones, en relación con la publicación en sitio web de la CONFERENCIA EPISCOPAL ESPAÑOLA (en adelante CEE) de una nota de prensa junto a un informe elaborado por el DESPACHO CREMADES & CALVO-SOTELO (en adelante, DC&C) que contenía datos personales de los reclamantes en relación con una investigación realizada por DC&C, a solicitud de la CEE, sobre víctimas de abusos sexuales. Dichas actuaciones fueron archivadas en atención a la limitación temporal de la brecha y a su alcance, corregida con celeridad y con anterioridad a las reclamaciones presentadas, por lo que se consideraba que, con carácter excepcional y en atención a las circunstancias del caso concreto, no procedía la imposición de una medida correctiva. La resolución fue notificada a la parte recurrente en fecha según consta en el acuse de recibo que figura en el expediente. SEGUNDO:  La parte recurrente ha presentado en fecha 24 de noviembre de 2025, en esta Agencia Española de Protección de Datos, recurso de reposición, en el que los recurrentes, en base a las alegaciones que se exponen y analizan más adelante en los fundamentos de derecho, solicitan: - La estimación del recurso y revocación de la resolución de archivo impugnada. - La retroacción de las actuaciones para que se practiquen las diligencias de investigación omitidas a su juicio, en particular, las tendentes a identificar el origen de la descarga del fichero que contenía los datos personales. - Subsidiariamente, en caso de no estimar lo anterior, dicte resolución de inicio de procedimiento sancionador contra la CONFERENCIA EPISCOPAL ESPAÑOLA (en adelante CEE) y/o el DESPACHO CREMADES & CALVO- SOTELO (en adelante, DC&C) por existir indicios racionales de la comisión de infracciones de la normativa de protección de datos. C/ Jorge Juan, 6 www.aepd.es 28001 – Madrid sedeaepd.gob.es 2/16 En atención a la alegación de la parte recurrente de que no había podido acceder al expediente administrativo, con fecha 6 de marzo de 2026 se envió copia del expediente otorgándole un plazo de 10 días para realizar alegaciones. Con fecha 24 de marzo de 2026 se recibió escrito de alegaciones de la parte recurrente que se analizan en los fundamentos de derecho. FUNDAMENTOS DE DERECHO I Competencia Es competente para resolver el pr...",,,,,,
REPOSICION-PS-00503-2024,https://www.aepd.es/documento/reposicion-ps-00503-2024.pdf,"1 / 5  Expediente nº.:  EXP202308937 RESOLUCIÓN DE RECURSO DE REPOSICIÓN Examinado   el  recurso  de  reposición   interpuesto   por   CIBERSEO  JAÉN,   S.L ,  con   CIF B67795872   (en   lo   sucesivo,   CIBERSEO   JAÉN )   contra   el   acuerdo   de   suspensión dictado por la Presidencia de la...","1/5  Expediente nº.:  EXP202308937 RESOLUCIÓN DE RECURSO DE REPOSICIÓN Examinado el recurso de reposición interpuesto por CIBERSEO JAÉN, S.L, con CIF B67795872 (en lo sucesivo, CIBERSEO JAÉN) contra el acuerdo de suspensión dictado por la Presidencia de la Agencia Española de Protección de Datos (AEPD) de fecha 29 de mayo de 2026, y en base a los siguientes HECHOS PRIMERO: Con fecha 29 de mayo de 2026, la Presidencia de la AEPD dictó resolución en la que desestimaba la solicitud de suspensión presentada por CIBERSEO JAÉN sobre la ejecución de la resolución sancionadora, de fecha 1 de marzo de 2026, por la que se acordaba: - Imponer a CIBERSEO JAÉN, S.L con CIF B67795872, por una infracción del Artículo 6.1 del RGPD, tipificada en el Artículo 83.5 del RGPD, una multa de 1.500€ (mil quinientos euros).  - Ordenar a CIBERSEO JAÉN, S.L con CIF B67795872, que, en virtud del artículo 58.2.d) del RGPD, en el plazo máximo de 3 meses desde que la resolución fuera firma y ejecutiva acreditara haber adoptado medidas que garanticen la concurrencia de alguna de las bases legitimadoras enumeradas en el artículo 6.1 del RGPD y que permita a CIBERSEO JAÉN publicar datos personales en su página web (infoemplea2.com). SEGUNDO: La desestimación de la solicitud de suspensión se fundamentó en lo siguiente: “III Suspensión cautelar de la ejecución En cuanto a la petición de suspensión cautelar de la ejecución de la resolución, según lo establecido en el artículo 90.3 de LPACAP, bajo el epígrafe “Especialidades de la resolución en los procedimientos sancionadores”: “3. La resolución que ponga fin al procedimiento será ejecutiva cuando no quepa contra ella ningún recurso ordinario en vía administrativa, pudiendo adoptarse en la misma las disposiciones cautelares precisas para garantizar su eficacia en tanto no sea ejecutiva y que podrán consistir en el mantenimiento de las medidas provisionales que en su caso se hubieran adoptado. Cuando la resolución sea ejecutiva, se podrá suspender cautelarmente, si el interesado manifiesta a la Administración su intención de interponer recurso Paseo de la Castellana, 141, Planta 9                                                                                                                                      www.aepd.es 28001 - Madrid                                                                                                                                                                    sedeagpd.gob.es 2/5 contencioso-administrativo contra la resolución firme en vía administrativa. Dicha suspensión cautelar finalizará cuando: a) Haya transcurrido el plazo legalmente previsto sin que el interesado haya interpuesto recurso contencioso administrativo. b) Habiendo el interesado interpuesto recurso contencioso-administrativo: 1.º No se haya solicitado en el mismo trámite la suspensión cautelar de la resolución impugnada. 2.º El órgano judicial se pronuncie sobre la suspensión cautelar solicitada, en los términos previstos en e...",,,,,,
REPOSICION-PS-00310-2023,https://www.aepd.es/documento/reposicion-ps-00310-2023.pdf,"1 / 15  Expediente n.º: EXP202304367 RESOLUCIÓN DE RECURSO DE REPOSICIÓN Examinado   el   recurso   de   reposición   interpuesto   por   el   PARTIDO   LOCAL   DE VILLANUEVA DEL PARDILLO   (en lo sucesivo, la parte recurrente o el partido)   contra la   resolución   dictada   por   la...","1/15  Expediente n.º: EXP202304367 RESOLUCIÓN DE RECURSO DE REPOSICIÓN Examinado el recurso de reposición interpuesto por el PARTIDO LOCAL DE VILLANUEVA DEL PARDILLO (en lo sucesivo, la parte recurrente o el partido) contra la resolución dictada por la Presidencia de la Agencia Española de Protección de Datos de fecha 19 de noviembre de 2025, y en base a los siguientes HECHOS PRIMERO: Con fecha 19 de noviembre de 2025, se dictó resolución por la Presidencia de la Agencia Española de Protección de Datos en el expediente EXP202304367, en  virtud de la cual se resolvía: “PRIMERO: IMPONER a PARTIDO LOCAL DE VILLANUEVA DEL PARDILLO,  con NIF G86908308, por una infracción del Artículo 6.1 del RGPD, tipificada en  el Artículo 83.5.a) del RGPD, una multa de 500,00 euros (QUINIENTOS euros). SEGUNDO: ORDENAR a PARTIDO LOCAL DE VILLANUEVA DEL PARDILLO, con NIF G86908308, que en virtud del artículo 58.2.d) del RGPD, en el plazo máximo de 4 meses desde que la presente resolución sea firme y ejecutiva, acredite haber procedido al cumplimiento de la siguiente medida: - Medidas destinadas a evitar que el Partido Local de Villanueva del Pardillo publique contenidos en sus perfiles de redes sociales cuando no exista una base de legitimación conforme al artículo 6.1 del RGPD. (…)” Dicha resolución, que fue notificada a la parte recurrente en fecha 30 de noviembre de 2025, fue dictada previa la tramitación del correspondiente procedimiento sancionador, de conformidad con lo dispuesto en la Ley Orgánica 3/2018, de 5 de diciembre, de Protección de Datos Personales y garantía de los derechos digitales (LOPDGDD), y supletoriamente en la Ley 39/2015, de 1 de octubre, del Procedimiento Administrativo Común de las Administraciones Públicas (en lo sucesivo, LPACAP), en materia de tramitación de procedimientos sancionadores. SEGUNDO: Como hechos probados del citado procedimiento sancionador, PS/00310/2023, quedó constancia de los siguientes: “PRIMERO: El Partido Local de Villanueva del Pardillo publicó en su perfil de Facebook un vídeo titulado “***VÍDEO.1” en el que aparecía la imagen de varios (...) que eran identificables. El reclamante aportó, junto con su escrito de reclamación, una captura de la pantalla del teléfono móvil en la que aparece el perfil del Partido Local en la red social Facebook titulada “¡***VÍDEO.1!” C/ Jorge Juan, 6                                                                                                                                                                        www.aepd.es 28001 - Madrid                                                                                                                                                                    sedeagpd.gob.es 2/15 En la imagen que se visualiza el siguiente texto: “(…)” En la parte de inferior de la imagen aparece una fotografía de varios (...). La AEPD ha recabado una evidencia con fecha 3 de abril de 2023: En la parte superior aparece el icono de la red social Facebook, así co...",,,,,,
REPOSICION-AI-00115-2023,https://www.aepd.es/documento/reposicion-ai-00115-2023.pdf,"1 / 19  Expediente n.º: EXP202207990 RESOLUCIÓN DE RECURSO DE REPOSICIÓN Examinado  el  recurso   de  reposición   interpuesto  por  REPSOL COMERCIALIZADORA DE   ELECTRICIDAD   Y   GAS   S.L.U.   (en   lo   sucesivo,   la   parte   recurrente)   contra   la resolución  dictada por el Presidente de...","1/19  Expediente n.º: EXP202207990 RESOLUCIÓN DE RECURSO DE REPOSICIÓN Examinado el recurso de reposición interpuesto por REPSOL COMERCIALIZADORA DE ELECTRICIDAD Y GAS S.L.U. (en lo sucesivo, la parte recurrente) contra la resolución dictada por el Presidente de la Agencia Española de Protección de Datos, de fecha 26 de mayo de 2025, y en base a los siguientes HECHOS PRIMERO: En fecha 26 de mayo de 2025, se dictó resolución por el Presidente de la Agencia Española de Protección de Datos en el expediente EXP202207990, en virtud de la cual se imponía a REPSOL COMERCIALIZADORA DE ELECTRICIDAD Y GAS S.L.U. con NIF B39540760, por la infracción del artículo 5.1.d) del RGPD, tipificada conforme a lo dispuesto en el artículo 83.5 del RGPD, una multa de 130.000 euros y por la infracción del artículo 32 del RGPD, tipificada conforme a lo dispuesto en el artículo 83.4 del RGPD, una multa de 1.250.000 euros. Dicha resolución, que fue notificada a la parte recurrente en fecha 27 de mayo de 2025, fue dictada previa la tramitación del correspondiente procedimiento sancionador, de conformidad con lo dispuesto en la Ley Orgánica 3/2018, de 5 de diciembre, de Protección de Datos Personales y Garantía de los Derechos Digitales (LOPDGDD), y supletoriamente en la Ley 39/2015, de 1 de octubre, del Procedimiento Administrativo Común de las Administraciones Públicas (en lo sucesivo, LPACAP), en materia de tramitación de procedimientos sancionadores. SEGUNDO: Como hechos probados del citado procedimiento sancionador, PS/00090/2024, quedó constancia de los siguientes:               “PRIMERO: La parte reclamante ha manifestado que se puso en contacto con la entidad al recibir un SMS informándole de la fecha de la próxima inspección periódica obligatoria de la instalación de gas, y añade: “Puesto que esta inspección la habían realizado en mi domicilio a finales de octubre de 2020 y corresponde cada 5 años me puse en contacto con la distribuidora de gas para aclararlo. Me indicaron que, efectivamente, no correspondía la inspección pero que constaba que existía otro punto de suministro de gas en Pontevedra asociado a mi DNI y nombre y apellidos con la compañía REPSOL y que me pusiese en contacto con ellos.  Llamé al teléfono que me facilitaron de REPSOL y me informaron de que no sólo había un contrato de gas con mis datos sino también otro de electricidad en el mismo punto de suministro de Pontevedra. Yo no he suscrito esos contratos con REPSOL y la dirección del punto de suministro me es completamente ajena”.             SEGUNDO: Los contratos que la parte reclamante no reconoce están asociados a los siguientes puntos de suministro, de gas y luz respectivamente:  C/ Jorge Juan, 6                                                                                                                                                                        www.aepd.es 28001 - Madrid                                                                                                          ...",,,,,,
REPOSICION-PD-00227-2024,https://www.aepd.es/documento/reposicion-pd-00227-2024.pdf,"1 / 4  Expediente nº.:  EXP202408573 RESOLUCIÓN DE RECURSO DE REPOSICIÓN Examinado   el   recurso   de   reposición   interpuesto   por   A.A.A.   (en   lo   sucesivo,   la   parte recurrente)   contra la resolución dictada por la Presidencia de la Agencia Española  de Protección de Datos (en lo...","1/4  Expediente nº.:  EXP202408573 RESOLUCIÓN DE RECURSO DE REPOSICIÓN Examinado el recurso de reposición interpuesto por A.A.A. (en lo sucesivo, la parte recurrente) contra la resolución dictada por la Presidencia de la Agencia Española de Protección de Datos (en lo sucesivo AEPD) de fecha 11 de febrero de 2025, y en base a los siguientes HECHOS PRIMERO: Con fecha 11 de febrero de 2025, se dictó resolución por la Presidencia de la Agencia Española de Protección de Datos en el expediente EXP202408573, en la que se acordó desestimar la reclamación del ejercicio de derechos formulada por A.A.A. contra ACADEMIA DE DESARROLLO FORMATIVO S.L. SEGUNDO: La resolución ahora recurrida fue notificada fehacientemente a la parte recurrente el 12 de febrero de 2025, según consta en el acuse de recibo que figura en el expediente. TERCERO: La parte recurrente ha presentado en fecha en esta Agencia Española de Protección de Datos, recurso de reposición, en el que señala lo siguiente que, a su juicio, la resolución recurrida no atiende lo planteado en su escrito con referencia ***REFERENCIA.1 y reitera el daño que se le ocasionó al ser contactado en su teléfono personal a pesar de la oposición manifestada.  FUNDAMENTOS DE DERECHO I Competencia Es competente para resolver el presente recurso la Presidencia de la Agencia Española de Protección de Datos, de conformidad con lo dispuesto en el artículo 123 de la LPACAP y el artículo 48.1 de la Ley Orgánica 3/2018, de 5 de diciembre, de Protección de Datos Personales y garantía de los derechos digitales (en lo sucesivo, LOPDGDD). II Contestación a las alegaciones presentadas En relación con las manifestaciones efectuadas por la parte recurrente, cabe señalar lo siguiente.  C/ Jorge Juan, 6                                                                                                                                                                        www.aepd.es 28001 - Madrid                                                                                                                                                                    sedeagpd.gob.es 2/4 Acerca de la manifestación sobre que En la resolución no se aborda lo informado por mí con número de referencia ***REFERENCIA.1.  El registro señalado en el párrafo anterior se refiere a una solicitud de información, presentada por A.A.A. el 27 de agosto de 2024, en la que solicitaba conocer el estado de tramitación del procedimiento y que, en modo alguno desvirtúa el hecho de que con fecha 17 de agosto se produjo el intento de notificación de la admisión a trámite de la reclamación por esta AEPD, resultando expirada por caducidad  el 28 de agosto, el día después del escrito que menciona el recurrente, ni que pueda considerarse que el objeto de la reclamación planteada no fuera objeto de atención por esta AEPD en la resolución objeto de recurso de reposición.   En relación con otras manifestaciones efectuadas en el recurso, que reiteran básicamente las ya realizad...",,,,,,
REPOSICION-PD-00044-2025,https://www.aepd.es/documento/reposicion-pd-00044-2025.pdf,"1 / 4  Expediente N.º: EXP202412247 RESOLUCIÓN DE RECURSO DE REPOSICIÓN Examinado   el   recurso   de   reposición   interpuesto   por   A.A.A.   (en   lo   sucesivo,   la   parte recurrente) contra la resolución dictada por   la Presidencia  de la Agencia  Española  de Protección   de   Datos...","1/4  Expediente N.º: EXP202412247 RESOLUCIÓN DE RECURSO DE REPOSICIÓN Examinado el recurso de reposición interpuesto por A.A.A. (en lo sucesivo, la parte recurrente) contra la resolución dictada por la Presidencia de la Agencia Española de Protección de Datos, de fecha 15 de abril de 2025, y teniendo como base los siguientes HECHOS PRIMERO: Con fecha 15 de abril de 2025, se dictó resolución por la Presidencia de la Agencia Española de Protección de Datos en el expediente EXP202412247, en la que se acordó estimar parcialmente la reclamación del ejercicio de derechos formulada por A.A.A.  contra el  MINISTERIO DE INCLUSIÓN, SEGURIDAD SOCIAL Y MIGRACIONES (en adelante, MISSM). SEGUNDO: La resolución ahora recurrida fue notificada fehacientemente a la parte recurrente el 22 de abril de 2025, según consta en el acuse de recibo que figura en el expediente. TERCERO: La parte recurrente ha presentado en fecha 13/05/2025 en esta Agencia Española de Protección de Datos, recurso de reposición, en el que señala lo siguiente: -De la información recibida en relación con los datos biométricos no consta la norma con rango de ley que autorice específicamente la utilización de datos biométricos. - Tampoco consta en la información si se ha realizado la Evaluación de Impacto para la Protección de Datos, que acredite la superación del triple análisis de idoneidad, necesidad y proporcionalidad del tratamiento. -No consta en la información la adopción del listado de medidas para el cumplimiento de los principios del RGPD. - En relación con la remisión al correo corporativo (que no figuraba en la solicitud), justifica el MISSM, que dicha actuación se ajusta a los protocolos internos de comunicación segura, tal como prevé el art. 32 del RGPD. Eso quiere decir, que cuando se remitió a su cuenta personal el 9 de octubre de 2024, se saltaron esos mismos protocolos. - Reitera que no tiene conocimiento de haber recibido el documento “(…)”. C/ Jorge Juan, 6                                                                                                                                                                        www.aepd.es 28001 - Madrid                                                                                                                                                                    sedeagpd.gob.es 2/4 FUNDAMENTOS DE DERECHO I Competencia Es competente para resolver el presente recurso la Presidencia de la Agencia Española de Protección de Datos, de conformidad con lo dispuesto en el artículo 123 de la Ley 39/2015, de 1 de octubre, del Procedimiento Administrativo Común de las Administraciones Públicas (en lo sucesivo, LPACAP) y el artículo 48.1 de la Ley Orgánica 3/2018, de 5 de diciembre, de Protección de Datos Personales y garantía de los derechos digitales (en lo sucesivo, LOPDGDD). II Contestación a las alegaciones presentadas En relación con las alegaciones formuladas en el recurso de reposición, procede señalar, con carácter previo, que la recl...",,,,,,
REPOSICION-PD-00236-2023,https://www.aepd.es/documento/reposicion-pd-00236-2023.pdf,"1 / 3  Expediente nº.:  EXP202307245 RESOLUCIÓN DE RECURSO DE REPOSICIÓN Examinado   el   recurso   de   reposición   interpuesto   por   A.A.A.   (en   lo   sucesivo,   la   parte recurrente)   contra   la   resolución   dictada   por   la   Directora   de   la  Agencia   Española   de Protección...","1/3  Expediente nº.:  EXP202307245 RESOLUCIÓN DE RECURSO DE REPOSICIÓN Examinado el recurso de reposición interpuesto por A.A.A. (en lo sucesivo, la parte recurrente) contra la resolución dictada por la Directora de la Agencia Española de Protección de Datos, de fecha 10 de abril de 2024, y en base a los siguientes HECHOS PRIMERO: Con fecha 10 de abril de 2024, se dictó resolución por la Directora de la Agencia Española de Protección de Datos en el expediente EXP202307245, en la que se acordó estimar la reclamación formulada por A.A.A. al considerar que se había infringido lo dispuesto en el artículo 15 del RGPD e instaba a CREDIRECT PRÉSTAMOS, S.L. con NIF B88569959, para que, en el plazo de los diez días hábiles siguientes a la notificación de la resolución, remitiese a la parte reclamante certificación en la que se atendiera el derecho solicitado o se denegara motivadamente indicando las causas por las que no procedía atender la petición. SEGUNDO: La resolución ahora recurrida fue notificada fehacientemente a la parte recurrente el 11 de abril de 2024, según consta en el acuse de recibo que figura en el expediente. TERCERO: En fecha 24 de abril de 2024, CREDIRECT PRÉSTAMOS, S.L. ha presentado escrito en el que consta aportada respuesta motivada remitida a la parte recurrente, a través de la empresa certificadora Evidence (Eevid.com), en la que se atiende el derecho de acceso ejercido conforme al artículo 15 del RGPD, con fecha 24 de abril de 2024. Asimismo, manifiesta que se han satisfecho íntegramente las pretensiones del interesado en tiempo y forma, solicitando en consecuencia el archivo de la reclamación presentada. CUARTO: En fecha 6 de mayo de 2024, la parte recurrente ha presentado, en esta Agencia Española de Protección de Datos, recurso de reposición, en el que, en síntesis, manifiesta que la entidad reclamada manifestó haber eliminado los datos personales vinculados a unos contratos tras un proceso judicial de nulidad. No obstante, la documentación aportada posteriormente evidencia, a su juicio, que dichos datos no fueron eliminados, contradiciendo su declaración inicial. Considera que esta discrepancia pone en duda la veracidad y la integridad de la información facilitada por la entidad ante la AEPD, pudiendo constituir una falsedad o tergiversación de hechos ante la autoridad competente. En consecuencia, solicita a la AEPD la revisión de la documentación obrante en el expediente, la verificación de los hechos y, en su caso, la investigación de posibles conductas engañosas, a fin de garantizar el cumplimiento de la normativa de protección de datos y valorar la procedencia de la correspondiente sanción. FUNDAMENTOS DE DERECHO I Paseo de la Castellana, 141, Planta 9                                                                                                                                      www.aepd.es 28001 - Madrid                                                                                                                 ...",,,,,,
REPOSICION-PD-00198-2023,https://www.aepd.es/documento/reposicion-pd-00198-2023.pdf,"1 / 5 Expediente N.º: EXP202300855 RESOLUCIÓN DE RECURSO DE REPOSICIÓN Examinado   el  recurso  de  reposición   interpuesto   por     A.A.A.   (en   lo  sucesivo,  la  parte recurrente)   contra   la   resolución   dictada   por   la   Directora   de   la  Agencia   Española   de Protección de...","1/5 Expediente N.º: EXP202300855 RESOLUCIÓN DE RECURSO DE REPOSICIÓN Examinado el recurso de reposición interpuesto por  A.A.A. (en lo sucesivo, la parte recurrente) contra la resolución dictada por la Directora de la Agencia Española de Protección de Datos de fecha 1 de marzo de 2024, teniendo como base los siguientes HECHOS PRIMERO: Con fecha 1 de marzo de 2024 se dictó resolución por la Directora de la Agencia Española de Protección de Datos en el expediente EXP202300855, en la que se acordó desestimar la reclamación del ejercicio de derechos formulada por  A.A.A. contra MERCADONA, S.A. (en adelante, MERCADONA).  SEGUNDO: La resolución ahora recurrida fue notificada fehacientemente a la parte recurrente el 9 de marzo de 2024, según consta en el acuse de recibo que figura en el expediente. TERCERO: La parte recurrente ha presentado en fecha 4 de abril de 2024 en esta Agencia Española de Protección de Datos recurso de reposición, en el que muestra su disconformidad con la resolución impugnada por los siguientes motivos: Frente a lo dispuesto en el artículo 15 del Reglamento (UE) 2016/679 (Reglamento General de Protección de Datos, en adelante RGPD), que reconoce al interesado el derecho a obtener confirmación sobre el tratamiento de sus datos personales y, en su caso, acceso a los mismos, la parte recurrente alega que “No se entregó nada cuando se debía haber entregado”.  En cuanto a lo recogido en la Resolución del procedimiento de derechos de este expediente “que la respuesta al derecho de acceso se había producido de forma incompleta en referencia a toda la información contenida en los artículos 13, 14 y 15 del RGPD que tuviera la parte reclamada sobre la parte la parte recurrente y sobre el tratamiento de sus imágenes”, la parte recurrente considera que es falso en la medida que MERCADONA no le facilitó la información en el plazo legalmente establecido. Por tal motivo, sostiene que la Resolución incurre en contradicción con el tenor literal del artículo 15 del RGPD, así como con lo que en la propia resolución se reconoce acerca de que ha quedado acreditado que la parte recurrente solicitó acceso a sus datos personales y que éste no fue atendido en su momento.  En relación con lo anterior, y en cuanto al hecho de haber quedado acreditado el carácter extemporáneo e incompleto de la respuesta al derecho de acceso, la parte recurrente estima que dicha circunstancia debería haber motivado la imposición de la correspondiente sanción. A continuación, la parte recurrente considera que MERCADONA está invocando como excusa el derecho de terceras personas para no entregar las imágenes de su sistema C/ Jorge Juan, 6 www.aepd.es 28001 – Madrid sedeaepd.gob.es 2/5 de videovigilancia, cuando “tiene por obligación cumplir la ley y eso prevalece sobre todo lo demás (derechos de los demás)”.  Con respecto a la alegación formulada por la empresa reclamada sobre que procedió al bloqueo de las imágenes, conforme el tramo indicado, quedando a disposición de las F...",,,,,,
REPOSICION-PD-00278-2025,https://www.aepd.es/documento/reposicion-pd-00278-2025.pdf,"1 / 8 Expediente  Nº.:   EXP202511214  (RR/00931/2025) RESOLUCIÓN DE RECURSO DE REPOSICIÓN Examinado   el  recurso  de  reposición   interpuesto   por     A.A.A.   (en   lo  sucesivo,  la  parte recurrente) contra la resolución dictada por la Presidencia de la Agencia Española de Protección   de...","1/8 Expediente Nº.: EXP202511214 (RR/00931/2025) RESOLUCIÓN DE RECURSO DE REPOSICIÓN Examinado el recurso de reposición interpuesto por  A.A.A. (en lo sucesivo, la parte recurrente) contra la resolución dictada por la Presidencia de la Agencia Española de Protección de Datos (en lo sucesivo, AEPD), en el expediente EXP202511214 (PD/00278/2025), de fecha 23 de noviembre de 2025, y en base a los siguientes HECHOS PRIMERO: Con fecha 23 de noviembre de 2025, se dictó resolución por la Presidencia de la Agencia Española de Protección de Datos en el expediente EXP202511214, en la que se acordó estimar por motivos formales la reclamación del ejercicio de derechos formulada por  A.A.A. contra el INSTITUTO CÁNTABRO DE SERVICIOS SOCIALES, con CIF Q-3900797F (en lo sucesivo, ICASS). SEGUNDO: La resolución ahora recurrida fue notificada fehacientemente a la parte recurrente el 25 de noviembre de 2025, según consta en el acuse de recibo que figura en el expediente.  TERCERO: En fecha 26 de noviembre de 2025, la parte recurrente interpuso recurso de reposición, que fundamenta, en síntesis, en que la respuesta recibida —y en la que se apoyó la resolución de la AEPD dictada por motivos formales— se limita a un único folio de contenido escueto, carente de soporte documental y de los elementos mínimos exigibles para entender satisfecho el derecho de acceso. En particular, señala que dicha respuesta no incluye copia de los datos personales tratados, ni relación de las finalidades del tratamiento, ni identificación de los destinatarios de los datos, ni información sobre su origen, ni trazabilidad de los registros, ni documentación o archivos que respalden la información facilitada. En consecuencia, considera que se han omitido por completo los elementos esenciales que configuran el núcleo del derecho de acceso, en los términos previstos en la normativa aplicable. Sobre esta base, sostiene que la contestación proporcionada no puede calificarse como una respuesta material y efectiva al ejercicio del derecho de acceso. CUARTO: En fecha 28 de noviembre de 2025, se concedió al ICASS trámite de audiencia, para que en el plazo de quince días hábiles presentase las alegaciones que estimara convenientes sobre el contenido del recurso de reposición. La notificación se practicó conforme a las normas establecidas en la Ley 39/2015, de 1 de octubre, del Procedimiento Administrativo Común de las Administraciones Públicas (en adelante, LPACAP), mediante notificación electrónica el 28/11/2025 que tuvo como resultado: “ha sido expirada por caducidad a fecha de 09/12/2025”, como consta en el justificante de recibo que figura en el expediente,  Reiterándose el proceso mediante notificación postal con fecha 22/12/20225 del envío de notificación postal que tuvo como resultado “entregado el 30/12/2025”, como consta en el justificante de recibo que figura en el expediente, C/ Jorge Juan, 6 www.aepd.es 28001 – Madrid sedeaepd.gob.es 2/8 QUINTO: En fecha 23 de enero de 2026, el ICASS remiti...",,,,,,
REPOSICION-AI-00543-2024,https://www.aepd.es/documento/reposicion-ai-00543-2024.pdf,"1 / 3 Expediente nº.:  EXP202412595 RESOLUCIÓN DE RECURSO DE REPOSICIÓN Examinado   el  recurso  de  reposición   interpuesto   por     A.A.A.   (en  lo   sucesivo,   la   parte recurrente)   contra   la   resolución   de   archivo   de   las   actuaciones   de   investigación realizadas a...","1/3 Expediente nº.:  EXP202412595 RESOLUCIÓN DE RECURSO DE REPOSICIÓN Examinado el recurso de reposición interpuesto por  A.A.A. (en lo sucesivo, la parte recurrente) contra la resolución de archivo de las actuaciones de investigación realizadas a MONUMENTAL FORMA SPORT y en base a los siguientes HECHOS PRIMERO: Con fecha 2/03/2026, se dictó resolución por la Presidencia de la Agencia Española de Protección de Datos en el expediente EXP202412595, procediéndose al archivo de las actuaciones previas de investigación. Dicha resolución fue notificada a la parte recurrente, en fecha 2/03/2026, según consta en el acuse de recibo que figura en el expediente. La parte recurrente, en su escrito de reclamación ante la Agencia, de fecha 30/08/2024, manifestaba que fue socio de MONUMENTAL FORMA entre los años 2015 y 2021 y que, durante ese periodo fueron recogidos datos relativos a su huella dactilar para poder acceder a las instalaciones del centro del que era socio. Señala que en el año 2023 se volvió a inscribir como socio de la parte reclamada, comprobando que se sigue empleando el mismo método de control de acceso a las instalaciones y que conservaban la información de su huella dactilar, pese a que dejó de ser socio en 2021. Ejercido su derecho de supresión no había recibido respuesta.  En el marco de las actuaciones de investigación, quedó acreditado que MONUMENTAL FORMA SPORT había procedido a cumplir con el ejercicio del derecho solicitado, aportando un certificado de borrado de patrones biométricos de la parte reclamante en la base de datos del centro deportivo, en fecha 17/10/2024. SEGUNDO    :  La parte recurrente ha presentado en fecha 2/04/2026, en esta Agencia Española de Protección de Datos, recurso de reposición, fundamentándolo, básicamente, en lo que aquí interesa: - Manifiesta la parte recurrente que, en la resolución de las actuaciones de investigación realizadas con objeto de la reclamación presentada, ha quedado sin resolver si el centro utiliza o no un sistema biométrico de identificación de los usuarios como única forma de acceder al mismo. - La parte recurrente hace referencia a resoluciones dictadas por la AEPD en otros procedimientos sancionadores donde se sancionaba por la utilización de sistemas biométricos de acceso a instalaciones. C/ Jorge Juan, 6                                                                                                                                                                        www.aepd.es 28001 - Madrid                                                                                                                                                                    sedeagpd.gob.es 2/3 FUNDAMENTOS DE DERECHO I Competencia Es competente para resolver el presente recurso la Presidencia de la Agencia Española de Protección de Datos, de conformidad con lo dispuesto en el artículo 123 de la Ley 39/2015, de 1 de octubre, del Procedimiento Administrativo Común de las Administraciones Públicas (en lo s...",,,,,,
REPOSICION-AI-00023-2025,https://www.aepd.es/documento/reposicion-ai-00023-2025.pdf,"1 / 3 Expediente nº.:  EXP202416481 RESOLUCIÓN DE RECURSO DE REPOSICIÓN Examinado   el  recurso  de  reposición   interpuesto   por     A.A.A.   (en  lo   sucesivo,   la   parte recurrente)   contra la resolución dictada por la Presidencia de la Agencia Española  de Protección de Datos de fecha 28...","1/3 Expediente nº.:  EXP202416481 RESOLUCIÓN DE RECURSO DE REPOSICIÓN Examinado el recurso de reposición interpuesto por  A.A.A. (en lo sucesivo, la parte recurrente) contra la resolución dictada por la Presidencia de la Agencia Española de Protección de Datos de fecha 28 de abril de 2026, y en base a los siguientes HECHOS PRIMERO: Con fecha 28 de abril de 2026, se dictó resolución por la Presidencia de la Agencia Española de Protección de Datos en el expediente EXP202416481, procediéndose al archivo de las actuaciones previas de investigación por no haber podido identificar al responsable de los hechos objeto de la reclamación presentada por la recurrente. Dicha resolución fue notificada a la parte recurrente en fecha según consta en el acuse de recibo que figura en el expediente. SEGUNDO    : La parte recurrente ha presentado en fecha 1 de junio de 2026, en esta Agencia Española de Protección de Datos, recurso de reposición, fundamentándolo básicamente en la indefensión producida por archivar las actuaciones que se desarrollaron como consecuencia de su reclamación por una presunta vulneración de la normativa de protección de datos. FUNDAMENTOS DE DERECHO I Competencia Es competente para resolver el presente recurso la Presidencia de la Agencia Española de Protección de Datos, de conformidad con lo dispuesto en el artículo 123 de la Ley 39/2015, de 1 de octubre, del Procedimiento Administrativo Común de las Administraciones Públicas (en lo sucesivo, LPACAP) y el artículo 48.1 de la Ley Orgánica 3/2018, de 5 de diciembre, de Protección de Datos Personales y garantía de los derechos digitales (en lo sucesivo, LOPDGDD). II Contestación a las alegaciones presentadas En relación con las manifestaciones efectuadas por la parte recurrente, cabe señalar lo siguiente.  La indefensión manifestada por la recurrente la entiende producida por archivar las actuaciones practicadas como consecuencia de reclamación presentada donde pone C/ Jorge Juan, 6                                                                                                                                                                        www.aepd.es 28001 - Madrid                                                                                                                                                                    sedeagpd.gob.es 2/3 de manifiesto que la parte reclamada no suprime sus datos personales de un directorio online, tras haberlo solicitado mediante email en dos ocasiones sin obtener respuesta, lo cual supone una presunta vulneración de la normativa de protección de datos. Desde la Agencia Española de protección de datos se han llevado a cabo actuaciones de investigación para determinar las circunstancias en que se han producido los hechos objeto de reclamación, pero no se han podido obtener elementos objetivos, directos ni indirectos, que aporten pruebas o indicios suficientes que permitan la imputación de una infracción a una persona o entidad determinada En par...",,,,,,
REPOSICION-AI-00359-2024,https://www.aepd.es/documento/reposicion-ai-00359-2024.pdf,"1 / 3 Expediente N.º: EXP202313731 RESOLUCIÓN DE RECURSO DE REPOSICIÓN Examinado   el   recurso   de   reposición   interpuesto   por     A.A.A.   (en   adelante,   la   parte recurrente), contra la resolución dictada por la Presidencia de la Agencia Española de Protección   de   Datos,   de...","1/3 Expediente N.º: EXP202313731 RESOLUCIÓN DE RECURSO DE REPOSICIÓN Examinado el recurso de reposición interpuesto por  A.A.A. (en adelante, la parte recurrente), contra la resolución dictada por la Presidencia de la Agencia Española de Protección de Datos, de fecha 23 de febrero de 2026, y teniendo como base los siguientes: HECHOS PRIMERO: En fecha 23 de febrero de 2026, se dictó resolución por la Presidencia de la Agencia Española de Protección de Datos en el expediente EXP202313731. La resolución fue notificada a la parte recurrente en fecha 5 de marzo de 2026, según consta acreditado en el expediente. SEGUNDO: En fecha 20 de abril de 2026, la parte recurrente presenta en la Agencia Española de Protección de Datos recurso de reposición contra la resolución indicada en el punto anterior, en el que muestra su disconformidad con la misma. A los anteriores hechos son de aplicación los siguientes, FUNDAMENTOS DE DERECHO I Competencia Es competente para resolver el presente recurso la Presidencia de la Agencia Española de Protección de Datos, de conformidad con lo dispuesto en el artículo 123 de la Ley 39/2015, de 1 de octubre, del Procedimiento Administrativo Común de las Administraciones Públicas (en lo sucesivo, LPACAP) y el artículo 48.1 de la Ley Orgánica 3/2018, de 5 de diciembre, de Protección de Datos Personales y garantía de los derechos digitales (en lo sucesivo, LOPDGDD). II Causa de inadmisión El artículo 116 de la LPACAP establece en su letra d) como causa de inadmisión de los recursos administrativos “Haber transcurrido el plazo para la interposición del recurso.” III Cómputo del plazo de interposición C/ Jorge Juan, 6 www.aepd.es 28001 – Madrid sedeaepd.gob.es 2/3 Según lo establecido en el artículo 124 de la LPACAP: “El plazo para la interposición del recurso de reposición será de un mes, si el acto fuera expreso”.  Añade el artículo 119 de dicha ley que: “La resolución del recurso estimará en todo o en parte o desestimará las pretensiones formuladas en el mismo o declarará su inadmisión”. En lo que respecta al cómputo del plazo señalado, debe atenderse a lo dispuesto en el apartado 4 del artículo 30 de la LPACAP que dice: “Si el plazo se fija en meses o años, éstos se computarán a partir del día siguiente a aquel en que tenga lugar la notificación o publicación del acto de que se trate, o desde el siguiente a aquel en que se produzca la estimación o desestimación por silencio administrativo. El plazo concluirá el mismo día en que se produjo la notificación, publicación o silencio administrativo en el mes o el año de vencimiento. Si en el mes de vencimiento no hubiera día equivalente a aquel en que comienza el cómputo, se entenderá que el plazo expira el último día del mes”. En este caso, la resolución de la Presidencia de la Agencia Española de Protección de Datos, de fecha 23 de febrero de 2026, fue notificada a la parte recurrente en fecha 5 de marzo de 2026, y el recurso de reposición ha sido interpuesto en fecha 20 de abril de ...",,,,,,
REPOSICION-PS-00447-2023,https://www.aepd.es/documento/reposicion-ps-00447-2023.pdf,"1 / 10  Expediente nº.:    EXP202308367 RESOLUCIÓN DE RECURSO DE REPOSICIÓN Examinado el recurso de reposición interpuesto por DIMAGAZA, S.L.   (en lo sucesivo, la   parte   recurrente   o   DIMAGAZA )   contra   la   resolución   dictada   por   la   Directora   de   la Agencia Española de...","1/10  Expediente nº.:  EXP202308367 RESOLUCIÓN DE RECURSO DE REPOSICIÓN Examinado el recurso de reposición interpuesto por DIMAGAZA, S.L. (en lo sucesivo, la parte recurrente o DIMAGAZA) contra la resolución dictada por la Directora de la Agencia Española de Protección de Datos de fecha 2 de diciembre de 2024, y en base a los siguientes HECHOS PRIMERO: Con fecha 2 de diciembre de 2024, se dictó resolución por la Directora de la Agencia Española de Protección de Datos en el expediente EXP202308367, en virtud de la cual se imponía a DIMAGAZA, S.L por una infracción del artículo 32 del RGPD, tipificada en el artículo 83.4 del RGPD, una multa de 15.000 € (QUINCE MIL EUROS). Dicha resolución, que fue notificada a la parte recurrente en fecha 2 de diciembre de 2024, fue dictada previa la tramitación del correspondiente procedimiento sancionador, de conformidad con lo dispuesto en la Ley Orgánica 3/2018, de 5 de diciembre, de Protección de Datos Personales y garantía de los derechos digitales (LOPDGDD), y supletoriamente en la Ley 39/2015, de 1 de octubre, del Procedimiento Administrativo Común de las Administraciones Públicas (en lo sucesivo, LPACAP), en materia de tramitación de procedimientos sancionadores. SEGUNDO: Como hechos probados del citado procedimiento sancionador, PS/00447/2023, quedó constancia de los siguientes: “HECHOS PROBADOS PRIMERO:  Dentro del procedimiento de despido colectivo por causas objetivas llevado a cabo en la empresa DIMAGAZA, con fecha de 26 de enero de 2023, se celebró una reunión entre los representantes de los trabajadores y el comité de empresa, por la que se aprobó el “Acta final de acuerdo del periodo de consultas” (en adelante, el “Acta”) mediante la cual se acuerda el despido colectivo de (...) trabajadores de la empresa DIMAGAZA. Este Acuerdo que se adopta entre lo que se denomina la PE (parte empresarial representada por un miembro de la misma), y la CR (Comisión representativa de los trabajadores de la empresa, formada por 4 representantes de los trabajadores, uno de los cuales era el reclamado, A.A.A. (que, a su vez, es el ***PUESTO.1). En el apartado cuarto del cuerpo del Acta aportada por el reclamante, que se denomina “Convenio Especial con Seguridad Social”, aparecen los siguientes datos personales de 4 trabajadores: nombre y apellidos, DNI, puesto de trabajo y fecha de nacimiento.  Así mismo, a dicha Acta, se adjuntaba como Anexo la relación de los (...) trabajadores afectados por el despido colectivo, entre los que se halla el C/ Jorge Juan, 6 www.aepd.es 28001 – Madrid sedeaepd.gob.es 2/10 reclamante, en la que aparecen expuestos los siguientes datos personales: nombre y apellidos, DNI, nº afiliación a la seguridad social, puesto de trabajo, grupo profesional, fecha de nacimiento, fecha antigüedad, centro de trabajo, provincia, y CCC (código cuenta cotización). La acreditación de la aprobación y contenido de la referida acta y su anexo se desprende de la aportación de los referidos documentos por el re...",,,,,,
REPOSICION-PS-00075-2025,https://www.aepd.es/documento/reposicion-ps-00075-2025.pdf,"1 / 11  Expediente nº.: EXP202412828  (RR/00190/2026) RESOLUCIÓN DE RECURSO DE REPOSICIÓN Examinado el recurso de reposición interpuesto por RETSINNAL GROUP, S.L.U., con CIF. N0267247E  (en lo sucesivo, la parte recurrente)  contra la resolución dictada por la Presidencia de la Agencia Española de...","1/11  Expediente nº.: EXP202412828 (RR/00190/2026) RESOLUCIÓN DE RECURSO DE REPOSICIÓN Examinado el recurso de reposición interpuesto por RETSINNAL GROUP, S.L.U., con CIF. N0267247E (en lo sucesivo, la parte recurrente) contra la resolución dictada por la Presidencia de la Agencia Española de Protección de Datos de fecha 2 de marzo de 2026, en el expediente EXP202412828 (PS/00075/2025) y en base a los siguientes HECHOS PRIMERO: Con fecha 2 de marzo de 2026 se dictó resolución por la Presidencia de la Agencia Española de Protección de Datos en virtud de la cual se imponía a la entidad RETSINNAL GROUP, S.L.U., con CIF. N0267247E, por la infracción del artículo 6.1) del RGPD, tipificada en el artículo 83.5.a) del mismo RGPD, una multa de 16.000 euros (dieciséis mil euros). Dicha resolución fue notificada conforme a las normas establecidas en la Ley 39/2015, de 1 de octubre, del Procedimiento Administrativo Común de las Administraciones Públicas (en adelante, LPACAP), mediante notificación electrónica el 2/03/2026, como consta en el justificante de recibo que figura en el expediente, SEGUNDO: Como hechos probados del citado procedimiento sancionador EXP202412828 (PS/00075/2025) quedó constancia de los siguientes: “Primero.- La entidad RETSINNAL GROUP, S.L.U., con CIF N0267247E y domicilio social en Avenida Tarragona 1, Andorra la Vella, AD500, figura como titular del sitio web inmomaster.com. Segundo.- Consta en el expediente la siguiente documentación presentada por la parte reclamante junto a su escrito de reclamación: - Denuncia interpuesta ante la Comisaría de Policía ***LOCALIDAD.1 el 05/04/24, en la que se exponen hechos relacionados con la contratación de un curso, la solicitud de devolución del importe y el conflicto con la entidad reclamada. - Comunicación de ASNEF-EQUIFAX, de fecha 30/05/24, informando al  reclamante de su inclusión en el sistema común de información crediticia ASNEF por solicitud de fecha 29/05/24 de la entidad reclamada, debido a una presunta deuda de 2.040€. - Demanda de juicio ordinario sobre tutela del derecho al honor, presentada por el reclamante el 13/06/24 ante el Juzgado de Primera Instancia ***LOCALIDAD.1, en la que se planteaban las siguientes cuestiones: o La inclusión en el sistema de información crediticia ASNEF se realizó sin requerimiento fehaciente previo de pago. C/ Jorge Juan, 6 www.aepd.es 28001 – Madrid sedeaepd.gob.es 2/11 o No ser advertido de que sus datos serían incluidos en dicho fichero en caso de impago. o La deuda es discutida y no reconocida, encontrándose sometida a arbitraje ante la oficina de consumo del Gobierno de Andorra. o La inclusión se habría producido sin que la deuda reuniera los requisitos de ser cierta, vencida y exigible. Tercero.- Junto al escrito de alegaciones a la incoación del expediente presentado por la reclamada se adjunta la siguiente documentación: - Consulta realizada a través de la plataforma “Mi Equifax – Bureau”, con fecha 10/06/2025, en la que se verifica la exis...",,,,,,
REPOSICION-AI-00490-2024,https://www.aepd.es/documento/reposicion-ai-00490-2024.pdf,"1 / 6  Expediente nº.:  EXP202412304 RESOLUCIÓN DE RECURSO DE REPOSICIÓN Examinado   el   recurso   de   reposición   interpuesto   por   A.A.A.   (en   lo   sucesivo,   la   parte recurrente)   contra la resolución dictada por la Presidencia de la Agencia Española  de Protección de Datos de fecha...","1/6  Expediente nº.:  EXP202412304 RESOLUCIÓN DE RECURSO DE REPOSICIÓN Examinado el recurso de reposición interpuesto por A.A.A. (en lo sucesivo, la parte recurrente) contra la resolución dictada por la Presidencia de la Agencia Española de Protección de Datos de fecha 22 de abril de 2026, y en base a los siguientes HECHOS PRIMERO: Con fecha 22 de abril de 2026, se dictó resolución por la Presidencia de la Agencia Española de Protección de Datos en el expediente EXP202412304, procediéndose al archivo de las actuaciones previas de investigación. Dicha resolución fue notificada a la parte recurrente en fecha según consta en el acuse de recibo que figura en el expediente. SEGUNDO    :  La parte recurrente ha presentado en fecha 25 de abril de 2026, en esta Agencia Española de Protección de Datos, recurso de reposición, fundamentándolo básicamente en que: o El contrato de 22 de junio de 2024 no sirve de prueba porque es precisamente ese documento, puesto a la firma unilateralmente por Energía XXI sin posibilidad de que el firmante modifique una sola coma, el que incorporaba datos no facilitados para esa contratación y que se habrían obtenido de Endesa. Ese cruce previo de los datos es lo que permitió enviar el contrato a la firma a la dirección ***EMAIL.1 a pesar de no haberse utilizado en la solicitud de la contratación del servicio. o Solicito que se interpreten los datos obtenidos de las actuaciones teniendo en cuenta el relato de hechos anteriormente descrito y que se modifique la resolución en consonancia. FUNDAMENTOS DE DERECHO I Competencia Es competente para resolver el presente recurso la Presidencia de la Agencia Española de Protección de Datos, de conformidad con lo dispuesto en el artículo 123 de la Ley 39/2015, de 1 de octubre, del Procedimiento Administrativo Común de las Administraciones Públicas (en lo sucesivo, LPACAP) y el artículo 48.1 de la Ley Orgánica 3/2018, de 5 de diciembre, de Protección de Datos Personales y garantía de los derechos digitales (en lo sucesivo, LOPDGDD). C/ Jorge Juan, 6                                                                                                                                                                        www.aepd.es 28001 - Madrid                                                                                                                                                                    sedeagpd.gob.es 2/6 II Contestación a las alegaciones presentadas En el presente caso, la parte recurrente afirma que Energía XXI le remitió comunicaciones sobre una contratación a dos direcciones de correo electrónico distintas a la que él había facilitado a esa compañía. Por ello sugiere la posible cesión de datos entre dos empresas del mismo grupo empresarial: Endesa Energía y Energía XXI. No obstante, durante las actuaciones previas de investigación no se han encontrado indicios racionales suficientes que suscriban lo sostenido por el recurrente en su reclamación, por cuanto de la docume...",,,,,,
PD-00078-2026,https://www.aepd.es/documento/pd-00078-2026.pdf,"1 / 12  Expediente N.º: EXP202603821 RESOLUCIÓN DE PROCEDIMIENTO DE DERECHOS Vista la reclamación registrada en fecha 28 de noviembre de 2025 ante esta Agencia y realizadas   las   actuaciones   procedimentales   previstas   en   el   Título   VIII   de   la   Ley Orgánica 3/2018, de 5 de...","1/12  Expediente N.º: EXP202603821 RESOLUCIÓN DE PROCEDIMIENTO DE DERECHOS Vista la reclamación registrada en fecha 28 de noviembre de 2025 ante esta Agencia y realizadas las actuaciones procedimentales previstas en el Título VIII de la Ley Orgánica 3/2018, de 5 de diciembre, de Protección de Datos Personales y garantía de los derechos digitales (en lo sucesivo, LOPDGDD), se han constatado los siguientes HECHOS PRIMERO: Con fecha 28 de noviembre de 2025 tuvo entrada en esta Agencia reclamación presentada por A.A.A. (en adelante, la parte reclamante) contra CAIXABANK, S.A. (en adelante, la parte reclamada) por no haber sido debidamente atendido el derecho de acceso. La parte reclamante manifiesta que algún miembro o usuario relacionado con la parte reclamada difundió datos bancarios suyos de manera verbal en su comunidad de propietarios, lo que provocó unos daños y perjuicios: difamación, insultos, acoso, etc. que se pueden atestiguar. La parte reclamante afirma tener el nombre y apellidos de la persona que los difundió, pero desconoce si accedió a sus datos esa persona o mandó a algún subordinado a hacerlo. Este hecho lo puso en conocimiento de la parte reclamada indicando una situación muy fácil y clara para su identificación (del acceso por terceros). La parte reclamante manifiesta que solicitó a la parte reclamada que justificara dichas entradas a sus datos personales y no se los ha facilitado. Según manifiesta, no ha pedido el nombre y apellidos, sino "" Saber si alguien sin justificación y a parte de los autorizados ha entrado a consultar mis datos bancarios y personales, y con qué finalidad, entre el ***FECHA.1 de 2024 hasta ***FECHA.2 de 2024"". La parte reclamante aporta diversa documentación, entre otros: - Hilo de correos electrónicos entre la parte reclamante y servicio.cliente@sac.caixabank.com: o  de fecha ***FECHA.2 de 2024 de la parte reclamante a solicitando “(…) me listen las personas que han entrado en mis cuentas de las que soy y estoy tanto como titular y/o como autorizado fuera de mi gestor, ya que han vertido datos de las cuentas a terceros de manera fehaciente (…)” e indica 4 cuentas bancarias. o de fecha 31 de mayo de 2025, indicando que está esperando respuesta desde el ***FECHA.2 de 2024. - Hilo de correo electrónicos entre la parte reclamante y ***EMAIL.1: Paseo de la Castellana, 141, Planta 9                                                                                                                                      www.aepd.es 28001 - Madrid                                                                                                                                                                    sedeagpd.gob.es 2/12 o de fecha 19 de noviembre de 2024 “(…) le informamos que estamos investigando los hechos que expone.  Asimismo, le informamos que, para gestionar y dar respuesta a la misma, es necesario -de acuerdo con la normativa vigente en materia de protección de datos- que remita copia de su documento na...",,,,,,
PD-00065-2026,https://www.aepd.es/documento/pd-00065-2026.pdf,"1 / 11  Expediente N.º: EXP202601828 RESOLUCIÓN DE PROCEDIMIENTO DE DERECHOS Vista la reclamación registrada en fecha 5 de noviembre de 2025 ante esta Agencia y realizadas   las   actuaciones   procedimentales   previstas   en   el   Título   VIII   de   la   Ley Orgánica 3/2018, de 5 de diciembre...","1/11  Expediente N.º: EXP202601828 RESOLUCIÓN DE PROCEDIMIENTO DE DERECHOS Vista la reclamación registrada en fecha 5 de noviembre de 2025 ante esta Agencia y realizadas las actuaciones procedimentales previstas en el Título VIII de la Ley Orgánica 3/2018, de 5 de diciembre, de Protección de Datos Personales y garantía de los derechos digitales (en lo sucesivo, LOPDGDD), se han constatado los siguientes HECHOS PRIMERO: Con fecha 5 de noviembre de 2025 tuvo entrada en esta Agencia reclamación presentada por A.A.A. (en adelante, la parte reclamante) contra AQUAESTETICA CONSULTORES, S.L. (en adelante, la parte reclamada) por no haber sido debidamente atendido el derecho de acceso a su historia clínica. La parte reclamante expone que en reiteradas ocasiones ha solicitado el derecho de acceso a sus datos personales y clínicos, relativos a la información sobre las sesiones de su tratamiento de depilación láser corporal completo, que inicialmente contrató con ***EMPRESA.1 (***UBICACIÓN.1) y que posteriormente continuó en 360 Clinics (***UBICACIÓN.2); y que la parte reclamada le respondió indicando que se encuentra en fase de preconcurso de acreedores y que no tienen acceso a la documentación solicitada, negándose en la práctica a facilitarle la documentación requerida. Aporta diversos documentos, entre otros: - Correo electrónico remitido por la parte reclamante a dpd@aquaestetica.com solicitando que se le entregue su historial clínico completo y la información sobre las sesiones realizadas y pendientes. - correo electrónico remitido por la parte reclamante a info@360clinics.es indicando que “(…) he sido una de las personas trasladadas del anterior centro ***EMPRESA.1 ubicado en (…), por lo que no tengo ninguna copia del contrato con vosotros (…)” y solicitando copia del mismo. - Correo electrónico de respuesta de info@360clinics.es indicando que “En este momento, y debido al proceso de reorganización interna que atraviesa 360Clinics, la actividad en su centro se encuentra temporalmente suspendida, lo que implica que no tenemos acceso a la documentación del centro. (…) Tan pronto como el centro reanude su operativa o se habilite el acceso a los archivos, nos pondremos en contacto con usted para facilitarle la información o documentación que necesite. (…)” - correo electrónico remitido por la parte reclamante a info@360clinics.es reiterando su solicitud de acceso a su historial clínico completo y a la información relativa las sesiones de tratamiento contratadas. Paseo de la Castellana, 141, Planta 9                                                                                                                                      www.aepd.es 28001 - Madrid                                                                                                                                                                    sedeagpd.gob.es 2/11 - Correo electrónico de info@360clinics.es indicando que “(…) Actualmente la compañía se encuentra en fase de preconcu...",,,,,,
PD-00110-2026,https://www.aepd.es/documento/pd-00110-2026.pdf,1 / 4  Expediente N.º: EXP202608590   RESOLUCIÓN DE PROCEDIMIENTO DE DERECHOS Vista   la   reclamación   registrada   en   fecha   22   de   enero   de   2026   ante   esta  Agencia   y realizadas   las   actuaciones   procedimentales   previstas   en   el   Título   VIII   de   la   Ley Orgánica...,"1/4  Expediente N.º: EXP202608590   RESOLUCIÓN DE PROCEDIMIENTO DE DERECHOS Vista la reclamación registrada en fecha 22 de enero de 2026 ante esta Agencia y realizadas las actuaciones procedimentales previstas en el Título VIII de la Ley Orgánica 3/2018, de 5 de diciembre, de Protección de Datos Personales y garantía de los derechos digitales (en lo sucesivo LOPDGDD), se han constatado los siguientes HECHOS PRIMERO: La parte reclamante ejerció derecho de Acceso frente al reclamado y su solicitud, según manifiesta la parte reclamante, no recibió la contestación legalmente establecida. La parte reclamante aporta diversa documentación relativa a la reclamación planteada ante esta Agencia y sobre el ejercicio del derecho ejercitado. SEGUNDO    : Una vez cumplido el trámite previsto en el artículo 65.4 de la LOPDGDD, se admitió a trámite la reclamación y se concedió a la entidad reclamada trámite de audiencia, para que en el plazo de diez días hábiles presentase las alegaciones que estimara convenientes. La entidad reclamada no ha acreditado, con ocasión de los trámites formalizados, que haya dado respuesta a la solicitud de ejercicio de derechos que le fue presentada por la parte reclamante. FUNDAMENTOS DE DERECHO I  Competencia De acuerdo con los poderes que el artículo 58.2 del Reglamento (UE) 2016/679 (Reglamento General de Protección de Datos, en adelante RGPD), otorga a cada autoridad de control y según lo establecido en los artículos 47, 48.1 y 64.1 de la Ley Orgánica 3/2018, de 5 de diciembre, de Protección de Datos Personales y garantía de los derechos digitales (en adelante, LOPDGDD), es competente para resolver este procedimiento la Presidencia de la Agencia Española de Protección de Datos. Asimismo, el artículo 63.2 de la LOPDGDD determina que: ""Los procedimientos tramitados por la Agencia Española de Protección de Datos se regirán por lo dispuesto en el Reglamento (UE) 2016/679, en la presente ley orgánica, por las disposiciones reglamentarias dictadas en su desarrollo y, en cuanto no las contradigan, con carácter subsidiario, por las normas generales sobre los procedimientos administrativos."" II  Cuestiones previas De conformidad con lo establecido en el artículo 55 del RGPD, la Agencia Española de Protección de Datos es competente para desempeñar las funciones que se le asignan Paseo de la Castellana, 141, Planta 9                                                                                                                                      www.aepd.es 28046 - Madrid                                                                                                                                                                    sedeaepd.gob.es 2/4 en su artículo 57, entre ellas, la de hacer aplicar el Reglamento y promover la sensibilización de los responsables y los encargados del tratamiento acerca de las obligaciones que les incumben, así como tratar las reclamaciones presentadas por un interesado e investigar, en la medida opor...",,,,,,
PD-00074-2025,https://www.aepd.es/documento/pd-00074-2025.pdf,"1 / 5  Expediente N.º: EXP202417670   RESOLUCIÓN DE PROCEDIMIENTO DE DERECHOS Vista la reclamación registrada en fecha 15 de noviembre de 2024 ante esta Agencia y realizadas   las   actuaciones   procedimentales   previstas   en   el   Título   VIII   de   la   Ley Orgánica 3/2018, de 5 de...","1/5  Expediente N.º: EXP202417670   RESOLUCIÓN DE PROCEDIMIENTO DE DERECHOS Vista la reclamación registrada en fecha 15 de noviembre de 2024 ante esta Agencia y realizadas las actuaciones procedimentales previstas en el Título VIII de la Ley Orgánica 3/2018, de 5 de diciembre, de Protección de Datos Personales y garantía de los derechos digitales (en lo sucesivo LOPDGDD), se han constatado los siguientes HECHOS PRIMERO: La parte reclamante ejerció derecho de Supresión frente al reclamado y su solicitud, según manifiesta la parte reclamante, no recibió la contestación legalmente establecida. La parte reclamante aporta diversa documentación relativa a la reclamación planteada ante esta Agencia y sobre el ejercicio del derecho ejercitado. SEGUNDO    : Una vez cumplido el trámite previsto en el artículo 65.4 de la LOPDGDD, se admitió a trámite la reclamación y se concedió a la entidad reclamada trámite de audiencia, para que en el plazo de diez días hábiles presentase las alegaciones que estimara convenientes. La entidad reclamada no ha acreditado, con ocasión de los trámites formalizados, que haya dado respuesta a la solicitud de ejercicio de derechos que le fue presentada por la parte reclamante. FUNDAMENTOS DE DERECHO I  Competencia De acuerdo con los poderes que el artículo 58.2 del Reglamento (UE) 2016/679 (Reglamento General de Protección de Datos, en adelante RGPD), otorga a cada autoridad de control y según lo establecido en los artículos 47, 48.1 y 64.1 de la Ley Orgánica 3/2018, de 5 de diciembre, de Protección de Datos Personales y garantía de los derechos digitales (en adelante, LOPDGDD), es competente para resolver este procedimiento la Presidencia de la Agencia Española de Protección de Datos. Asimismo, el artículo 63.2 de la LOPDGDD determina que: ""Los procedimientos tramitados por la Agencia Española de Protección de Datos se regirán por lo dispuesto en el Reglamento (UE) 2016/679, en la presente ley orgánica, por las disposiciones reglamentarias dictadas en su desarrollo y, en cuanto no las contradigan, con carácter subsidiario, por las normas generales sobre los procedimientos administrativos."" II  Cuestiones previas De conformidad con lo establecido en el artículo 55 del RGPD, la Agencia Española de Protección de Datos es competente para desempeñar las funciones que se le asignan C/ Jorge Juan, 6 www.aepd.es 28001 – Madrid sedeagpd.gob.es 2/5 en su artículo 57, entre ellas, la de hacer aplicar el Reglamento y promover la sensibilización de los responsables y los encargados del tratamiento acerca de las obligaciones que les incumben, así como tratar las reclamaciones presentadas por un interesado e investigar, en la medida oportuna, el motivo de las mismas.  Correlativamente, el artículo 31 del RGPD establece la obligación de los responsables y encargados del tratamiento de cooperar con la autoridad de control que lo solicite en el desempeño de sus funciones. Para el caso de que éstos hayan designado un delegado de protección de da...",,,,,,
PD-00236-2023,https://www.aepd.es/documento/pd-00236-2023.pdf,1 / 8  Expediente N.º: EXP202307245 RESOLUCIÓN DE PROCEDIMIENTO DE DERECHOS Vista   la   reclamación   registrada   en   fecha   16   de   abril   de   2023   ante   esta   Agencia   y realizadas   las   actuaciones   procedimentales   previstas   en   el   Título   VIII   de   la   Ley Orgánica 3...,"1/8  Expediente N.º: EXP202307245 RESOLUCIÓN DE PROCEDIMIENTO DE DERECHOS Vista la reclamación registrada en fecha 16 de abril de 2023 ante esta Agencia y realizadas las actuaciones procedimentales previstas en el Título VIII de la Ley Orgánica 3/2018, de 5 de diciembre, de Protección de Datos Personales y garantía de los derechos digitales (en lo sucesivo LOPDGDD), se han constatado los siguientes HECHOS PRIMERO: Con fecha 16 de abril de 2023 tuvo entrada en esta Agencia reclamación presentada por A.A.A. (en adelante, la parte reclamante) contra CREDIRECT PRÉSTAMOS, S.L. (en adelante, la parte reclamada) por no haber sido debidamente atendido su derecho de acceso. Mediante comunicación certificada electrónico de fecha 04 de marzo de 2023 la parte reclamante solicitó el acceso a sus datos personales así como “Copia de TODAS LAS GRABACIONES DE AUDIO que tengan sobre mi persona (conversaciones, llamadas, contrataciones, etc)” La parte reclamante manifiesta no haber recibido respuesta de la parte reclamada. SEGUNDO: Desde la entidad reclamada se puso de manifiesto en la respuesta al trámite de traslado de reclamación efectuado por esta Agencia, que, previamente a la solicitud que ha dado lugar a la reclamación interpuesta por la parte reclamante, ésta había solicitado “(…) copia y nulidad de todos los contratos suscritos con mi patrocinada así como la eliminación de todos sus datos y baja del fichero de ASNEF.” La parte reclamada señala que remitió un correo electrónico a la parte reclamante, con fecha 19 de abril del 2023, del que aporta copia, en el que  “(…) Atendiendo a su solicitud de nulidad por usura de todos los contratos suscritos con esta entidad, le confirmamos que, atendiendo a la jurisprudencia existente, CREDIRECT ha declarado nulos los contratos nº.(…)  Como consecuencia de la nulidad de dichos contratos, se entiende que no exista ninguna relación contractual entre esta entidad y usted, por lo que se procede a:  - La eliminación de todos los contratos, documentos y comunicaciones escritas y orales que constan en su expediente.  - La devolución de las cantidades que usted ha abonado y que excede del préstamo abonado. esto es, la cantidad de ***CANTIDAD.1 que será enviada a su cuenta bancaria. En esta misma comunicación adjuntamos documento para proceder a la devolución que debe remitirnos firmados a esta misma dirección de correo electrónico. - La baja de todos sus datos personales de todos nuestros ficheros.  C/ Jorge Juan, 6 www.aepd.es 28001 – Madrid sedeagpd.gob.es 2/8 Con el envío de esta comunicación, Credirect dejará de almacenar datos referentes a usted y de cualquiera relación mantenida en el pasado.” La parte reclamada indica “(…) Que Credirect Préstamos no puede remitir la documentación de un contrato que ha sido declarado nulo a solicitud previa del cliente -insistimos, con anterioridad a su solicitud de ejercicio del derecho de acceso a sus datos personales- en tanto que como consecuencia de la declaración de nulidad de l...",,,,,,
PD-00082-2026,https://www.aepd.es/documento/pd-00082-2026.pdf,1 / 4  Expediente N.º: EXP202521655 RESOLUCIÓN DE PROCEDIMIENTO DE DERECHOS Vista   la   reclamación   registrada   en   fecha   2   de   octubre   de   2025   ante   esta  Agencia   y realizadas   las   actuaciones   procedimentales   previstas   en   el   Título   VIII   de   la   Ley Orgánica 3...,"1/4  Expediente N.º: EXP202521655 RESOLUCIÓN DE PROCEDIMIENTO DE DERECHOS Vista la reclamación registrada en fecha 2 de octubre de 2025 ante esta Agencia y realizadas las actuaciones procedimentales previstas en el Título VIII de la Ley Orgánica 3/2018, de 5 de diciembre, de Protección de Datos Personales y garantía de los derechos digitales (en lo sucesivo LOPDGDD), se han constatado los siguientes HECHOS PRIMERO: La parte reclamante ejerció el derecho de Acceso frente al reclamado y su solicitud, según manifiesta la parte reclamante, no recibió la contestación legalmente establecida. La parte reclamante aporta diversa documentación relativa a la reclamación planteada ante esta Agencia y sobre el ejercicio del derecho ejercitado. SEGUNDO    : Una vez cumplido el trámite previsto en el artículo 65.4 de la LOPDGDD, se admitió a trámite la reclamación y se concedió a la entidad reclamada trámite de audiencia, para que en el plazo de diez días hábiles presentase las alegaciones que estimara convenientes. La entidad reclamada, con ocasión de los trámites formalizados, ha acreditado ante esta Agencia haber atendido el derecho ejercitado y remitido a la parte reclamante la debida respuesta a su solicitud. FUNDAMENTOS DE DERECHO I  Competencia De acuerdo con los poderes que el artículo 58.2 del Reglamento (UE) 2016/679 (Reglamento General de Protección de Datos, en adelante RGPD), otorga a cada autoridad de control y según lo establecido en los artículos 47, 48.1 y 64.1 de la Ley Orgánica 3/2018, de 5 de diciembre, de Protección de Datos Personales y garantía de los derechos digitales (en adelante, LOPDGDD), es competente para resolver este procedimiento la Presidencia de la Agencia Española de Protección de Datos. Asimismo, el artículo 63.2 de la LOPDGDD determina que: ""Los procedimientos tramitados por la Agencia Española de Protección de Datos se regirán por lo dispuesto en el Reglamento (UE) 2016/679, en la presente ley orgánica, por las disposiciones reglamentarias dictadas en su desarrollo y, en cuanto no las contradigan, con carácter subsidiario, por las normas generales sobre los procedimientos administrativos."" C/ Jorge Juan, 6 www.aepd.es 28001 – Madrid sedeaepd.gob.es 2/4 II  Cuestiones previas De conformidad con lo establecido en el artículo 55 del RGPD, la Agencia Española de Protección de Datos es competente para desempeñar las funciones que se le asignan en su artículo 57, entre ellas, la de hacer aplicar el Reglamento y promover la sensibilización de los responsables y los encargados del tratamiento acerca de las obligaciones que les incumben, así como tratar las reclamaciones presentadas por un interesado e investigar, en la medida oportuna, el motivo de las mismas.  Correlativamente, el artículo 31 del RGPD establece la obligación de los responsables y encargados del tratamiento de cooperar con la autoridad de control que lo solicite en el desempeño de sus funciones. Para el caso de que éstos hayan designado un delegado de protección ...",,,,,,
PD-00093-2026,https://www.aepd.es/documento/pd-00093-2026.pdf,"1 / 4  Expediente N.º: EXP202601000   RESOLUCIÓN DE PROCEDIMIENTO DE DERECHOS Vista la reclamación registrada en fecha 12 de noviembre de 2025 ante esta Agencia y realizadas   las   actuaciones   procedimentales   previstas   en   el   Título   VIII   de   la   Ley Orgánica 3/2018, de 5 de...","1/4  Expediente N.º: EXP202601000   RESOLUCIÓN DE PROCEDIMIENTO DE DERECHOS Vista la reclamación registrada en fecha 12 de noviembre de 2025 ante esta Agencia y realizadas las actuaciones procedimentales previstas en el Título VIII de la Ley Orgánica 3/2018, de 5 de diciembre, de Protección de Datos Personales y garantía de los derechos digitales (en lo sucesivo LOPDGDD), se han constatado los siguientes HECHOS PRIMERO: La parte reclamante ejerció derecho de Supresión frente al reclamado y su solicitud, según manifiesta la parte reclamante, no recibió la contestación legalmente establecida. La parte reclamante aporta diversa documentación relativa a la reclamación planteada ante esta Agencia y sobre el ejercicio del derecho ejercitado. SEGUNDO    : Una vez cumplido el trámite previsto en el artículo 65.4 de la LOPDGDD, se admitió a trámite la reclamación y se concedió a la entidad reclamada trámite de audiencia, para que en el plazo de diez días hábiles presentase las alegaciones que estimara convenientes. La entidad reclamada no ha acreditado, con ocasión de los trámites formalizados, que haya dado respuesta a la solicitud de ejercicio de derechos que le fue presentada por la parte reclamante. FUNDAMENTOS DE DERECHO I  Competencia De acuerdo con los poderes que el artículo 58.2 del Reglamento (UE) 2016/679 (Reglamento General de Protección de Datos, en adelante RGPD), otorga a cada autoridad de control y según lo establecido en los artículos 47, 48.1 y 64.1 de la Ley Orgánica 3/2018, de 5 de diciembre, de Protección de Datos Personales y garantía de los derechos digitales (en adelante, LOPDGDD), es competente para resolver este procedimiento la Presidencia de la Agencia Española de Protección de Datos. Asimismo, el artículo 63.2 de la LOPDGDD determina que: ""Los procedimientos tramitados por la Agencia Española de Protección de Datos se regirán por lo dispuesto en el Reglamento (UE) 2016/679, en la presente ley orgánica, por las disposiciones reglamentarias dictadas en su desarrollo y, en cuanto no las contradigan, con carácter subsidiario, por las normas generales sobre los procedimientos administrativos."" II  Cuestiones previas De conformidad con lo establecido en el artículo 55 del RGPD, la Agencia Española de Protección de Datos es competente para desempeñar las funciones que se le asignan en su artículo 57, entre ellas, la de hacer aplicar el Reglamento y promover la C/ Jorge Juan, 6 www.aepd.es 28001 – Madrid sedeaepd.gob.es 2/4 sensibilización de los responsables y los encargados del tratamiento acerca de las obligaciones que les incumben, así como tratar las reclamaciones presentadas por un interesado e investigar, en la medida oportuna, el motivo de las mismas.  Correlativamente, el artículo 31 del RGPD establece la obligación de los responsables y encargados del tratamiento de cooperar con la autoridad de control que lo solicite en el desempeño de sus funciones. Para el caso de que éstos hayan designado un delegado de protección de da...",,,,,,
PD-00101-2026,https://www.aepd.es/documento/pd-00101-2026.pdf,1 / 5  Expediente N.º: EXP202610381   RESOLUCIÓN DE PROCEDIMIENTO DE DERECHOS Vista   la   reclamación   registrada   en   fecha   10   de   febrero   de   2026   ante   esta  Agencia   y realizadas   las   actuaciones   procedimentales   previstas   en   el   Título   VIII   de   la   Ley...,"1/5  Expediente N.º: EXP202610381   RESOLUCIÓN DE PROCEDIMIENTO DE DERECHOS Vista la reclamación registrada en fecha 10 de febrero de 2026 ante esta Agencia y realizadas las actuaciones procedimentales previstas en el Título VIII de la Ley Orgánica 3/2018, de 5 de diciembre, de Protección de Datos Personales y garantía de los derechos digitales (en lo sucesivo LOPDGDD), se han constatado los siguientes HECHOS PRIMERO: La parte reclamante ejerció derecho de Acceso frente al reclamado y su solicitud, según manifiesta la parte reclamante, no recibió la contestación legalmente establecida. La parte reclamante aporta diversa documentación relativa a la reclamación planteada ante esta Agencia y sobre el ejercicio del derecho ejercitado. SEGUNDO    : Una vez cumplido el trámite previsto en el artículo 65.4 de la LOPDGDD, se admitió a trámite la reclamación y se concedió a la entidad reclamada trámite de audiencia, para que en el plazo de diez días hábiles presentase las alegaciones que estimara convenientes. La entidad reclamada no ha acreditado, con ocasión de los trámites formalizados, que haya dado respuesta a la solicitud de ejercicio de derechos que le fue presentada por la parte reclamante. FUNDAMENTOS DE DERECHO I  Competencia De acuerdo con los poderes que el artículo 58.2 del Reglamento (UE) 2016/679 (Reglamento General de Protección de Datos, en adelante RGPD), otorga a cada autoridad de control y según lo establecido en los artículos 47, 48.1 y 64.1 de la Ley Orgánica 3/2018, de 5 de diciembre, de Protección de Datos Personales y garantía de los derechos digitales (en adelante, LOPDGDD), es competente para resolver este procedimiento la Presidencia de la Agencia Española de Protección de Datos. Asimismo, el artículo 63.2 de la LOPDGDD determina que: ""Los procedimientos tramitados por la Agencia Española de Protección de Datos se regirán por lo dispuesto en el Reglamento (UE) 2016/679, en la presente ley orgánica, por las disposiciones reglamentarias dictadas en su desarrollo y, en cuanto no las contradigan, con carácter subsidiario, por las normas generales sobre los procedimientos administrativos."" II  Cuestiones previas Paseo de la Castellana, 141, Planta 9                                                                                                                                      www.aepd.es 28001 - Madrid                                                                                                                                                                    sedeagpd.gob.es 2/5 De conformidad con lo establecido en el artículo 55 del RGPD, la Agencia Española de Protección de Datos es competente para desempeñar las funciones que se le asignan en su artículo 57, entre ellas, la de hacer aplicar el Reglamento y promover la sensibilización de los responsables y los encargados del tratamiento acerca de las obligaciones que les incumben, así como tratar las reclamaciones presentadas por un interesado e investigar, en la medida op...",,,,,,
PD-00015-2026,https://www.aepd.es/documento/pd-00015-2026.pdf,1 / 15  Expediente N.º: EXP202519675 RESOLUCIÓN DE PROCEDIMIENTO DE DERECHOS Vista   la   reclamación   registrada   en   fecha   8   de   octubre   de   2025   ante   esta  Agencia   y realizadas   las   actuaciones   procedimentales   previstas   en   el   Título   VIII   de   la   Ley Orgánica...,"1/15  Expediente N.º: EXP202519675 RESOLUCIÓN DE PROCEDIMIENTO DE DERECHOS Vista la reclamación registrada en fecha 8 de octubre de 2025 ante esta Agencia y realizadas las actuaciones procedimentales previstas en el Título VIII de la Ley Orgánica 3/2018, de 5 de diciembre, de Protección de Datos Personales y garantía de los derechos digitales (en lo sucesivo, LOPDGDD), se han constatado los siguientes HECHOS PRIMERO: Con fecha 8 de octubre de 2025 tuvo entrada en esta Agencia reclamación presentada por A.A.A. (en adelante, la parte reclamante) contra AGENCIA NEGOCIADORA DEL ALQUILER, S.L. (en adelante, la parte reclamada) por no haber sido debidamente atendido el derecho de supresión. La parte reclamante manifiesta que aportó una serie de documentación con datos personales a la parte reclamada en el seno de un proceso de arrendamiento de una vivienda, siendo un proceso gestionado por la parte reclamada. Señala que, tras llevarse a cabo la operación por la que aportó los datos señalados y posteriormente desistir del arrendamiento suscrito, en fecha 14 de julio de 2025 remitió un burofax postal a la sede social de la parte reclamada solicitando la supresión de sus datos, sin haber recibido debida contestación una vez transcurrido el plazo establecido por la normativa de protección de datos. Aporta copia del correo electrónico por el que remitió documentación a la parte reclamada, contrato suscrito, y burofax de fecha 14 de julio de 2025 en el que solicita, entre otras cuestiones, la supresión de sus datos personales y En particular, además, solicito la eliminación inmediata y definitiva de los siguientes de todos los datos personales que les fueron facilitados en su momento para el estudio de solvencia del arrendatario y aval, A.A.A. y B.B.B. respectivamente:   Nóminas, contrato de trabajo, declaración de la Renta de Personas Físicas, etc.   Datos bancarios y cualquier otro dato económico o de solvencia.   Grabaciones de voz o conversaciones telefónicas.   Cualquier otro dato personal en posesión de la Agencia. SEGUNDO: De conformidad con el artículo 65.4 de la LOPDGDD, se dio traslado de dicha reclamación a la parte reclamada, para que procediese a su análisis e informase a esta Agencia en el plazo de un mes, de las acciones llevadas a cabo para adecuarse a los requisitos previstos en la normativa de protección de datos. La notificación del traslado de la reclamación, que se practicó conforme a las normas establecidas en la Ley 39/2015, de 1 de octubre, del Procedimiento Administrativo Común de las Administraciones Públicas (en adelante, LPACAP), fue realizada en C/ Jorge Juan, 6                                                                                                                                                                        www.aepd.es 28001 - Madrid                                                                                                                                                                    sedeagpd.gob...",,,,,,
PD-00031-2026,https://www.aepd.es/documento/pd-00031-2026.pdf,"1 / 5  Expediente N.º: EXP202518136   RESOLUCIÓN DE PROCEDIMIENTO DE DERECHOS Vista la reclamación registrada en fecha 5 de septiembre de 2025 ante esta Agencia y realizadas   las   actuaciones   procedimentales   previstas   en   el   Título   VIII   de   la   Ley Orgánica 3/2018, de 5 de...","1/5  Expediente N.º: EXP202518136   RESOLUCIÓN DE PROCEDIMIENTO DE DERECHOS Vista la reclamación registrada en fecha 5 de septiembre de 2025 ante esta Agencia y realizadas las actuaciones procedimentales previstas en el Título VIII de la Ley Orgánica 3/2018, de 5 de diciembre, de Protección de Datos Personales y garantía de los derechos digitales (en lo sucesivo LOPDGDD), se han constatado los siguientes HECHOS PRIMERO: La parte reclamante ejerció derecho de Supresión frente al reclamado y su solicitud, según manifiesta la parte reclamante, no recibió la contestación legalmente establecida. La parte reclamante aporta diversa documentación relativa a la reclamación planteada ante esta Agencia y sobre el ejercicio del derecho ejercitado. SEGUNDO    : Una vez cumplido el trámite previsto en el artículo 65.4 de la LOPDGDD, se admitió a trámite la reclamación y se concedió a la entidad reclamada trámite de audiencia, para que en el plazo de diez días hábiles presentase las alegaciones que estimara convenientes. La entidad reclamada no ha acreditado, con ocasión de los trámites formalizados, que haya dado respuesta a la solicitud de ejercicio de derechos que le fue presentada por la parte reclamante. FUNDAMENTOS DE DERECHO I  Competencia De acuerdo con los poderes que el artículo 58.2 del Reglamento (UE) 2016/679 (Reglamento General de Protección de Datos, en adelante RGPD), otorga a cada autoridad de control y según lo establecido en los artículos 47, 48.1 y 64.1 de la Ley Orgánica 3/2018, de 5 de diciembre, de Protección de Datos Personales y garantía de los derechos digitales (en adelante, LOPDGDD), es competente para resolver este procedimiento la Presidencia de la Agencia Española de Protección de Datos. Asimismo, el artículo 63.2 de la LOPDGDD determina que: ""Los procedimientos tramitados por la Agencia Española de Protección de Datos se regirán por lo dispuesto en el Reglamento (UE) 2016/679, en la presente ley orgánica, por las disposiciones reglamentarias dictadas en su desarrollo y, en cuanto no las contradigan, con carácter subsidiario, por las normas generales sobre los procedimientos administrativos."" C/ Jorge Juan, 6 www.aepd.es 28001 – Madrid sedeaepd.gob.es 2/5 II  Cuestiones previas De conformidad con lo establecido en el artículo 55 del RGPD, la Agencia Española de Protección de Datos es competente para desempeñar las funciones que se le asignan en su artículo 57, entre ellas, la de hacer aplicar el Reglamento y promover la sensibilización de los responsables y los encargados del tratamiento acerca de las obligaciones que les incumben, así como tratar las reclamaciones presentadas por un interesado e investigar, en la medida oportuna, el motivo de las mismas.  Correlativamente, el artículo 31 del RGPD establece la obligación de los responsables y encargados del tratamiento de cooperar con la autoridad de control que lo solicite en el desempeño de sus funciones. Para el caso de que éstos hayan designado un delegado de protección de da...",,,,,,
PD-00044-2025,https://www.aepd.es/documento/pd-00044-2025.pdf,1 / 8  Expediente N.º: EXP202412247 RESOLUCIÓN DE PROCEDIMIENTO DE DERECHOS Vista   la   reclamación   registrada   en   fecha   17   de   julio   de   2024   ante   esta   Agencia   y realizadas   las   actuaciones   procedimentales   previstas   en   el   Título   VIII   de   la   Ley Orgánica 3...,"1/8  Expediente N.º: EXP202412247 RESOLUCIÓN DE PROCEDIMIENTO DE DERECHOS Vista la reclamación registrada en fecha 17 de julio de 2024 ante esta Agencia y realizadas las actuaciones procedimentales previstas en el Título VIII de la Ley Orgánica 3/2018, de 5 de diciembre, de Protección de Datos Personales y garantía de los derechos digitales (en lo sucesivo LOPDGDD), se han constatado los siguientes HECHOS PRIMERO: A.A.A. (en adelante, la parte reclamante) ejerció el derecho de Acceso frente al MINISTERIO DE INCLUSIÓN, SEGURIDAD SOCIAL Y MIGRACIONES (en adelante, la parte reclamada) sin que su solicitud haya recibido la contestación legalmente establecida. En la reclamación se pone de manifiesto que el 28/02/24 la parte reclamante ejercitó el derecho de acceso ante la parte reclamada. El 15/03/24 la delegada de protección de datos de la parte reclamada contestó que la respuesta a la solicitud la realizarían en el plazo de dos meses. Según afirma la parte reclamante, han transcurrido cuatro meses y no ha recibido contestación. Junto a la reclamación aporta el escrito registrado para ejercitar el derecho y la contestación remitida por la delegada de protección de datos para comunicar la ampliación del plazo de contestación. SEGUNDO: De conformidad con el artículo 65.4 de la Ley Orgánica 3/2018, de 5 de diciembre, de Protección de Datos Personales y garantía de los derechos digitales (en adelante LOPDGDD), se dio traslado de dicha reclamación a la parte reclamada, para que procediese a su análisis e informase a esta Agencia en el plazo de un mes, de las acciones llevadas a cabo para adecuarse a los requisitos previstos en la normativa de protección de datos. TERCERO: El resultado del trámite de traslado indicado en el Hecho anterior no permitió entender satisfechas las pretensiones de la parte reclamante. En consecuencia, con fecha 17 de octubre de 2024, a los efectos previstos en el artículo 64.1 de la LOPDGDD, la Directora de la Agencia Española de Protección de Datos acordó admitir a trámite la reclamación presentada. El mencionado acuerdo concedió a la parte reclamada trámite de audiencia, para que en el plazo de quince días hábiles presentase las alegaciones que estimara convenientes, formulando, en síntesis, las siguientes alegaciones:  “…Primera. A.A.A. ejerció su derecho de acceso mediante solicitud electrónica remitida el día 28 de febrero de 2024 a la dirección dpd@inclusion.gob.es, C/ Jorge Juan, 6 www.aepd.es 28001 – Madrid sedeaepd.gob.es 2/8 conforme a lo establecido en el RGPD y la normativa nacional aplicable. En dicha solicitud se requería la comunicación de la totalidad de sus datos personales objeto de tratamiento, así como la información sobre los fines, categorías y destinatarios de los mismos. Ante esta petición, este Ministerio remitió un correo con fecha 13 de marzo de 2024, dando acuse de recibo al interesado, notificando que la respuesta a la solicitud se emitiría en el plazo de dos meses, debido a la complejidad de la mism...",,,,,,
PD-00186-2024,https://www.aepd.es/documento/pd-00186-2024.pdf,1 / 11  Expediente N.º: EXP202411081 RESOLUCIÓN DE PROCEDIMIENTO DE DERECHOS Vista   la   reclamación   registrada   en   fecha   11   de   julio   de   2024   ante   esta   Agencia   y realizadas   las   actuaciones   procedimentales   previstas   en   el   Título   VIII   de   la   Ley Orgánica...,"1/11  Expediente N.º: EXP202411081 RESOLUCIÓN DE PROCEDIMIENTO DE DERECHOS Vista la reclamación registrada en fecha 11 de julio de 2024 ante esta Agencia y realizadas las actuaciones procedimentales previstas en el Título VIII de la Ley Orgánica 3/2018, de 5 de diciembre, de Protección de Datos Personales y garantía de los derechos digitales (en lo sucesivo LOPDGDD), se han constatado los siguientes HECHOS PRIMERO: Con fecha 11 de julio de 2024 tuvo entrada en esta Agencia reclamación presentada por  A.A.A. (en adelante, la parte reclamante) contra CONSORWEB, S.L. (en adelante, la parte reclamada) por no haber sido debidamente atendido su derecho de acceso a sus datos personales. La parte reclamante manifiesta que era cliente de la parte reclamada y que en fecha 5 de junio de 2024, a través de correo electrónico, solicitó la rescisión del contrato que le ligaba con dicha empresa, así como copia de grabaciones de llamadas mantenidas con la parte reclamada, de las que afirma no había sido informada recibiendo contestación en la misma fecha, indicándole que se daba traslado de su petición al departamento correspondiente. Señala que, en fechas 6 y 14 de junio de 2024, remitió sendos correos electrónicos reiterando su solicitud de grabaciones y, en fecha 18 de junio de 2024, remitió solicitud de acceso a sus datos, además de solicitar que se le informe del tratamiento de sus datos. En fecha 11 de julio de 2024 recibió contestación de la parte reclamada que considera inadecuada, en la que le indica que se le ha informado de cada una de las grabaciones realizada y que se ha procedido al borrado de las mismas. Aporta la siguiente documentación: - Documento 1:  o Correo electrónico de fecha 05/06/2024  de la parte reclamante a la parte reclamada en el que manifiesta su disconformidad con la prestación del servicio contratado entre las partes y “(…) Debido a que en reiteradas ocasiones señala el cumplimiento por su parte para todos los puntos indicados mediante los cuales me ha indicado con fechas y horas ya que las llamadas han sido grabadas, solicito una copia de las mismas en las que yo,  A.A.A., hubiese participado o sea partícipe de las mismas (…)” o Respuesta de la parte reclamada de fecha 05/06/2024 indicando que “(…) serán solicitadas al departamento correspondiente”. - Documento 2:  o Correo electrónico de fecha 06/06/2024 de la parte reclamante a la parte reclamada en el que indica, entre otras cuestiones, que “(…) No he recibido copia de las grabaciones oportunas por parte del C/ Jorge Juan, 6 www.aepd.es 28001 – Madrid sedeagpd.gob.es 2/11 departamento correspondiente, por lo cual, te ruego que se me remita a este mismo email, por favor”. o Respuesta el mismo día de la parte reclamada, entre otras cuestiones, “(…) Están solicitadas al departamento correspondiente para que se las hagan llegar”. o Correo electrónico de fecha 14/06/2024 de la parte reclamante a la parte reclamada en el que indica “(…) Como no nos han remitido las grabaciones, no ...",,,,,,
PA-00006-2026,https://www.aepd.es/documento/pa-00006-2026.pdf,1 / 11  Expediente N.º: EXP202601725 RESOLUCIÓN DE     PROCEDIMIENTO DE APERCIBIMIENTO Del procedimiento instruido por la Agencia Española de Protección de Datos  y en base a los siguientes ANTECEDENTES PRIMERO :   La  Agencia   Española   de   Protección   de   Datos   ha   tenido   conocimiento...,"1/11  Expediente N.º: EXP202601725 RESOLUCIÓN DE     PROCEDIMIENTO DE APERCIBIMIENTO Del procedimiento instruido por la Agencia Española de Protección de Datos y en base a los siguientes ANTECEDENTES PRIMERO: La Agencia Española de Protección de Datos ha tenido conocimiento de ciertos hechos que podrían constituir una posible infracción imputable a A.A.A. con NIF ***NIF.1 (en adelante, A.A.A. o parte reclamada).  Los hechos que se pusieron en conocimiento de esta autoridad hacían referencia a una posible infracción de la normativa de protección de datos en relación con la captación de datos realizada por la parte reclamada en relación con la realización de (...). Se indicaba que, para poder participar (…), los participantes, junto con los requisitos de seguir a A.A.A. en sus redes sociales y el de unirse a su canal de Telegram, debían facilitar nombre, apellidos, correo electrónico, DNI/Número de Identidad de Extranjero, provincia de residencia, teléfono y el perfil de Instagram, de TikTok y de X (antes Twitter). Según expone, se infringiría entre otras cuestiones: - la política de privacidad no especifica los fines del tratamiento ni el plazo de conservación de datos, La denuncia hace referencia a otros posibles incumplimientos sobre los que no aporta evidencia alguna. SEGUNDO: Como consecuencia de los hechos conocidos, con fecha 3 de septiembre de 2024, la Agencia Española de Protección de Datos acordó iniciar actuaciones previas de investigación a las que se refiere el artículo 67.2 de la Ley Orgánica 3/2018, de 5 de diciembre, de Protección de Datos Personales y garantía de los derechos digitales (en adelante, LOPDGDD), instando a la Subdirección General de Inspección de Datos (SGID) a abrir una inspección de oficio y que inicie actuaciones previas de investigaciones tendentes a acreditar los hechos referidos y su autoría. TERCERO: La Subdirección General de Inspección de Datos procedió a la realización de actuaciones previas de investigación para el esclarecimiento de los hechos en cuestión, en virtud de las funciones asignadas a las autoridades de control en el artículo 57.1 y de los poderes otorgados en el artículo 58.1 del Reglamento (UE) 2016/679 (Reglamento General de Protección de Datos, en adelante RGPD), y de conformidad con lo establecido en el Título VIII, de la LOPDGDD. C/ Jorge Juan, 6 www.aepd.es 28001 – Madrid sedeaepd.gob.es 2/11 La investigación se inicia por la captación de datos realizada por A.A.A. para la realización (...), en el que podría incumplirse la normativa de protección de datos. En la web “***URL.1” estaban publicadas las condiciones para participar en (…), incorporadas al expediente mediante “Diligencia web ***URL.1” de 16 de septiembre de 2024, en el que, según publica, se han inscrito en el momento 228.231 personas.  Para participar en (…)”, en el apartado “Cómo participar” se encuentra: “1. Suscríbete al canal ""A.A.A."" en Telegram. 2. Rellena el formulario de inscripción con tus datos personales precisos y ...",,,,,,
PD-00064-2026,https://www.aepd.es/documento/pd-00064-2026.pdf,1 / 9  Expediente N.º: EXP202519435 RESOLUCIÓN DE PROCEDIMIENTO DE DERECHOS Vista   la   reclamación   registrada   en   fecha   20   de   octubre   de   2025   ante   esta  Agencia   y realizadas   las   actuaciones   procedimentales   previstas   en   el   Título   VIII   de   la   Ley Orgánica...,"1/9  Expediente N.º: EXP202519435 RESOLUCIÓN DE PROCEDIMIENTO DE DERECHOS Vista la reclamación registrada en fecha 20 de octubre de 2025 ante esta Agencia y realizadas las actuaciones procedimentales previstas en el Título VIII de la Ley Orgánica 3/2018, de 5 de diciembre, de Protección de Datos Personales y garantía de los derechos digitales (en lo sucesivo, LOPDGDD), se han constatado los siguientes HECHOS PRIMERO: Con fecha 20 de octubre de 2025 tuvo entrada en esta Agencia reclamación presentada por B.B.B. (en adelante, la parte reclamante) contra NOVANTA TECHNOLOGIES SPAIN, S.L. (en adelante, la parte reclamada) por no haber sido debidamente atendido el derecho de supresión. La parte reclamante expone que, en fecha 21/01/2025 tenía previsto presentar su candidatura a un puesto de trabajo en Novanta, pero no completó la solicitud, pero sí se registró en su portal de reclutamiento (https://novanta.wd5.myworkdayjobs.com/en- US/Novanta-Careers/) con su correo electrónico ( ***EMAIL.1) y proporcionando sus datos personales. Posteriormente, decidió eliminar su perfil y sus datos personales utilizando la función ""Delete my Information"" disponible en el propio portal (gestionado por la plataforma MyWorkdayJobs, utilizada también por otras empresas). La parte reclamante manifiesta que, a diferencia de lo ocurrido con otros portales similares en otras empresas, en este caso su perfil no fue eliminado. Señala que repitió la solicitud de supresión en dos o tres ocasiones, sin obtener respuesta ni resultado. Ante la falta de respuesta, la parte reclamante remitió un correo electrónico a dataprotection@novanta.com, en fechas 02/06/2025, 28/06/025 y 18/10/2025, sin recibir ninguna respuesta, y además, su perfil de reclutamiento continúa activo con sus datos personales. En opinión de la parte reclamante, dado que nunca llegó a completar la candidatura, considera que no existe base legítima para el mantenimiento de sus datos personales y que sus solicitudes de supresión no han sido atendidas. Junto al escrito de reclamación aporta varios correos electrónicos dirigidos a la parte reclamada así como dos capturas de pantalla que muestran la función ""Delete my Information"" del portal de reclutamiento. SEGUNDO: Con fecha 14 de noviembre de 2025, teniendo en cuenta que la documentación se encuentra en inglés, desde esta Agencia se requirió a la parte reclamante la subsanación de su reclamación, según lo dispuesto en el artículo 15.1 de la Ley 39/2015, de 1 de octubre, del Procedimiento Administrativo Común de las C/ Jorge Juan, 6                                                                                                                                                                        www.aepd.es 28001 - Madrid                                                                                                                                                                    sedeagpd.gob.es 2/9 Administraciones Públicas (en adelante, LPACAP) que dispone que:...",,,,,,
PD-00046-2026,https://www.aepd.es/documento/pd-00046-2026.pdf,1 / 11  Expediente N.º: EXP202522525 RESOLUCIÓN DE PROCEDIMIENTO DE DERECHOS Vista   la   reclamación   registrada   en   fecha   13   de   octubre   de   2025   ante   esta  Agencia   y realizadas   las   actuaciones   procedimentales   previstas   en   el   Título   VIII   de   la   Ley Orgánica...,"1/11  Expediente N.º: EXP202522525 RESOLUCIÓN DE PROCEDIMIENTO DE DERECHOS Vista la reclamación registrada en fecha 13 de octubre de 2025 ante esta Agencia y realizadas las actuaciones procedimentales previstas en el Título VIII de la Ley Orgánica 3/2018, de 5 de diciembre, de Protección de Datos Personales y garantía de los derechos digitales (en lo sucesivo, LOPDGDD), se han constatado los siguientes HECHOS PRIMERO: Con fecha 13 de octubre de 2025 tuvo entrada en esta Agencia reclamación presentada por A.A.A. (en adelante, la parte reclamante) contra EXPERIAN BUREAU DE CRÉDITO, S.A. (en adelante, la parte reclamada) por no haber sido debidamente atendido el derecho de supresión. La parte reclamante manifiesta que, en fecha 11 de septiembre de 2025, solicitó a la parte reclamada la supresión de sus datos personales informados por ***EMPRESA.1, sin haber recibido contestación.  SEGUNDO: De conformidad con el artículo 65.4 de la LOPDGDD, se dio traslado de dicha reclamación a la parte reclamada, para que procediese a su análisis e informase a esta Agencia en el plazo de un mes, de las acciones llevadas a cabo para adecuarse a los requisitos previstos en la normativa de protección de datos. La notificación del traslado de la reclamación, que se practicó conforme a las normas establecidas en la Ley 39/2015, de 1 de octubre, del Procedimiento Administrativo Común de las Administraciones Públicas (en adelante, LPACAP), fue realizada en fecha 13 de enero de 2026 como consta en el acuse de recibo que obra en el expediente.  No consta que se haya recibido respuesta a este escrito de traslado. TERCERO: De acuerdo con los artículos 64.1 y 65.5 de la LOPDGDD, la decisión sobre la admisión o inadmisión a trámite de la reclamación, deberá notificarse a la parte reclamante en el plazo de tres meses. Si transcurrido este plazo no se produjera dicha notificación, cuando la reclamación verse sobre la falta de atención de una solicitud de ejercicio de derechos, el procedimiento se considerará iniciado a partir de la fecha en que se cumplan tres meses desde que la reclamación tuvo entrada en la Agencia. Según lo expuesto, y teniendo en cuenta que la reclamación se presentó en esta Agencia en fecha 13 de octubre de 2025, el procedimiento de atención de solicitud de ejercicio de derechos se considera iniciado al haber transcurrido tres meses desde que la misma tuvo entrada en la AEPD. C/ Jorge Juan, 6                                                                                                                                                                        www.aepd.es 28001 - Madrid                                                                                                                                                                    sedeagpd.gob.es 2/11 El resultado del trámite de traslado indicado en el Hecho anterior no permitió entender satisfechas las pretensiones de la parte reclamante. Con fecha 13 de enero de 2026, se produjo la admisión a ...",,,,,,
PD-00055-2026,https://www.aepd.es/documento/pd-00055-2026.pdf,1 / 17  Expediente N.º: EXP202521657 RESOLUCIÓN DE PROCEDIMIENTO DE DERECHOS Vista   la   reclamación   registrada   en   fecha   9   de   octubre   de   2025   ante   esta  Agencia   y realizadas   las   actuaciones   procedimentales   previstas   en   el   Título   VIII   de   la   Ley Orgánica...,"1/17  Expediente N.º: EXP202521657 RESOLUCIÓN DE PROCEDIMIENTO DE DERECHOS Vista la reclamación registrada en fecha 9 de octubre de 2025 ante esta Agencia y realizadas las actuaciones procedimentales previstas en el Título VIII de la Ley Orgánica 3/2018, de 5 de diciembre, de Protección de Datos Personales y garantía de los derechos digitales (en lo sucesivo, LOPDGDD), se han constatado los siguientes HECHOS PRIMERO: Con fecha 9 de octubre de 2025 tuvo entrada en esta Agencia reclamación presentada por A.A.A. (en adelante, la parte reclamante) contra MINISTERIO DE DEFENSA (en adelante, la parte reclamada) por no haber sido debidamente atendido el derecho de acceso. La parte reclamante expone que, con fecha 07 de abril de 2025, solicitó una auditoría de accesos a su historia clínica, para conocer fecha, hora, identidad del profesional y finalidad de cada acceso; y que mediante escrito de fecha 09 de mayo de 2025, la parte reclamada deniega la solicitud al amparo de los artículos 15.4 del Reglamento (UE) 2016/679 (Reglamento General de Protección de Datos, en adelante RGPD) y 18.3 de la Ley 41/2002, de 14 de noviembre, básica reguladora de la Autonomía del Paciente y de Derechos y Obligaciones en Materia de Información y Documentación Clínica (en lo sucesivo LAP), sin motivación individualizada, limitándose a ofrecer una descripción general de tratamientos; y que sospecha de accesos indebidos a su historia clínica. Aporta, entre otros documentos: - Repuesta de la Inspección General de Sanidad de fecha 30 de abril de 2025 en el que le indican: o “Respecto a su solicitud de auditoría de accesos realizados a la historia clínica desde la primera atención médica recibida hasta la actualidad, no es posible proporcionar dicha información de acuerdo con lo establecido en el artículo 15.4 del RGPD y 18.3 de la Ley 41/2002, de 14 de noviembre, básica reguladora de la autonomía del paciente y de derechos y obligaciones en material de información y documentación clínica”. o “Con relación al ejercicio de su derecho de acceso a nuestros tratamientos de sus datos, le informamos lo siguiente   Se tratan datos personales que le conciernen.   Se adjunta la siguiente información de los datos personales que le conciernen, tal y como se establece en el artículo 15 del Reglamento Europeo de Protección de Datos (…) Y le informan de los fines del tratamiento, de las categorías de datos personales tratados, de los destinatarios o categorías de destinatarios a los que se comunican sus datos personales, del C/ Jorge Juan, 6                                                                                                                                                                        www.aepd.es 28001 - Madrid                                                                                                                                                                    sedeagpd.gob.es 2/17 plazo previsto de conservación de los datos o criterios utilizados para determ...",,,,,,
PD-00010-2026,https://www.aepd.es/documento/pd-00010-2026.pdf,1 / 12  Expediente N.º: EXP202519882 RESOLUCIÓN DE PROCEDIMIENTO DE DERECHOS Vista   la   reclamación   registrada   en   fecha   9   de   octubre   de   2025   ante   esta  Agencia   y realizadas   las   actuaciones   procedimentales   previstas   en   el   Título   VIII   de   la   Ley Orgánica...,"1/12  Expediente N.º: EXP202519882 RESOLUCIÓN DE PROCEDIMIENTO DE DERECHOS Vista la reclamación registrada en fecha 9 de octubre de 2025 ante esta Agencia y realizadas las actuaciones procedimentales previstas en el Título VIII de la Ley Orgánica 3/2018, de 5 de diciembre, de Protección de Datos Personales y garantía de los derechos digitales (en lo sucesivo, LOPDGDD), se han constatado los siguientes HECHOS PRIMERO: Con fecha 9 de octubre de 2025 tuvo entrada en esta Agencia reclamación presentada por A.A.A. (en adelante, la parte reclamante) contra COLEGIO NOTARIAL DE LAS ISLAS CANARIAS (en adelante, la parte reclamada) por no haber sido debidamente atendido el derecho de acceso. La parte reclamante indica que trabajó para la entidad reclamada, entre el 10 de septiembre de 2019 y el 12 de agosto de 2024 y que el 16 de agosto de 2024 y el 6 de agosto de 2025 (aparece sello de Correos de 06.08.25 y entrega de 08.08.25), solicitó a la citada entidad acceso al registro de jornada laboral. Con su escrito de reclamación ante la AEPD adjunta: - Correo electrónico de fecha 08/06/2024 de la parte reclamante a la parte reclamada solicitando “(…) la expedición de un informe del registro de entradas y salidas como empleada del Colegio Notarial y las vacaciones disfrutadas estando contratada.” - escrito que ha dirigido a la parte reclamada indicando que, con fecha 16 de agosto de 2024 ya solicitó acceso al registro de jornada de su período como empleada de la parte reclamada y, como no obtuvo respuesta, reitera dicha petición. El escrito está fechado el 6 de agosto de 2025 y prueba de entrega, con fecha de 8 de agosto de 2025. SEGUNDO: De conformidad con el artículo 65.4 de la LOPDGDD, se dio traslado de dicha reclamación a la parte reclamada, para que procediese a su análisis e informase a esta Agencia en el plazo de un mes, de las acciones llevadas a cabo para adecuarse a los requisitos previstos en la normativa de protección de datos. La notificación del traslado de la reclamación, que se practicó conforme a las normas establecidas en la Ley 39/2015, de 1 de octubre, del Procedimiento Administrativo Común de las Administraciones Públicas (en adelante, LPACAP), fue realizada en fecha 19/11/2025 como consta en el acuse de recibo que obra en el expediente. Con fecha 17 de diciembre de 2025 se recibe en esta Agencia escrito de respuesta indicando lo siguiente: C/ Jorge Juan, 6                                                                                                                                                                        www.aepd.es 28001 - Madrid                                                                                                                                                                    sedeagpd.gob.es 2/12 ""(...) la reclamante fue despedida el 12 de agosto de 2024 y cuatro días después -el 16 de agosto de 2024- ejerció su primer derecho de acceso al registro de su jornada laboral, el cual, como bien sabe, durante la...",,,,,,
PD-00227-2024,https://www.aepd.es/documento/pd-00227-2024.pdf,1 / 6  Expediente N.º: EXP202408573 RESOLUCIÓN DE PROCEDIMIENTO DE DERECHOS Vista   la   reclamación   registrada   en   fecha   17   de   mayo   de   2024   ante   esta  Agencia   y realizadas   las   actuaciones   procedimentales   previstas   en   el   Título   VIII   de   la   Ley Orgánica 3/...,"1/6  Expediente N.º: EXP202408573 RESOLUCIÓN DE PROCEDIMIENTO DE DERECHOS Vista la reclamación registrada en fecha 17 de mayo de 2024 ante esta Agencia y realizadas las actuaciones procedimentales previstas en el Título VIII de la Ley Orgánica 3/2018, de 5 de diciembre, de Protección de Datos Personales y garantía de los derechos digitales (en lo sucesivo LOPDGDD), se han constatado los siguientes HECHOS PRIMERO: A.A.A. (en adelante, la parte reclamante) ejerció el derecho de Supresión frente a ACADEMIA DE DESARROLLO FORMATIVO, S.L. (en adelante, la parte reclamada). La parte reclamante manifiesta que la parte reclamada ha venido tratando sus datos de contacto, al objeto de informar a su mujer sobre cursos formativos impartidos por la parte reclamada, realizando distintas llamadas a su número de teléfono, sin mediar su consentimiento previo, alegando que habían sido cedidos por el Servicio Canario de Empleo, (en adelante, SCE). Con fecha 4 de abril de 2024 remitió solicitud de supresión de sus datos, manifestando la entidad reclamada haber quedado informada de su petición si bien, pese a ello, en fecha 9 de mayo de 2024 fue contactado nuevamente a través del teléfono por la citada entidad, lo que entiende que contraviene la normativa de protección de datos. Aporta copia de escrito remitido a la parte reclamada y formulario solicitando la supresión de sus datos, correo electrónico de fecha 4 de abril de 2024 remitido a las direcciones de correo electrónico info@academiadf.com y galdar@academiadf.com y contestación recibida de la parte reclamada mediante correo electrónico informándole que su número de teléfono había sido eliminado de su base de datos aunque estaba registrado a nombre de otra persona e imagen tomada de su terminal telefónico de llamadas recibidas en su teléfono móvil en fecha 9 de mayo de 2024, desde un teléfono ligado a la parte reclamada. SEGUNDO: De conformidad con el artículo 65.4 de la Ley Orgánica 3/2018, de 5 de diciembre, de Protección de Datos Personales y garantía de los derechos digitales (en adelante LOPDGDD), se dio traslado de dicha reclamación a la parte reclamada, para que procediese a su análisis e informase a esta Agencia en el plazo de un mes, de las acciones llevadas a cabo para adecuarse a los requisitos previstos en la normativa de protección de datos. TERCERO: El resultado del trámite de traslado indicado en el Hecho anterior no permitió entender satisfechas las pretensiones de la parte reclamante. En consecuencia, con fecha 17 de agosto de 2024, a los efectos previstos en el artículo 64.1 de la LOPDGDD, la Directora de la Agencia Española de Protección de Datos acordó admitir a trámite la reclamación presentada. C/ Jorge Juan, 6 www.aepd.es 28001 – Madrid sedeagpd.gob.es 2/6 El mencionado acuerdo concedió a la parte reclamada trámite de audiencia, para que en el plazo de diez días hábiles presentase las alegaciones que estimara convenientes, formulando, en síntesis, las siguientes alegaciones: “La empresa a...",,,,,,
PD-00007-2026,https://www.aepd.es/documento/pd-00007-2026.pdf,"1 / 11  Expediente N.º: EXP202518135 RESOLUCIÓN DE PROCEDIMIENTO DE DERECHOS Vista la reclamación registrada en fecha 7 de septiembre de 2025 ante esta Agencia y realizadas   las   actuaciones   procedimentales   previstas   en   el   Título   VIII   de   la   Ley Orgánica 3/2018, de 5 de...","1/11  Expediente N.º: EXP202518135 RESOLUCIÓN DE PROCEDIMIENTO DE DERECHOS Vista la reclamación registrada en fecha 7 de septiembre de 2025 ante esta Agencia y realizadas las actuaciones procedimentales previstas en el Título VIII de la Ley Orgánica 3/2018, de 5 de diciembre, de Protección de Datos Personales y garantía de los derechos digitales (en lo sucesivo LOPDGDD), se han constatado los siguientes HECHOS PRIMERO: A.A.A. (en adelante, la parte reclamante) ejerció el derecho de Acceso y Supresión frente a GLOVOAPP SPAIN PLATFORM, S.L.U. (en adelante, la parte reclamada) sin que su solicitud haya recibido la contestación legalmente establecida. La parte reclamante manifiesta haber solicitado en fecha 18/07/2025 la supresión de sus datos personales a la entidad reclamada, recibiendo en esa misma fecha una comunicación de la entidad informando de que sus datos habían sido suprimidos. Sin embargo, su usuario seguía activo en la plataforma y pudo acceder a su cuenta con posterioridad a esta comunicación.  En fecha 19/07/2025 envía una nueva solicitud de ejercicio de derechos, en este caso, de acceso, para la que recibe un acuse en fecha 14/08/2025 indicando que ""Estamos intentando asistirle de la mejor y más rápida manera posible y procesaremos su solicitud en un plazo máximo de un mes. Puede ocurrir que necesitemos más tiempo para investigar su caso, dependiendo de la complejidad de la solicitud y del número de solicitudes que hemos recibido últimamente. En este caso, ampliaremos el plazo para nuestra comunicación y nos comunicaremos con usted en no más de 3 meses después de recibir su solicitud”.  (traducción no oficial, en inglés en el original). No obstante, según indica en el escrito de reclamación ""A día de hoy, los plazos han transcurrido sin que se haya atendido debidamente mi solicitud de acceso ni garantizado la supresión efectiva de mis datos"".  SEGUNDO: De conformidad con el artículo 65.4 de la Ley Orgánica 3/2018, de 5 de diciembre, de Protección de Datos Personales y garantía de los derechos digitales (en adelante LOPDGDD), se dio traslado de dicha reclamación a la parte reclamada, para que procediese a su análisis e informase a esta Agencia en el plazo de un mes, de las acciones llevadas a cabo para adecuarse a los requisitos previstos en la normativa de protección de datos. Con fecha 18 de diciembre de 2025 se recibe en esta Agencia escrito de respuesta indicando lo siguiente: ""(...), se han recibido dos solicitudes de ejercicios de derechos por parte de A.A.A. (en adelante, el ""reclamante""), una en fecha 18 de julio de 2025 y la otra el 19 de julio de 2025. C/ Jorge Juan, 6 www.aepd.es 28001 – Madrid sedeaepd.gob.es 2/11 En la primera, se recibió una solicitud de supresión de su cuenta en la aplicación de GLOVOAPP SPAIN PLATFORM, S.L.U (en adelante, ""Glovo""). En cambio, en la segunda, se ejercía un derecho de acceso a los datos tratados por parte de Glovo. La primera solicitud, de supresión, fue iniciada el mismo día en que se re...",,,,,,
PD-00081-2026,https://www.aepd.es/documento/pd-00081-2026.pdf,"1 / 7  Expediente N.º: EXP202603798  RESOLUCIÓN DE PROCEDIMIENTO DE DERECHOS Vista la reclamación registrada en fecha 27 de noviembre de 2025 ante esta Agencia Española de Protección de Datos (en lo sucesivo, AEPD) y realizadas las actuaciones procedimentales   previstas   en   el   Título   VIII...","1/7  Expediente N.º: EXP202603798  RESOLUCIÓN DE PROCEDIMIENTO DE DERECHOS Vista la reclamación registrada en fecha 27 de noviembre de 2025 ante esta Agencia Española de Protección de Datos (en lo sucesivo, AEPD) y realizadas las actuaciones procedimentales previstas en el Título VIII de la Ley Orgánica 3/2018, de 5 de diciembre, de Protección de Datos Personales y garantía de los derechos digitales (en lo sucesivo, LOPDGDD), se han constatado los siguientes HECHOS PRIMERO: A.A.A. (en lo sucesivo, la parte reclamante) ejerció el derecho de supresión frente a la entidad ACCIONA, S.A. con CIF. A08001851 (en lo sucesivo, ACCIONA o la parte reclamada). La parte reclamante manifiesta que, mediante correo remitido a ACCIONA el 25/10/2025 ejercitó el derecho de supresión de todos sus datos personales, incluyendo su CV y datos derivados de procesos de selección, así como la extensión de dicho borrado a terceros a los que se hubieran comunicado sin recibir respuesta alguna.  Junto con el escrito de reclamación se aporta copia del correo electrónico remitido el 25/10/2025 a la dirección accionacorp@acciona.com solicitando el borrado de todos sus datos personales, así como copia de la política de privacidad de la entidad, en la que figura publicada dicha dirección de correo electrónico como dirección de contacto. SEGUNDO: En fecha 19 de febrero de 2026 se dictó resolución de inadmisión de la reclamación, al no apreciarse indicios de infracción de la normativa. TERCERO: En fecha 22 de febrero de 2026 la parte reclamante interpone recurso de reposición al considerar que no se ha motivado las razones de dicha decisión. Reitera que solicitó el ejercicio del derecho de supresión frente a ACCIONA mediante correo electrónico previamente aportado, sin haber obtenido respuesta. CUARTO: En fecha 23 de marzo de 2026 se estima el recurso de reposición interpuesto por la parte reclamante, dejando sin efecto la inadmisión previa y acordando la continuación de la tramitación de la reclamación. QUINTO: En fecha 1 de abril de 2026 se concedió a la parte reclamada trámite de audiencia para que presentase las alegaciones que estimara convenientes. SEXTO:  En fecha 17 de abril de 2026 la parte reclamada presenta escrito de alegaciones en el que alega que no recibió la solicitud de supresión que la reclamante afirma haber enviado el 25/10/2025 e indicando que tras revisar los canales habilitados y los correos recibidos no encontró evidencia de su recepción. Señala que sí atendió ejercicios de derechos de la reclamante en mayo y julio de 2023 y que actualmente no conserva datos personales vinculados a procesos de selección, al haber sido eliminados automáticamente por inactividad conforme a su política de conservación. C/ Jorge Juan, 6                                                                                                                                                                        www.aepd.es 28001 - Madrid                                                     ...",,,,,,
PD-00002-2026,https://www.aepd.es/documento/pd-00002-2026.pdf,"1 / 11  Expediente N.º: EXP202519783 RESOLUCIÓN DE PROCEDIMIENTO DE DERECHOS Vista la reclamación registrada en fecha 15 de septiembre de 2025 ante esta Agencia y   realizadas   las   actuaciones   procedimentales   previstas   en   el   Título   VIII   de   la   Ley Orgánica 3/2018, de 5 de...","1/11  Expediente N.º: EXP202519783 RESOLUCIÓN DE PROCEDIMIENTO DE DERECHOS Vista la reclamación registrada en fecha 15 de septiembre de 2025 ante esta Agencia y realizadas las actuaciones procedimentales previstas en el Título VIII de la Ley Orgánica 3/2018, de 5 de diciembre, de Protección de Datos Personales y garantía de los derechos digitales (en lo sucesivo LOPDGDD), se han constatado los siguientes HECHOS PRIMERO:  A.A.A. (en adelante, la parte reclamante) ejerció el derecho de Acceso frente al MINISTERIO DE CIENCIA, INNOVACIÓN Y UNIVERSIDADES (en adelante, la parte reclamada) sin que su solicitud haya recibido la contestación legalmente establecida. El 15/07/25 la parte reclamante ejercitó el derecho de acceso ante la parte reclamada.  En la instancia registrada solicitaba una copia de sus datos y la copia de diversa documentación obrante en el expediente en el que se ha desestimado su solicitud de acreditación respecto del cuerpo docente de Profesores Titulares de Universidad en la rama de Ciencias Sociales y Jurídicas. Según afirma, no ha obtenido ninguna respuesta. Junto a la reclamación aporta el escrito registrado para solicitar el acceso a los datos. SEGUNDO: De conformidad con el artículo 65.4 de la Ley Orgánica 3/2018, de 5 de diciembre, de Protección de Datos Personales y garantía de los derechos digitales (en adelante LOPDGDD), se dio traslado de dicha reclamación a la parte reclamada, para que procediese a su análisis e informase a esta Agencia en el plazo de un mes, de las acciones llevadas a cabo para adecuarse a los requisitos previstos en la normativa de protección de datos. En su escrito de respuesta a las actuaciones de traslado de 18 de noviembre de 2025, la parte reclamada aporta el 16 de diciembre de 2025, entre otra, la siguiente documentación: Respuesta a la parte reclamante de 16 de diciembre de 2025 en la que se indica respecto a la cuestión “(…) Copia íntegra de los datos personales que han sido objeto de tratamiento por el Consejo de Universidades en el recurso de reposición presentado por mí contra la resolución de 25 de febrero de 2025 dictada por la Comisión de Reclamaciones de Acreditación Nacional relativa a la acreditación para acceso al cuerpo docente de Profesores Titulares de Universidad(…)” que se ha remitido un documento denominado Anexo I por el que se facilita el derecho de acceso solicitado. El mencionado Anexo I titulado “RELACIÓN DE LOS DATOS PERSONALES OBJETO DE TRATAMIENTO”, se limita a una enumeración genérica de categorías de datos (nombre, apellidos, DNI, etc.).  C/ Jorge Juan, 6 www.aepd.es 28001 – Madrid sedeaepd.gob.es 2/11 Asimismo, en la mencionada respuesta se señala que “la información solicitada se encuentra publicada en la web de este ministerio, en el documento Registro de Actividades de Tratamiento (RAT), en   el   siguiente   enlace: https://www.ciencia.gob.es/InfoGeneralPortal/PoliticaPrivacidad.html página 80 del documento RAT (TRATAMIENTO: COUNI_1 RECLAMACIÓN CONTRA LAS RESOLUC...",,,,,,
PD-00047-2026,https://www.aepd.es/documento/pd-00047-2026.pdf,"1 / 12  Expediente N.º: EXP202520412 RESOLUCIÓN DE PROCEDIMIENTO DE DERECHOS Vista la reclamación registrada en fecha 23 de septiembre de 2025 ante esta Agencia y   realizadas   las   actuaciones   procedimentales   previstas   en   el   Título   VIII   de   la   Ley Orgánica 3/2018, de 5 de...","1/12  Expediente N.º: EXP202520412 RESOLUCIÓN DE PROCEDIMIENTO DE DERECHOS Vista la reclamación registrada en fecha 23 de septiembre de 2025 ante esta Agencia y realizadas las actuaciones procedimentales previstas en el Título VIII de la Ley Orgánica 3/2018, de 5 de diciembre, de Protección de Datos Personales y garantía de los derechos digitales (en lo sucesivo, LOPDGDD), se han constatado los siguientes HECHOS PRIMERO: Con fecha 23 de septiembre de 2025 tuvo entrada en esta Agencia reclamación presentada por A.A.A. (en adelante, la parte reclamante) contra MEN MAV, S.L. (en adelante, la parte reclamada) por no haber sido debidamente atendido su derecho de acceso. La parte reclamante expone que el 5 de junio de 2025, contrató con la parte reclamada un bono de 23 sesiones de ***TRATAMIENTO.1 y que, tras el conocimiento del cierre repentino de la clínica, ha ejercido su derecho de acceso. Aporta, entre otros: - Correo electrónico de fecha 12 de agosto de 2025 de la parte reclamante dirigido a dpd@clinicasorigen.es indicando, en síntesis, que había contratado con Clínicas Origen, en  ***LOCALIDAD.1, varias sesiones  de ***TRATAMIENTO.1, y que, tras el cierre de dicha clínica, solicita la devolución proporcional del importe por las sesiones no realizadas, y, además: “1. La ubicación actual de mis datos personales (historial clínico, anotaciones, tests y demás documentación) 2. Quién es el responsable del tratamiento de dichos datos tras el cierre de la clínica. 3. Las medidas adoptadas para garantizar la confidencialidad y evitar cualquier uso indebido o acceso no autorizado. 4. El procedimiento para el ejercicio de mis derechos de acceso, rectificación, supresión y portabilidad, así como, en su caso, la destrucción de mis datos.” - Correo electrónico de fecha 12 de agosto de 2025 de la parte reclamante dirigido a central@dorsia.es en términos similares al remitido a dpd@clinicasorigen.es, SEGUNDO: De conformidad con el artículo 65.4 de la LOPDGDD, se dio traslado de dicha reclamación a la parte reclamada, para que procediese a su análisis e informase a esta Agencia en el plazo de un mes, de las acciones llevadas a cabo para adecuarse a los requisitos previstos en la normativa de protección de datos. La notificación del traslado de la reclamación, que se practicó conforme a las normas establecidas en la Ley 39/2015, de 1 de octubre, del Procedimiento Administrativo Común de las Administraciones Públicas (en adelante, LPACAP) mediante notificación C/ Jorge Juan, 6                                                                                                                                                                        www.aepd.es 28001 - Madrid                                                                                                                                                                    sedeagpd.gob.es 2/12 electrónica, no fue recogida por la parte reclamada, dentro del plazo de puesta a disposición, entendiéndose rechaza...",,,,,,
PD-00090-2026,https://www.aepd.es/documento/pd-00090-2026.pdf,1 / 5  Expediente N.º: EXP202600488   RESOLUCIÓN DE PROCEDIMIENTO DE DERECHOS Vista   la   reclamación   registrada   en   fecha   23   de   octubre   de   2025   ante   esta  Agencia   y realizadas   las   actuaciones   procedimentales   previstas   en   el   Título   VIII   de   la   Ley...,"1/5  Expediente N.º: EXP202600488   RESOLUCIÓN DE PROCEDIMIENTO DE DERECHOS Vista la reclamación registrada en fecha 23 de octubre de 2025 ante esta Agencia y realizadas las actuaciones procedimentales previstas en el Título VIII de la Ley Orgánica 3/2018, de 5 de diciembre, de Protección de Datos Personales y garantía de los derechos digitales (en lo sucesivo LOPDGDD), se han constatado los siguientes HECHOS PRIMERO: La parte reclamante ejerció derecho de Acceso frente al reclamado y su solicitud, según manifiesta la parte reclamante, no recibió la contestación legalmente establecida. La parte reclamante aporta diversa documentación relativa a la reclamación planteada ante esta Agencia y sobre el ejercicio del derecho ejercitado. SEGUNDO    : Una vez cumplido el trámite previsto en el artículo 65.4 de la LOPDGDD, se admitió a trámite la reclamación y se concedió a la entidad reclamada trámite de audiencia, para que en el plazo de diez días hábiles presentase las alegaciones que estimara convenientes. La entidad reclamada no ha acreditado, con ocasión de los trámites formalizados, que haya dado respuesta a la solicitud de ejercicio de derechos que le fue presentada por la parte reclamante. FUNDAMENTOS DE DERECHO I  Competencia De acuerdo con los poderes que el artículo 58.2 del Reglamento (UE) 2016/679 (Reglamento General de Protección de Datos, en adelante RGPD), otorga a cada autoridad de control y según lo establecido en los artículos 47, 48.1 y 64.1 de la Ley Orgánica 3/2018, de 5 de diciembre, de Protección de Datos Personales y garantía de los derechos digitales (en adelante, LOPDGDD), es competente para resolver este procedimiento la Presidencia de la Agencia Española de Protección de Datos. Asimismo, el artículo 63.2 de la LOPDGDD determina que: ""Los procedimientos tramitados por la Agencia Española de Protección de Datos se regirán por lo dispuesto en el Reglamento (UE) 2016/679, en la presente ley orgánica, por las disposiciones reglamentarias dictadas en su desarrollo y, en cuanto no las contradigan, con carácter subsidiario, por las normas generales sobre los procedimientos administrativos."" II  Cuestiones previas De conformidad con lo establecido en el artículo 55 del RGPD, la Agencia Española de Protección de Datos es competente para desempeñar las funciones que se le asignan C/ Jorge Juan, 6 www.aepd.es 28001 – Madrid sedeaepd.gob.es 2/5 en su artículo 57, entre ellas, la de hacer aplicar el Reglamento y promover la sensibilización de los responsables y los encargados del tratamiento acerca de las obligaciones que les incumben, así como tratar las reclamaciones presentadas por un interesado e investigar, en la medida oportuna, el motivo de las mismas.  Correlativamente, el artículo 31 del RGPD establece la obligación de los responsables y encargados del tratamiento de cooperar con la autoridad de control que lo solicite en el desempeño de sus funciones. Para el caso de que éstos hayan designado un delegado de protección de datos, ...",,,,,,
PD-00091-2026,https://www.aepd.es/documento/pd-00091-2026.pdf,"1 / 5  Expediente N.º: EXP202602357   RESOLUCIÓN DE PROCEDIMIENTO DE DERECHOS Vista la reclamación registrada en fecha 13 de noviembre de 2025 ante esta Agencia y realizadas   las   actuaciones   procedimentales   previstas   en   el   Título   VIII   de   la   Ley Orgánica 3/2018, de 5 de...","1/5  Expediente N.º: EXP202602357   RESOLUCIÓN DE PROCEDIMIENTO DE DERECHOS Vista la reclamación registrada en fecha 13 de noviembre de 2025 ante esta Agencia y realizadas las actuaciones procedimentales previstas en el Título VIII de la Ley Orgánica 3/2018, de 5 de diciembre, de Protección de Datos Personales y garantía de los derechos digitales (en lo sucesivo LOPDGDD), se han constatado los siguientes HECHOS PRIMERO: La parte reclamante ejerció derecho de Acceso frente al reclamado y su solicitud, según manifiesta la parte reclamante, no recibió la contestación legalmente establecida. La parte reclamante aporta diversa documentación relativa a la reclamación planteada ante esta Agencia y sobre el ejercicio del derecho ejercitado. SEGUNDO    : Una vez cumplido el trámite previsto en el artículo 65.4 de la LOPDGDD, se admitió a trámite la reclamación y se concedió a la entidad reclamada trámite de audiencia, para que en el plazo de diez días hábiles presentase las alegaciones que estimara convenientes. La entidad reclamada no ha acreditado, con ocasión de los trámites formalizados, que haya dado respuesta a la solicitud de ejercicio de derechos que le fue presentada por la parte reclamante. FUNDAMENTOS DE DERECHO I  Competencia De acuerdo con los poderes que el artículo 58.2 del Reglamento (UE) 2016/679 (Reglamento General de Protección de Datos, en adelante RGPD), otorga a cada autoridad de control y según lo establecido en los artículos 47, 48.1 y 64.1 de la Ley Orgánica 3/2018, de 5 de diciembre, de Protección de Datos Personales y garantía de los derechos digitales (en adelante, LOPDGDD), es competente para resolver este procedimiento la Presidencia de la Agencia Española de Protección de Datos. Asimismo, el artículo 63.2 de la LOPDGDD determina que: ""Los procedimientos tramitados por la Agencia Española de Protección de Datos se regirán por lo dispuesto en el Reglamento (UE) 2016/679, en la presente ley orgánica, por las disposiciones reglamentarias dictadas en su desarrollo y, en cuanto no las contradigan, con carácter subsidiario, por las normas generales sobre los procedimientos administrativos."" II  Cuestiones previas De conformidad con lo establecido en el artículo 55 del RGPD, la Agencia Española de Protección de Datos es competente para desempeñar las funciones que se le asignan C/ Jorge Juan, 6 www.aepd.es 28001 – Madrid sedeaepd.gob.es 2/5 en su artículo 57, entre ellas, la de hacer aplicar el Reglamento y promover la sensibilización de los responsables y los encargados del tratamiento acerca de las obligaciones que les incumben, así como tratar las reclamaciones presentadas por un interesado e investigar, en la medida oportuna, el motivo de las mismas.  Correlativamente, el artículo 31 del RGPD establece la obligación de los responsables y encargados del tratamiento de cooperar con la autoridad de control que lo solicite en el desempeño de sus funciones. Para el caso de que éstos hayan designado un delegado de protección de datos...",,,,,,
PD-00016-2026,https://www.aepd.es/documento/pd-00016-2026.pdf,"1 / 13  Expediente N.º: EXP202520684 - RESOLUCIÓN DE PROCEDIMIENTO DE DERECHOS Vista la reclamación registrada en fecha 21 de septiembre de 2025 ante esta Agencia y   realizadas   las   actuaciones   procedimentales   previstas   en   el   Título   VIII   de   la   Ley Orgánica 3/2018, de 5 de...","1/13  Expediente N.º: EXP202520684 - RESOLUCIÓN DE PROCEDIMIENTO DE DERECHOS Vista la reclamación registrada en fecha 21 de septiembre de 2025 ante esta Agencia y realizadas las actuaciones procedimentales previstas en el Título VIII de la Ley Orgánica 3/2018, de 5 de diciembre, de Protección de Datos Personales y garantía de los derechos digitales (en lo sucesivo LOPDGDD), se han constatado los siguientes HECHOS PRIMERO: Con fecha 21 de septiembre de 2026 tuvo entrada en esta Agencia reclamación presentada por A.A.A. (en adelante, la parte reclamante) contra EDICIONES EL PAÍS, S.L. (en adelante, la parte reclamada) por no haber sido debidamente atendido el derecho de supresión en relación con una serie de URLs que trascribe en su reclamación. La parte reclamante fue (…). Sin embargo, en 2011 el ***JUZGADO.1 de ***LOCALIDAD.1 dicta sentencia por la que se le absuelve del delito referido.  Consta que la parte reclamante solicita a los medios reclamados: - Anonimización total y definitiva de todos sus datos personales (nombre completo, iniciales y fotografía) de las noticias publicadas. - Eliminación total de rastros en buscadores (desindexación inmediata): requerir de forma inmediata y efectiva a los motores de búsqueda (Google, etc.) la desindexación total de todos los enlaces. - Cualquier otro rastro de contenido que le identifique, ya sea por nombre completo o mediante iniciales. Argumenta que no es una persona pública ni de relevancia enciclopédica y que la publicación de sus datos personales (nombre completo o iniciales) resulta inexacta e incompleta al omitir la verdad judicial más reciente: su absolución. Junto con el escrito de reclamación acompaña: - comunicaciones de la parte reclamada atendiendo el derecho de supresión o la anonimización de su nombre y apellidos (sustitución por iniciales),  - sentencia del ***JUZGADO.1 de ***LOCALIDAD.1, (...), de fecha ***FECHA.1 de 2011, que indica “(…) absolver libremente a estos dos últimos de la comisión de dicha infracción en concepto de (...), manteniendo, en lo restante, los demás pronunciamientos que contiene la resolución apelada (…)” C/ Jorge Juan, 6 www.aepd.es 28001 – Madrid sedeaepd.gob.es 2/13 - Auto de la Audiencia Provincial de ***LOCALIDAD.1 Sección nº XX de fecha ***FECHA.2 de 2012 donde “(…) se declara firme la Sentencia dictada en esta causa (…)” - certificado para hacer constar la falta de antecedentes penales, de septiembre de 2025. SEGUNDO: Consta en esta Agencia que la parte reclamante ha presentado 10 escritos de reclamación entre los días 21 de septiembre y 26 de noviembre de 2025, en los que, en síntesis, reitera lo señalado en el Hecho Primero. TERCERO: De conformidad con el artículo 65.4 de la LOPDGDD, se dio traslado de dicha reclamación a la parte reclamada, para que procediese a su análisis e informase a esta Agencia en el plazo de un mes, de las acciones llevadas a cabo para adecuarse a los requisitos previstos en la normativa de protección de datos. La notificación d...",,,,,,
PD-00060-2026,https://www.aepd.es/documento/pd-00060-2026.pdf,"1 / 10  Expediente N.º: ***REFERENCIA.1 RESOLUCIÓN DE PROCEDIMIENTO DE DERECHOS Vista la reclamación registrada en fecha 29 de septiembre de 2025 ante esta Agencia y   realizadas   las   actuaciones   procedimentales   previstas   en   el   Título   VIII   de   la   Ley Orgánica 3/2018, de 5 de...","1/10  Expediente N.º: ***REFERENCIA.1 RESOLUCIÓN DE PROCEDIMIENTO DE DERECHOS Vista la reclamación registrada en fecha 29 de septiembre de 2025 ante esta Agencia y realizadas las actuaciones procedimentales previstas en el Título VIII de la Ley Orgánica 3/2018, de 5 de diciembre, de Protección de Datos Personales y garantía de los derechos digitales (en lo sucesivo, LOPDGDD), se han constatado los siguientes HECHOS PRIMERO: Con fecha 29 de septiembre de 2025 tuvo entrada en esta Agencia reclamación presentada por A.A.A. (en adelante, la parte reclamante) contra SECURITAS DIRECT ESPAÑA, S.A. (en adelante, la parte reclamada) por no haber sido debidamente atendido el derecho de acceso. El 10 de agosto de 2025 la parte reclamante ejercitó el derecho de acceso ante la parte reclamada. A los citados efectos envió un correo electrónico en el que solicitaba las copias de las llamadas que habían sido grabadas o transcripción de las mismas. Según afirma, la parte reclamada ni le ha facilitado el acceso ni le han contestado. Junto a la reclamación aporta: - Correo electrónico de fecha 09 de agosto de 2025 de la parte reclamante dirigido a info@securitasdirect.es solicitando “Copia de todas las llamadas que tengas en las que me hayan grabado, o transcripción de las mismas. En caso de que necesiten más datos pueden comunicarse conmigo (…)” - Respuesta de la parte reclamada con fecha 10 de agosto de 2025 indicando: “Para que su solicitud pueda ser gestionada por el asesor adecuado, ¿podría facilitarnos más información sobre el motivo de su consulta? (…)” - Correo electrónico de la parte reclamante de fecha 10 de agosto de 2025 respondiendo a la parte reclamada: ”Pues quiero las grabaciones y/o transcripción para aclarar información de la contratación y posterior servicio de atención al cliente, por tanto necesito todas las llamadas (…)” La parte reclamante aportó copia de un formulario para el ejercicio de los derechos en el que indica “Dado que no sé cuántos audios, cuándo han sido grabados ni para qué trámites solicito todos los audios de los que disponga la mercantil Securitas Direct.” SEGUNDO: De conformidad con el artículo 65.4 de la LOPDGDD, se dio traslado de dicha reclamación a la parte reclamada, para que procediese a su análisis e informase a esta Agencia en el plazo de un mes, de las acciones llevadas a cabo para adecuarse a los requisitos previstos en la normativa de protección de datos. C/ Jorge Juan, 6                                                                                                                                                                        www.aepd.es 28001 - Madrid                                                                                                                                                                    sedeagpd.gob.es 2/10 La notificación del traslado de la reclamación, que se practicó conforme a las normas establecidas en la Ley 39/2015, de 1 de octubre, del Procedimiento Administrativo Común ...",,,,,,
PD-00088-2026,https://www.aepd.es/documento/pd-00088-2026.pdf,1 / 5  Expediente N.º: EXP202600363   RESOLUCIÓN DE PROCEDIMIENTO DE DERECHOS Vista   la   reclamación   registrada   en   fecha   17   de   octubre   de   2025   ante   esta  Agencia   y realizadas   las   actuaciones   procedimentales   previstas   en   el   Título   VIII   de   la   Ley...,"1/5  Expediente N.º: EXP202600363   RESOLUCIÓN DE PROCEDIMIENTO DE DERECHOS Vista la reclamación registrada en fecha 17 de octubre de 2025 ante esta Agencia y realizadas las actuaciones procedimentales previstas en el Título VIII de la Ley Orgánica 3/2018, de 5 de diciembre, de Protección de Datos Personales y garantía de los derechos digitales (en lo sucesivo LOPDGDD), se han constatado los siguientes HECHOS PRIMERO: La parte reclamante ejerció derecho de Supresión frente al reclamado y su solicitud, según manifiesta la parte reclamante, no recibió la contestación legalmente establecida. La parte reclamante aporta diversa documentación relativa a la reclamación planteada ante esta Agencia y sobre el ejercicio del derecho ejercitado. SEGUNDO    : Una vez cumplido el trámite previsto en el artículo 65.4 de la LOPDGDD, se admitió a trámite la reclamación y se concedió a la entidad reclamada trámite de audiencia, para que en el plazo de diez días hábiles presentase las alegaciones que estimara convenientes. La entidad reclamada no ha acreditado, con ocasión de los trámites formalizados, que haya dado respuesta a la solicitud de ejercicio de derechos que le fue presentada por la parte reclamante. FUNDAMENTOS DE DERECHO I  Competencia De acuerdo con los poderes que el artículo 58.2 del Reglamento (UE) 2016/679 (Reglamento General de Protección de Datos, en adelante RGPD), otorga a cada autoridad de control y según lo establecido en los artículos 47, 48.1 y 64.1 de la Ley Orgánica 3/2018, de 5 de diciembre, de Protección de Datos Personales y garantía de los derechos digitales (en adelante, LOPDGDD), es competente para resolver este procedimiento la Presidencia de la Agencia Española de Protección de Datos. Asimismo, el artículo 63.2 de la LOPDGDD determina que: ""Los procedimientos tramitados por la Agencia Española de Protección de Datos se regirán por lo dispuesto en el Reglamento (UE) 2016/679, en la presente ley orgánica, por las disposiciones reglamentarias dictadas en su desarrollo y, en cuanto no las contradigan, con carácter subsidiario, por las normas generales sobre los procedimientos administrativos."" C/ Jorge Juan, 6 www.aepd.es 28001 – Madrid sedeaepd.gob.es 2/5 II  Cuestiones previas De conformidad con lo establecido en el artículo 55 del RGPD, la Agencia Española de Protección de Datos es competente para desempeñar las funciones que se le asignan en su artículo 57, entre ellas, la de hacer aplicar el Reglamento y promover la sensibilización de los responsables y los encargados del tratamiento acerca de las obligaciones que les incumben, así como tratar las reclamaciones presentadas por un interesado e investigar, en la medida oportuna, el motivo de las mismas.  Correlativamente, el artículo 31 del RGPD establece la obligación de los responsables y encargados del tratamiento de cooperar con la autoridad de control que lo solicite en el desempeño de sus funciones. Para el caso de que éstos hayan designado un delegado de protección de dato...",,,,,,
PD-00030-2023,https://www.aepd.es/documento/pd-00030-2023.pdf,"1 / 8  Expediente N.º: EXP202202901 RESOLUCIÓN  N.º:  R/00497/2023 Vista  la  reclamación  formulada  el  31 de  enero  de  2022  ante  esta  Agencia   por A.A.A. contra   CAIXABANK,   S.A.   por   no   haber   sido   debidamente   atendido   su   derecho   de acceso. Realizadas   las...","1/8  Expediente N.º: EXP202202901 RESOLUCIÓN N.º:  R/00497/2023 Vista la reclamación formulada el 31 de enero de 2022 ante esta Agencia por A.A.A. contra CAIXABANK, S.A. por no haber sido debidamente atendido su derecho de acceso. Realizadas las actuaciones procedimentales previstas en el Título VIII de la Ley Orgánica 3/2018, de 5 de diciembre, de Protección de Datos Personales y garantía de los derechos digitales (en lo sucesivo LOPDGDD), se han constatado los siguientes HECHOS PRIMERO: A.A.A. (en adelante, la parte reclamante) es presidente de una Comunidad de propietarios desde 2008. Por ello, junto con el entonces Secretario, abrieron una cuenta corriente en Caixabank (en adelante, la parte reclamada), para lo que aportaron diversos datos y documentos. Con motivo de unos incidentes con esa cuenta corriente, que fue bloqueada, en noviembre de 2020 acudieron a la sucursal bancaria donde fue abierta la parte reclamante y la vigente secretaria de la Comunidad. Posteriormente, con fecha 21 de diciembre de 2020 la parte reclamante recibió un correo electrónico de la directora de la sucursal para intentar desbloquear dicha cuenta. “(…) No obstante esto, y en busca de resolver el bloqueo que se mantenía a la cuenta de la Cdad. decidí no darle importancia al uso que realizó la directora de la sucursal del ***CENTRO.1 de mi correo electrónico personal, pese a que nunca he autorizado el uso de mi correo personal para su uso en la cuenta de la Comunidad.” Tras un numeroso intercambio de correos electrónicos entre las partes, como la parte reclamante considera que no se ha atendido su petición, presentó reclamación ante esta Agencia, indicando que “Ante todo lo relacionado y expuesto ante esta Agencia Española de Protección de Datos y entendiendo que se ha vulnerado mi privacidad personal, abusando de una superioridad al tener acceso a TODOS los datos personales de los clientes de la Entidad CAIXABANK. Utilizando reiteradamente un correo electrónico personal, sin autorización ni consentimiento del que suscribe esta denuncia. Y después de haber solicitado en varias ocasiones que se me dieran las explicaciones oportunas sobre una denuncia que yo jamás había interpuesto y que desconocía su contenido y habiendo sufrido un acoso por parte del personal de los Servicios jurídicos y de Atención al Cliente de CAIXABANK, vengo a solicitarles que admitan mi denuncia y que soliciten a la parte denunciada que aporten los documentos para acreditar “LA AUTORIZACIÓN PARA EL USO DE MI CORREO ELECTRÓNICO PERSONAL” para temas relacionados con la Comunidad de propietarios que presido. Así, les solicito que aporten copia certificada de su autenticidad de los siguientes documentos: C/ Jorge Juan, 6 www.aepd.es 28001 – Madrid sedeagpd.gob.es 2/8 Ficha de apertura de la cuenta de la comunidad de la Sucursal nº ***REFERENCIA.1, así como las copias de los documentos que el aquel momento se presentaron por parte del Secretario y del Presidente de la Comunidad de Propietarios. Igu...",,,,,,
PD-00092-2026,https://www.aepd.es/documento/pd-00092-2026.pdf,1 / 4  Expediente N.º: EXP202520176 RESOLUCIÓN DE PROCEDIMIENTO DE DERECHOS Vista   la   reclamación   registrada   en   fecha   6   de   octubre   de   2025   ante   esta  Agencia   y realizadas   las   actuaciones   procedimentales   previstas   en   el   Título   VIII   de   la   Ley Orgánica 3...,"1/4  Expediente N.º: EXP202520176 RESOLUCIÓN DE PROCEDIMIENTO DE DERECHOS Vista la reclamación registrada en fecha 6 de octubre de 2025 ante esta Agencia y realizadas las actuaciones procedimentales previstas en el Título VIII de la Ley Orgánica 3/2018, de 5 de diciembre, de Protección de Datos Personales y garantía de los derechos digitales (en lo sucesivo LOPDGDD), se han constatado los siguientes HECHOS PRIMERO: La parte reclamante ejerció el derecho de Acceso frente al reclamado y su solicitud, según manifiesta la parte reclamante, no recibió la contestación legalmente establecida. La parte reclamante aporta diversa documentación relativa a la reclamación planteada ante esta Agencia y sobre el ejercicio del derecho ejercitado. SEGUNDO    : Una vez cumplido el trámite previsto en el artículo 65.4 de la LOPDGDD, se admitió a trámite la reclamación y se concedió a la entidad reclamada trámite de audiencia, para que en el plazo de diez días hábiles presentase las alegaciones que estimara convenientes. La entidad reclamada, con ocasión de los trámites formalizados, ha acreditado ante esta Agencia haber atendido el derecho ejercitado y remitido a la parte reclamante la debida respuesta a su solicitud. FUNDAMENTOS DE DERECHO I  Competencia De acuerdo con los poderes que el artículo 58.2 del Reglamento (UE) 2016/679 (Reglamento General de Protección de Datos, en adelante RGPD), otorga a cada autoridad de control y según lo establecido en los artículos 47, 48.1 y 64.1 de la Ley Orgánica 3/2018, de 5 de diciembre, de Protección de Datos Personales y garantía de los derechos digitales (en adelante, LOPDGDD), es competente para resolver este procedimiento la Presidencia de la Agencia Española de Protección de Datos. Asimismo, el artículo 63.2 de la LOPDGDD determina que: ""Los procedimientos tramitados por la Agencia Española de Protección de Datos se regirán por lo dispuesto en el Reglamento (UE) 2016/679, en la presente ley orgánica, por las disposiciones reglamentarias dictadas en su desarrollo y, en cuanto no las contradigan, con carácter subsidiario, por las normas generales sobre los procedimientos administrativos."" C/ Jorge Juan, 6 www.aepd.es 28001 – Madrid sedeaepd.gob.es 2/4 II  Cuestiones previas De conformidad con lo establecido en el artículo 55 del RGPD, la Agencia Española de Protección de Datos es competente para desempeñar las funciones que se le asignan en su artículo 57, entre ellas, la de hacer aplicar el Reglamento y promover la sensibilización de los responsables y los encargados del tratamiento acerca de las obligaciones que les incumben, así como tratar las reclamaciones presentadas por un interesado e investigar, en la medida oportuna, el motivo de las mismas.  Correlativamente, el artículo 31 del RGPD establece la obligación de los responsables y encargados del tratamiento de cooperar con la autoridad de control que lo solicite en el desempeño de sus funciones. Para el caso de que éstos hayan designado un delegado de protección ...",,,,,,
PD-00096-2026,https://www.aepd.es/documento/pd-00096-2026.pdf,"1 / 7  Expediente N.º: EXP202601634 RESOLUCIÓN DE PROCEDIMIENTO DE DERECHOS Vista la reclamación registrada en fecha 4 de noviembre de 2025 ante esta Agencia y realizadas   las   actuaciones   procedimentales   previstas   en   el   Título   VIII   de   la   Ley Orgánica 3/2018, de 5 de diciembre...","1/7  Expediente N.º: EXP202601634 RESOLUCIÓN DE PROCEDIMIENTO DE DERECHOS Vista la reclamación registrada en fecha 4 de noviembre de 2025 ante esta Agencia y realizadas las actuaciones procedimentales previstas en el Título VIII de la Ley Orgánica 3/2018, de 5 de diciembre, de Protección de Datos Personales y garantía de los derechos digitales (en lo sucesivo LOPDGDD), se han constatado los siguientes HECHOS PRIMERO: A.A.A. (en adelante, la parte reclamante) ejerció el derecho de Supresión frente a VOX ESPAÑA (en adelante, la parte reclamada) sin que su solicitud haya recibido la contestación legalmente establecida. La parte reclamante manifiesta que, el pasado octubre, se percató de que el partido reclamado ha utilizado su nombre, ilegítimamente y sin su consentimiento, en una candidatura del partido en las elecciones municipales de Madrid de 2019, concretamente en la circunscripción electoral El Álamo de la Junta Electoral de Zona de Navalcarnero.  La candidatura consta publicada en el Boletín Oficial de la Comunidad de Madrid (...), accesible a través de: ***URL.1 Por ello, en fecha 27/10/25, se dirige al partido reclamado, a través del canal habilitado para el ejercicio de derechos, solicitando la supresión o anonimización de sus datos personales, sin haberse eliminado su titularidad de la candidatura.  Junto con el escrito de reclamación acompaña la solicitud de supresión cursada. SEGUNDO: De conformidad con el artículo 65.4 de la Ley Orgánica 3/2018, de 5 de diciembre, de Protección de Datos Personales y garantía de los derechos digitales (en adelante LOPDGDD), se dio traslado de dicha reclamación a la parte reclamada, para que procediese a su análisis e informase a esta Agencia en el plazo de un mes, de las acciones llevadas a cabo para adecuarse a los requisitos previstos en la normativa de protección de datos. En su escrito de respuesta a las actuaciones de traslado de 29 de enero de 2026, la parte reclamada señala: SEXTA. Sobre el ejercicio del derecho de supresión y las medidas adoptadas  La interesada ejercitó derecho de supresión frente a esta entidad. Tras el análisis correspondiente por la Delegación de Protección de Datos, se le dio respuesta expresa y motivada, informándole de que:  C/ Jorge Juan, 6 www.aepd.es 28001 – Madrid sedeaepd.gob.es 2/7 Se ha procedido a la supresión y bloqueo de sus datos personales en todos aquellos sistemas internos en los que ello resulta legalmente posible, conforme a los artículos 17 y 18 del Reglamento (UE) 2016/679.  Se conservarán únicamente aquellos datos cuya conservación resulte necesaria para el cumplimiento de obligaciones legales o para la formulación, ejercicio o defensa de reclamaciones, quedando debidamente bloqueados y limitados.  El derecho ejercitado ha sido, por tanto, atendido dentro de los límites establecidos en el artículo 17 del RGPD, cuyo contenido no es absoluto cuando concurren obligaciones legales o fines legítimos de defensa jurídica.  TERCERO:  El resultado del trámite d...",,,,,,
PD-00003-2026,https://www.aepd.es/documento/pd-00003-2026.pdf,"1 / 12  Expediente N.º: EXP202518776 RESOLUCIÓN DE PROCEDIMIENTO DE DERECHOS Vista la reclamación registrada en fecha 25 de septiembre de 2025 ante esta Agencia y   realizadas   las   actuaciones   procedimentales   previstas   en   el   Título   VIII   de   la   Ley Orgánica 3/2018, de 5 de...","1/12  Expediente N.º: EXP202518776 RESOLUCIÓN DE PROCEDIMIENTO DE DERECHOS Vista la reclamación registrada en fecha 25 de septiembre de 2025 ante esta Agencia y realizadas las actuaciones procedimentales previstas en el Título VIII de la Ley Orgánica 3/2018, de 5 de diciembre, de Protección de Datos Personales y garantía de los derechos digitales (en lo sucesivo, LOPDGDD), se han constatado los siguientes HECHOS PRIMERO: Con fecha 25 de septiembre de 2025 tuvo entrada en esta Agencia reclamación presentada por A.A.A. (en adelante, la parte reclamante) contra HEREDESAN, SL. (en adelante, la parte reclamada) por no haber sido debidamente atendido el derecho de supresión. La parte reclamante manifiesta que, en fecha 23 de junio de 2025, remitió un correo electrónico a la parte reclamada, a la dirección de correo electrónico que figura en su declaración de privacidad solicitando la supresión de sus datos, y que recibió respuesta en fecha 26 de junio de 2025, donde le indicaron una segunda dirección de correo electrónico a la que dirigirse para el ejercicio de sus derechos. Señala que se puso en contacto con dicha dirección, desde la cual, en fecha 30 de junio de 2025, le solicitaron que rellenara un formulario y adjuntara copia de su documento de identidad para tramitar su solicitud. La parte reclamante, con fecha 1 de julio de 2025, contestó adjuntando el formulario cumplimentado e indicando que no tiene necesidad de adjuntar su DNI ya que está ejercitando su derecho a través del correo electrónico que tienen registrado en el sistema de la parte reclamada. La parte reclamante aporta, entre otros documentos: - Correo electrónico de fecha 23 de junio de 2025 de la parte reclamante dirigido a ***EMAIL.1 solicitando la supresión de sus datos. - Respuesta de ***EMAIL.1 a la parte reclamante indicándole la dirección de correo electrónico donde tiene que solicitar la supresión. - Correo electrónico de la parte reclamante a la parte reclamada de fecha 26 de junio de 2025 solicitando la supresión de sus datos. - Correo de la parte reclamada a la parte reclamante de fecha 30 de junio de 2025 en el que le adjuntan la solicitud que debe cumplimentar y devolver junto con copia del DNI.: “Le adjuntamos la solicitud que tiene que emitirnos cumplimentado con copia del DNI” - Correo electrónico de la parte reclamante a la parte reclamada de fecha 1 de julio de 2025  “Adjunto el documento rellenado. Estoy escribiendo desde el email que tienen registrado en el sistema por lo que pueden verificar que soy yo sin necesidad C/ Jorge Juan, 6 www.aepd.es 28001 – Madrid sedeaepd.gob.es 2/12 de adjuntar mi DNI ya que es un dato sensible y no es obligatorio adjuntarlo para suprimir datos cuando se puede verificar la identidad por otro medio.” - Varios correos electrónicos de la parte reclamante remitidos a las dos direcciones donde había solicitado la supresión de sus datos, recordando que seguía sin obtener ninguna respuesta a su ejercicio, sin que desde ninguna de esas dire...",,,,,,
AI-00418-2024,https://www.aepd.es/documento/ai-00418-2024.pdf,1 / 5  Expediente N.º: EXP202506260 RESOLUCIÓN DE ARCHIVO DE ACTUACIONES De las actuaciones practicadas por la Agencia Española de Protección de Datos  y en  base a los siguientes HECHOS PRIMERO : La Agencia Española de Protección de Datos tuvo conocimiento de ciertos hechos   que   podrían...,"1/5  Expediente N.º: EXP202506260 RESOLUCIÓN DE ARCHIVO DE ACTUACIONES De las actuaciones practicadas por la Agencia Española de Protección de Datos y en  base a los siguientes HECHOS PRIMERO: La Agencia Española de Protección de Datos tuvo conocimiento de ciertos hechos que podrían constituir una posible infracción imputable a A.A.A., con NIF ***NIF.1 (en adelante, A.A.A.) por el tratamiento de datos personales relativo a la publicación de un vídeo en el canal de Youtube ***USUARIO.1. El vídeo se encontraba disponible en los siguientes enlaces:  - ***URL.1 - ***URL.2 SEGUNDO: En fecha 11 de octubre de 2024, esta Agencia instó la retirada de la publicación localizable en las direcciones electrónicas referidas. En fecha 14 de octubre de 2024, se comprobó por este organismo que los contenidos señalados ya no estaban disponibles, corroborando esta afirmación GOOGLE IRELAND LIMITED en su escrito de 15 de octubre de 2024. TERCERO: Como consecuencia de los hechos conocidos, con fecha 21 de noviembre de 2024, la Directora de la Agencia Española de Protección de Datos instó a la Subdirección General de Inspección de Datos (SGID) a iniciar las actuaciones previas de investigación a las que se refiere el artículo 67 de la Ley Orgánica 3/2018, de 5 de diciembre, de Protección de Datos Personales y garantía de los derechos digitales (en adelante, LOPDGDD). 1) En fecha 10 de enero de 2024, se recibió en esta Agencia información por parte de GOOGLE IRELAND LIMITED referente a los datos identificativos del usuario ***USUARIO.1 y dirección IP utilizada para subir el contenido entre las fechas (…). En el escrito GOOGLE IRELAND LIMITED aportaba la siguiente información: GOOGLE SUBSCRIBER INFORMATION  - (…) - (…) - (…)  - (…)  - (…) ACCOUNT RECOVERY  - (…)  - (…)  - (…) C/ Jorge Juan, 6 www.aepd.es 28001 – Madrid sedeaepd.gob.es 2/5 (…) 2) En fecha 17 de enero de 2025, esta Agencia comprobó en la página de consulta de numeración de la Comisión de los Mercados y la Competencia https://numeracionyoperadores.cnmc.es/portabilidad/movil que el número de teléfono aportado pertenece a la compañía ***OPERADORA.1. 3) En fecha 21 de enero de 2025, se recibió en esta Agencia escrito de respuesta de TELEFÓNICA MÓVILES ESPAÑA, S.A. al requerimiento de información referente a la titularidad de la línea de abonado del número ***TELÉFONO.1 especificando nombre/razón social, NIF/CIF y domicilio. Se aportó la siguiente información: - Titularidad: A.A.A. - NIF: ***NIF.1 - Domicilio: ***DIRECCIÓN.1 4) Las publicaciones continúan sin estar disponibles.  FUNDAMENTOS DE DERECHO I  Competencia De acuerdo con las funciones que el artículo 57.1 a), f) y h) del Reglamento (UE) 2016/679 (Reglamento general de protección de datos, en adelante RGPD) confiere a cada autoridad de control y según lo dispuesto en los artículos 47 y 48.1 de la Ley Orgánica 3/2018, de 5 de diciembre, de Protección de Datos Personales y garantía de los derechos digitales (en lo sucesivo LOPDGDD), es competente para r...",,,,,,
AI-00174-2025,https://www.aepd.es/documento/ai-00174-2025.pdf,"1 / 6  Expediente  N.º: EXP202416307 RESOLUCIÓN DE ARCHIVO DE ACTUACIONES De   las   actuaciones   practicadas   por   la  Agencia   Española   de   Protección   de   Datos   y teniendo como base los siguientes HECHOS PRIMERO : Con fecha 20/10/2024, se presentó reclamación ante la Agencia Española...","1/6  Expediente N.º: EXP202416307 RESOLUCIÓN DE ARCHIVO DE ACTUACIONES De las actuaciones practicadas por la Agencia Española de Protección de Datos y teniendo como base los siguientes HECHOS PRIMERO: Con fecha 20/10/2024, se presentó reclamación ante la Agencia Española de Protección de Datos contra XFERA MÓVILES, S.A.U. con NIF A82528548 (en adelante, XFERA o la parte reclamada). Los motivos en que basa la reclamación son los siguientes: La parte reclamante manifiesta que, el día 10/04/2024, en un establecimiento abierto al público de YOIGO, responsable del tratamiento XFERA MÓVILES, S.A.U., se hizo uso de sus datos personales, sin mediar consentimiento ni autorización alguna por su parte, para la contratación de una línea de prepago.  Estos hechos fueron denunciados ante las autoridades y comunicados a la parte reclamada a través de la hoja de reclamaciones presentada en el propio establecimiento.  Junto a la notificación se aporta denuncia ante la Guardia Civil, denuncia ante la Policía Nacional, contrato asociado a la línea móvil fechado el 10 de abril de 2024 sin firmar por la parte reclamante, reclamación formulada en el establecimiento de la parte reclamada y reclamación interpuesta ante el Servicio Provincial de Presidencia, Economía y Justicia del Gobierno de Aragón. SEGUNDO: De conformidad con el artículo 65.4 de la Ley Orgánica 3/2018, de 5 de diciembre, de Protección de Datos Personales y garantía de los derechos digitales (en adelante LOPDGDD), se dio traslado de dicha reclamación a la parte reclamada, para que procediese a su análisis e informase a esta Agencia en el plazo de un mes, de las acciones llevadas a cabo para adecuarse a los requisitos previstos en la normativa de protección de datos. El traslado, que se practicó conforme a las normas establecidas en la Ley 39/2015, de 1 de octubre, del Procedimiento Administrativo Común de las Administraciones Públicas (en adelante, LPACAP), fue recogido en fecha 25/11/2024 como consta en el acuse de recibo que obra en el expediente. Con fecha 26/12/2024 se recibe en esta Agencia escrito de respuesta indicando: “Tras realizar las comprobaciones oportunas, confirmamos que con fecha 10 de abril se llevó a cabo la contratación de la línea móvil en modalidad prepago ***TELÉFONO.1 en la marca Yoigo. C/ Jorge Juan, 6 www.aepd.es 28001 – Madrid sedeaepd.gob.es 2/6 La contratación fue llevada a cabo (…) en modalidad presencial, subiendo esta al gestor documental de mi representada contrato con referencia (…) firmado por el reclamante, así como copia de su DNI, en fecha 12 de abril de 2024 a las 09:51, los cuales aportamos como documentos n. º1 y 2 del presente escrito. Aportamos en la siguiente imagen información del sistema con el registro de la información subida por el distribuidor en la fecha indicada”. En el escrito de respuesta se incluye captura de pantalla de los sistemas de XFERA MÓVILES, S.A.U. donde se refleja la hora y fecha de registro de la documentación asociada al contrato (DNI...",,,,,,
AI-00522-2024,https://www.aepd.es/documento/ai-00522-2024.pdf,"1 / 9  Expediente N.º: EXP202416744 RESOLUCIÓN DE ARCHIVO DE ACTUACIONES De   las   actuaciones   practicadas   por   la  Agencia   Española   de   Protección   de   Datos   y teniendo como base los siguientes, HECHOS PRIMERO :   La  Agencia   Española   de   Protección   de   Datos   ha   tenido...","1/9  Expediente N.º: EXP202416744 RESOLUCIÓN DE ARCHIVO DE ACTUACIONES De las actuaciones practicadas por la Agencia Española de Protección de Datos y teniendo como base los siguientes, HECHOS PRIMERO: La Agencia Española de Protección de Datos ha tenido conocimiento a través de denuncia de los Mossos d´Esquadra de ***LOCALIDAD.1 de ciertos hechos que podrían vulnerar la legislación en materia de protección de datos.  SEGUNDO: Con fecha 10 de octubre de 2024, la directora de la Agencia Española de Protección de Datos instó a la Subdirección General de Inspección de Datos (SGID) a iniciar las actuaciones previas de investigación a las que se refiere el artículo 67 de la Ley Orgánica 3/2018, de 5 de diciembre, de Protección de Datos Personales y garantía de los derechos digitales (en adelante, LOPDGDD) para investigar a XFERA MOVILES S.A.U. con NIF A82528548 (en adelante, XFERA), en relación con los siguientes hechos: Se recibe escrito de los Mossos d´Esquadra de ***LOCALIDAD.1 en el que se manifiesta que, en el proceso de registro e identificación de una persona conocida por los agentes actuantes, por varios hechos delictivos, se localizaron siete sobres nuevos y sin abrir, que contenían cada uno de ellos una tarjeta SIM del operador ***OPERADOR.1, y en cada uno de estos sobres un ticket grapado con datos de la persona titular del ""bono"", la línea de teléfono, fecha y hora de alta, precio total y datos del establecimiento. Indican que estos tickets contenían los datos del titular de la línea, constando hasta cuatro personas diferentes. Comprueban, asimismo, que la fecha de alta de las tarjetas SIM era de 10/06/2024 para todas ellas, y las horas de activación muy seguidas, así como que todas se habían activado en el mismo establecimiento. TERCERO: La Subdirección General de Inspección de Datos procedió a la realización de actuaciones previas de investigación para el esclarecimiento de los hechos en cuestión, en virtud de las funciones asignadas a las autoridades de control en el artículo 57.1 y de los poderes otorgados en el artículo 58.1 del Reglamento (UE) 2016/679 (Reglamento General de Protección de Datos, en adelante RGPD), y de conformidad con lo establecido en el Título VII, Capítulo I, Sección segunda, de la LOPDGDD, teniendo conocimiento de los siguientes extremos: Por la Inspección de esta Agencia se ha requerido a la operadora XFERA:  Los datos de activación de cada una de las siete líneas incluyendo fechas de alta/activación (y baja en su caso), datos básicos del titular, y tipo de servicio activado:  De la respuesta recibida se comprueba que las siete líneas fueron activadas el día 10/06/2024 y portadas a otro operador el 17/06/2024. Todas las líneas se C/ Jorge Juan, 6 www.aepd.es 28001 – Madrid sedeaepd.gob.es 2/9 dieron de alta en la modalidad prepago y por el distribuidor que consta en los tickets facilitados por las fuerzas policiales.  Documentación acreditativa de haber efectuado la verificación de identidad de los solicitant...",,,,,,
PS-00020-2026,https://www.aepd.es/documento/ps-00020-2026.pdf,1 / 12  Expediente Nº: EXP202601539 RESOLUCIÓN DE TERMINACIÓN DEL PROCEDIMIENTO     POR RECONOCIMIENTO DE RESPONSABILIDAD Y     PAGO VOLUNTARIO Del procedimiento instruido por la Agencia Española de Protección de Datos y en base a los siguientes ANTECEDENTES PRIMERO :  Con fecha 2 de marzo de 2026...,"1/12  Expediente Nº: EXP202601539 RESOLUCIÓN DE TERMINACIÓN DEL PROCEDIMIENTO     POR RECONOCIMIENTO DE RESPONSABILIDAD Y     PAGO VOLUNTARIO Del procedimiento instruido por la Agencia Española de Protección de Datos y en base a los siguientes ANTECEDENTES PRIMERO: Con fecha 2 de marzo de 2026, la Presidencia de la Agencia Española de Protección de Datos acordó iniciar procedimiento sancionador a AD735 DATA MEDIA ADVERTISING, S.L. (en adelante, AD735), mediante el acuerdo que se transcribe: <<  Expediente N.º: EXP202601539 ACUERDO DE INICIO DE PROCEDIMIENTO SANCIONADOR De las actuaciones practicadas por la Agencia Española de Protección de Datos, y en base a los siguientes HECHOS PRIMERO: Como consecuencia de reclamaciones presentadas ante la Agencia Española de Protección de Datos contra AD735 DATA MEDIA ADVERTISING, S.L. con NIF B87781795 (en adelante, AD735), apreciándose indicios de un posible incumplimiento de las normas en el ámbito de las competencias de la Agencia Española de Protección de Datos, se iniciaron actuaciones con número de expediente EXP202413858.  De acuerdo con lo previsto en el artículo 65 de la Ley Orgánica 3/2018, de 5 de diciembre, de Protección de Datos Personales y garantía de los derechos digitales (LOPDGDD en lo sucesivo), se trasladaron las reclamaciones al responsable o al Delegado de Protección de Datos que en su caso hubiere designado, solicitándole que remitiera a esta Agencia la información y documentación que se indicaba.  Los traslados, que se notificaron conforme a las normas establecidas en la Ley 39/2015, de 1 de octubre, del Procedimiento Administrativo Común de las Administraciones Públicas (en adelante, LPACAP), fueron recogidos por el responsable con fechas 20 de octubre de 2024, 14 y 17 de noviembre de 2024, 8 y 13 de marzo de 2025 y 14 de abril de 2025, habiéndose practicado en esta última fecha dos notificaciones correspondientes a dos traslados, como consta en los acuses de recibo que obran en el expediente. C/ Jorge Juan, 6 www.aepd.es 28001 – Madrid sedeaepd.gob.es 2/12 Con fechas 27 de noviembre de 2024, 31 de diciembre de 2024, 18 de diciembre de 2024, 29 de abril de 2025, 14 de abril de 2025, 6 de mayo de 2025 y 30 de mayo de 2025 y números de registro de entrada REGAGE24e00089579292, REGAGE25e00000078597, REGAGE24e00094446358, REGAGE25e00036176323, REGAGE25e00031611581, REGAGE25e00037985348 y REGAGE25e00047406916, respectivamente, AD735 respondió a los traslados de las reclamaciones realizados desde esta Agencia Española de Protección de Datos. De conformidad con el artículo 65 de la LOPDGDD, se admitieron a trámite las reclamaciones presentadas por las partes reclamantes con fechas 28 de noviembre de 2024 y 28 de enero, 6 de febrero, 30 de abril, 20 y 22 de mayo y 4 de junio de 2025. SEGUNDO: La Subdirección General de Inspección de Datos procedió a la realización de actuaciones previas de investigación para el esclarecimiento de los hechos en cuestión, en virtud de los poderes de investiga...",,,,,,
PS-00538-2025,https://www.aepd.es/documento/ps-00538-2025.pdf,1 / 10  Expediente N.º: EXP202410711 RESOLUCIÓN DE PROCEDIMIENTO SANCIONADOR Del procedimiento instruido por la Agencia Española de Protección de Datos  y en base a los siguientes ANTECEDENTES PRIMERO : Con  fecha 16  de  junio  de  2024  se  interpuso  reclamación  ante la  Agencia Española   de...,"1/10  Expediente N.º: EXP202410711 RESOLUCIÓN DE PROCEDIMIENTO SANCIONADOR Del procedimiento instruido por la Agencia Española de Protección de Datos y en base a los siguientes ANTECEDENTES PRIMERO: Con fecha 16 de junio de 2024 se interpuso reclamación ante la Agencia Española de Protección de Datos por una posible infracción imputable a A.A.A. con NIF ***NIF.1 (en adelante, A.A.A.).  Los hechos que se pone en conocimiento de esta autoridad son: La parte reclamante alega haber recibido un correo electrónico de un remitente desconocido por el que se le avisa de que su ""sitio ya está instalado: https://autonomica.es"". Al acceder a la web, comprueba que se encuentran publicados sus datos personales, incluida una fotografía, sin su consentimiento. Afirma que dicho dominio se utiliza para realizar fraudes, y aporta el enlace a una noticia que alerta sobre ello. El texto de la noticia publicada el 14 de junio de 2024 en ***DIARIO.1 señala: “Intento de estafa en ***LOCALIDAD.1 con ticket de multa de la ORA. El Ayuntamiento de ***LOCALIDAD.1 advierte de la colocación de sanciones falsas que redirigen a una web fraudulenta. (…) Los delincuentes han colocado en los parabrisas de algunos coches tickets que simulan los de las multas que se imponen en la zona ORA, aunque los vehículos no se encuentran en los aparcamientos de pago”.  La noticia se acompaña de una imagen del perfil del Ayuntamiento de ***LOCALIDAD.1 en Twitter/X que indica: “Este tique que emula ser una sanción de la ORA es falso. Se trata de una ESTAFA. Remite a una web falsa que nada tiene que ver con las sanciones originales. Si aparece en su vehículo, comuníquelo de inmediato a la Policía Local (…)”. Junto al texto figuran dos imágenes, una con el supuesto tique falso con una cruz roja encima y otra con un tique no fraudulento con un signo de aprobación verde encima. Junto al escrito, se aporta: -Captura de pantalla del correo de confirmación de que el sitio web controvertido ya estaba instalado de 14 de junio de 2024.  - Captura de pantalla del sitio web controvertido en el que aparecen su nombre y apellidos, dirección de correo electrónico, número de DNI y fotografía. C/ Jorge Juan, 6 www.aepd.es 28001 – Madrid sedeaepd.gob.es 2/10 SEGUNDO: Con fecha 23 de julio de 2024, de conformidad con el artículo 65 de la Ley Orgánica 3/2018, de 5 de diciembre, de Protección de Datos Personales y garantía de los derechos digitales y en adelante LOPDGDD, se admitió a trámite la reclamación.  TERCERO: La Subdirección General de Inspección de Datos procedió a la realización de actuaciones previas de investigación para el esclarecimiento de los hechos en cuestión, en virtud de las funciones asignadas a las autoridades de control en el artículo 57.1 y de los poderes otorgados en el artículo 58.1 del Reglamento (UE) 2016/679 (Reglamento General de Protección de Datos, en adelante RGPD), y de conformidad con lo establecido en el Título VIII, de la LOPDGDD. Como consecuencia de las actuaciones realizadas, ...",,,,,,
REPOSICION-PD-00154-2025,https://www.aepd.es/documento/reposicion-pd-00154-2025.pdf,"1 / 5 Expediente N.º: EXP202413854 RESOLUCIÓN DE RECURSO DE REPOSICIÓN Examinado   el  recurso  de  reposición   interpuesto   por     A.A.A.   (en   lo  sucesivo,  la  parte recurrente) contra la resolución dictada por   la Presidencia  de la Agencia  Española  de Protección de Datos , de fecha 3...","1/5 Expediente N.º: EXP202413854 RESOLUCIÓN DE RECURSO DE REPOSICIÓN Examinado el recurso de reposición interpuesto por  A.A.A. (en lo sucesivo, la parte recurrente) contra la resolución dictada por la Presidencia de la Agencia Española de Protección de Datos, de fecha 3 de junio de 2025, y teniendo como base los siguientes HECHOS PRIMERO: Con fecha 3 de junio de 2025, se dictó resolución por la Presidencia de la Agencia Española de Protección de Datos en el expediente EXP202413854, por la que se acordó estimar por motivos formales la reclamación de ejercicio de derechos formulada por la ahora parte recurrente contra INTRUM SERVICING SPAIN, S.A.U. (en adelante la parte reclamada o INTRUM) SEGUNDO: La resolución ahora recurrida fue notificada fehacientemente a la parte recurrente el 12 de junio de 2025, según consta en el acuse de recibo que figura en el expediente. TERCERO: La parte recurrente ha presentado en fecha 16 de junio de 2025 en esta Agencia Española de Protección de Datos, recurso de reposición, en el que señala lo siguiente:   - Considera que por la parte reclamada existió un incumplimiento del RGPD que no ha sido debidamente reflejado en la resolución impugnada, toda vez que la atención por parte de esta al derecho ejercitado se produjo no solo fuera del plazo que la normativa establece a estos efectos, sino una vez que la AEPD había notificado a la parte reclamada “la apertura de un expediente”. - En consecuencia, solicita que se elimine de la resolución impugnada que la reclamación fue estimada “por motivos formales” y que se proceda a la imposición de una sanción, debiéndose aplicar lo previsto en el artículo 74 c) de la LOPDGDD.   CUARTO: Los días 15 de septiembre de 2025, 24 de abril de 2026 y 20 de julio de 2026 la parte recurrente reiteró el recurso de reposición al que se hace referencia en el hecho anterior, instando a su resolución. FUNDAMENTOS DE DERECHO I Competencia Es competente para resolver el presente recurso la Presidencia de la Agencia Española de Protección de Datos, de conformidad con lo dispuesto en el artículo 123 Paseo de la Castellana, 141, Planta 9                                                                                                                                      www.aepd.es 28046 - Madrid                                                                                                                                                                    sedeaepd.gob.es 2/5 de la Ley 39/2015, de 1 de octubre, del Procedimiento Administrativo Común de las Administraciones Públicas (en lo sucesivo, LPACAP) y el artículo 48.1 de la Ley Orgánica 3/2018, de 5 de diciembre, de Protección de Datos Personales y garantía de los derechos digitales (en lo sucesivo, LOPDGDD). II Contestación a las alegaciones presentadas En relación con las alegaciones realizadas por la parte recurrente deben hacerse una serie de precisiones: En primer lugar, debe subrayarse que la resolución objeto de recurso se dictó una ve...",,,,,,
PS-00008-2025,https://www.aepd.es/documento/ps-00008-2025.pdf,1 / 33  Expediente N.º: EXP202404290 RESOLUCIÓN DE PROCEDIMIENTO SANCIONADOR ÍNDICE ÍNDICE ........................................................................................................................... 1 ANTECEDENTES...,"1/33  Expediente N.º: EXP202404290 RESOLUCIÓN DE PROCEDIMIENTO SANCIONADOR ÍNDICE ÍNDICE...........................................................................................................................1 ANTECEDENTES..........................................................................................................2 PRIMERO:.................................................................................................................2 SEGUNDO:................................................................................................................4 TERCERO:...............................................................................................................11 CUARTO:.................................................................................................................11 QUINTO:..................................................................................................................13 SEXTO:....................................................................................................................13 HECHOS PROBADOS................................................................................................13 PRIMERO:...............................................................................................................13 SEGUNDO:..............................................................................................................13 TERCERO:...............................................................................................................14 CUARTO:.................................................................................................................15 QUINTO:..................................................................................................................16 SEXTO:....................................................................................................................16 SÉPTIMO:................................................................................................................16 OCTAVO:..................................................................................................................17 FUNDAMENTOS DE DERECHO.................................................................................17 I  Competencia.........................................................................................................17 II Cuestiones previas................................................................................................18 III Contestación a las alegaciones a la propuesta de inicio......................................19 IV Obligación incumplida. Artículo 58 del RGPD, Poderes correctivos de la autoridad de control.................................................................................................................22 V  Tipificación de la infracción del artículo 58.2 del RGPD y calificación a efectos de prescripción..........................................................................",,,,,,
AI-00171-2025,https://www.aepd.es/documento/ai-00171-2025.pdf,"1 / 8  Expediente N.º: EXP202502549 RESOLUCIÓN DE ARCHIVO DE ACTUACIONES De   las   actuaciones   practicadas   por   la  Agencia   Española   de   Protección   de   Datos   y teniendo como base los siguientes, HECHOS PRIMERO : Con fecha 10 de febrero de 2025, se presentó reclamación ante la...","1/8  Expediente N.º: EXP202502549 RESOLUCIÓN DE ARCHIVO DE ACTUACIONES De las actuaciones practicadas por la Agencia Española de Protección de Datos y teniendo como base los siguientes, HECHOS PRIMERO: Con fecha 10 de febrero de 2025, se presentó reclamación ante la Agencia Española de Protección de Datos contra VODAFONE ESPAÑA, S.A.U. con NIF A80907397 (en adelante, la parte reclamada o VODAFONE). Los motivos en que basa la reclamación son los siguientes: La titular de la línea ***TELÉFONO.1, inscrita en la Lista Robinson desde el 25/01/2022, manifiesta que desde septiembre de 2024 se han intensificado las llamadas comerciales no autorizadas por parte de VODAFONE. Expone también que ha presentado reclamaciones previas ante AUTOCONTROL (referencias (...) y (…)) y que mediante correo electrónico remitido el 5/11/2024 ha manifestado su derecho de oposición, sin que haya cesado la práctica. Afirma también que “se evidencia el uso indebido de datos personales, ya que en las llamadas se afirma que la titular figura en el sistema de VODAFONE, a pesar de la inexistencia de una relación contractual actual. Durante dichas comunicaciones, los empleados de VODAFONE han adoptado un trato despectivo y han solicitado datos personales y bancarios.”  Junto con el escrito de reclamación aporta:  Capturas de pantalla donde se puede apreciar el número de las líneas llamantes referidas, así como copias de las grabaciones de audio asociadas.  Factura para acreditar la titularidad de la línea receptora y una declaración firmada por la persona titular confirmando que la persona reclamante es usuaria de la línea.  Documentación en el marco de la mediación ante AUTOCONTROL en la que la entidad promocionada confirma que la línea receptora consta en su Lista interna Robinson.  Certificado de inscripción de la línea receptora en Lista Robinson. SEGUNDO: De conformidad con el artículo 65.4 de la Ley Orgánica 3/2018, de 5 de diciembre, de Protección de Datos Personales y garantía de los derechos digitales (en adelante LOPDGDD), se dio traslado de dicha reclamación a AUTOCONTROL (Asociación para la Autorregulación de la Comunicación Comercial), para que procediese a su análisis e informase a esta Agencia en el plazo de un mes, de las acciones llevadas a cabo para adecuarse a los requisitos previstos en la normativa de protección de datos. C/ Jorge Juan, 6 www.aepd.es 28001 – Madrid sedeaepd.gob.es 2/8 El traslado, que se practicó conforme a las normas establecidas en la Ley 39/2015, de 1 de octubre, del Procedimiento Administrativo Común de las Administraciones Públicas (en adelante, LPACAP), fue recogido en fecha 18/02/2025 como consta en el acuse de recibo que obra en el expediente. Con fecha 28/03/2025 se recibe en esta Agencia, escrito de AUTOCONTROL en contestación al traslado de la reclamación, en el que informan:  “Una vez analizado el contenido de la reclamación y verificado el cumplimiento de los requisitos de admisibilidad se procedió a darle trámite iniciando l...",,,,,,
PS-00530-2025,https://www.aepd.es/documento/ps-00530-2025.pdf,1 / 7  Expediente N.º: EXP202517949 RESOLUCIÓN DE PROCEDIMIENTO SANCIONADOR Del procedimiento instruido por la Agencia Española de Protección de Datos  y en base a los siguientes ANTECEDENTES PRIMERO : Como consecuencia de reclamación presentada ante la Agencia Española de   Protección   de...,"1/7  Expediente N.º: EXP202517949 RESOLUCIÓN DE PROCEDIMIENTO SANCIONADOR Del procedimiento instruido por la Agencia Española de Protección de Datos y en base a los siguientes ANTECEDENTES PRIMERO: Como consecuencia de reclamación presentada ante la Agencia Española de Protección de Datos, apreciándose indicios de un posible incumplimiento de las normas en el ámbito de las competencias de la Agencia Española de Protección de Datos, se iniciaron actuaciones con número de expediente EXP202417227.  SEGUNDO: La Subdirección General de Inspección de Datos procedió a la realización de actuaciones previas de investigación para el esclarecimiento de los hechos en cuestión, en virtud de los poderes de investigación otorgados a las autoridades de control en el artículo 58.1 del Reglamento (UE) 2016/679 (Reglamento General de Protección de Datos, en adelante RGPD), y de conformidad con lo establecido en el Título VII, Capítulo I, Sección segunda, de la Ley Orgánica 3/2018, de 5 de diciembre, de Protección de Datos Personales y garantía de los derechos digitales (LOPDGDD en lo sucesivo). En el marco de las actuaciones de investigación, se remitió por tres veces a STAR LIGHT PUERTO BANUS SL con NIF B93347250 (en adelante, STAR LIGHT) un requerimiento de información, relativo a la reclamación indicada en el apartado primero, para que, en el plazo de diez días hábiles, presentase ante esta Agencia la información y documentación que se señalaban.  TERCERO: El requerimiento de información fue notificado en las tres ocasiones conforme a las normas establecidas en la Ley 39/2015, de 1 de octubre, del Procedimiento Administrativo Común de las Administraciones Públicas (en adelante, LPACAP). En la primera ocasión, el requerimiento de información se notificó por medios electrónicos, no siendo recogido por el responsable dentro del plazo de puesta a disposición, como consta en el acuse de recibo que obra en el expediente, y entendiéndose por tanto rechazado y efectuado el trámite conforme a lo previsto en los art. 43.2 y 41.5 de la LPACAP en fecha 17 de junio de2025. En la segunda y tercera ocasiones, el requerimiento de información fue notificado a STAR LIGHT con fechas 18 de junio y 31 de julio de 2025, según consta en los acuses de recibo que obran en el expediente. CUARTO: Respecto a la información requerida, STAR LIGHT no ha remitido respuesta alguna a esta Agencia Española de Protección de Datos. C/ Jorge Juan, 6 www.aepd.es 28001 – Madrid sedeaepd.gob.es 2/7 QUINTO: Con fecha 5 de noviembre de 2025, la Presidencia de la Agencia Española de Protección de Datos acordó iniciar procedimiento sancionador a STAR LIGHT, con arreglo a lo dispuesto en los artículos 63 y 64 de la LPACAP por la presunta infracción del Artículo 58.1 del RGPD, tipificada en el Artículo 83.5 del RGPD. SEXTO: El acuerdo de inicio fue notificado mediante anuncio publicado en el BOE a STAR LIGHT con fecha 4 de febrero de 2026, tras varios intentos infructuosos de notificación postal en el domic...",,,,,,
PS-00240-2025,https://www.aepd.es/documento/ps-00240-2025.pdf,"1 / 49  Expediente N.º: EXP202400702 RESOLUCIÓN DE PROCEDIMIENTO SANCIONADOR Del procedimiento instruido por la Agencia Española de Protección de Datos  y en base a los siguientes, ANTECEDENTES PRIMERO :  Notificación de brecha de datos personales   Con  fecha  23/11/2023  se notificó   a esta...","1/49  Expediente N.º: EXP202400702 RESOLUCIÓN DE PROCEDIMIENTO SANCIONADOR Del procedimiento instruido por la Agencia Española de Protección de Datos y en base a los siguientes, ANTECEDENTES PRIMERO: Notificación de brecha de datos personales  Con fecha 23/11/2023 se notificó a esta Agencia una brecha de datos personales de VODAFONE ESPAÑA, S.A.U., con NIF A80907397 (en adelante, VODAFONE). Los hechos que se ponen en conocimiento de esta autoridad son: Con fecha 20/11/2023, un proveedor de VODAFONE (***EMPRESA.1, en adelante, ***EMPRESA.1), informó a esa entidad de un incidente de seguridad que afectó a un archivo con datos de clientes VODAFONE. Los clientes que se encuentran afectados son los usuarios de ***APP.1. Según la información facilitada por el proveedor, el atacante (…).  Los datos afectados serían de aquellos clientes que se han descargado ***APP.1; esta información contiene (...).  (…) SEGUNDO: Inicio de actuaciones de oficio Como consecuencia de los hechos conocidos, con fecha 14/12/2023, la Directora de la Agencia Española de Protección de Datos instó a la Subdirección General de Inspección de Datos (SGID) a iniciar las actuaciones previas de investigación a las que se refiere el artículo 67 de la Ley Orgánica 3/2018, de 5 de diciembre, de Protección de Datos Personales y garantía de los derechos digitales (en adelante, LOPDGDD). TERCERO: Actuaciones previas de investigación  La Subdirección General de Inspección de Datos procedió a la realización de actuaciones previas de investigación para el esclarecimiento de los hechos en cuestión, en virtud de las funciones asignadas a las autoridades de control en el artículo 57.1 y de los poderes otorgados en el artículo 58.1 del Reglamento (UE) 2016/679 (Reglamento General de Protección de Datos, en adelante RGPD), y de conformidad con lo establecido en el Título VIII, de la LOPDGDD. Con fecha 20/11/2023 un proveedor de VODAFONE ha informado de un incidente de seguridad que ha afectado a un archivo con datos de clientes VODAFONE. Los clientes que se encuentran afectados son (…).  Número de afectados según notificación: (…)  Tipología de los datos según notificación: (…) C/ Jorge Juan, 6 www.aepd.es 28001 – Madrid sedeaepd.gob.es 2/49  El responsable manifiesta que se ha comunicado el incidente a los afectados el 28/12/2023. 1. Análisis de la brecha. 1.1. Cronología de los hechos.  El origen del incidente se encuentra en un ciberataque que sufrió el encargado del tratamiento, con afectación a datos personales de clientes del responsable. Según manifiesta el responsable, el 20/11/2023 su proveedor ***EMPRESA.1, que actuaría bajo el rol de encargado del tratamiento, le ha informado de un incidente de seguridad que ha afectado a un archivo con datos de clientes de VODAFONE.  El responsable manifiesta: “***EMPRESA.1 es un proveedor de VODAFONE de servicios de software relacionado con el producto Super Wifi 5, que es ofertado por VODAFONE España. Para prestar estos servicios ***EMPRESA.1 ha d...",,,,,,
PD-00154-2025,https://www.aepd.es/documento/pd-00154-2025.pdf,"1 / 9  Expediente N.º: EXP202413854 RESOLUCIÓN DE PROCEDIMIENTO DE DERECHOS Vista la reclamación registrada en fecha 4 de septiembre de 2024 ante esta Agencia y realizadas   las   actuaciones   procedimentales   previstas   en   el   Título   VIII   de   la   Ley Orgánica 3/2018, de 5 de diciembre...","1/9  Expediente N.º: EXP202413854 RESOLUCIÓN DE PROCEDIMIENTO DE DERECHOS Vista la reclamación registrada en fecha 4 de septiembre de 2024 ante esta Agencia y realizadas las actuaciones procedimentales previstas en el Título VIII de la Ley Orgánica 3/2018, de 5 de diciembre, de Protección de Datos Personales y garantía de los derechos digitales (en lo sucesivo LOPDGDD), se han constatado los siguientes HECHOS PRIMERO: Con fecha 04 de septiembre de 2024 tuvo entrada en esta Agencia reclamación presentada por A.A.A. (en adelante, la parte reclamante) contra INTRUM SERVICING SPAIN, S.A.U. (en adelante, la parte reclamada) por no haber sido debidamente atendido su derecho de acceso. La parte reclamante relata que, tras recibir SMS de la parte reclamada requiriéndole el pago de una deuda que desconoce, sin ser tampoco cliente de la misma, el 30 de julio de 2024 ejerció el derecho de acceso ante ella. Expone que el 05 de agosto de 2024 la parte reclamada le ha remitido una respuesta parcial en la que no se le informa, entre otros extremos, sobre el origen y las características de la deuda, por lo que el 28 de agosto de 2024 reiteró su petición de acceso, sin haber recibido respuesta. La parte reclamante ha aportado diversa documentación, entre otros: - Escrito de fecha 28 de julio de 2024 de la parte reclamante a la parte reclamada indicando que ha recibido un SMS informándole de una deuda pendiente, y, por ello, solicita el derecho de acceso. - Escrito de la parte reclamada, de fecha 05 de agosto de 2024, en respuesta a su derecho de acceso, donde le indican el nombre, apellidos, DNI, Dirección e importe de la deuda.   - Escrito de 05 de agosto de 2024 de INTRUM DEBT FINANCE AG dirigido a la parte reclamante en el que indica: “(…) le comunicamos que con fecha 31/08/2016, ***EMPRESA.1, ha cedido a Intrum Debt Finance AG (anteriormente Intrum Justitia Debt Finance, AG) una cartera de créditos en la cual se encuentra el crédito que ostentaba frente a usted, (cuyo origen era ***EMPRESA.1 (…)” por un importe de ***CANTIDAD.1 €. Le informan que para regularizar su situación de forma amistosa puede efectuar el ingreso de la cantidad adeudada, facilitándole un número de cuenta de pago para ello. - Escrito de la parte reclamante a la parte reclamada, de fecha 28 de agosto de 2024, en el que indica que ha recibido la respuesta a su solicitud de 27 de julio de 2024, pero que es incompleto, “(…) ya que no indican: C/ Jorge Juan, 6 www.aepd.es 28001 – Madrid sedeaepd.gob.es 2/9 o Ni mi número de teléfono o Ni la empresa con la que presuntamente contraje la deuda o Ni la fecha de la misma o Ni el importe de la misma”. SEGUNDO: De conformidad con el artículo 65.4 de la LOPDGDD se dio traslado de dicha reclamación a la parte reclamada, para que procediese a su análisis e informase a esta Agencia en el plazo de un mes, de las acciones llevadas a cabo para adecuarse a los requisitos previstos en la normativa de protección de datos. La notificación del traslado de la r...",,,,,,
PA-00005-2026,https://www.aepd.es/documento/pa-00005-2026.pdf,1 / 16  Expediente N.º: EXP202409060 RESOLUCIÓN DE     PROCEDIMIENTO DE APERCIBIMIENTO Del procedimiento instruido por la Agencia Española de Protección de Datos  y en base a los siguientes ANTECEDENTES PRIMERO :   Con   fecha   7   de   junio   de   2024   se   interpuso   reclamación   ante   la...,"1/16  Expediente N.º: EXP202409060 RESOLUCIÓN DE     PROCEDIMIENTO DE APERCIBIMIENTO Del procedimiento instruido por la Agencia Española de Protección de Datos y en base a los siguientes ANTECEDENTES PRIMERO: Con fecha 7 de junio de 2024 se interpuso reclamación ante la Agencia Española de Protección de Datos por una posible infracción imputable a CLUB DEPORTIVO BALONCESTO HUELVA LA LUZ con NIF G21500624 (en adelante, C.D.B. HUELVA LA LUZ o el reclamado).  Los hechos que se pusieron en conocimiento de esta autoridad eran: El reclamante manifiesta que es ***PUESTO.1 de un club de baloncesto de la misma ciudad del club reclamado y que, sin mediar su consentimiento previo y sin existir justificación a dicho respecto, en fecha 5 de mayo de 2024 fue añadido su número de teléfono a un grupo de WhatsApp formado por miembros del club reclamado: personal técnico, jugadores y personal de administración del club reclamado.  El reclamante afirma que “(…) nunca ha mantenido relación profesional con la entidad reclamada o de confianza o social con los miembros de la misma más allá de dedicarse al mismo sector de actividad y pertenecer a la misma categoría o nivel profesional”. Comunica que fue agregado al citado grupo “por un responsable de la organización y estructura del mismo (C.D.B HUELVA LA LUZ) con el rol de “Administrador” en el grupo de Whatsapp. Así, precisa los siguientes miembros y su relación profesional con el C.D.B. HUELVA LA LUZ: (…) En el espacio de tiempo que formó parte del grupo, desde que fue añadido hasta que fue expulsado, que va desde las 00:55:01 a las 04:16:05 del 5 de mayo de 2024, fue objeto de insultos y comentarios injuriantes por parte de los miembros del grupo, administrado por, entre otros, el ***PUESTO.1, el ***PUESTO.5 y el ***PUESTO.2 de campo del club reclamado. Y agrega el reclamante que durante este tiempo “ni siquiera pudo ejercitar los derechos que le son otorgados por el Ordenamiento en la materia como son los de oposición o cancelación”. Entiende la parte reclamante que lo actuado supone una infracción de la normativa de protección de datos al haberse tratado los datos de su número de teléfono para introducirle en el referido grupo, siendo expuestos sus datos personales a los miembros de éste. Junto al escrito, se aporta: C/ Jorge Juan, 6 www.aepd.es 28001 – Madrid sedeaepd.gob.es 2/16 1. Transcripción de los mensajes realizados por los integrantes del grupo de WhatsApp desde las 00:55:01 a las 04:16:05 del 5 de mayo de 2024. Además de los mensajes, la transcripción aporta la siguiente información relativa al grupo: a) “[31/7/23, 17:08:49] ***GRUPO.1 Los mensajes y las llamadas están cifrados de extremo a extremo. Nadie fuera de este chat, ni siquiera WhatsApp, puede leerlos ni escucharlos”; b) [31/7/23, 17:08:49] ~ A.A.A.: ~ A.A.A. creó este grupo”. Y además “[5/5/24, 0:55:01] ***GRUPO.1: ~ B.B.B. te añadió.[…] [5/5/24, 4:16:26] ***GRUPO.1 : ~ B.B.B. te eliminó”. Los integrantes del grupo que participaron en la conve...",,,,,,
AI-00561-2024,https://www.aepd.es/documento/ai-00561-2024.pdf,"1 / 7  Expediente N.º: EXP202415316 RESOLUCIÓN DE ARCHIVO DE ACTUACIONES De   las   actuaciones   practicadas   por   la  Agencia   Española   de   Protección   de   Datos   y teniendo como base los siguientes HECHOS PRIMERO :   En   fecha   24   de   septiembre   de   2024,   se   presentó...","1/7  Expediente N.º: EXP202415316 RESOLUCIÓN DE ARCHIVO DE ACTUACIONES De las actuaciones practicadas por la Agencia Española de Protección de Datos y teniendo como base los siguientes HECHOS PRIMERO: En fecha 24 de septiembre de 2024, se presentó reclamación ante la Agencia Española de Protección de Datos contra el CONCELLO DE LUGO con NIF P2702800J (en adelante, la parte reclamada). Los motivos en que basa la reclamación son los siguientes: La parte reclamante manifiesta que el 6 de septiembre de 2024, tuvo conocimiento de que una empleada del Ayuntamiento de Lugo envió por correo electrónico a otra usuaria del servicio municipal de ayuda a domicilio, una solicitud de la parte reclamante presentada en 2022 para modificar horas de dicho servicio. En ese correo se comunicaron, sin su conocimiento ni consentimiento, datos personales. La parte reclamante desconoce si hubo más comunicaciones indebidas, dado el tiempo transcurrido desde la solicitud y la falta de justificación para su uso. Se aporta como prueba, copia del correo enviado a la parte reclamante, que incluía la solicitud como anexo y que también fue remitido a otra dirección del Ayuntamiento. SEGUNDO: En fecha 4 de octubre de 2024, se recibe en la AEPD un escrito por el que la parte reclamada notifica como brecha de datos personales los hechos anteriores, señalando la existencia de un único afectado y expresando los siguientes hechos:  “(…).” TERCERO: De conformidad con el artículo 65.4 de la Ley Orgánica 3/2018, de 5 de diciembre, de Protección de Datos Personales y Garantía de los Derechos Digitales (en adelante LOPDGDD), se dio traslado de dicha reclamación a la parte reclamada para que procediese a su análisis e informase a esta Agencia en el plazo de un mes, de las acciones llevadas a cabo para adecuarse a los requisitos previstos en la normativa de protección de datos. El traslado, que se practicó conforme a las normas establecidas en la Ley 39/2015, de 1 de octubre, del Procedimiento Administrativo Común de las Administraciones Públicas (en adelante, LPACAP), mediante notificación electrónica, fue recibido en fecha 5 de noviembre de 2024, como consta en el acuse de recibo que obra en el expediente. C/ Jorge Juan, 6 www.aepd.es 28001 – Madrid sedeaepd.gob.es 2/7 En fecha 5 de diciembre de 2024, se recibe en esta Agencia escrito de respuesta indicando: “Desde el departamento de Servicios Sociales del Excmo. Concello de Lugo ha sido enviado un formulario de solicitud general a diversos usuarios. En este formulario dependiendo del visor utilizado para abrirlo, podían verse datos de un usuario de dicho servicio.  Cabe informar que el visor, para este tipo de archivos, instalado por esta entidad para todos los trabajadores es el programa Adobe Acrobat Reader. Este programa permite visualizar ficheros de texto con un diseño visual ordenado, siendo de libre distribución, y pudiendo descargarse de forma gratuita desde la página web de Adobe.  Si el fichero en cuestión se abre con dicho vi...",,,,,,
AI-00245-2025,https://www.aepd.es/documento/ai-00245-2025.pdf,"1 / 7  Expediente N.º: EXP202503745 RESOLUCIÓN DE ARCHIVO DE ACTUACIONES De   las   actuaciones   practicadas   por   la  Agencia   Española   de   Protección   de   Datos   y teniendo como base los siguientes HECHOS PRIMERO : Con fecha 19 de febrero de 2025, se presentó reclamación ante la...","1/7  Expediente N.º: EXP202503745 RESOLUCIÓN DE ARCHIVO DE ACTUACIONES De las actuaciones practicadas por la Agencia Española de Protección de Datos y teniendo como base los siguientes HECHOS PRIMERO: Con fecha 19 de febrero de 2025, se presentó reclamación ante la Agencia Española de Protección de Datos contra el INSTITUTO NACIONAL DE ADMINISTRACIÓN PÚBLICA, con NIF Q2811002A (en adelante, la parte reclamada o INAP). Los motivos en que basa la reclamación son los siguientes: La parte reclamante, participante en un proceso selectivo gestionado por el INAP, denuncia que, tras solicitar acceso a diversa documentación relacionada con el proceso, recibe copia de dos actas del tribunal supuestamente anonimizadas. Sin embargo, manifiesta que el contenido que debía estar anonimizado resulta directamente accesible para cualquier persona que haya recibido dicha documentación, ya que es posible seleccionar el texto oculto, incluido el CSV del documento, y hacerlo visible. Asimismo, la parte reclamante afirma que ha recibido un documento Excel con la relación de personas que aprobaron el proceso selectivo, el cual incluye, además del nombre y apellidos, el DNI, fecha de nacimiento, sexo, nacionalidad, teléfono, correo electrónico y domicilio.  SEGUNDO: De conformidad con el artículo 65.4 de la Ley Orgánica 3/2018, de 5 de diciembre, de Protección de Datos Personales y garantía de los derechos digitales (en adelante LOPDGDD), se dio traslado de dicha reclamación a la parte reclamada/ALIAS, para que procediese a su análisis e informase a esta Agencia en el plazo de un mes, de las acciones llevadas a cabo para adecuarse a los requisitos previstos en la normativa de protección de datos. TERCERO: Con fecha 19 de mayo de 2025, de conformidad con el artículo 65 de la LOPDGDD, se admitió a trámite la reclamación presentada. CUARTO: La Subdirección General de Inspección de Datos procedió a la realización de actuaciones previas de investigación para el esclarecimiento de los hechos en cuestión, en virtud de las funciones asignadas a las autoridades de control en el artículo 57.1 y de los poderes otorgados en el artículo 58.1 del Reglamento (UE) 2016/679 (Reglamento General de Protección de Datos, en adelante RGPD), y de conformidad con lo establecido en el Título VII, Capítulo I, Sección segunda, de la LOPDGDD, teniendo conocimiento de los siguientes extremos: El INAP explica que, tras la publicación por el Tribunal Calificador, en fecha (…), del acta de calificaciones del ejercicio único de un proceso selectivo, se recibieron 158 C/ Jorge Juan, 6 www.aepd.es 28001 – Madrid sedeaepd.gob.es 2/7 solicitudes de información sobre esa fase del proceso selectivo. Dos de estas solicitudes incluían peticiones de acceso a, entre otra documentación, copia de las actas del tribunal. La parte reclamada indica que, en total, en el proceso selectivo se generaron 190 actas. Entre ellas figuraban las dos a las que se refiere el reclamante en su escrito. Respecto al proceso de envío...",,,,,,
PS-00413-2025,https://www.aepd.es/documento/ps-00413-2025.pdf,1 / 9  Expediente N.º: EXP202412607 RESOLUCIÓN DE PROCEDIMIENTO SANCIONADOR Del procedimiento instruido por la Agencia Española de Protección de Datos  y en base a los siguientes ANTECEDENTES PRIMERO : Con  fecha 1  de  marzo de  2025  se interpuso  reclamación  ante la Agencia Española   de...,"1/9  Expediente N.º: EXP202412607 RESOLUCIÓN DE PROCEDIMIENTO SANCIONADOR Del procedimiento instruido por la Agencia Española de Protección de Datos y en base a los siguientes ANTECEDENTES PRIMERO: Con fecha 1 de marzo de 2025 se interpuso reclamación ante la Agencia Española de Protección de Datos por una posible infracción imputable a A.A.A. con NIF ***NIF.1 (en adelante, A.A.A.).  Los hechos que se pone en conocimiento de esta autoridad son: relativos a un sistema de videovigilancia ubicado en ***DIRECCIÓN.1. La parte reclamante manifiesta que la parte reclamada <tiene una cámara situada en la fachada de su propiedad, orientada al camino y a la entrada de la vivienda de la parte reclamante, habiendo compartido las imágenes obtenidas de vehículos y personas que transitan por dichos espacios, en el grupo WhatsApp de la comunidad de vecinos>. Se aporta fotografías de la ubicación de la cámara, información catastral y captación realizada por la cámara en fecha 16 de octubre de 2023 (Anexo I).  SEGUNDO: De conformidad con el artículo 65.4 de la Ley Orgánica 3/2018, de 5 de diciembre, de Protección de Datos Personales y garantía de los derechos digitales (en adelante LOPDGDD), se dio traslado de dicha reclamación a A.A.A., para que procediese a su análisis e informase a esta Agencia en el plazo de un mes, de las acciones llevadas a cabo para adecuarse a los requisitos previstos en la normativa de protección de datos. No tiene un sistema de vídeo vigilancia sino una única cámara que ha instalado dentro de su parcela que no graba imágenes. La parte reclamada explica que la cámara está captando sólo su propiedad, ya que el camino que hay entre las casas pertenece a su parcela, dejó unos pocos metros fuera de la valla delimitadora de su propiedad, para que sus vecinos pudieran entrar en sus casas, pero ese terreno es también de su propiedad. Para acreditarlo aporta un informe del Catastro de validación gráfica frente a parcelación catastral. La parte reclamada señala que el 16 de octubre de 2023 intentaron entrar en su casa a través de ese camino con un coche blanco que es el que aparece en la foto que se aporta con el traslado de la reclamación. La parte reclamada manifiesta que esa fotografía está tomada con su móvil, no es una imagen de la cámara. Remitió la misma al chat de vecinos por una cuestión de seguridad y para alertarles, ya que han sufrido robos y ocupaciones ilegítimas. C/ Jorge Juan, 6 www.aepd.es 28001 – Madrid sedeaepd.gob.es 2/9 Aporta imágenes del campo de visión de su cámara en las que se aprecia que capta su propiedad, ya que la parte del camino que incluye en su campo de visión es también de la parte reclamada. TERCERO: Con fecha 03/06/25, de conformidad con el artículo 65 de la LOPDGDD, se admitió a trámite la reclamación.  CUARTO: Con fecha 10 de enero de 2026, la Presidencia de la Agencia Española de Protección de Datos acordó iniciar procedimiento sancionador a la parte reclamada, con arreglo a lo dispuesto en los artículos 63...",,,,,,
PS-00637-2025,https://www.aepd.es/documento/ps-00637-2025.pdf,1 / 10  Expediente N.º: EXP202506417 RESOLUCIÓN DE PROCEDIMIENTO SANCIONADOR Del procedimiento instruido por la Agencia Española de Protección de Datos  y en base a los siguientes ANTECEDENTES PRIMERO :   Con   fecha   22   de   abril   de   2025   se   interpuso   reclamación   ante   la  Agencia...,"1/10  Expediente N.º: EXP202506417 RESOLUCIÓN DE PROCEDIMIENTO SANCIONADOR Del procedimiento instruido por la Agencia Española de Protección de Datos y en base a los siguientes ANTECEDENTES PRIMERO: Con fecha 22 de abril de 2025 se interpuso reclamación ante la Agencia Española de Protección de Datos por una posible infracción imputable a la entidad BODENSE ESTRUCTURAS Y CALDELERÍA, S.L. con NIF B91843060 (*en adelante, BCE).  Los hechos que se pone en conocimiento de esta autoridad son: La parte reclamante expone que la entidad reclamada ha instalado cámaras que graban audio y movimiento en las zonas de trabajo, sin el consentimiento de los trabajadores, y que las imágenes han servido para fundamentar la apertura de un expediente disciplinario. Junto al escrito de reclamación aporta escrito de alegaciones a una carta, que le fue notificada el ***FECHA.1, por la que se le comunicaba la incoación de un expediente disciplinario de despido. En la alegación SEGUNDA, el reclamante pone de manifiesto que el expediente disciplinario está basado en una única prueba: la instalación de cámaras de videovigilancia en soporte audiovisual, sin haber proporcionado información, ni haber recabado su consentimiento, entendiendo vulnerado el artículo 89.1 de la LOPDGDD. SEGUNDO: De conformidad con el artículo 65.4 de la Ley Orgánica 3/2018, de 5 de diciembre, de Protección de Datos Personales y garantía de los derechos digitales (en adelante LOPDGDD), se dio traslado de dicha reclamación a BCE, para que procediese a su análisis e informase a esta Agencia en el plazo de un mes, de las acciones llevadas a cabo para adecuarse a los requisitos previstos en la normativa de protección de datos. La notificación del traslado de la reclamación, que se practicó conforme a las normas establecidas en la Ley 39/2015, de 1 de octubre, del Procedimiento Administrativo Común de las Administraciones Públicas (en adelante, LPACAP), fue realizada en fecha 24/04/2025 como consta en el acuse de recibo que obra en el expediente. Con fecha 23/05/2025 se recibe en esta Agencia escrito de respuesta indicando la parte reclamada manifiesta que tiene instalado un sistema de videovigilancia contratado con la empresa ***EMPRESA.1 (aporta copia del contrato). Se instaló el 04/03/2019 en zonas comunes (pasillos, entrada y despacho de dirección). Graba tanto imágenes como sonido. C/ Jorge Juan, 6 www.aepd.es 28001 – Madrid sedeaepd.gob.es 2/10 El sistema se compone de siete cámaras, cinco de ellas fijas están situadas en lugares de riesgo de intrusión y otras dos cámaras, una en el almacén y la otra en una oficina con exposición a la calle, ambas graban durante 24 horas. No hay monitor de visualización, las imágenes se visualizan en el móvil del responsable de seguridad a través de usuario y contraseña. Las grabaciones se almacenan por espacio de 7 días de forma encriptada en un servidor de la empresa de seguridad y sólo accede a ellas el responsable de seguridad de la parte reclamada. El manual ...",,,,,,
AI-00158-2025,https://www.aepd.es/documento/ai-00158-2025.pdf,"1 / 4  Expediente N.º: EXP202506093 RESOLUCIÓN DE ARCHIVO DE ACTUACIONES De   las   actuaciones   practicadas   por   la  Agencia   Española   de   Protección   de   Datos   y teniendo como base los siguientes HECHOS PRIMERO :  Con   fecha  14  de  abril   de   2025,  se  presentó   reclamación...","1/4  Expediente N.º: EXP202506093 RESOLUCIÓN DE ARCHIVO DE ACTUACIONES De las actuaciones practicadas por la Agencia Española de Protección de Datos y teniendo como base los siguientes HECHOS PRIMERO: Con fecha 14 de abril de 2025, se presentó reclamación ante la Agencia Española de Protección de Datos por hechos que podrían ser constitutivos de una infracción. Los motivos en que basa la reclamación son los siguientes hechos: La parte reclamante (…) expone que en la dirección web especificada se ha publicado un (…). Junto a la reclamación se aporta: - Copia del hilo de correos mantenido con Vodafone solicitando la retirada del contenido - Copia de la respuesta proporcionada por Cloudflare acerca del sitio web ***WEB.1  - Copia correo electrónico enviado a ***EMAIL.1 solicitando la retirada del contenido SEGUNDO: Con fecha 15 de abril de 2025, de conformidad con el artículo 65 de la LOPDGDD, se admitió a trámite la reclamación presentada. TERCERO: La Subdirección General de Inspección de Datos procedió a la realización de actuaciones previas de investigación para el esclarecimiento de los hechos en cuestión, en virtud de las funciones asignadas a las autoridades de control en el artículo 57.1 y de los poderes otorgados en el artículo 58.1 del Reglamento (UE) 2016/679 (Reglamento General de Protección de Datos, en adelante RGPD), y de conformidad con lo establecido en el Título VII, Capítulo I, Sección segunda, de la LOPDGDD.  En el marco de las actuaciones previas de investigación: - Con fecha 15 de abril de 2025 se accede a la página ***WEB.1, en los Terms of Service (…), figura como datos contacto ***EMAIL.1. En la fecha citada, se solicita colaboración para retirar el contenido que figuraba en la página web, pero no se obtuvo respuesta a la petición. Con fecha 05 de mayo de 2025 se solicita a VODAFONE GB información relativa al proveedor de alojamiento del sitio web, así como colaboración en la retirada del contenido.  C/ Jorge Juan, 6 www.aepd.es 28001 – Madrid sedeaepd.gob.es 2/4 Con fecha 08 de julio de 2025 se verifica que el contenido ya no está disponible, si bien VODAFONE GB no aporta elementos que permitan la identificación del responsable de la página web.  - Por otra parte, con fecha 15 de abril de 2025 se comprueba que el video objeto de la reclamación se encuentra publicado en el sitio web ***URL.1. Se solicita al sitio web (***WEB.2), colaboración en la retirada del contenido. Se verifica, el 08 de julio de 2025, que el contenido se había retirado.  El 19 de agosto de 2025 se solicita información a Cloudflare sobre la plataforma ***PLATAFORMA.1, obteniéndose la siguiente información sobre el dominio:          Hosting Provider:         ----------------         (…)         Abuse Contact:         --------------         (…) Con la información facilitada, el 25 de septiembre de 2025, se realiza requerimiento de información a (…), solicitando los datos de identificación y contacto del propietario del dominio ***PLATAFORMA.1. El 26 de se...",,,,,,
AI-00133-2025,https://www.aepd.es/documento/ai-00133-2025.pdf,"1 / 6  Expediente N.º: EXP202502308 RESOLUCIÓN DE ARCHIVO DE ACTUACIONES De   las   actuaciones   practicadas   por   la  Agencia   Española   de   Protección   de   Datos   y teniendo como base los siguientes HECHOS PRIMERO :  Con   fecha  8  de   enero  de  2025,   se  presentó  reclamación...","1/6  Expediente N.º: EXP202502308 RESOLUCIÓN DE ARCHIVO DE ACTUACIONES De las actuaciones practicadas por la Agencia Española de Protección de Datos y teniendo como base los siguientes HECHOS PRIMERO: Con fecha 8 de enero de 2025, se presentó reclamación ante la Agencia Española de Protección de Datos contra la CONSEJERÍA DE BIENESTAR SOCIAL, IGUALDAD, JUVENTUD, INFANCIA Y FAMILIAS DEL GOBIERNO DE CANARIAS, con NIF S3511001D (en adelante, la parte reclamada o la CONSEJERÍA).  La parte reclamante manifiesta que en la sede electrónica del Gobierno de Canarias se cruzaron los datos personales de su madre con los suyos, en el contexto de iniciar el trámite administrativo ""Reconocimiento, declaración y calificación del grado de discapacidad"" de ella. En particular, señala que, después de iniciar el trámite utilizando el certificado electrónico de ella, al continuar con la solicitud aparecieron los datos personales de la parte reclamante vinculados al DNI de su madre, impidiendo que se pudiera presentar la solicitud. La parte reclamante declara que reportó la incidencia pero que el problema no fue resuelto, lo que le genera dudas respecto a si sus datos podrían estar siendo expuestos a otros usuarios. Junto a la reclamación aporta varias impresiones de pantalla en las que se visualizan las incidencias que se han producido en la sede de la parte reclamada. SEGUNDO: De conformidad con el artículo 65.4 de la Ley Orgánica 3/2018, de 5 de diciembre, de Protección de Datos Personales y garantía de los derechos digitales (en adelante LOPDGDD), se dio traslado de dicha reclamación tanto a la parte reclamada como a la DIRECCIÓN GENERAL DE TRANSFORMACIÓN DIGITAL DE LOS SERVICIOS PÚBLICOS DEL GOBIERNO DE CANARIAS, como responsable de la sede electrónica del Gobierno de Canarias, para que procediesen a su análisis e informasen a esta Agencia, en el plazo de un mes, de las acciones llevadas a cabo para adecuarse a los requisitos previstos en la normativa de protección de datos. El traslado se practicó conforme a las normas establecidas en la Ley 39/2015, de 1 de octubre, del Procedimiento Administrativo Común de las Administraciones Públicas (en adelante, LPACAP). La DIRECCIÓN GENERAL DE TRANSFORMACIÓN DIGITAL DE LOS SERVICIOS PÚBLICOS DEL GOBIERNO DE CANARIAS informó que el responsable del Paseo de la Castellana, 141, Planta 9                                                                                                                                      www.aepd.es 28046 - Madrid                                                                                                                                                                    sedeaepd.gob.es 2/6 tratamiento de los datos personales afectados por la reclamación es la Dirección General de Discapacidad, dependiente de la CONSEJERÍA.  Además, indicó lo siguiente: - La Sede Electrónica del Gobierno de Canarias actúa únicamente como una pasarela de identificación, redirigiendo a los usuarios al sistema...",,,,,,
AI-00469-2024,https://www.aepd.es/documento/ai-00469-2024.pdf,1 / 5  Expediente N.º: EXP202415037 RESOLUCIÓN DE ARCHIVO DE ACTUACIONES De   las   actuaciones   practicadas   por   la  Agencia   Española   de   Protección   de   Datos   y teniendo como base los siguientes HECHOS PRIMERO :   La  Agencia   Española   de   Protección   de   Datos   ha   tenido...,"1/5  Expediente N.º: EXP202415037 RESOLUCIÓN DE ARCHIVO DE ACTUACIONES De las actuaciones practicadas por la Agencia Española de Protección de Datos y teniendo como base los siguientes HECHOS PRIMERO: La Agencia Española de Protección de Datos ha tenido conocimiento a través de una denuncia de ciertos hechos que podrían vulnerar la legislación en materia de protección de datos.  Con fecha 25 de octubre de 2024, la Directora de la Agencia Española de Protección de Datos instó a la Subdirección General de Inspección de Datos (SGID) a iniciar las actuaciones previas de investigación a las que se refiere el artículo 67 de la Ley Orgánica 3/2018, de 5 de diciembre, de Protección de Datos Personales y garantía de los derechos digitales (en adelante, LOPDGDD) para investigar las implicaciones desde la perspectiva de protección de datos derivadas  de la venta de paquetes  en un puesto de un mercadillo de la localidad (…) (Sevilla). Los mencionados paquetes incluían la etiqueta con los datos personales de sus destinatarios originales, así como el identificativo “envío devuelto” con indicación de retorno a las empresas HK ONEWAY o HK SOWEWAY INTL. LOGISTICS CO LTD según los casos.  SEGUNDO: La Subdirección General de Inspección de Datos procedió a la realización de actuaciones previas de investigación para el esclarecimiento de los hechos en cuestión, en virtud de las funciones asignadas a las autoridades de control en el artículo 57.1 y de los poderes otorgados en el artículo 58.1 del Reglamento (UE) 2016/679 (Reglamento General de Protección de Datos, en adelante RGPD), y de conformidad con lo establecido en el Título VII, Capítulo I, Sección segunda, de la LOPDGDD, teniendo conocimiento de los siguientes extremos: - Se realizaron diversos requerimientos de información tanto a A.A.A. (titular del puesto en el que se encontraron los paquetes) como a las empresas HK ONEWAY o HK SOWEWAY INTL. LOGISTICS CO LTD para la determinación del origen de los paquetes a efectos de determinar la responsabilidad por el supuesto tratamiento ilícito de datos personales, sin éxito.  - Se realizaron requerimientos de información a las entidades de servicio postal que figuraban en los paquetes puestos a la venta de acuerdo con lo señalado en la denuncia recibida: SOCIEDAD ESTATAL de CORREOS Y TELÉGRAFOS, S.A, S.M.E. (CORREOS en lo sucesivo) y GENERAL LOGISTICS SYSTEMS SPAIN, S.A. (GLS en lo sucesivo). Por parte de ambos se explica el procedimiento seguido en caso de tener que proceder a la devolución de un paquete al remitente cuando estos no pueden ser entregados a sus destinatarios originales, consistente en el retorno a la C/ Jorge Juan, 6 www.aepd.es 28001 – Madrid sedeaepd.gob.es 2/5 entidad que hubiera sido indicada por el cliente que realizó el envío en primer término. Asimismo, por parte de CORREOS se indica que no ha sido posible determinar la actuación seguida para este caso concreto, aun cuando, presumiblemente y conforme a su protocolo habrá sido la devolución a...",,,,,,
PS-00506-2025,https://www.aepd.es/documento/ps-00506-2025.pdf,1 / 10  Expediente N. º:  EXP202408290 RESOLUCIÓN DE PROCEDIMIENTO SANCIONADOR Del procedimiento instruido por la Agencia Española de Protección de Datos  y en base a los siguientes: ANTECEDENTES PRIMERO :   La  Agencia   Española   de   Protección   de   Datos   ha   tenido   conocimiento   de...,"1/10  Expediente N.º: EXP202408290 RESOLUCIÓN DE PROCEDIMIENTO SANCIONADOR Del procedimiento instruido por la Agencia Española de Protección de Datos y en base a los siguientes: ANTECEDENTES PRIMERO: La Agencia Española de Protección de Datos ha tenido conocimiento de ciertos hechos que podrían constituir una posible infracción imputable a AYUNTAMIENTO DE CANALS con NIF P4608300B, en adelante el AYUNTAMIENTO. Los hechos que se pusieron en conocimiento de esta autoridad fueron los siguientes: Se denuncia que, en fecha 1 de mayo de 2024, se encontró abandonada en la vía pública documentación con datos personales, junto a unos contenedores ubicados en la calle Camí Les Moles de la localidad de Canals, en Valencia, siendo documentación que procede de cursos de formación impartidos por el Ayuntamiento de Canals, subvencionados por el Servicio Valenciano de Empleo. Los documentos son de personas que participan en un taller de empleo desarrollado por el Servicio de Valenciano de Empleo y Formación (LABORA) y gestionado por el Ayuntamiento de Canals y l' Alcudia (Valencia). Se aportan imágenes de la documentación abandonada, copia de un examen hallado en dicho paraje y mensaje publicado en redes sociales por una usuaria de dicha red, sobre la documentación abandonada.  Inicialmente se cuenta con la siguiente documentación: - Fotografías donde puede observarse varias páginas de exámenes en el suelo. - Fotografías de exámenes de tres personas, en la que se observa su nombre, apellidos, DNI, y valoración obtenida, tirados en el suelo. - Fotografía de dos contenedores de basura y en el suelo, alrededor de los mismos, se pueden ver folios impresos y bolsas de basura.  - Fotografía de una publicación en una red social, (…) … En la misma, A.A.A. escribe el 5 de mayo, “Me dirijo al ayuntamiento de Canals ayer día del trabajador paseando por la altura de curtitex había exámenes de labora por las hierbas llegando a la altura de los contenedores estaban bolsas de basura rotas, cajas sacos todo fuera de los contenedores y lleno de exámenes de labora con los nombres DNI nota de exámenes de fecha (…) todos de alumnos de escuela taller. Pero sobre las 6 de la tarde he vuelto y aún siguen algunos allí como pueden tirar exámenes con nombres DNI eso no está permitido esto. Donde está la protección de datos pero que gente contrata el ayuntamiento que no saben que hay contenedores especiales y hay que triturado. A la persona correspondiente que vaya a ver l escanpada que hay” (adjunta C/ Jorge Juan 6 www.aepd.es 28001 - Madrid sedeaepd.gob.es 2/10 fotografías de los documentos encontrados en el suelo y alrededor del contenedor).  SEGUNDO: Como consecuencia de los hechos conocidos, con fecha 6 de junio de 2024, la Directora de la Agencia Española de Protección de Datos instó a la Subdirección General de Inspección de Datos (SGID) a iniciar las actuaciones previas de investigación a las que se refiere el artículo 67 de la Ley Orgánica 3/2018, de 5 de diciembre, de Protección...",,,,,,
PS-00049-2025,https://www.aepd.es/documento/ps-00049-2025.pdf,1 / 24  Expediente N.º: EXP202316101 RESOLUCIÓN DE PROCEDIMIENTO SANCIONADOR Del procedimiento instruido por la Agencia Española de Protección de Datos  y en base a los siguientes ANTECEDENTES PRIMERO :   Con   fecha   20   de   octubre   de   2023   se   interpuso   reclamación   ante   la...,"1/24  Expediente N.º: EXP202316101 RESOLUCIÓN DE PROCEDIMIENTO SANCIONADOR Del procedimiento instruido por la Agencia Española de Protección de Datos y en base a los siguientes ANTECEDENTES PRIMERO: Con fecha 20 de octubre de 2023 se interpuso reclamación ante la Autoridad Catalana de Protección de Datos por una posible infracción imputable a MANCOMUNIDAD RESIDENCIAL  A.A.A.  con NIF  ***NIF.1  (en adelante, MANCOMUNIDAD), la cual fue trasladada a la Agencia Española de Protección de Datos el 24 de octubre de 2023.  Los hechos que se pone en conocimiento de esta autoridad son: La parte reclamante expone que la presidenta de su mancomunidad de propietarios ha remitido a un grupo de la aplicación de mensajería instantánea WhatsApp copia de un escrito donde se recoge que como consecuencia de que la reclamante tiene una ""sensibilidad química"" se paraliza el trabajo de tratamiento fitosanitario que se iba a llevar a cabo en los jardines, hasta que encuentre un producto adecuado. Refiere que dicho grupo de WhatsApp lo integran los presidentes de las comunidades que conforman la mancomunidad y que la presidenta de su bloque lo ha remitido además a otro grupo de WhatsApp, del que forman parte todos los comuneros de su bloque. Aporta captura de pantalla de los mensajes que se remitieron a través de la referida aplicación. Asimismo, alega que dio su consentimiento para que se comunicara su sensibilidad química al jardinero y a la presidenta de la MANCOMUNIDAD, pero no para que se informara a todos los comuneros. Junto al escrito, se aporta: - Captura de pantalla de un grupo de chat de la aplicación de mensajería instantánea WhatsApp. Figura como nombre de grupo “Comunidad de Vecinos Bloque …” (la captura del nombre de grupo no aparece completa en la imagen).  Se observa que contiene un mensaje recibido de fecha 9 de junio a las 13:20, reenviado por B.B.B. con el contenido que se reproduce a continuación, así como un segundo mensaje recibido en la misma fecha y hora, reenviado por la misma persona cuyo contenido es un documento PDF: (…)… (…). (…). C/ Jorge Juan, 6 www.aepd.es 28001 – Madrid sedeaepd.gob.es 2/24 - Copia del documento ***DOCUMENTO.1, enviado al grupo de WhatsApp consistente en un escrito del administrador de fincas ***EMPRESA.1 en el que consta como cliente Mancomunidad A.A.A., como proveedor ***EMPRESA.2 en el que se indica el motivo por el que no se pueden realizar los trabajos encomendados y que se reproduce de literal: “No se puede realizar porque la propietaria del (…), tiene (…). La (…) averiguará que producto puede utilizar para realizar el trabajo. Pues se le ha ofrecido una serie de cosas y no ha aceptado ni quiere firmar ningún documento. Quedando a la espera de que la (…)”. SEGUNDO: De conformidad con el artículo 65.4 de la Ley Orgánica 3/2018, de 5 de diciembre, de Protección de Datos Personales y garantía de los derechos digitales (en adelante LOPDGDD), se dio traslado de dicha reclamación a la MANCOMUNIDAD, para que procediese ...",,,,,,
AI-00076-2025,https://www.aepd.es/documento/ai-00076-2025.pdf,"1 / 6  Expediente N.º: EXP202413598 RESOLUCIÓN DE ARCHIVO DE ACTUACIONES De   las   actuaciones   practicadas   por   la  Agencia   Española   de   Protección   de   Datos   y teniendo como base los siguientes HECHOS PRIMERO : Con fecha 4 de septiembre de 2024, se presentó ante la Agencia Española...","1/6  Expediente N.º: EXP202413598 RESOLUCIÓN DE ARCHIVO DE ACTUACIONES De las actuaciones practicadas por la Agencia Española de Protección de Datos y teniendo como base los siguientes HECHOS PRIMERO: Con fecha 4 de septiembre de 2024, se presentó ante la Agencia Española de Protección de Datos contra MOKUZAI, S.L. con NIF B16770604 (en adelante, la parte reclamada).  Los motivos en que basa la reclamación son los siguientes: La parte reclamante manifiesta que en fecha 1 de abril de 2024 traspasó su negocio online a la entidad MOKUZAI, S.L. y que, entre noviembre de 2023, fecha en la que se hicieron cargo de la web del negocio, y agosto de 2024, en la web del negocio traspasado se mantuvieron sus datos en la política de privacidad y de cookies de la entidad, cuando ya no era titular del citado negocio, lo que entiende que supone una exposición y tratamiento inadecuado de sus datos. Aporta contrato de traspaso de negocio, burofax remitido a la parte reclamada y acta notarial de fecha 11 de julio de 2024. SEGUNDO: De conformidad con el artículo 65.4 de la Ley Orgánica 3/2018, de 5 de diciembre, de Protección de Datos Personales y garantía de los derechos digitales (en adelante LOPDGDD), con fecha 4 de octubre de 2024 se dio traslado de dicha reclamación a la parte reclamada, para que procediese a su análisis e informase a esta Agencia en el plazo de un mes, de las acciones llevadas a cabo para adecuarse a los requisitos previstos en la normativa de protección de datos. El traslado, que se practicó conforme a las normas establecidas en la Ley 39/2015, de 1 de octubre, del Procedimiento Administrativo Común de las Administraciones Públicas (en adelante, LPACAP) mediante notificación electrónica, no fue recogido por el responsable, dentro del plazo de puesta a disposición, entendiéndose rechazada conforme a lo previsto en el art. 43.2 de la LPACAP en fecha 21 de noviembre de 2024, como consta en el certificado que obra en el expediente.  No se ha recibido respuesta a este escrito de traslado. TERCERO: Con fecha 4 de diciembre de 2024, de conformidad con el artículo 65 de la LOPDGDD, se admitió a trámite la reclamación presentada. C/ Jorge Juan, 6 www.aepd.es 28001 – Madrid sedeaepd.gob.es 2/6 CUARTO: La Subdirección General de Inspección de Datos procedió a la realización de actuaciones previas de investigación para el esclarecimiento de los hechos en cuestión, en virtud de las funciones asignadas a las autoridades de control en el artículo 57.1 y de los poderes otorgados en el artículo 58.1 del Reglamento (UE) 2016/679 (Reglamento General de Protección de Datos, en adelante RGPD), y de conformidad con lo establecido en el Título VII, Capítulo I, Sección segunda, de la LOPDGDD, teniendo conocimiento de los siguientes extremos: El 22 de octubre de 2025 se realiza un requerimiento a la parte reclamada con objeto de aclarar la decisión adoptada a propósito de esta reclamación, las medidas preventivas tomadas para evitar el tratamiento de datos personale...",,,,,,
PS-00321-2022,https://www.aepd.es/documento/ps-00321-2022.pdf,"1 / 4 Expediente N.º: EXP202104414 RESOLUCIÓN DE CADUCIDAD DE PROCEDIMIENTO SANCIONADOR Del procedimiento instruido por la Agencia Española de Protección de Datos  y en base a los siguientes ANTECEDENTES PRIMERO :    A.A.A.   (en adelante, la parte reclamante1)    B.B.B.   (en adelante, la parte...","1/4 Expediente N.º: EXP202104414 RESOLUCIÓN DE CADUCIDAD DE PROCEDIMIENTO SANCIONADOR Del procedimiento instruido por la Agencia Española de Protección de Datos y en base a los siguientes ANTECEDENTES PRIMERO:  A.A.A. (en adelante, la parte reclamante1)  B.B.B. (en adelante, la parte reclamante2) con fecha 10 y 25 de octubre respectivamente, interpusieron reclamación ante la Agencia Española de Protección de Datos. La reclamación se dirige contra SERVICIO DE SALUD DE LAS ILLES BALEARS (IB-SALUT) con NIF Q0719003F (en adelante, la parte reclamada). Los motivos en que basa la reclamación son los siguientes: La parte reclamante1 manifiesta que, en la zona de llegadas del aeropuerto de Palma de Mallorca, se han instalado unos paneles con indicaciones de circulación de personas para separar a los llamados vacunados de los no vacunados frente a la COVID19. Según afirma, el hecho de cumplir con la medida y situarse y transitar por uno u otro circuito conlleva la revelación pública de una condición sobre el estado de salud.  Asimismo, indica que antes de seguir estas indicaciones, no se informa al usuario de las instalaciones ni se recoge su consentimiento informado para el tratamiento de sus datos personales, identificando a los responsables del mismo ni la finalidad y demás requisitos legales de dicho tratamiento ni los derechos que le asisten como ciudadano. A su vez, significa que tampoco se tiene especial prevención en lo que pueda afectar a los derechos de los menores de edad que puedan verse afectados por la medida. Junto a la reclamación aporta la noticia en las que se recoge la polémica planteada en la reclamación. La parte reclamante2 manifiesta que en el aeropuerto de Palma de Mallorca antes de realizar el control de información sanitaria vinculada con la COVID-19 se procede a separar a los viajeros mediante carteles que separan los caminos de personas Vacunada y No Vacunadas, exponiendo una información sensible a terceros a través de dicho cribado en una zona de tránsito público. Imputa dicha vulneración tanto al servicio de salud de las islas baleares como a AENA. Junto a la notificación aporta imágenes de los carteles instalados en el aeropuerto. SEGUNDO: De conformidad con el artículo 65.4 de la Ley Orgánica 3/2018, de 5 de diciembre, de Protección de Datos Personales y garantía de los derechos digitales (en adelante LOPDGDD), se dio traslado de dicha reclamación a la parte reclamada, para que procediese a su análisis e informase a esta Agencia en el plazo de un mes, de las acciones llevadas a cabo para adecuarse a los requisitos previstos en la normativa de protección de datos. C/ Jorge Juan, 6 www.aepd.es 28001 – Madrid sedeagpd.gob.es 2/4 TERCERO: Con fecha 10 de enero de 2022, de conformidad con el artículo 65 de la LOPDGDD, se admitió a trámite la reclamación presentada por la parte reclamante1 y la parte reclamante2. CUARTO: Con fecha 22 de julio de 2022, la Directora de la Agencia Española de Protección de Datos acordó iniciar proce...",,,,,,
AI-00060-2025,https://www.aepd.es/documento/ai-00060-2025.pdf,"1 / 5  Expediente N.º: EXP202502338 RESOLUCIÓN DE ARCHIVO DE ACTUACIONES De   las   actuaciones   practicadas   por   la  Agencia   Española   de   Protección   de   Datos   y teniendo como base los siguientes HECHOS PRIMERO : Con fecha 13 de febrero de 2025, se presentó reclamación ante la...","1/5  Expediente N.º: EXP202502338 RESOLUCIÓN DE ARCHIVO DE ACTUACIONES De las actuaciones practicadas por la Agencia Española de Protección de Datos y teniendo como base los siguientes HECHOS PRIMERO: Con fecha 13 de febrero de 2025, se presentó reclamación ante la Agencia Española de Protección de Datos contra RESPONSABLE NO IDENTIFICADO (en adelante, la parte reclamada). Los motivos en que basa la reclamación son los siguientes: La parte reclamante manifiesta que han publicado, sin su consentimiento, imágenes suyas de carácter erótico en un foro, que han sido editadas mediante IA, donde aparece su cara con otro cuerpo. Señala que hace un tiempo sucedieron unos hechos parecidos, pero consiguió contactar con el autor de la publicación, al que pudo identificar, concluyendo que se publicaron sus imágenes con intención de venganza personal. Junto a la notificación se aporta captura de pantalla del contenido reclamado.   SEGUNDO: Con fecha 13 de febrero de 2025, de conformidad con el artículo 65 de la LOPDGDD, se admitió a trámite la reclamación presentada. TERCERO: La Subdirección General de Inspección de Datos procedió a la realización de actuaciones previas de investigación para el esclarecimiento de los hechos en cuestión, en virtud de las funciones asignadas a las autoridades de control en el artículo 57.1 y de los poderes otorgados en el artículo 58.1 del Reglamento (UE) 2016/679 (Reglamento General de Protección de Datos, en adelante RGPD), y de conformidad con lo establecido en el Título VII, Capítulo I, Sección segunda, de la LOPDGDD, teniendo conocimiento de los siguientes extremos: Con fecha 13 de febrero de 2025 se ha obtenido por parte de esta Agencia la siguiente evidencia, la cual se incorpora al expediente mediante diligencia: - Captura del contenido denunciado publicado por los usuarios ***USUARIO.1 y ***USUARIO.2 en la URL ***URL.1. Con fecha 13 de febrero de 2025 se remite correo electrónico a '***EMAIL.1' (contacto publicado en la web ***DOMINIO.1), '***EMAIL.2' y '***EMAIL.3' (contactos publicados en registros Whois de la web ***DOMINIO.1) solicitando la retirada del contenido en varias URLs y solicitando información identificativa acerca del responsable de la subida de dicho contenido. C/ Jorge Juan, 6 www.aepd.es 28001 – Madrid sedeaepd.gob.es 2/5 Con fecha 14 de febrero de 2025 se recibe correo electrónico de A.A.A. desde la dirección de correo “***EMAIL.2” en la que se identificaban como el proveedor del servicio de registro del nombre de dominio en cuestión y confirmaban que no alojaban contenido de los sitios web sobre los que se consultaba y, por ello, no podrían eliminar contenido especifico.    Por otro lado, solicitaban confirmación sobre si deseábamos que remitiesen la reclamación junto con la información de contacto al propietario del dominio.   En dicha fecha se envía correo electrónico a ***EMAIL.2 solicitando la remisión de la solicitud al propietario del dominio ***DOMINIO.1 Con fecha 18 de febrero de 2025 se com...",,,,,,
PD-00089-2026,https://www.aepd.es/documento/pd-00089-2026.pdf,1 / 13      Expediente N.º: EXP202600011 RESOLUCIÓN DE PROCEDIMIENTO DE DERECHOS Vista   la   reclamación   registrada   en   fecha   27   de   octubre   de   2025   ante   esta  Agencia   y realizadas   las   actuaciones   procedimentales   previstas   en   el   Título   VIII   de   la   Ley...,"1/13   Expediente N.º: EXP202600011 RESOLUCIÓN DE PROCEDIMIENTO DE DERECHOS Vista la reclamación registrada en fecha 27 de octubre de 2025 ante esta Agencia y realizadas las actuaciones procedimentales previstas en el Título VIII de la Ley Orgánica 3/2018, de 5 de diciembre, de Protección de Datos Personales y garantía de los derechos digitales (en lo sucesivo, LOPDGDD), se han constatado los siguientes HECHOS PRIMERO: Con fecha 27 de octubre de 2025 tuvo entrada en esta Agencia reclamación presentada por A.A.A. (en adelante, la parte reclamante) contra SAFETY WORK, S.L. (en adelante, la parte reclamada) por no haber sido debidamente atendido el derecho de acceso. La parte reclamante expone que solicitó la activación del protocolo de acoso laboral en su lugar de trabajo en varias ocasiones, hasta que, con fecha 28 de febrero de 2024, recibió citación para una revisión médica y psicológica en la empresa reclamada, que se realizó el ***FECHA.1. La parte reclamante refiere que, según el protocolo de acoso de su lugar de trabajo, se debía designar un asesor confidencial para mediar y, en caso de no resolverse, trasladar el informe a Recursos Humanos para resolverlo en 60 días; sin embargo, la citada parte indica desconocer quién fue el asesor designado y no constan actuaciones internas de investigación. La parte reclamante menciona que, en marzo y abril de 2024, fue atendido por una persona que se presentó como psicóloga en la parte reclamada, que confirmó la existencia de acoso laboral. Posteriormente, solicitó los informes en reiteradas ocasiones, sin haberlos recibido. La parte reclamante expresa que la parte reclamada le contestó mediante correo electrónico de 28 de mayo de 2024, indicando que no se le podía hacer llegar los informes porque estaban involucrados otros compañeros y comprometía su confidencialidad y protección de datos. Asimismo, relata que descubrió que la persona que lo atendió no estaba colegiada como psicóloga, generando dudas sobre la validez de los informes y posible intrusismo laboral, tras consultar con el Colegio de Psicólogos de Cataluña, por medio del Consejo de la Psicología de España, y que lo puso en conocimiento de la empresa para la que trabaja. La parte reclamante afirma haber detectado irregularidades y falta de transparencia en el Comité de Salud y Seguridad Laboral de su empresa. La parte reclamante ha aportado diversa documentación, entre otros: Paseo de la Castellana, 141, Planta 9                                                                                                                                      www.aepd.es 28001 - Madrid                                                                                                                                                                    sedeagpd.gob.es 2/13 - Correo electrónico de fecha 28 de mayo de 2024 de la parte reclamada a la parte reclamante indicando, entre otras cuestiones, que no le pueden facilitar el informe de la psicóloga porque están...",,,,,,
PD-00099-2026,https://www.aepd.es/documento/pd-00099-2026.pdf,1 / 9  Expediente N.º: EXP202605196 RESOLUCIÓN DE PROCEDIMIENTO DE DERECHOS Vista   la   reclamación   registrada   en   fecha   7   de   diciembre   de   2025   ante   esta  Agencia Española de Protección de Datos (en lo sucesivo. AEPD) y realizadas las actuaciones procedimentales   previstas...,"1/9  Expediente N.º: EXP202605196 RESOLUCIÓN DE PROCEDIMIENTO DE DERECHOS Vista la reclamación registrada en fecha 7 de diciembre de 2025 ante esta Agencia Española de Protección de Datos (en lo sucesivo. AEPD) y realizadas las actuaciones procedimentales previstas en el Título VIII de la Ley Orgánica 3/2018, de 5 de diciembre, de Protección de Datos Personales y garantía de los derechos digitales (en lo sucesivo LOPDGDD), se han constatado los siguientes HECHOS PRIMERO: A.A.A. (en lo sucesivo, la parte reclamante) ejerció el derecho de acceso frente a la entidad IVÁN MAÑERO CLINIC, S.L. con CIF. B65842502 (en lo sucesivo, IM CLINIC o la parte reclamada). La parte reclamante expone que el 07/11/2025 recibió un correo electrónico de IM CLINIC en el que se le comunicaba que su historia clínica estaba preparada para su recogida, si bien se indicaba simultáneamente que el equipo médico estaba revisando el expediente para comprobar si faltaba incorporar algún informe adicional. Según manifiesta, finalmente no se le entregó documentación alguna. Añade que el 02/12/2025 volvió a dirigirse a la entidad solicitando información sobre la posibilidad de recoger la documentación disponible, sin obtener respuesta. Asimismo, sostiene que, transcurridos más de dos meses desde el ejercicio del derecho de acceso, no había recibido ningún documento integrante de su historia clínica, circunstancia que, según afirma, le impidió ejercitar acciones legales derivadas de la asistencia sanitaria recibida, viéndose obligada a promover diligencias preliminares ante el Juzgado de Primera Instancia de ***LOCALIDAD.1 para solicitar la exhibición íntegra de su historia clínica. Junto con la reclamación aporta copia del burofax remitido a IM CLINIC el 19/09/2025, mediante el que ejercitaba su derecho de acceso, así como el correspondiente acuse de recibo, acreditativo de su entrega el 22/09/2025. Asimismo, aportó copia del correo electrónico remitido por IM CLINIC el 07/11/2025 en el que la entidad comunicaba a la reclamante que su historia clínica estaba preparada para su recogida en las instalaciones de la clínica. No obstante, en el mismo correo indicaba que se estaba revisando el expediente para comprobar si faltaba incorporar algún informe adicional, señalando que le informarían cuando dicha revisión hubiera finalizado Posteriormente, mediante escritos registrados el 12/12/2025 y el 18/12/2025, amplió la documentación aportada, incorporando copia del escrito de diligencias preliminares presentado ante el Juzgado de Primera Instancia de ***LOCALIDAD.1 el 10/12/2025 y una nueva copia de los correos electrónicos intercambiados con la entidad. SEGUNDO: En fecha 4 de marzo de 2026, de conformidad con el artículo 65.4 de la LOPDGDD, se dio traslado de la reclamación a la parte reclamada, para que procediese a su análisis e informase a esta Agencia en el plazo de un mes, de las acciones llevadas a cabo para adecuarse a los requisitos previstos en la normativa de protección de dat...",,,,,,
PS-00437-2025,https://www.aepd.es/documento/ps-00437-2025.pdf,1 / 11  Expediente N.º: EXP202507701 RESOLUCIÓN DE PROCEDIMIENTO SANCIONADOR Del procedimiento instruido por la Agencia Española de Protección de Datos  y en base a los siguientes ANTECEDENTES PRIMERO :   Con   fecha   27   de   abril   de   2025   se   interpuso   reclamación   ante   la  Agencia...,"1/11  Expediente N.º: EXP202507701 RESOLUCIÓN DE PROCEDIMIENTO SANCIONADOR Del procedimiento instruido por la Agencia Española de Protección de Datos y en base a los siguientes ANTECEDENTES PRIMERO: Con fecha 27 de abril de 2025 se interpuso reclamación ante la Agencia Española de Protección de Datos por una posible infracción imputable a la entidad REBOBINART, S.L. con NIF B66748252 (*en adelante, RSL).  Los hechos que se pone en conocimiento de esta autoridad son: relativos a un sistema de videovigilancia ubicado en ***DIRECCIÓN.1. La parte reclamante manifiesta que la empresa reclamada, mientras duró su relación laboral, tenía instaladas cámaras de videovigilancia, sin tener conocimiento de su ubicación porque carecían de cartel informativo y sin saber si grababan también audio. Además, señala que el empleador tenía acceso a las imágenes a tiempo real a través de una app instalada en su dispositivo móvil. Afirma que las cámaras también estaban instaladas en áreas de descanso. Por otra parte, la parte reclamante señala que, para el desarrollo de sus funciones como (…) en la Asociación reclamada, se vio obligada a trabajar con su móvil personal y a usar su aplicación de WhatsApp, debido a la rotunda negativa de la parte reclamada a facilitarle un móvil de empresa. Además, afirma que dicha aplicación estaba a su vez instalada en el ordenador que la parte reclamada le facilitó para el desarrollo de su trabajo, pudiendo acceder a dicho ordenador y, por lo tanto, al aplicativo de WhatsApp con su cuenta personal, cuando se encontraba fuera de la oficina. Y, en tercer lugar, la parte reclamante indica que existe un procedimiento judicial abierto contra la parte reclamada, estando señalada la fecha del juicio para el día (…), por vulneración de derechos fundamentales por razón de discriminación por discapacidad física y poner su integridad física en grave peligro. Junto al escrito de reclamación aporta: a) Capturas de pantalla de una conversación de WhatsApp con un responsable de la entidad reclamada (el empleador), donde se aprecia la recepción de capturas de pantalla de la aplicación ‘(…)’, el 1 de agosto de 2024, donde se visualizaban imágenes del espacio laboral (sala de reuniones, patio y entrada al parking). Afirma que esta persona le envió imágenes de los vídeos de algunas de las cámaras instaladas en las oficinas, existiendo cámaras en todas las estancias. Matiza que son cámaras de uso doméstico que proporcionan imagen y audio a tiempo real en el dispositivo móvil de la parte reclamada. C/ Jorge Juan, 6 www.aepd.es 28001 – Madrid sedeaepd.gob.es 2/11 b) Providencia del Juzgado de lo Social (…) (…), de fecha 01/04/2025. c) Fotografía del interior de una oficina, donde se aprecia la instalación de una cámara sin cartel informativo. SEGUNDO: De conformidad con el artículo 65.4 de la Ley Orgánica 3/2018, de 5 de diciembre, de Protección de Datos Personales y garantía de los derechos digitales (en adelante LOPDGDD), se dio traslado de dicha reclama...",,,,,,
AI-00027-2026,https://www.aepd.es/documento/ai-00027-2026.pdf,"1 / 5  Expediente  N.º: EXP202516419 RESOLUCIÓN DE ARCHIVO DE ACTUACIONES De   las   actuaciones   practicadas   por   la  Agencia   Española   de   Protección   de   Datos   y teniendo como base los siguientes HECHOS PRIMERO : Con fecha 1 de agosto de 2025, se presentó reclamación ante la Agencia...","1/5  Expediente N.º: EXP202516419 RESOLUCIÓN DE ARCHIVO DE ACTUACIONES De las actuaciones practicadas por la Agencia Española de Protección de Datos y teniendo como base los siguientes HECHOS PRIMERO: Con fecha 1 de agosto de 2025, se presentó reclamación ante la Agencia Española de Protección de Datos contra TELEFÓNICA MÓVILES ESPAÑA, S.A. con NIF A78923125 (en adelante, TELEFÓNICA MÓVILES o la parte reclamada).  La parte reclamante manifiesta que, tras solicitar un préstamo hipotecario, le es denegado por la inclusión de sus datos personales en sistemas comunes de información crediticia por parte de TELEFÓNICA MÓVILES, empresa con la que no ha realizado contratación alguna. Señala que se ha producido una suplantación de su identidad en la contratación. Junto a su reclamación aporta denuncia policial, solicitud de acceso de 26 de noviembre de 2024 dirigida a TELEFÓNICA, respuesta de 20 de diciembre de 2024. El 22 de enero de 2025 solicitó la rectificación de sus datos ante TELEFÓNICA, informándole que no es posible al estar bloqueados por posible fraude. Junto a la reclamación se aporta, entre otra documentación:  Respuestas a la solicitud de acceso que la parte reclamante dirigió a diversos sistemas de información crediticia:  ASNEF-EQUIFAX (24/07/2024), BADEXCUG (12/08/2024) y CIREX (12/08/2024). Consta la inscripción en los dos primeros debido a un impago a la parte reclamada que habría comenzado el 16/10/2023.   Denuncia policial presentada por suplantación de identidad el 25/11/2024 y ampliación de fecha 30/12/2024. Se indica que “el denunciante no reconoce como suyos” el número de teléfono, dirección postal y correo electrónico facilitados para contratar los productos de la parte reclamada.  Solicitud de acceso en materia de protección de datos dirigida a la parte reclamada el 26/11/2024 y su respuesta de 20/12/2024.   Copia de correo electrónico del DPO de la parte reclamada que el 30/12/2024 informa a la parte reclamante que una vez analiza la solicitud “se ha detectado una actividad sospechosa de fraude” y la entidad “ha aplicado la operativa correspondiente para abordar este tipo de situaciones de manera que se proceda a regularizar la situación”. SEGUNDO: De conformidad con el artículo 65.4 de la Ley Orgánica 3/2018, de 5 de diciembre, de Protección de Datos Personales y garantía de los derechos digitales (en adelante LOPDGDD), se dio traslado de dicha reclamación a la parte reclamada, para que procediese a su análisis e informase a esta Agencia en el plazo de un mes, de las Paseo de la Castellana, 141, Planta 9                                                                                                                                      www.aepd.es 28001 - Madrid                                                                                                                                                                    sedeagpd.gob.es 2/5 acciones llevadas a cabo para adecuarse a los requisitos previstos en la normativa...",,,,,,
AI-00148-2025,https://www.aepd.es/documento/ai-00148-2025.pdf,"1 / 6  Expediente N.º: EXP202416266 RESOLUCIÓN DE ARCHIVO DE ACTUACIONES De   las   actuaciones   practicadas   por   la  Agencia   Española   de   Protección   de   Datos   y teniendo como base los siguientes HECHOS PRIMERO : Con fecha 22 de octubre de 2024, se presentó reclamación ante la...","1/6  Expediente N.º: EXP202416266 RESOLUCIÓN DE ARCHIVO DE ACTUACIONES De las actuaciones practicadas por la Agencia Española de Protección de Datos y teniendo como base los siguientes HECHOS PRIMERO: Con fecha 22 de octubre de 2024, se presentó reclamación ante la Agencia Española de Protección de Datos contra ILUSTRE COLEGIO DE ABOGADOS DE MADRID con NIF Q2863002H (en adelante, ICAM). Los motivos en que basa la reclamación son los siguientes: La parte reclamante expone que el 3 de octubre de 2024 presentó una solicitud de asistencia jurídica gratuita ante el Juzgado competente, en calidad de trabajador demandante en el orden jurisdiccional social y, ante dicha petición, el ICAM, le solicitó una copia de su DNI y sus datos socioeconómicos para tramitar la asistencia jurídica gratuita. La parte reclamante indica que, según el artículo 2 d) de la Ley 1/1996, de 10 de enero, de Asistencia Jurídica Gratuita (LAJG), los trabajadores demandantes en el ámbito del orden jurisdiccional social no están obligados a acreditar insuficiencia de recursos para litigar, lo que hace innecesaria la solicitud de datos socioeconómicos. Asimismo, el artículo 12 de la LAJG establece que, cuando la solicitud de asistencia jurídica gratuita se presenta ante el juzgado, es el juzgado quien debe remitir la solicitud y la documentación correspondiente al Colegio de Abogados competente, sin que sea necesario que el solicitante vuelva a aportar dicha documentación. La parte reclamante estima que la solicitud de una copia del DNI vulnera el principio de minimización de datos. Junto al escrito aporta solicitud del ICAM en la que se le requiere una copia del DNI y sus datos socioeconómicos, con fecha de 3 de octubre de 2024. SEGUNDO: De conformidad con el artículo 65.4 de la Ley Orgánica 3/2018, de 5 de diciembre, de Protección de Datos Personales y garantía de los derechos digitales (en adelante LOPDGDD), se dio traslado de dicha reclamación al ICAM para que procediese a su análisis e informase a esta Agencia en el plazo de un mes, de las acciones llevadas a cabo para adecuarse a los requisitos previstos en la normativa de protección de datos. C/ Jorge Juan, 6 www.aepd.es 28001 – Madrid sedeaepd.gob.es 2/6 El traslado, que se practicó conforme a las normas establecidas en la Ley 39/2015, de 1 de octubre, del Procedimiento Administrativo Común de las Administraciones Públicas (en adelante, LPACAP) fue puesto a su disposición mediante notificación electrónica el 25/11/2024, entendiéndose rechazado transcurrido el plazo de 10 días naturales fijado en el art. 43.2 de la LPACAP sin ser recogido por el responsable. Aunque la notificación se practicó válidamente por medios electrónicos, dándose por efectuado el trámite conforme a lo dispuesto en el artículo 41.5 de la LPACAP, a título informativo se envió una copia por correo postal que fue notificada fehacientemente en fecha 12/12/2024. En dicha notificación, se le recordaba su obligación de relacionarse electrónicamente con la Adm...",,,,,,
AI-00381-2023,https://www.aepd.es/documento/ai-00381-2023.pdf,"1 / 6  Expediente  N.º: EXP202301603 RESOLUCIÓN DE ARCHIVO DE ACTUACIONES De   las   actuaciones   practicadas   por   la  Agencia   Española   de   Protección   de   Datos   y teniendo como base los siguientes HECHOS PRIMERO:   Con   fecha   24/04/2023,   D.   A.A.A.   y   Dña.   B.B.B.   (en...","1/6  Expediente N.º: EXP202301603 RESOLUCIÓN DE ARCHIVO DE ACTUACIONES De las actuaciones practicadas por la Agencia Española de Protección de Datos y teniendo como base los siguientes HECHOS PRIMERO: Con fecha 24/04/2023, D. A.A.A. y Dña. B.B.B. (en adelante la parte reclamante) presentaron reclamación ante la Agencia Española de Protección de Datos contra ASNORTE, S.A., AGENCIA DE SEGUROS con NIF A28039790 (en adelante, la parte reclamada o ASNORTE). Los motivos en que basa la reclamación son los siguientes: la reclamante presta servicios a la parte reclamada desde hace más de 26 años y actualmente se encuentra de baja médica por motivos relacionados con su actividad profesional; el reclamante, su pareja, entró en una oficina de parte reclamada a retirar una documentación personal a nombre de la reclamante y que procedía de la Central; la responsable de la Agencia, Dña. C.C.C., le recibió en su despacho y le entregó un paquete de cartón abierto que contenía en su interior documentos con datos personales de ambos reclamantes; la reclamación es debida a que la responsable de la Agencia abrió el paquete enviado desde la Central y a nombre de la reclamante, sin su consentimiento. Se aportaba: Grabación de la conversación mantenida entre el reclamante y la responsable de la Agencia en el interior de su despacho, mientras le hacía entrega de la documentación. La transcripción de dicha conversación, donde se escucha cómo la responsable de la Agencia reconoce que abrió el paquete, porque procedía de la Central y ser un asunto que concierne a su Agencia. Dice textualmente: ""mi obligación como Gerente de la Agencia si llega que es de Central....otra cosa es que fuera un paquete personal....y le llega a cualquiera de ellas un paquete de ZARA....eso evidentemente no lo voy a abrir, cuando es un paquete de Central y más para una persona que lleva de baja desde el mes de enero pues evidentemente tengo que saber si es algo que concierne a la Agencia...."" SEGUNDO: De acuerdo con el mecanismo previo a la admisión a trámite de las reclamaciones que se formulan ante la AEPD, previsto en el artículo 65.4 de la Ley Orgánica 3/2018, de 5 de diciembre, de Protección de Datos Personales y garantía de los derechos digitales (en lo sucesivo, LOPDGDD), que consiste en dar traslado de las mismas a los delegados de protección de datos designados por los responsables o encargados del tratamiento, o a estos cuando no los hubieren designado, y con la finalidad señalada en el referido artículo, se dio traslado de la reclamación a SANTA LUCÍA, S.A. COMPAÑIA DE SEGUROS Y REASEGUROS (en adelante, la parte reclamada) para que procediera a su análisis y diera respuesta en el plazo de un mes. En respuesta a las actuaciones de traslado y de información realizadas, se recibió en esta Agencia escrito de la parte reclamada. C/ Jorge Juan, 6 www.aepd.es 28001 – Madrid sedeagpd.gob.es 2/6 TERCERO: En fecha 24/03/2023 tras analizarse la documentación que obraba en el expediente, se dictó ...",,,,,,
PS-00254-2025,https://www.aepd.es/documento/ps-00254-2025.pdf,1 / 11  Expediente N.º: EXP202501570 RESOLUCIÓN DE PROCEDIMIENTO SANCIONADOR Del procedimiento instruido por la Agencia Española de Protección de Datos  y en base a los siguientes ANTECEDENTES PRIMERO :   Con   fecha   19   de   diciembre   de   2024   se   interpuso   reclamación   ante   la...,"1/11  Expediente N.º: EXP202501570 RESOLUCIÓN DE PROCEDIMIENTO SANCIONADOR Del procedimiento instruido por la Agencia Española de Protección de Datos y en base a los siguientes ANTECEDENTES PRIMERO: Con fecha 19 de diciembre de 2024 se interpuso reclamación ante la Agencia Española de Protección de Datos por una posible infracción imputable al AYUNTAMIENTO DE SANTANDER con NIF P3907500G (en adelante, el Ayuntamiento).  Los hechos que se pusieron en conocimiento de esta autoridad fueron los siguientes: Se denuncia que, en fecha 08 de noviembre de 2024, se encontró en el parabrisas de un vehículo una notificación de denuncia, en la que constaba que se había cometido una infracción de tráfico por haber estacionado el vehículo en sentido contrario a la marcha. En la notificación, la parte reclamante constató que, además de la matrícula de su vehículo, figuraban sus datos personales completos, incluyendo su nombre, apellidos y DNI. Inicialmente se cuenta con la siguiente documentación:  - El boletín de denuncia expedido por el agente denunciante, en el que figuraba el número de boletín, expediente sancionador, precepto infringido, lugar de comisión de la infracción, así como el hecho denunciado y la calificación de esta, el vehículo objeto de la infracción (matrícula, marca y modelo). Asimismo, constaban los datos del infractor, filiación completa y su número de documento nacional de identidad. - Tres fotografías en las que se puede ver la matrícula, marca y modelo del vehículo. En la primera se observa la parte delantera del vehículo, en la segunda su lateral izquierda, y la tercera se ve la parte lateral posterior derecha.  - Solicitud de la parte reclamante dirigida al Servicio de Transparencia del Ayuntamiento de Santander, presentada el 11/11/2024 (número de registro (…)), solicitando una entrevista sobre actuaciones relacionadas con una posible vulneración de derechos en materia de protección de datos. - Solicitud dirigida al Ayuntamiento, de fecha 27 de noviembre de 2024, en el que la parte recurrente solicitaba copia completa del expediente sancionador e informe de las notificaciones practicadas en el procedimiento sancionador.  C/ Jorge Juan, 6 www.aepd.es 28001 – Madrid sedeaepd.gob.es 2/11 - Se adjuntaba un justificante de la infracción objeto de la reclamación obtenida desde la URL: ***URL.1, así como una fotografía, distinta de las anteriores, en la que se observa al vehículo estacionado.  - Justificante de haber abonado la sanción. SEGUNDO: De conformidad con el artículo 65.4 de la Ley Orgánica 3/2018, de 5 de diciembre, de Protección de Datos Personales y garantía de los derechos digitales (en adelante LOPDGDD), se dio traslado de dicha reclamación al Ayuntamiento, para que procediese a su análisis e informase a esta Agencia en el plazo de un mes, de las acciones llevadas a cabo para adecuarse a los requisitos previstos en la normativa de protección de datos. La notificación del traslado de la reclamación, que se practicó conforme a la...",,,,,,
AI-00107-2025,https://www.aepd.es/documento/ai-00107-2025.pdf,"1 / 9  Expediente N.º: EXP202502402 RESOLUCIÓN DE ARCHIVO DE ACTUACIONES De   las   actuaciones   practicadas   por   la  Agencia   Española   de   Protección   de   Datos   y teniendo como base los siguientes HECHOS PRIMERO :   Con   fechas   2,   8   y   31   de   enero   de   2025,   se...","1/9  Expediente N.º: EXP202502402 RESOLUCIÓN DE ARCHIVO DE ACTUACIONES De las actuaciones practicadas por la Agencia Española de Protección de Datos y teniendo como base los siguientes HECHOS PRIMERO: Con fechas 2, 8 y 31 de enero de 2025, se presentaron reclamaciones ante la Agencia Española de Protección de Datos contra A.A.A. con NIF ***NIF.1 (en adelante, la parte reclamada), como titular del dominio “***DOMINIO.1”. Los motivos en que basa la reclamación son los siguientes: Las reclamantes manifiestan que sus datos personales se encuentran publicados en un directorio online sin su consentimiento. Afirman que no pueden solicitar la supresión al responsable porque no ofrece medios de contacto. Junto a la reclamación aportan la siguiente documentación: - Copia de captura de pantalla de la web ***DOMINIO.1 donde aparece los siguientes datos personales de la reclamante número 1: nombre, provincia, localidad, teléfono y dirección, así como fotografía de una tarjeta de visita con los datos anteriormente mencionados de la reclamante de fecha 24 de diciembre de 2024. - Copia de captura de pantalla de un buscador de internet donde aparece en la web ***DOMINIO.1, los siguientes datos personales de la reclamante número 2: nombre, provincia, localidad, teléfono y dirección. - Copia de captura de pantalla de la web ***DOMINIO.1 donde aparece los siguientes datos personales de la reclamante número 3: nombre, provincia, localidad, teléfono y dirección, así como fotografía de una tarjeta de visita con los datos anteriormente mencionados de la reclamante de fecha 13 de febrero de 2025. SEGUNDO: Con fecha 13 de marzo de 2025, de conformidad con el artículo 65 de la LOPDGDD, se admitió a trámite la reclamación presentada. TERCERO: La Subdirección General de Inspección de Datos procedió a la realización de actuaciones previas de investigación para el esclarecimiento de los hechos en cuestión, en virtud de las funciones asignadas a las autoridades de control en el artículo 57.1 y de los poderes otorgados en el artículo 58.1 del Reglamento (UE) 2016/679 (Reglamento General de Protección de Datos, en adelante RGPD), y de conformidad con lo establecido en el Título VII, Capítulo I, Sección segunda, de la LOPDGDD, teniendo conocimiento de los siguientes extremos: C/ Jorge Juan, 6 www.aepd.es 28001 – Madrid sedeaepd.gob.es 2/9 1) Con fecha 28 de marzo de 2025 utilizando el protocolo Whois se obtiene la información y los datos técnicos del dominio del reclamado. De dicha consulta se desprenden los siguientes datos: - La empresa registradora del dominio es ***EMPRESA.1. - La empresa con los servidores donde se aloja la página web es (…). - El resto de información no está disponible. 2) Remitido requerimiento de información a la empresa registradora del dominio, con fecha 07 de marzo de 2025, se recibe escrito de contestación aportando la siguiente información relevante: “Tras la realización de las comprobaciones oportunas, informarles que ***EMPRESA.1 actúa como Agente ...",,,,,,
PS-00440-2025,https://www.aepd.es/documento/ps-00440-2025.pdf,"1 / 14  Expediente N.º: EXP202507044 RESOLUCIÓN DE TERMINACIÓN DEL PROCEDIMIENTO POR RECONOCIMIENTO DE RESPONSABILIDAD Y PAGO VOLUNTARIO Del procedimiento instruido por la Agencia Española de Protección de Datos  y en base a los siguientes ANTECEDENTES PRIMERO :  Con fecha 2 de marzo de 2026 ,  la...","1/14  Expediente N.º: EXP202507044 RESOLUCIÓN DE TERMINACIÓN DEL PROCEDIMIENTO POR RECONOCIMIENTO DE RESPONSABILIDAD Y PAGO VOLUNTARIO Del procedimiento instruido por la Agencia Española de Protección de Datos y en base a los siguientes ANTECEDENTES PRIMERO: Con fecha 2 de marzo de 2026, la Presidencia de la Agencia Española de Protección de Datos acordó iniciar procedimiento sancionador a UNEI INICIATIVA SOCIAL S.L. (en adelante, UIS), mediante el acuerdo que se transcribe: <<  Expediente N.º: EXP202507044 ACUERDO DE INICIO DE PROCEDIMIENTO SANCIONADOR De las actuaciones practicadas por la Agencia Española de Protección de Datos y en  base a los siguientes HECHOS PRIMERO: Con fecha 11 de abril de 2025 se interpuso reclamación ante la Agencia Española de Protección de Datos por una posible infracción imputable a UNEI INICIATIVA SOCIAL, S.L. con NIF B41610825 (en adelante, UIS).  Los hechos que se pone en conocimiento de esta autoridad son: relativos a un sistema de videovigilancia ubicado en ***DIRECCIÓN.1. La parte reclamante manifiesta que se ha instalado un sistema de cámaras de videovigilancia en su puesto de trabajo en el (…), donde desempeña sus funciones para la subcontrata UNEI Iniciativa Social C.E. Manifiesta que las cámaras están orientadas de forma que captan imágenes de su ordenador y área de trabajo, así como las taquillas donde los trabajadores guardan sus uniformes y donde se cambian; sin haber sido informada de la existencia ni del funcionamiento de dichos dispositivos. Aporta fotografías ubicación de las cámaras y cartel informativo sin estar debidamente cumplimentado (Anexo I).  SEGUNDO: De conformidad con el artículo 65.4 de la Ley Orgánica 3/2018, de 5 de diciembre, de Protección de Datos Personales y garantía de los derechos digitales (en C/ Jorge Juan, 6 www.aepd.es 28001 – Madrid sedeaepd.gob.es 2/14 adelante LOPDGDD), se dio traslado de dicha reclamación a UIS, para que procediese a su análisis e informase a esta Agencia en el plazo de un mes, de las acciones llevadas a cabo para adecuarse a los requisitos previstos en la normativa de protección de datos. La notificación del traslado de la reclamación, que se practicó conforme a las normas establecidas en la Ley 39/2015, de 1 de octubre, del Procedimiento Administrativo Común de las Administraciones Públicas (en adelante, LPACAP), fue realizada en fecha 22/05/2025 como consta en el acuse de recibo que obra en el expediente. Con fecha 17/06/2025 se recibe en esta Agencia escrito de respuesta indicando, en síntesis, que el sistema de cámaras es correcto, que no graba en exceso, y que no son necesarios los carteles. Aporta impresión de pantalla de los monitores de la Empresa. Captura del visor de las cámaras donde ser observan los 4 dispositivos existentes TERCERO: Con fecha 11 de julio de 2025, de conformidad con el artículo 65 de la LOPDGDD, se admitió a trámite la reclamación.  . FUNDAMENTOS DE DERECHO I  Competencia De acuerdo con los poderes que el artículo 58.2 del Re...",,,,,,
AI-00001-2025,https://www.aepd.es/documento/ai-00001-2025.pdf,"1 / 4  Expediente N.º: EXP202417853 RESOLUCIÓN DE ARCHIVO DE ACTUACIONES De   las   actuaciones   practicadas   por   la  Agencia   Española   de   Protección   de   Datos   y teniendo como base los siguientes HECHOS PRIMERO : La Agencia  Española  de Protección  de Datos tuvo conocimiento, a...",Error extrayendo PDF: 503 Server Error: Service Unavailable for url: https://www.aepd.es/documento/ai-00001-2025.pdf...,,,,,,
AI-00173-2025,https://www.aepd.es/documento/ai-00173-2025.pdf,"1 / 8  Expediente N.º: EXP202415705 RESOLUCIÓN DE ARCHIVO DE ACTUACIONES De   las   actuaciones   practicadas   por   la  Agencia   Española   de   Protección   de   Datos   y teniendo como base los siguientes HECHOS PRIMERO : Con fecha 16 de octubre de 2024, se presentó reclamación ante la...",Error extrayendo PDF: 503 Server Error: Service Unavailable for url: https://www.aepd.es/documento/ai-00173-2025.pdf...,,,,,,
PS-00256-2025,https://www.aepd.es/documento/ps-00256-2025.pdf,1 / 15  Expediente N.º: EXP202410271 RESOLUCIÓN DE PROCEDIMIENTO SANCIONADOR Del procedimiento instruido por la Agencia Española de Protección de Datos  y en base a los siguientes ANTECEDENTES PRIMERO : Con  fecha 27  de  junio  de  2024  se  interpuso  reclamación  ante la  Agencia Española   de...,"1/15  Expediente N.º: EXP202410271 RESOLUCIÓN DE PROCEDIMIENTO SANCIONADOR Del procedimiento instruido por la Agencia Española de Protección de Datos y en base a los siguientes ANTECEDENTES PRIMERO: Con fecha 27 de junio de 2024 se interpuso reclamación ante la Agencia Española de Protección de Datos por una posible infracción imputable a A.A.A. con NIF ***NIF.1 (en adelante, A.A.A. o la parte reclamada).  Los hechos que se pone en conocimiento de esta autoridad son los siguientes: La parte reclamante indica que recibió una carta de un tercero, en la que se le proponía que firmase un escrito por el que reconocía no ser propietaria de una finca, dándola de baja en el catastro, a fin de poder inscribir dicha finca a nombre del tercero firmante de la carta. La parte reclamante afirma no ser actualmente ni haber sido en el pasado propietaria de la citada finca. Asimismo, destaca que, el tercero se personó, hace un tiempo, en su domicilio con la intención de hablar con ella. Señala que no entiende cómo desde la notaría pueden haber facilitado a un tercero sus datos de carácter personal. Asimismo, expone que su hijo se puso en contacto con la notaría nombrada en la carta (Notaría de ***LOCALIDAD.1), que negó la filtración, y con el decanato de notarios de ***LOCALIDAD.2, que no le ha dado una explicación sobre el origen de la filtración de los datos. Junto al escrito de reclamación, se aporta: La carta mencionada en la reclamación, fechada el 22 de mayo de 2024, que dirige B.B.B. a la parte reclamante. Certificación Catastral Descriptiva y Gráfica de una parcela de uso agrario situada en ***LOCALIDAD.1 con referencia catastral ***NÚMERO.1, a la que hace referencia el hecho probado segundo. SEGUNDO: De conformidad con el artículo 65.4 de la Ley Orgánica 3/2018, de 5 de diciembre, de Protección de Datos Personales y garantía de los derechos digitales (en adelante LOPDGDD), se dio traslado de dicha reclamación a la Notaría que se mencionaba en la carta de 22 de mayo de 2024, para que procediese a su análisis e informase a esta Agencia en el plazo de un mes, de las acciones llevadas a cabo para adecuarse a los requisitos previstos en la normativa de protección de datos. C/ Jorge Juan, 6 www.aepd.es 28001 – Madrid sedeaepd.gob.es 2/15 La notificación del traslado de la reclamación, que se practicó conforme a las normas establecidas en la Ley 39/2015, de 1 de octubre, del Procedimiento Administrativo Común de las Administraciones Públicas (en adelante, LPACAP), fue realizada en fecha 23/07/2024 como consta en el acuse de recibo que obra en el expediente. Tras varias comunicaciones con dicha Notaría, con fecha 26/09/2024 se recibe en esta Agencia escrito de respuesta indicando que la notaría no ha comunicado datos personales a terceros sin cobertura legal al efecto. Asimismo, se señala que un señor se puso en contacto con dicha notaría en relación a unos terrenos en los que un tercero, solicitaba por carta, corregir el catastro con el fin de regularizar una ...",,,,,,
AI-00020-2025,https://www.aepd.es/documento/ai-00020-2025.pdf,"1 / 8  Expediente N.º: EXP202413781 RESOLUCIÓN DE ARCHIVO DE ACTUACIONES De   las   actuaciones   practicadas   por   la  Agencia   Española   de   Protección   de   Datos   y teniendo como base los siguientes HECHOS PRIMERO :   Con   fecha   7   de   septiembre   de   2024,   se   presentó...",Error extrayendo PDF: 503 Server Error: Service Unavailable for url: https://www.aepd.es/documento/ai-00020-2025.pdf...,,,,,,
AI-00193-2024,https://www.aepd.es/documento/ai-00193-2024.pdf,"1 / 4  Expediente N.º: EXP202401296 RESOLUCIÓN DE CADUCIDAD DE ACTUACIONES De las actuaciones practicadas por la Agencia Española de Protección de Datos   y en base a los siguientes HECHOS PRIMERO :   Con   fecha   29   de   noviembre   de   2023,   se   presentó   reclamación   ante   la Agencia...","1/4  Expediente N.º: EXP202401296 RESOLUCIÓN DE CADUCIDAD DE ACTUACIONES De las actuaciones practicadas por la Agencia Española de Protección de Datos y en base a los siguientes HECHOS PRIMERO: Con fecha 29 de noviembre de 2023, se presentó reclamación ante la Agencia Española de Protección de Datos contra CEBLANAL, S.L. con NIF B15730526 (en adelante, la parte reclamada). Los motivos en que basa la reclamación son los siguientes: La parte reclamante manifiesta haber sido cliente de VODAFONE, teniendo una línea de teléfono activa. A raíz de una solicitud de portabilidad, en fecha 16 de febrero de 2023, tuvo conocimiento de la existencia de una segunda línea de teléfono a su nombre, contratada sin su conocimiento ni consentimiento. Tras solicitar el acceso a sus datos personales a VODAFONE, recibió respuesta de la entidad el 30 de marzo de 2023 en la que se calificaba la contratación como fraudulenta y se adjuntaba un contrato a su nombre en el que figura como establecimiento de venta CEBLANAL. Señala la parte reclamante que nunca ha sido cliente de CEBLANAL ni celebró con la entidad contrato alguno, motivo por el que dirigió una solicitud de acceso también a esta, sin haber recibido respuesta a fecha de presentación de la reclamación.  Aporta junto a su escrito documentación para acreditar los extremos anteriores: i) escrito de VODAFONE fechado el 6 de noviembre de 2023 en el que califica la contratación como fraudulenta; ii) contrato con VODAFONE en el que consta como punto de venta CEBLANAL; iii) solicitud de acceso dirigida a CEBLANAL el 31 de marzo de 2023. SEGUNDO: De conformidad con el artículo 65.4 de la Ley Orgánica 3/2018, de 5 de diciembre, de Protección de Datos Personales y garantía de los derechos digitales (en adelante LOPDGDD), se dio traslado de dicha reclamación a la parte reclamada, para que procediese a su análisis e informase a esta Agencia en el plazo de un mes, de las acciones llevadas a cabo para adecuarse a los requisitos previstos en la normativa de protección de datos. El traslado, que se practicó conforme a las normas establecidas en la Ley 39/2015, de 1 de octubre, del Procedimiento Administrativo Común de las Administraciones Públicas (en adelante, LPACAP), fue recogido en fecha 24 de enero de 2024 como consta en el acuse de recibo que obra en el expediente. Con fecha 23 de febrero de 2024 se recibe en esta Agencia escrito de respuesta a las actuaciones de traslado.   C/ Jorge Juan, 6 www.aepd.es 28001 – Madrid sedeaepd.gob.es 2/4 TERCERO: Con fecha 29 de febrero de 2024, de conformidad con el artículo 65 de la LOPDGDD, se admitió a trámite la reclamación presentada. CUARTO: La Subdirección General de Inspección de Datos procedió a la realización de actuaciones previas de investigación para el esclarecimiento de los hechos en cuestión, en virtud de las funciones asignadas a las autoridades de control en el artículo 57.1 y de los poderes otorgados en el artículo 58.1 del Reglamento (UE) 2016/679 (Reglamento General de...",,,,,,
AI-00131-2025,https://www.aepd.es/documento/ai-00131-2025.pdf,1 / 13  Expediente N.º: EXP202415317 RESOLUCIÓN DE ARCHIVO DE ACTUACIONES De   las   actuaciones   practicadas   por   la  Agencia   Española   de   Protección   de   Datos   y teniendo como base los siguiente HECHOS PRIMERO : Con fecha 7 de octubre de 2024 se interpuso reclamación ante la Agencia...,"1/13  Expediente N.º: EXP202415317 RESOLUCIÓN DE ARCHIVO DE ACTUACIONES De las actuaciones practicadas por la Agencia Española de Protección de Datos y teniendo como base los siguiente HECHOS PRIMERO: Con fecha 7 de octubre de 2024 se interpuso reclamación ante la Agencia Española de Protección de Datos por una posible infracción imputable a la entidad COATRANS, S.L. con NIF B50510387 (en adelante, CSL).  Los hechos que se pone en conocimiento de esta autoridad son: relativos a un sistema de videovigilancia ubicado en CABINA TRACTORA DE CAMIONES DE EMPRESA COATRANS  S.L “la empresa ha instalado cámaras de seguridad en los habitáculos interiores de sus vehículos, orientadas hacia el interior y el exterior del vehículo” Aporta fotografía de la cámara y especificaciones técnicas (Anexo I).  SEGUNDO: De conformidad con el artículo 65.4 de la Ley Orgánica 3/2018, de 5 de diciembre, de Protección de Datos Personales y garantía de los derechos digitales (en adelante LOPDGDD), se dio traslado de dicha reclamación a CSL, para que procediese a su análisis e informase a esta Agencia en el plazo de un mes, de las acciones llevadas a cabo para adecuarse a los requisitos previstos en la normativa de protección de datos. La notificación del traslado de la reclamación, que se practicó conforme a las normas establecidas en la Ley 39/2015, de 1 de octubre, del Procedimiento Administrativo Común de las Administraciones Públicas (en adelante, LPACAP), fue realizada en fecha 03/11/2024 como consta en el acuse de recibo que obra en el expediente. Con fecha 26/11/2024 se recibe en esta Agencia escrito de respuesta en el que la parte reclamada manifiesta que el objeto de esta reclamación no es una cámara de vídeo vigilancia sino que es un producto de inteligencia artificial denominado ""***DISPOSITIVO.1"", que se instala en la cabina tractora para según lo define la parte reclamada ""para la seguridad de la conducción y eficiencia en el trabajo de las empresas de transporte"". Es una herramienta que recopila diversos datos: imágenes, datos de geolocalización, comportamiento de la conducción y otros datos, por lo que podríamos estar ante un tratamiento excesivo de datos en relación con su finalidad. La parte reclamada indica que no tiene una finalidad de vídeo vigilancia ni de control laboral de los conductores, por lo que no graba continuamente únicamente cuando ocurren eventos (los llaman vips/tips) en los que la herramienta detecta problemas de conducción. Se activa cuando el camión está en movimiento no cuando está parado. No graba sonido ni capta imágenes del exterior. La herramienta cuenta con cámara y C/ Jorge Juan, 6 www.aepd.es 28001 – Madrid sedeaepd.gob.es 2/13 sensores de telemetría. seguridades avanzadasnan en la nube, aplicándose, medidas de seguridad avanzadas como el cifrado y acceso a la información por medio de certificados y autenticación de doble factor. La parte reclamada es el responsable del tratamiento siendo la empresa que vende la herramienta, ***E...",,,,,,
AI-00082-2026,https://www.aepd.es/documento/ai-00082-2026.pdf,"1 / 9  Expediente N.º: EXP202315809 RESOLUCIÓN DE ARCHIVO DE ACTUACIONES De   las   actuaciones   practicadas   por   la  Agencia   Española   de   Protección   de   Datos   y teniendo como base los siguientes HECHOS PRIMERO : Con fecha 19 de octubre de 2023, se presentó reclamación ante la...","1/9  Expediente N.º: EXP202315809 RESOLUCIÓN DE ARCHIVO DE ACTUACIONES De las actuaciones practicadas por la Agencia Española de Protección de Datos y teniendo como base los siguientes HECHOS PRIMERO: Con fecha 19 de octubre de 2023, se presentó reclamación ante la Agencia Española de Protección de Datos contra S. DE E. DE SEGURIDAD con NIF (…) (en adelante, SES). Los motivos en que basa la reclamación son los siguientes: La parte reclamante expone que la Consejería ***CONSEJERÍA.1, y (…), han dado una rueda de prensa el día ***FECHA.1 (…), facilitando a terceros datos de su persona relativos a una condena penal del año (…), cancelada; datos que, a su parecer, han sido obtenidos ilícitamente por (…), ***LOCALIDAD.1, obtenidos del registro oficial VioGén. Considera que se ha podido vulnerar el principio de confidencialidad y las medidas de seguridad. Junto a la reclamación se aporta pantallazo del Sistema de Seguimiento Integral VioGén, que muestra la fecha: “(…)” y hora del acceso: “(…)”, unos días antes del cese. Acceso por persona no identificada. En el documento se aprecia una leyenda manuscrita que alude a su ingreso en prisión en (…) al ser condenado por tráfico de drogas. SEGUNDO: De conformidad con el artículo 65.4 de la Ley Orgánica 3/2018, de 5 de diciembre, de Protección de Datos Personales y garantía de los derechos digitales (en adelante LOPDGDD), se dio traslado de dicha reclamación a SES, para que procediese a su análisis e informase a esta Agencia en el plazo de un mes, de las acciones llevadas a cabo para adecuarse a los requisitos previstos en la normativa de protección de datos. El traslado, que se practicó conforme a las normas establecidas en la Ley 39/2015, de 1 de octubre, del Procedimiento Administrativo Común de las Administraciones Públicas (en adelante, LPACAP), fue recogido en fecha 13 de noviembre de 2023 como consta en el acuse de recibo que obra en el expediente. Con fecha 5 de diciembre de 2023, se recibe escrito de respuesta en esta Agencia, en el que el Delegado de Protección de Datos designado para la SES, A.A.A, persona que firma el escrito, antes de contestar a cada punto, realiza las siguientes consideraciones previas: Indica que el responsable del tratamiento del sistema VioGén es la (…), dependiente de la SES, la cual, a su vez, pertenece al Ministerio del Interior y proporciona el CIF (…). C/ Jorge Juan, 6 www.aepd.es 28001 – Madrid sedeaepd.gob.es 2/9 Aporta información básica del tratamiento “Sistema VioGén”, y destaca que, respecto de todas las consultas y accesos a la información contenida en el sistema: Entre otras medidas de seguridad técnicas y operativas, todas estas actuaciones quedan auditadas y trazadas” (…) (…) “Dicho lo cual, en primer lugar, se les traslada que esta Secretaría de Estado de Seguridad, más en concreto la persona o unidad de gestión del responsable del tratamiento, no tienen conocimiento ni constancia de ninguna rueda de prensa facilitada por ninguno de sus órganos o unidades de...",,,,,,
AI-00040-2025,https://www.aepd.es/documento/ai-00040-2025.pdf,"1 / 9  Expediente N.º: EXP202417064 RESOLUCIÓN DE ARCHIVO DE ACTUACIONES De   las   actuaciones   practicadas   por   la  Agencia   Española   de   Protección   de   Datos   y teniendo como base los siguientes HECHOS PRIMERO : Con fecha 28 de octubre de 2024, se presentó reclamación ante la...","1/9  Expediente N.º: EXP202417064 RESOLUCIÓN DE ARCHIVO DE ACTUACIONES De las actuaciones practicadas por la Agencia Española de Protección de Datos y teniendo como base los siguientes HECHOS PRIMERO: Con fecha 28 de octubre de 2024, se presentó reclamación ante la Agencia Española de Protección de Datos contra BANCO BILBAO VIZCAYA ARGENTARIA, S.A. con NIF A48265169 (en adelante, BBVA). Los motivos en que basa la reclamación son los siguientes: La parte reclamante manifiesta que con fecha ***FECHA.1 y posteriormente con fecha ***FECHA.2, recibe citación de la Fiscalía de la (...) (la Fiscalía de ***LOCALIDAD.1 en lo sucesivo) en la que se acuerda recibirle declaración en el marco de una Orden Europea de Investigación por un delito de estafa en ***PAÍS.1. Asimismo, expone que según le informa la Fiscalía alguien utilizó la copia de su DNI para llevar a cabo la apertura de una cuenta con la entidad bancaria reclamada, sin su conocimiento ni consentimiento, y proceder a realizar diversos fraudes. Junto al escrito de reclamación se aporta:  Copia de las cedulas de citación de la Fiscalía de la (...), (…), de fecha ***FECHA.1 y ***FECHA.2.  Copia de la comparecencia y declaración de la parte reclamante ante la Fiscalía de ***LOCALIDAD.1 con fecha de ***FECHA.3. En su declaración la parte reclamante pone de manifiesto, en lo que afecta al presente procedimiento, lo siguiente: “Que no tiene ninguna cuenta abierta con el BBVA, por tanto, no abrió la cuenta de dicha entidad que finaliza en XXXX. Que en relación a los datos de apertura, indica que son correctos los datos de identificación del DNI y fecha de nacimiento y el teléfono segundo, pero son inciertos los hechos correspondientes al domicilio fiscal y correspondencia, los del teléfono preferente y los del correo electrónico, que no sabe a quién pertenecen.  (…) Que desconoce la existencia y posesión de la tarjeta de pago asociada a la cuenta bancaria de referencia.  (…) Quiere manifestar que su identidad ha sido usurpada, desconociendo el método (…), si bien quiere añadir su DNI en ocasiones lo ha facilitado a alguna de las personas a las que alquilan alguno de sus tres inmuebles; (…).” C/ Jorge Juan, 6 www.aepd.es 28001 – Madrid sedeaepd.gob.es 2/9 Preguntado por el sitio web ***URL.1 declara “que desconoce esa página”.  Copia del atestado policial instruido por la Guardia Civil de (…) (***LOCALIDAD.1), de fecha ***FECHA.3, a raíz de la denuncia formulada por la parte reclamante por presunta infracción penal, consistente en usurpación de identidad. De las manifestaciones recogidas en el referido atestado, interesa destacar, en lo que aquí concierne, que la presunta estafa consistió en la venta por Internet, a través de la página web ***URL.1, de una bicicleta a un ciudadano húngaro, quien procedió a su abono en una cuenta bancaria del BBVA, sin que llegara a recibir el producto adquirido.    Copia de la denuncia presentada por la parte reclamante ante el Juzgado de Instrucción de ***LOCALIDAD....",,,,,,
AI-00223-2025,https://www.aepd.es/documento/ai-00223-2025.pdf,"1 / 7  Expediente N.º: EXP202506207 RESOLUCIÓN DE ARCHIVO DE ACTUACIONES De   las   actuaciones   practicadas   por   la  Agencia   Española   de   Protección   de   Datos   y teniendo como base los siguientes: HECHOS PRIMERO :   Con   fecha   1   de   abril   de   2025,   se   presentó...","1/7  Expediente N.º: EXP202506207 RESOLUCIÓN DE ARCHIVO DE ACTUACIONES De las actuaciones practicadas por la Agencia Española de Protección de Datos y teniendo como base los siguientes: HECHOS PRIMERO: Con fecha 1 de abril de 2025, se presentó reclamación ante la Agencia Española de Protección de Datos contra VODAFONE ESPAÑA, S.A.U. con NIF A80907397 (en adelante, la parte reclamada o VODAFONE). Los motivos en que basa la reclamación son los siguientes: El titular de la línea ***TELÉFONO.1, inscrita en la Lista Robinson desde el día 19 de julio de 2023, manifiesta que no ha prestado su consentimiento ni tampoco ha mantenido relación contractual con la parte reclamada. Sin embargo, a pesar de ello, ha recibido llamadas comerciales no deseadas desde las siguientes líneas llamantes: ***TELÉFONO.2, ***TELÉFONO.3 y ***TELÉFONO.4 en los días 28 de febrero y 4 y 17 de marzo del año 2025, respectivamente. Junto con el escrito de reclamación aporta: - Factura para acreditar la titularidad de la línea receptora. - Certificado de inscripción en la Lista Robinson de la línea llamada desde el 19/07/2023 - Grabación de las llamadas llamantes. - Captura de pantalla de las llamadas recibidas con la calificación de llamante no deseado o fraude. SEGUNDO: De conformidad con el artículo 65.4 de la Ley Orgánica 3/2018, de 5 de diciembre, de Protección de Datos Personales y garantía de los derechos digitales (en adelante LOPDGDD), se dio traslado de dicha reclamación a AUTOCONTROL (Asociación para la Autorregulación de la Comunicación Comercial), para que procediese a su análisis e informase a esta Agencia en el plazo de un mes, de las acciones llevadas a cabo para adecuarse a los requisitos previstos en la normativa de protección de datos. El traslado, que se practicó conforme a las normas establecidas en la Ley 39/2015, de 1 de octubre, del Procedimiento Administrativo Común de las Administraciones Públicas (en adelante, LPACAP), fue recogido en fecha 16 de abril de 2025 como consta en el acuse de recibo que obra en el expediente. Con fecha 23 de mayo de 2025 se recibe en esta Agencia, escrito de AUTOCONTROL en contestación al traslado de la reclamación, en el que informan:  C/ Jorge Juan, 6 www.aepd.es 28001 – Madrid sedeaepd.gob.es 2/7 ""... Según la información disponible, a día de hoy, en ... ""CNMC"", las numeraciones llamantes indicadas ***TELÉFONO.2 y ***TELÉFONO.3, pertenecen al siguiente operador; XFERA MÓVILES, S.A. UNIPERSONAL., y la línea ***TELÉFONO.4 a TELEFÓNICA MÓVILES ESPAÑA, S.A. UNIPERSONAL...No siendo Vodafone quien ha facilitado sus datos.  Asimismo, tras realizar las comprobaciones oportunas, hemos verificado que las líneas telefónicas del reclamante, (…) ***TELÉFONO.1, (…) constan en la lista Robinson oficial de A Digital ..., y en la lista Robinson interna de Vodafone .... Desde Vodafone se ha comprobado si los números llamantes indicados en su escrito figuran en nuestra base de datos con los números telefónicos que usan nuestros colaboradores ...",,,,,,
AI-00064-2025,https://www.aepd.es/documento/ai-00064-2025.pdf,"1 / 8  Expediente N.º: EXP202417168 RESOLUCIÓN DE ARCHIVO DE ACTUACIONES De   las   actuaciones   practicadas   por   la  Agencia   Española   de   Protección   de   Datos   y teniendo como base los siguientes HECHOS PRIMERO : Con fecha 30 de octubre de 2024, se presentó reclamación ante la...","1/8  Expediente N.º: EXP202417168 RESOLUCIÓN DE ARCHIVO DE ACTUACIONES De las actuaciones practicadas por la Agencia Española de Protección de Datos y teniendo como base los siguientes HECHOS PRIMERO: Con fecha 30 de octubre de 2024, se presentó reclamación ante la Agencia Española de Protección de Datos contra CAJA RURAL DE JAEN, BARCELONA Y MADRID, S.C.C. con NIF F23009145 (en adelante, CR Jaén o la parte reclamada). Los motivos en que basa la reclamación son los siguientes: La parte reclamante manifiesta que, en el mes de agosto de 2022, reservó una vivienda junto con su pareja a la empresa ""***EMPRESA.1"" y, en mayo de 2023, acudieron a una oficina de la parte reclamada y firmaron el correspondiente préstamo hipotecario. No obstante, manifiesta que, días después, ***PUESTO.1 de la citada oficina facilitó a la empresa constructora el importe del préstamo que les fue concedido. Añade que tuvo conocimiento de lo ocurrido a raíz de un comentario realizado por un trabajador de dicha empresa.  Por otra parte, manifiesta que, a raíz de los retrasos sufridos en la construcción, solicitaron a la parte reclamada una novación de la hipoteca, la cual fue denegada, por lo que comunicaron a la empresa constructora que debían agilizar los trabajos ""porque no vamos a novar"" y recibieron respuesta del abogado de dicha empresa, de fecha 30 de octubre de 2024, de la que, asegura,  se desprende que ***PUESTO.1 de la sucursal de la parte reclamada había vuelto a facilitar información económica personal de la parte reclamante, en concreto, el motivo por el cual no se le había concedido la novación solicitada, vulnerando así el deber de confidencialidad. Junto a la reclamación se aporta: - Captura de pantalla de un correo electrónico de título: “Hipoteca CRJaén” origen “(...)”, de fecha viernes, 25 de octubre [2024] dirigido: “para mí, A.A.A.” en el que se comunica a la parte reclamante que las posibilidades de refinanciación no son viables porque cuando se estudió la hipoteca se desconocían unas (…). - Captura de pantalla de un correo electrónico de título: “RV: Factura desarrollo de la obra” de “B.B.B. a través de (…)”. La fecha que consta es “17:09” “para mí, LOS“, en cuyo texto se incluye:  “En relación a la denegación de la novación, conocemos que tal denegación, no es debida a ningún concepto en relación con la obra, (…).” C/ Jorge Juan, 6 www.aepd.es 28001 – Madrid sedeaepd.gob.es 2/8 SEGUNDO: De conformidad con el artículo 65.4 de la Ley Orgánica 3/2018, de 5 de diciembre, de Protección de Datos Personales y garantía de los derechos digitales (en adelante LOPDGDD), se dio traslado de dicha reclamación a la parte reclamada, para que procediese a su análisis e informase a esta Agencia en el plazo de un mes, de las acciones llevadas a cabo para adecuarse a los requisitos previstos en la normativa de protección de datos. El traslado, que se practicó conforme a las normas establecidas en la Ley 39/2015, de 1 de octubre, del Procedimiento Administrativo Común de ...",,,,,,
PS-00035-2025,https://www.aepd.es/documento/ps-00035-2025.pdf,"1 / 13  Expediente Nº: EXP202403237 RESOLUCIÓN DE TERMINACIÓN DEL PROCEDIMIENTO POR PAGO VOLUNTARIO Del procedimiento instruido por la Agencia Española de Protección de Datos  y en base a los siguientes ANTECEDENTES PRIMERO :   Con   fecha   23   de   noviembre   de   2025 ,   la   Presidencia...",Error extrayendo PDF: 503 Server Error: Service Unavailable for url: https://www.aepd.es/documento/ps-00035-2025.pdf...,,,,,,
AI-00313-2025,https://www.aepd.es/documento/ai-00313-2025.pdf,"1 / 17  Expediente N.º: EXP202500496 RESOLUCIÓN DE ARCHIVO DE ACTUACIONES De   las   actuaciones   practicadas   por   la  Agencia   Española   de   Protección   de   Datos   y teniendo como base los siguientes HECHOS PRIMERO :   Con   fecha   9   de   diciembre   de   2024,   se   presentó...","1/17  Expediente N.º: EXP202500496 RESOLUCIÓN DE ARCHIVO DE ACTUACIONES De las actuaciones practicadas por la Agencia Española de Protección de Datos y teniendo como base los siguientes HECHOS PRIMERO: Con fecha 9 de diciembre de 2024, se presentó reclamación ante la Agencia Española de Protección de Datos contra OCTOPUS ENERGY ESPAÑA, S.L. con NIF B40563082 (en adelante, OCTOPUS o la parte reclamada). Los motivos en que basa la reclamación son los siguientes: La parte reclamante manifiesta que, en fecha 17 de junio de 2024, su empresa suministradora NATURGY, le comunica la baja como su comercializadora. Señala que tras comunicarse con NATURGY le informan que la baja la ha solicitado un tercero, sin su consentimiento, siendo la nueva empresa OCTOPUS.  Junto a la notificación se aporta la siguiente documentación: - Copia de la denuncia policial de 18 de junio de 2024 y ampliación de 14 de noviembre de 2024, en la que además manifiesta haber recibido dos correos no deseados de 13 de junio a nombre de A.A.A. de Lima (Perú).  - Copia del correo de NATURGY de 2 de octubre de 2024 confirmando la baja de los servicios de mantenimiento de gas a 1 de octubre de 2024 e informando de que el suministro de electricidad fue dado de alta por otra comercializadora el 14 de junio de 2024. - Copia de la captura de pantalla de sus suministros en la web de su suministradora. - Reclamación dirigida a OCTOPUS de 19 de octubre de 2024 por la suplantación de su identidad y correos electrónicos intercambiados con el delegado de protección de datos de la parte reclamada, desde 9 de octubre a 15 de noviembre de 2024 en los que se le informa de que la contratación se hizo por la web desde la dirección de email ***EMAIL.1, la IP ***IP.1 y cuenta bancaria terminada en **XX. La parte reclamante manifiesta que investigó que dicha IP está localizada en Lima (Perú). - Carta de Experian de 5 de agosto de 2025 comunicando la inclusión en el fichero de morosidad Badexcug por cuenta de la parte reclamada el 3 de agosto de 2025 por una deuda de 246 €.   SEGUNDO: De conformidad con el artículo 65.4 de la Ley Orgánica 3/2018, de 5 de diciembre, de Protección de Datos Personales y garantía de los derechos digitales (en adelante LOPDGDD), se dio traslado de dicha reclamación a OCTOPUS, para que procediese a su análisis e informase a esta Agencia en el plazo de un mes, de las C/ Jorge Juan, 6 www.aepd.es 28001 – Madrid sedeaepd.gob.es 2/17 acciones llevadas a cabo para adecuarse a los requisitos previstos en la normativa de protección de datos. El traslado, que se practicó conforme a las normas establecidas en la Ley 39/2015, de 1 de octubre, del Procedimiento Administrativo Común de las Administraciones Públicas (en adelante, LPACAP), fue recogido en fecha 22 de enero de 2025 como consta en el acuse de recibo que obra en el expediente. Con fecha 18 de febrero de 2025 se recibe en esta Agencia escrito de respuesta de OCTOPUS indicando que la contratación se produjo antes de la implementac...",,,,,,
AI-00095-2025,https://www.aepd.es/documento/ai-00095-2025.pdf,"1 / 6  Expediente N.º: EXP202416376 RESOLUCIÓN DE ARCHIVO DE ACTUACIONES De   las   actuaciones   practicadas   por   la  Agencia   Española   de   Protección   de   Datos   y teniendo como base los siguientes HECHOS PRIMERO : Con fecha 9 de octubre de 2024, se presentó reclamación ante la Agencia...","1/6  Expediente N.º: EXP202416376 RESOLUCIÓN DE ARCHIVO DE ACTUACIONES De las actuaciones practicadas por la Agencia Española de Protección de Datos y teniendo como base los siguientes HECHOS PRIMERO: Con fecha 9 de octubre de 2024, se presentó reclamación ante la Agencia Española de Protección de Datos contra BANCO SANTANDER, S.A. con NIF A39000013 (en adelante, la parte reclamada o el banco). Los motivos en que basa la reclamación son los siguientes: La parte reclamante asegura que la parte reclamada habría compartido información confidencial (sus datos personales) con un tercero (A.A.A.). En concreto, considera que la parte reclamada habría compartido que, a raíz de un error vinculado a un ingreso, el banco le había reintegrado una cuantía de ***CANTIDAD.1 euros. En su reclamación relata que tiene dos cuentas bancarias en la entidad de la parte reclamada: una de la que es el único titular y otra, en la que figura como cotitular con A.A.A.. Cuando recibe la devolución de un importe en su tarjeta, el banco realiza el ingreso en la cuenta mancomunada, en lugar de en aquella de su exclusiva titularidad por una errónea vinculación de la tarjeta privada a la cuenta común.  Al informar al banco, este solventa la errónea vinculación y, tras ponerse de manifiesto la negativa de A.A.A. cotitular de la cuenta común a transferirle los ***CANTIDAD.1 euros, el banco procede a ingresar en la cuenta de exclusiva titularidad del reclamante esta cuantía.  Afirma que en junio de 2024 intentó de nuevo que A.A.A., cotitular de la cuenta común, accediera a la devolución, a lo que esta respondió que le constaba que el banco ya se los había devuelto. A estos efectos, aporta copia de varios mensajes de correo electrónico de 4 de octubre de 2024 intercambiados entre ambos en los que A.A.A. a su solicitud de devolución del importe señala: “Esos ***CANTIDAD.1€ el Banco te los devolvió y es una cosa tuya con el Banco"". La parte reclamante centra su reclamación en que el hecho de que A.A.A. tuviera conocimiento de que el banco le había devuelto el dinero supone una vulneración de la normativa de protección de datos perpetrada por la parte reclamada. SEGUNDO: De conformidad con el artículo 65.4 de la Ley Orgánica 3/2018, de 5 de diciembre, de Protección de Datos Personales y garantía de los derechos digitales (en C/ Jorge Juan, 6 www.aepd.es 28001 – Madrid sedeaepd.gob.es 2/6 adelante LOPDGDD), con fecha 22 de noviembre de 2024, se dio traslado de dicha reclamación a la parte reclamada, para que procediese a su análisis e informase a esta Agencia en el plazo de un mes, de las acciones llevadas a cabo para adecuarse a los requisitos previstos en la normativa de protección de datos. No consta respuesta al mencionado traslado.  TERCERO: Con fecha 9 de enero de 2025, de conformidad con el artículo 65 de la LOPDGDD, se admitió a trámite la reclamación presentada. CUARTO: La Subdirección General de Inspección de Datos procedió a la realización de actuaciones previas de investiga...",,,,,,
PS-00562-2024,https://www.aepd.es/documento/ps-00562-2024.pdf,"1 / 11  Expediente N.º: ***REFERENCIA.2 RESOLUCIÓN DE PROCEDIMIENTO SANCIONADOR Del procedimiento instruido por la Agencia Española de Protección de Datos  y en base a los siguientes, ANTECEDENTES PRIMERO : Con fecha 31 de mayo de 2024 se interpuso reclamación ante la Agencia Española   de...","1/11  Expediente N.º: ***REFERENCIA.2 RESOLUCIÓN DE PROCEDIMIENTO SANCIONADOR Del procedimiento instruido por la Agencia Española de Protección de Datos y en base a los siguientes, ANTECEDENTES PRIMERO: Con fecha 31 de mayo de 2024 se interpuso reclamación ante la Agencia Española de Protección de Datos por una posible infracción imputable a COFIDIS S.A., SUCURSAL EN ESPAÑA con NIF W0017686G (en adelante, COFIDIS).  Los hechos que se ponen en conocimiento de esta autoridad son: La parte reclamante manifiesta que, en fecha 24/02/2024, suscribió un préstamo con COFIDIS y que dicha entidad envió la información contractual a la dirección de correo electrónico de un tercero, esto es, a la dirección de correo electrónico de la madre de la parte reclamante (que no tenía ninguna relación contractual con dicha entidad), dirección de correo electrónico que la parte reclamante no facilitó a la hora de suscribir el préstamo. Junto a la reclamación aporta: - “Certificado de contratación electrónica certificada”, de fecha 2/03/2020, en el que figuran como Intervinientes: o Emisor del contrato: COFIDIS S.A. SUC EN ESPAÑA y su NIF. o Otros intervinientes: nombre, apellidos, DNI, número de teléfono móvil y la dirección de correo electrónico ***EMAIL.1 de la parte reclamante. - Mensaje de correo electrónico de COFIDIS, de fecha 24/02/2024, dirigido a la parte reclamante y enviado a la dirección de correo electrónico ***EMAIL.2, que por su importancia se reproduce a continuación: “De: attcliente@cofidis.es Fecha: 24 feb 2024 20:39 Asunto: A.A.A., notificación importante de tu Espacio Cliente Para: ***EMAIL.2 CC.: Hola A.A.A., Te informamos que con fecha 24 de febrero de 2024 has realizado la siguiente solicitud de disponible a través de tu Espacio Cliente. Contrato: ***REFERENCIA.1 Importe total solicitado: ***CANTIDAD.1 Límite de la línea: ***CANTIDAD.2 Cuenta destino: ***IBAN.1 Estado de la solicitud: Aceptada C/ Jorge Juan, 6 www.aepd.es 28001 – Madrid sedeaepd.gob.es 2/11 Por favor, no contestes a este mensaje, ya que es enviado por un sistema automático. Recuerda que COFIDIS nunca te enviará por correo electrónico solicitud alguna para que informes de tus datos personales ni de tus claves. Un saludo, El equipo COFIDIS Este correo electrónico, la información que adjunta y los documentos que la acompañan en cualquier formato, se dirige exclusivamente a su destinatario y puede contener información, privilegiada y / o confidencial, protegida por la legislación vigente.   Si NO ES VD. Uno de los destinatarios indicados, le informamos de que la utilización, divulgación, interceptación, alteración, cesión a terceros y/o copia de este mensaje y sus adjuntos sin autorización expresa de COFIDIS, SA.  SUCURSAL EN ESPANA está prohibida en virtud de las leyes actuales. Si deseas ejercer tus derechos de acceso, rectificación, supresión, limitación, oposición o portabilidad te rogamos que nos remitas carta con tus datos, incluyendo DNI a COFIDIS, Pl. de la Pau s/n Edificio ...",,,,,,
PD-00034-2026,https://www.aepd.es/documento/pd-00034-2026.pdf,"1 / 7  Expediente N.º: EXP202509576  (PD/00034/2026) RESOLUCIÓN DE PROCEDIMIENTO DE DERECHOS Vista   la   reclamación   registrada   en   fecha   6   de   mayo   de   2025   ante   esta   Agencia Española de Protección de Datos (en lo sucesivo, AEPD) y realizadas las actuaciones procedimentales...","1/7  Expediente N.º: EXP202509576 (PD/00034/2026) RESOLUCIÓN DE PROCEDIMIENTO DE DERECHOS Vista la reclamación registrada en fecha 6 de mayo de 2025 ante esta Agencia Española de Protección de Datos (en lo sucesivo, AEPD) y realizadas las actuaciones procedimentales previstas en el Título VIII de la Ley Orgánica 3/2018, de 5 de diciembre, de Protección de Datos Personales y garantía de los derechos digitales (en lo sucesivo LOPDGDD), se han constatado los siguientes HECHOS PRIMERO: A.A.A. (en lo sucesivo, la parte reclamante) ejerció el derecho de supresión frente a la entidad GOOGLE LLC, con CIF 770493581 (en adelante, GOOGLE o la parte reclamada). La parte reclamante solicita la eliminación de sus datos personales de los resultados del buscador Google, al aparecer enlaces asociados a su nombre que contienen dicha información e indica que ya se dirigió a Google, que afirmó haber tramitado la solicitud, sin que ello evitara la persistencia de los resultados. Aporta documentación del Servicio Vasco de Salud (2014–2022) con sus datos en procesos selectivos, comunicaciones con Google (2025) sobre retirada de enlaces y un escrito del Servicio Vasco de Salud (01/04/2025) que señala el origen público de la información y remite el ejercicio del derecho a los motores de búsqueda. SEGUNDO: Con fecha 23 de junio de 2025, de conformidad con lo dispuesto en el artículo 65.4 de la LOPDGDD, se dio traslado de la reclamación a la parte reclamada para que procediese a su análisis e informase a esta Agencia, en el plazo de un mes, de las actuaciones llevadas a cabo para adecuarse a los requisitos previstos en la normativa de protección de datos. Con fecha 31 de agosto de 2025 la parte reclamada remitió escrito de respuesta presentó escrito en contestación a las actuaciones de traslado. TERCERO: Con fecha 6 de agosto de 2025, de conformidad con lo dispuesto en el artículo 65 de la LOPDGDD, se admitió a trámite la reclamación presentada. CUARTO: Con fecha 17 de septiembre de 2025 se dictó Resolución de archivo de actuaciones, al considerarse acreditado que la entidad reclamada había cumplido con el deber de responder en los términos exigidos por el artículo 12.4 de la LOPDGDD. QUINTO: Con fecha 20 de octubre de 2025 la parte reclamante interpuso recurso de reposición contra la Resolución de archivo, que fue estimado el 24 de enero de 2026 previa audiencia a la parte reclamada. SEXTO: Con fecha 30 de enero de 2026 se concedió a la parte reclamada nuevo trámite de audiencia para que presentase las alegaciones que estimara convenientes, que fueron presentadas el 16 de febrero de 2026. C/ Jorge Juan, 6 www.aepd.es 28001 – Madrid sedeaepd.gob.es 2/7 FUNDAMENTOS DE DERECHO I  Competencia De acuerdo con los poderes que el artículo 58.2 del Reglamento (UE) 2016/679 (Reglamento General de Protección de Datos, (en adelante, RGPD), otorga a cada autoridad de control y según lo establecido en los artículos 47, 48.1 y 64.1 de la LOPDGDD, es competente para resolver este proced...",,,,,,
PD-00030-2026,https://www.aepd.es/documento/pd-00030-2026.pdf,1 / 6  Expediente N.º: EXP202517184 RESOLUCIÓN DE PROCEDIMIENTO DE DERECHOS Vista   la   reclamación   registrada   en   fecha   26   de   agosto   de   2025   ante   esta  Agencia   y realizadas   las   actuaciones   procedimentales   previstas   en   el   Título   VIII   de   la   Ley Orgánica 3...,"1/6  Expediente N.º: EXP202517184 RESOLUCIÓN DE PROCEDIMIENTO DE DERECHOS Vista la reclamación registrada en fecha 26 de agosto de 2025 ante esta Agencia y realizadas las actuaciones procedimentales previstas en el Título VIII de la Ley Orgánica 3/2018, de 5 de diciembre, de Protección de Datos Personales y garantía de los derechos digitales (en lo sucesivo LOPDGDD), se han constatado los siguientes HECHOS PRIMERO: Con fecha 26 de agosto de 2025 tuvo entrada en esta Agencia reclamación presentada por A.A.A. (en adelante, la parte reclamante) contra BYTEDANCE PTE. LTD. (en adelante, la parte reclamada) por no haber sido debidamente atendido su derecho de supresión. La parte reclamante manifiesta que la parte reclamada, la plataforma de creación de contenido CapCut, ha cambiado sus términos de uso, obligando a los usuarios a aceptarlos para poder acceder a sus cuentas. Por ello, le ha solicitado la supresión mediante correo electrónico a la dirección indicada en la política de privacidad, pero la parte reclamada le requiere que seleccione la supresión desde la propia cuenta, o bien que aporte mediante correo electrónico una captura del número de identificación de dicha cuenta, el cual solo puede obtenerse accediendo igualmente, lo que la parte reclamante se niega a hacer debido a que no quiere aceptar los nuevos términos de uso.  SEGUNDO: De conformidad con el artículo 65.4 de la LOPDGDD, se dio traslado de dicha reclamación a la parte reclamada, para que procediese a su análisis e informase a esta Agencia en el plazo de un mes, de las acciones llevadas a cabo para adecuarse a los requisitos previstos en la normativa de protección de datos. La notificación del traslado de la reclamación, que se practicó conforme a las normas establecidas en la Ley 39/2015, de 1 de octubre, del Procedimiento Administrativo Común de las Administraciones Públicas (en adelante, LPACAP), fue devuelta a esta Agencia con fecha 30 de octubre de 2025 con la anotación “Envío devuelto por cambio de domicilio del destinatario”. TERCERO: De acuerdo con los artículos 64.1 y 65.5 de la LOPDGDD, la decisión sobre la admisión o inadmisión a trámite de la reclamación deberá notificarse a la parte reclamante en el plazo de tres meses. Si transcurrido este plazo no se produjera dicha notificación, cuando la reclamación verse sobre la falta de atención de una solicitud de ejercicio de derechos, el procedimiento se considerará iniciado a partir de la fecha en que se cumplan tres meses desde que la reclamación tuvo entrada en la Agencia. C/ Jorge Juan, 6 www.aepd.es 28001 – Madrid sedeaepd.gob.es 2/6 Según lo expuesto, y teniendo en cuenta que la reclamación se presentó en esta Agencia en fecha 26 de agosto de 2025, el procedimiento de atención de solicitud de ejercicio de derechos se considera iniciado al haber transcurrido tres meses desde que la misma tuvo entrada en la AEPD Con fecha 26 de noviembre de 2025, se produjo la admisión a trámite de la reclamación presentada. CUARTO: Medi...",,,,,,
AI-00063-2025,https://www.aepd.es/documento/ai-00063-2025.pdf,"1 / 6  Expediente  N.º: EXP202415700 RESOLUCIÓN DE ARCHIVO DE ACTUACIONES De   las   actuaciones   practicadas   por   la  Agencia   Española   de   Protección   de   Datos   y teniendo como base los siguientes HECHOS PRIMERO : Con fecha 4 de octubre de 2024, se presentó reclamación ante la...","1/6  Expediente N.º: EXP202415700 RESOLUCIÓN DE ARCHIVO DE ACTUACIONES De las actuaciones practicadas por la Agencia Española de Protección de Datos y teniendo como base los siguientes HECHOS PRIMERO: Con fecha 4 de octubre de 2024, se presentó reclamación ante la Agencia Española de Protección de Datos contra PLATAFORMA ATLANTICA DE MEDIOS, S.L. con NIF B76348713 (en adelante, PLATAFORMA ATLANTICA). Los motivos en que basa la reclamación son los siguientes: La parte reclamante, reclama contra el medio por publicar una noticia con información falsa sobre su actividad política y datos personales muy sensibles como su número de documento de identidad y dirección de su domicilio familiar. “Tras la publicación con fecha 11/05/2023 de una noticia sobre su actividad, accesible a través de ***URL.1, la parte reclamante solicitó la supresión y rectificación del contenido de la noticia remitiendo escrito al director del medio.  Con fecha 27/01/24, el medio publica el escrito íntegro de rectificación formulado por la reclamante, en el que constan su número de DNI y su domicilio a efectos de notificación. La parte reclamante solicitó la retirada y los referidos datos personales se retiraron a las 24 horas. Junto a la reclamación se aporta: - Capturas de conversaciones de Whatsapp entre la parte reclamante y la parte reclamada., - Captura de pantalla de la publicación, en fecha ***FECHA.1 de la rectificación enviada por la parte reclamante al periódico que incluye sus datos personales (nombre, apellidos, DNI, y domicilio). SEGUNDO: De conformidad con el artículo 65.4 de la Ley Orgánica 3/2018, de 5 de diciembre, de Protección de Datos Personales y garantía de los derechos digitales (en adelante LOPDGDD), se dio traslado de dicha reclamación a PLATAFORMA ATLANTICA, para que procediese a su análisis e informase a esta Agencia en el plazo de un mes, de las acciones llevadas a cabo para adecuarse a los requisitos previstos en la normativa de protección de datos. El traslado, que se practicó conforme a las normas establecidas en la Ley 39/2015, de 1 de octubre, del Procedimiento Administrativo Común de las Administraciones Públicas (en adelante, LPACAP), fue recogido en fecha 08 de noviembre de 2024 como consta en el acuse de recibo que obra en el expediente sin que exista constancia de que haya contestado al mismo. C/ Jorge Juan, 6 www.aepd.es 28001 – Madrid sedeaepd.gob.es 2/6 TERCERO: Con fecha 4 de enero de 2025, de conformidad con el artículo 65 de la LOPDGDD, se admitió a trámite la reclamación presentada. CUARTO: La Subdirección General de Inspección de Datos procedió a la realización de actuaciones previas de investigación para el esclarecimiento de los hechos en cuestión, en virtud de las funciones asignadas a las autoridades de control en el artículo 57.1 y de los poderes otorgados en el artículo 58.1 del Reglamento (UE) 2016/679 (Reglamento General de Protección de Datos, en adelante RGPD), y de conformidad con lo establecido en el Título VII, Capítul...",,,,,,
PS-00230-2025,https://www.aepd.es/documento/ps-00230-2025.pdf,"1 / 8  Expediente N.º: EXP202416754 RESOLUCIÓN DE PROCEDIMIENTO SANCIONADOR Del procedimiento instruido por la Agencia Española de Protección de Datos  y en base a los siguientes ANTECEDENTES PRIMERO :   Con   fecha   14   de   noviembre   de   2024,   se   interpuso   reclamación   ante   la...","1/8  Expediente N.º: EXP202416754 RESOLUCIÓN DE PROCEDIMIENTO SANCIONADOR Del procedimiento instruido por la Agencia Española de Protección de Datos y en base a los siguientes ANTECEDENTES PRIMERO: Con fecha 14 de noviembre de 2024, se interpuso reclamación ante la Agencia Española de Protección de Datos por una posible infracción imputable a A.A.A. (en adelante, A.A.A.. o el reclamado) con NIF ***NIF.1.  Los hechos que se pusieron en conocimiento de esta autoridad eran: La reclamante, ***PUESTO.1, indica que el reclamado, haciéndose pasar por su representante, envió en su nombre, una solicitud, mediante registro electrónico dirigido al citado Ministerio, el día 21 de julio del año 2023. La reclamante agrega desconocer cómo el reclamado accedió a su número de DNI, y recalca que nunca le dio consentimiento para que actuara como su representante. Junto al escrito, la reclamante aporta: a) Justificante de la presentación de la solicitud del reclamado, del 21 de julio de 2023, donde se puede observar que, en el apartado de interesada, aparece el nombre, apellidos y número de NIF de la reclamante. SEGUNDO: De conformidad con el artículo 65.4 de la Ley Orgánica 3/2018, de 5 de diciembre, de Protección de Datos Personales y garantía de los derechos digitales (en adelante LOPDGDD), se dio traslado de dicha reclamación a A.A.A.., para que procediese a su análisis e informase a esta Agencia en el plazo de un mes, de las acciones llevadas a cabo para adecuarse a los requisitos previstos en la normativa de protección de datos. La notificación del traslado de la reclamación, que se practicó conforme a las normas establecidas en la Ley 39/2015, de 1 de octubre, del Procedimiento Administrativo Común de las Administraciones Públicas (en adelante, LPACAP), fue realizada en fecha 28 de noviembre de 2024 como consta en el acuse de recibo que obra en el expediente. El mismo día 28 de noviembre de 2024 se recibe en esta Agencia escrito de respuesta indicando: “(la reclamante) se queja de la forma en que este ***PUESTO.1 tenía conocimiento del DNI del cual es titular (…) Pues cualquier ***PUESTO.1 si es celoso de su profesión debe averiguar por infinidad de medios cualquier dato de interés a sus intereses profesionales que favorezcan a sus clientes"". Finalmente, el reclamado resalta en su escrito de contestación que: ""Si este ***PUESTO.1 de no tener (…) hubiera montado la marimorena ante el comportamiento tan poco eficiente en la tramitación de los expedientes presentados por este ***PUESTO.1, siempre superando doblemente el tiempo de Resolución contemplado en la ley”. Y, por último, C/ Jorge Juan, 6 www.aepd.es 28001 – Madrid sedeaepd.gob.es 2/8 manifiesta que ante la queja de la reclamante “nada más tiene que responder, y que, si no ha quedado satisfecha de la explicación, puede acudir a internet y pulsar (el nombre y apellidos de la reclamante) y se encontrará con varias referencias a su persona, (…)"". Al escrito de contestación, el reclamado acompaña la siguient...",,,,,,
PS-00571-2025,https://www.aepd.es/documento/ps-00571-2025.pdf,"1 / 21  Expediente Nº: EXP202411030 RESOLUCIÓN DE TERMINACIÓN DEL PROCEDIMIENTO POR PAGO VOLUNTARIO Del procedimiento instruido por la Agencia Española de Protección de Datos  y en base a los siguientes ANTECEDENTES PRIMERO :  Con fecha 30 de enero de 2026 ,  la Presidencia de la Agencia Española...","1/21  Expediente Nº: EXP202411030 RESOLUCIÓN DE TERMINACIÓN DEL PROCEDIMIENTO POR PAGO VOLUNTARIO Del procedimiento instruido por la Agencia Española de Protección de Datos y en base a los siguientes ANTECEDENTES PRIMERO: Con fecha 30 de enero de 2026, la Presidencia de la Agencia Española de Protección de Datos acordó iniciar procedimiento sancionador a BIDA FARMA S.C. ANDALUZA (en adelante, BIDA FARMA). Notificado el acuerdo de inicio y tras analizar las alegaciones presentadas, con fecha 9 de abril de 2026 se emitió la propuesta de resolución que a continuación se transcribe: << Expediente N.º: EXP202411030 PROPUESTA DE RESOLUCIÓN DE PROCEDIMIENTO SANCIONADOR Del procedimiento instruido por la Agencia Española de Protección de Datos y en base a los siguientes: ANTECEDENTES PRIMERO: La Agencia Española de Protección de Datos ha tenido conocimiento de ciertos hechos que podrían constituir una posible infracción imputable a BIDA FARMA S.C. ANDALUZA con NIF F90280116 (en adelante, BIDA FARMA).  Los hechos que se pusieron en conocimiento de esta autoridad fueron los siguientes: La Audiencia Nacional remite la Sentencia (...), de fecha ***FECHA.1 dictada en el marco del conflicto colectivo del que era parte demandada BIDA FARMA, relativo a la percepción de la retribución media durante período de vacaciones, en la que se pone de manifiesto que la empresa reclamada (parte demandada en el procedimiento judicial) aportó un documento, en sede judicial, en el que aparecían 14 trabajadores de la empresa a los que se detraía de la nómina la cuota de filiación al sindicato reclamante. En el fundamento de derecho octavo de la SAN, se recoge que la empresa recabó consentimiento de los trabajadores para tratar un dato especial como el de la afiliación sindical para una finalidad concreta, la de la detracción en la nómina de la cuota C/ Jorge Juan, 6 www.aepd.es 28001 – Madrid sedeaepd.gob.es 2/21 sindical, no estando la empresa legitimada para hacer otro uso de dicho dato (menciona la SAN expresamente el 5.1.b) en relación con el 9.2.a). En dicho fundamento de derecho se indica que la empresa reclamada utiliza el dato de afiliación de modo innecesario, aunque sea a los efectos de su defensa judicial, al aportar un listado de trabajadores afiliados a un sindicato, que solamente habían consentido el tratamiento de dicho dato para la finalidad de detracción de la cuota sindical de la nómina. Se destaca que lo que se aportó en sede judicial fueron datos de trabajadores ajenos al procedimiento, reconociendo la empresa que del sindicato reclamado (demandante) hay 6 representantes, lo que a interpretación de la AN es una aportación injustificada, proponiendo su traslado a esta AEPD para que se proceda como sea oportuno legalmente. Se adjunta: a) escrito de la AN a la AEPD, con fecha de 23 de julio de 2024; b) sentencia de la AN de fecha de ***FECHA.1, incluyendo el documento con la lista de 14 trabajadores y su dato de afiliación sindical, con fecha de 20 de junio de...",,,,,,
AI-00003-2025,https://www.aepd.es/documento/ai-00003-2025.pdf,1 / 8  Expediente N.º: EXP202306947 RESOLUCIÓN DE ARCHIVO DE ACTUACIONES De   las   actuaciones   practicadas   por   la  Agencia   Española   de   Protección   de   Datos   y teniendo como base los siguientes HECHOS PRIMERO :   La   Agencia   Española   de   Protección   de   Datos   (en...,"1/8  Expediente N.º: EXP202306947 RESOLUCIÓN DE ARCHIVO DE ACTUACIONES De las actuaciones practicadas por la Agencia Española de Protección de Datos y teniendo como base los siguientes HECHOS PRIMERO: La Agencia Española de Protección de Datos (en adelante, AEPD) ha tenido conocimiento de ciertos hechos que podrían constituir una posible infracción imputable a la GERENCIA REGIONAL DE SALUD DE CASTILLA Y LEÓN con NIF Q4700608E (en adelante, SACYL), a raíz de una denuncia presentada conjuntamente por la Unión de Consumidores de Castilla y León y la Unión de Consumidores de Galicia (en adelante, la parte denunciante).  En la denuncia, que tuvo entrada en la AEPD el 28 de marzo de 2023, la parte denunciante  alerta sobre posibles vulneraciones de la normativa de protección de datos respecto al tratamiento de datos personales efectuado a través del sistema informático ***APLICACIÓN.1 por  SACYL con el que trabajan los sanitarios de Atención Primaria en la Comunidad Autónoma de Castilla y León para para la elaboración de informes médicos, consulta de historias clínicas, prescripción de recetas, producción de estadísticas e investigación sanitaria, etcétera. Según los hechos denunciados, el aplicativo ***APLICACIÓN.1 ha sido puesto en cuestión por las debilidades en su seguridad y la inobservancia de la normativa de protección de datos durante el periodo comprendido entre los años 2011 a 2017, como, según se refiere, queda acreditado en la sentencia ***REFERENCIA.1, del ***TRIBUNAL.1), donde se ratifica la condena a ***PUESTO.1 por accesos indebidos a la historia clínica de (...) a través de la referida plataforma. De acuerdo con la propia denuncia, muchas de las infracciones de seguridad reveladas en sede judicial no han sido corregidas, o bien lo han sido muy recientemente. SEGUNDO: Como consecuencia de los hechos conocidos, con fecha 26 de mayo de 2023 la AEPD instó a la Subdirección General de Inspección de Datos (SGID) a iniciar las actuaciones previas de investigación a las que se refiere el artículo 67 de la Ley Orgánica 3/2018, de 5 de diciembre, de Protección de Datos Personales y garantía de los derechos digitales (en adelante, LOPDGDD). En fecha 23 de diciembre de 2024 la AEPD acordó declarar la caducidad de dichas actuaciones previas de investigación y abrir nuevas actuaciones de investigación, incorporando la documentación que integra las actuaciones declaradas caducadas. Como consecuencia de las actuaciones realizadas, se ha tenido conocimiento de los siguientes extremos en relación con este caso concreto. 1. Sobre la sentencia     ***REFERENCIA.1    , del     ***TRIBUNAL.1) C/ Jorge Juan, 6 www.aepd.es 28001 – Madrid sedeaepd.gob.es 2/8 La Sentencia nº***REFERENCIA.1 del ***TRIBUNAL.1, desestima el recurso de apelación interpuesto por la acusada contra la Sentencia de la ***SECCIÓN.1, en la que se declaran probados los siguientes hechos: “De la apreciación de las pruebas practicadas resulta probado y así se declara, que la acusada en est...",,,,,,
AI-00197-2025,https://www.aepd.es/documento/ai-00197-2025.pdf,"1 / 9  Expediente N.º: EXP202500078 RESOLUCIÓN DE ARCHIVO DE ACTUACIONES De   las   actuaciones   practicadas   por   la  Agencia   Española   de   Protección   de   Datos   y teniendo como base los siguientes HECHOS PRIMERO : Con fecha 22/11/2024, se presentó reclamación ante la Agencia Española...","1/9  Expediente N.º: EXP202500078 RESOLUCIÓN DE ARCHIVO DE ACTUACIONES De las actuaciones practicadas por la Agencia Española de Protección de Datos y teniendo como base los siguientes HECHOS PRIMERO: Con fecha 22/11/2024, se presentó reclamación ante la Agencia Española de Protección de Datos contra RETSINNAL GROUP, S.L.U. con NIF N0267247E (en adelante, RETSINNAL o la parte reclamada). Los motivos en que basa la reclamación son los siguientes: La parte reclamante manifiesta que sus datos personales aparecen registrados en ficheros de solvencia patrimonial y crédito en relación con una deuda contraída con la parte reclamada. Afirma que esta deuda no le fue requerida previamente, ni se le notificó su inclusión en dichos ficheros. Sostiene que dicha deuda tiene origen en la matriculación de un curso con la empresa RETSINNAL, para el cual ha tenido que realizar la contratación de un crédito. Junto a la notificación se aporta informe de ASNEF-EQUIFAX sobre la inclusión de sus datos personales a instancias de la parte reclamada. SEGUNDO: De conformidad con el artículo 65.4 de la Ley Orgánica 3/2018, de 5 de diciembre, de Protección de Datos Personales y garantía de los derechos digitales (en adelante LOPDGDD), se dio traslado de dicha reclamación a la parte reclamada, para que procediese a su análisis e informase a esta Agencia en el plazo de un mes, de las acciones llevadas a cabo para adecuarse a los requisitos previstos en la normativa de protección de datos. El traslado, que se practicó conforme a las normas establecidas en la Ley 39/2015, de 1 de octubre, del Procedimiento Administrativo Común de las Administraciones Públicas (en adelante, LPACAP) mediante certificado internacional, figura “devuelto a origen por desconocido” en fecha 21/01/2025, como consta en el certificado que obra en el expediente.  No se ha recibido respuesta a este escrito de traslado. TERCERO: Con fecha 22/02/2025, de conformidad con el artículo 65 de la LOPDGDD, se admitió a trámite la reclamación presentada. CUARTO: La Subdirección General de Inspección de Datos procedió a la realización de actuaciones previas de investigación para el esclarecimiento de los hechos en cuestión, en virtud de las funciones asignadas a las autoridades de control en el artículo 57.1 y de los poderes otorgados en el artículo 58.1 del Reglamento (UE) 2016/679 (Reglamento General de Protección de Datos, en adelante RGPD), y de Paseo de la Castellana, 141, Planta 9                                                                                                                                      www.aepd.es 28046 - Madrid                                                                                                                                                                    sedeaepd.gob.es 2/9 conformidad con lo establecido en el Título VII, Capítulo I, Sección segunda, de la LOPDGDD, teniendo conocimiento de los siguientes extremos: El día 6 de febrero de 2026, se presenta un escrito an...",,,,,,
AI-00058-2025,https://www.aepd.es/documento/ai-00058-2025.pdf,"1 / 6  Expediente N.º: EXP202412187 RESOLUCIÓN DE ARCHIVO DE ACTUACIONES De   las   actuaciones   practicadas   por   la  Agencia   Española   de   Protección   de   Datos   y teniendo como base los siguientes HECHOS PRIMERO : Con fecha 14 de agosto de 2024, se presentó reclamación ante la Agencia...","1/6  Expediente N.º: EXP202412187 RESOLUCIÓN DE ARCHIVO DE ACTUACIONES De las actuaciones practicadas por la Agencia Española de Protección de Datos y teniendo como base los siguientes HECHOS PRIMERO: Con fecha 14 de agosto de 2024, se presentó reclamación ante la Agencia Española de Protección de Datos contra COMUNIDAD DE PROPIETARIOS H.H.H. con ***NIF.1 (en adelante, la parte reclamada).  Los motivos en que basa la reclamación son los siguientes: La parte reclamante manifiesta que, la parte reclamada, ha publicado en el tablón de anuncios un comunicado, informando de una supuesta deuda contraída por la parte reclamante, indicando su nombre y apellido. Junto a la reclamación aporta una imagen en blanco y negro, en la que se ve la comunicación dentro de un tablón de anuncios y en el que se aprecia la existencia de cerradura. SEGUNDO: De conformidad con el artículo 65.4 de la Ley Orgánica 3/2018, de 5 de diciembre, de Protección de Datos Personales y garantía de los derechos digitales (en adelante LOPDGDD), se dio traslado de dicha reclamación a la parte reclamada, para que procediese a su análisis e informase a esta Agencia en el plazo de un mes, de las acciones llevadas a cabo para adecuarse a los requisitos previstos en la normativa de protección de datos. El traslado, que se practicó conforme a las normas establecidas en la Ley 39/2015, de 1 de octubre, del Procedimiento Administrativo Común de las Administraciones Públicas (en adelante, LPACAP) mediante notificación electrónica, no fue recogido por el responsable, dentro del plazo de puesta a disposición, entendiéndose rechazada conforme a lo previsto en el art. 43.2 de la LPACAP en fecha 20/09/2024, como consta en el certificado que obra en el expediente.  No obstante, el 07/01/2026, de acuerdo con el certificado expedido por la Dirección Electrónica Única (DEHÚ), que consta en el expediente, se accedió al contenido de la notificación. No se ha recibido respuesta a este escrito de traslado. TERCERO: Con fecha 14 de noviembre de 2024, de conformidad con el artículo 65 de la LOPDGDD, se admitió a trámite la reclamación presentada. CUARTO: La Subdirección General de Inspección de Datos procedió a la realización de actuaciones previas de investigación para el esclarecimiento de los hechos en C/ Jorge Juan, 6 www.aepd.es 28001 – Madrid sedeaepd.gob.es 2/6 cuestión, en virtud de las funciones asignadas a las autoridades de control en el artículo 57.1 y de los poderes otorgados en el artículo 58.1 del Reglamento (UE) 2016/679 (Reglamento General de Protección de Datos, en adelante RGPD), y de conformidad con lo establecido en el Título VII, Capítulo I, Sección segunda, de la LOPDGDD, teniendo conocimiento de los siguientes extremos: En fecha 21/03/2025, se solicitó información a la parte reclamada, presentado esta, el 18/11/2025, escrito de contestación al requerimiento de información realizado, en el que entre otros aspectos manifestó:  Que la publicación en el tablón de anuncios se realizó con ...",,,,,,
AI-00155-2025,https://www.aepd.es/documento/ai-00155-2025.pdf,"1 / 5  Expediente  N.º: EXP202500732 RESOLUCIÓN DE ARCHIVO DE ACTUACIONES De   las   actuaciones   practicadas   por   la  Agencia   Española   de   Protección   de   Datos   y teniendo como base los siguientes HECHOS PRIMERO :   Con   fecha   13   de   diciembre   de   2024,   se   presentó...","1/5  Expediente N.º: EXP202500732 RESOLUCIÓN DE ARCHIVO DE ACTUACIONES De las actuaciones practicadas por la Agencia Española de Protección de Datos y teniendo como base los siguientes HECHOS PRIMERO: Con fecha 13 de diciembre de 2024, se presentó reclamación ante la Agencia Española de Protección de Datos por una posible infracción de la normativa de protección de datos imputable a SF PRÉSTAMOS, S.L. con NIF B10832186 (en adelante, SF PRÉSTAMOS). Los motivos en que basa la reclamación son los siguientes: La parte reclamante manifiesta que se han incluido sus datos personales en sistemas comunes de información crediticia, por parte de la parte reclamada, sin requerirle previamente el pago de forma fehaciente. Junto a su reclamación aporta respuesta de ASNEF a su solicitud de supresión en la que las entidades informantes confirman la existencia de deudas pendientes de pago y la permanencia de sus datos personales. SEGUNDO: De conformidad con el artículo 65.4 de la Ley Orgánica 3/2018, de 5 de diciembre, de Protección de Datos Personales y garantía de los derechos digitales (en adelante LOPDGDD), se dio traslado de dicha reclamación a SF PRÉSTAMOS, para que procediese a su análisis e informase a esta Agencia en el plazo de un mes, de las acciones llevadas a cabo para adecuarse a los requisitos previstos en la normativa de protección de datos. El traslado, que se practicó conforme a las normas establecidas en la Ley 39/2015, de 1 de octubre, del Procedimiento Administrativo Común de las Administraciones Públicas (en adelante, LPACAP), fue recogido en fecha 21/01/2025 como consta en el acuse de recibo que obra en el expediente. Con fecha 24/01/2025 se recibe en esta Agencia escrito de respuesta indicando: ""Para poder darles una respuesta necesitamos identificar al cliente en concreto, lamentablemente el documento de Asnef/Equifax que nos han enviado está demasiado borroso, lo cual no nos permite identificar al cliente. Por favor, envíenos el número del DNI del cliente"". TERCERO: Con fecha 13 de marzo de 2025, de conformidad con el artículo 65 de la LOPDGDD, se admitió a trámite la reclamación presentada. CUARTO: La Subdirección General de Inspección de Datos procedió a la realización de actuaciones previas de investigación para el esclarecimiento de los hechos en C/ Jorge Juan, 6 www.aepd.es 28001 – Madrid sedeaepd.gob.es 2/5 cuestión, en virtud de las funciones asignadas a las autoridades de control en el artículo 57.1 y de los poderes otorgados en el artículo 58.1 del Reglamento (UE) 2016/679 (Reglamento General de Protección de Datos, en adelante RGPD), y de conformidad con lo establecido en el Título VII, Capítulo I, Sección segunda, de la LOPDGDD, teniendo conocimiento de los siguientes extremos: En relación con la parte reclamada, ASNEF/Equifax responde a la parte reclamante el día 27 de noviembre de 2024. En resumen, le manifiesta haber trasladado su solicitud a la reclamada y haber confirmado ésta la existencia de la deuda, por lo que no pue...",,,,,,
PS-00156-2019,https://www.aepd.es/documento/ps-00156-2019.pdf,"1 / 7  Expediente N.º: PS/00156/2019 RESOLUCIÓN DE PROCEDIMIENTO SANCIONADOR Del procedimiento instruido por la Agencia Española de Protección de Datos  y en base a los siguientes ANTECEDENTES PRIMERO:  Presentación de denuncia. E n   fecha   18   de   octubre   de   2016,   la  Agencia   Española...","1/7  Expediente N.º: PS/00156/2019 RESOLUCIÓN DE PROCEDIMIENTO SANCIONADOR Del procedimiento instruido por la Agencia Española de Protección de Datos y en base a los siguientes ANTECEDENTES PRIMERO: Presentación de denuncia. En fecha 18 de octubre de 2016, la Agencia Española de Protección de Datos tuvo conocimiento de ciertos hechos que podrían constituir una posible infracción imputable DTS DISTRIBUIDORA DE TELEVISIÓN DIGITAL, S.A, con A81646564, (en adelante, DTS) por informar datos personales en sistemas de información crediticia sin haber requerido previamente el pago.  Esta denuncia originó el procedimiento sancionador ***REFERENCIA.1. De la valoración de la prueba documental aportada en dicho expediente y de la documentación presente en otros expedientes, se constató la aparición de albaranes de entrega en servicios postales de diferentes expedientes, pero con el mismo número de albarán, y con distintos datos. Consultada la entidad Correos S.A., S.M.E. sobre la autenticación de los albaranes de entrega, esta informó que no constaban como albaranes admitidos en Correos S.A., S.M.E. ni tenían el formato ni la firma habitual de los certificados emitidos por su filial Nexea (a su vez subencargada de tratamiento de RECLAMACIONES JUDICIALES LETRADOS ASOCIADOS, S.L., con CIFB86296688 (en adelante RJLA). Estas irregularidades también fueron detectadas durante la instrucción del procedimiento sancionador PS/00503/2017. Remitida la respuesta de Correos S.A., S.M.E. a DTS, indicó que no habían obtenido explicaciones satisfactorias de RJLA, encargada de ese tratamiento. SEGUNDO: Actuaciones previas de investigación. Teniendo en cuenta la relevancia de la información, en fecha 9 de abril de 2018, la Directora de la AEPD instó a la Subdirección General de Inspección de Datos (SGID) a iniciar las actuaciones previas de investigación a las que se refiere el artículo 67 de la Ley Orgánica 3/2018, de 5 de diciembre, de Protección de Datos Personales y Garantía de los Derechos Digitales (en adelante, LOPDGDD), para determinar si los tratamientos de datos personales llevados a cabo por  RECLAMACIONES JUDICIALES LETRADOS ASOCIADOS, S.L., con CIF : B86296688, como encargada del tratamiento de la entidad responsable DTS, cumplían con lo establecido en la normativa de protección de datos.  La Subdirección General de Inspección de Datos procedió a la realización de actuaciones previas de investigación para el esclarecimiento de los hechos en cuestión, en virtud de las funciones asignadas a las autoridades de control, en el artículo 57.1 y de los poderes otorgados en el artículo 58.1 del Reglamento (UE) C/ Jorge Juan, 6 www.aepd.es 28001 – Madrid sedeaepd.gob.es 2/7 2016/679 (Reglamento General de Protección de Datos, en adelante RGPD), y de conformidad con lo establecido en el Título VIII de la LOPDGDD. Como consecuencia de las actuaciones realizadas, se ha tenido conocimiento de los siguientes extremos: 1. El representante de RJLA manifiesta que RJLA prestó a DT...",,,,,,
